CAMPAÑA;STATUS;OP;OC;BUYER;SUPPLIER;CATEGORY;PRODUCTO;PROYECT;FACT;QTY;UM;CUR;AMOUNT;PAYMENT TERM;INCOTERM;MODE;TYPE;POL;POD;QTY CTNR;TYPE CTNR;BULKS;CARGO READY;ASSIGMENT DATE;FFW;NAVIERA / AEROLINEA;BOOKING;CNTR NR;PICK UP DATE;STACKING;ETD 1;ETD 2;ATD;WEEK ATD;B/L- AWB;NAVE;ETA 1;ETA 2;ATA;WEEK ATA;INSURANCE HPER;INSURANCE POLICY;INSURANCE POLICY DATE;DEPOT;AG. ADUANA;Orden;FECHA IE;FECHA NUM DAM;DAM;CANAL;FECHA DESCARGA;FECHA TARJA;FECHA LEVANTE;FECHA INSPECCION SENASA;FECHA LIBERACION SENASA;FECHA VCTO SOBRESTADIA;TRANSP LIMA (T1);FECHA RETIRO (T1);GR T1 ;TRANSP TRUX (T2);FECHA ENTREGA BASE T2 (T1);FECHA GATE IN (T1);PUNTO DE LLEGADA;FECHA INICIO DE VIAJE  (T2);FECHA FIN DE VIAJE (T2);WEEK TRUX ;GR T2 ;GR HORTIFRUT;FECHA ENVIO ARCHIV;NRO CAJA ARCHIVO;COURIER PARA ENVÍO DE DOCS;NRO DE TRACKING DOCS ;OBSERVACIONES HORTIFRUT;CARGO PRODUCE OBSERVACIONES
2021-2022;LIQUIDADA;21-001-HTAL;4700001898;OMAR;ALFARROXO TRADING LTDA;SUSTRATOS;CORTEZA DE PINO 1530;DIVINE;2059;1,449;BOLSAS;EUR;4,129.65;60;FOB;SEA;FCL/FCL;LEIXOES;CALLAO;1;40HC;23;11/11/2020;;CH ROBINSON;CMA CGM;;TCNU580046/5;NA;12/11/2020;15/11/2020;15/11/2020;14/11/2020;46;CHSL2201678;CMA CGM NIAGARA;25/12/2020;25/12/2020;1/01/2021;53;SI;223530032;;IMUPESA;AVM;1076;3/12/2020;29/12/2020;118-2020-10-452255-01-1-00;Verde;2/01/2021;3/01/2021;1/01/2021;7/01/2021;8/01/2021;;SLI;13/01/2021;001-005694;RVC;14/01/2021;15/01/2021;CHAO;14/01/2021;15/01/2021;2;PEND;PEND;28/03/2022;2021-1;;-;;
2021-2022;LIQUIDADA;21-001-HTAL;4700001898;OMAR;ALFARROXO TRADING LTDA;SUSTRATOS;CORTEZA DE PINO 1530;DIVINE;2059;1,449;BOLSAS;EUR;4,129.65;60;FOB;SEA;FCL/FCL;LEIXOES;CALLAO;1;40HC;23;11/11/2020;;CH ROBINSON;CMA CGM;;CMAU622147/2;NA;12/11/2020;15/11/2020;15/11/2020;14/11/2020;46;CHSL2201678;CMA CGM NIAGARA;25/12/2020;25/12/2020;1/01/2021;53;SI;223530032;;IMUPESA;AVM;1076;3/12/2020;29/12/2020;118-2020-10-452255-01-1-00;Verde;2/01/2021;3/01/2021;1/01/2021;7/01/2021;8/01/2021;;SLI;13/01/2021;001-005695;RVC;14/01/2021;15/01/2021;CHAO;15/01/2021;16/01/2021;2;PEND;PEND;28/03/2022;2021-1;;-;;
2021-2022;LIQUIDADA;21-001-HTAL;4700001898;OMAR;ALFARROXO TRADING LTDA;SUSTRATOS;CORTEZA DE PINO 1530;DIVINE;2059;1,449;BOLSAS;EUR;4,129.65;60;FOB;SEA;FCL/FCL;LEIXOES;CALLAO;1;40HC;23;11/11/2020;;CH ROBINSON;CMA CGM;;CMAU768133/8;NA;12/11/2020;15/11/2020;15/11/2020;14/11/2020;46;CHSL2201678;CMA CGM NIAGARA;25/12/2020;25/12/2020;1/01/2021;53;SI;223530032;;IMUPESA;AVM;1076;3/12/2020;29/12/2020;118-2020-10-452255-01-1-00;Verde;2/01/2021;3/01/2021;1/01/2021;7/01/2021;8/01/2021;;SLI;13/01/2021;001-005696;RVC;15/01/2021;15/01/2021;CHAO;15/01/2021;16/01/2021;2;PEND;PEND;28/03/2022;2021-1;;-;;
2021-2022;LIQUIDADA;21-001-HTAL;4700001898;OMAR;ALFARROXO TRADING LTDA;SUSTRATOS;CORTEZA DE PINO 1530;DIVINE;2059;1,449;BOLSAS;EUR;4,129.65;60;FOB;SEA;FCL/FCL;LEIXOES;CALLAO;1;40HC;23;11/11/2020;;CH ROBINSON;CMA CGM;;BMOU483537/6;NA;12/11/2020;15/11/2020;15/11/2020;14/11/2020;46;CHSL2201678;CMA CGM NIAGARA;25/12/2020;25/12/2020;1/01/2021;53;SI;223530032;;IMUPESA;AVM;1076;3/12/2020;29/12/2020;118-2020-10-452255-01-1-00;Verde;2/01/2021;3/01/2021;1/01/2021;7/01/2021;8/01/2021;;AVM;13/01/2021;PEND;AGERSA;14/01/2021;15/01/2021;CHAO;18/01/2021;19/01/2021;3;PEND;PEND;28/03/2022;2021-1;;-;;
2021-2022;LIQUIDADA;21-001-HTAL;4700001898;OMAR;ALFARROXO TRADING LTDA;SUSTRATOS;CORTEZA DE PINO 1530;DIVINE;2059;1,449;BOLSAS;EUR;4,129.65;60;FOB;SEA;FCL/FCL;LEIXOES;CALLAO;1;40HC;23;11/11/2020;;CH ROBINSON;CMA CGM;;TCNU368288/8;NA;12/11/2020;15/11/2020;15/11/2020;14/11/2020;46;CHSL2201678;CMA CGM NIAGARA;25/12/2020;25/12/2020;1/01/2021;53;SI;223530032;;IMUPESA;AVM;1076;3/12/2020;29/12/2020;118-2020-10-452255-01-1-00;Verde;2/01/2021;3/01/2021;1/01/2021;7/01/2021;8/01/2021;;AVM;13/01/2021;PEND;AGERSA;14/01/2021;15/01/2021;CHAO;20/01/2021;21/01/2021;3;PEND;PEND;28/03/2022;2021-1;;-;;
2021-2022;LIQUIDADA;21-002-HTAL;4700001902;OMAR;PROJAR;SUSTRATOS;TURBA BLEND 1530F;DIVINE;FRCLP-20-00586;20;BOLSAS;EUR;43,340.00;30;CIF;SEA;FCL/FCL;RIGA;CALLAO;1;40HC;20;16/11/2020;NA;DIRECTO;MSC;;CAIU9805630;NA;16/11/2020;19/11/2020;19/11/2020;25/11/2020;48;MEDUNC449802;MSC KANOKO;25/12/2020;25/12/2020;9/01/2021;1;NO;-;;IMUPESA;AVM;1146;23/12/2020;30/12/2020;118-2020-10-454016-01-2-00;Verde;11/01/2021;12/01/2021;26/01/2021;14/01/2021;3/02/2021;;AVM;3/02/2021;PEND;AGERSA;3/02/2021;3/02/2021;CHAO;3/02/2021;4/02/2021;5;015-2563;012-1595;28/03/2022;2021-1;;-;;No cargada por medio de transporte AIRE (23/12) [21-259-HPER // 4700002180]
2021-2022;LIQUIDADA;21-002-HTAL;4700001902;OMAR;PROJAR;SUSTRATOS;TURBA BLEND 1530F;DIVINE;FRCLP-20-00586;20;BOLSAS;EUR;43,340.00;30;CIF;SEA;FCL/FCL;RIGA;CALLAO;1;40HC;20;16/11/2020;NA;DIRECTO;MSC;;CAIU8202519;NA;16/11/2020;19/11/2020;19/11/2020;25/11/2020;48;MEDUNC449802;MSC KANOKO;25/12/2020;25/12/2020;9/01/2021;1;NO;-;;IMUPESA;AVM;1146;23/12/2020;30/12/2020;118-2020-10-454016-01-2-00;Verde;11/01/2021;12/01/2021;26/01/2021;14/01/2021;3/02/2021;;AVM;3/02/2021;PEND;AGERSA;3/02/2021;3/02/2021;CHAO;3/02/2021;4/02/2021;5;057-2033;012-1594;28/03/2022;2021-1;;-;;No cargada por medio de transporte AIRE (23/12) [21-258-HPER]
2021-2022;LIQUIDADA;21-002-HTAL;4700001902;OMAR;PROJAR;SUSTRATOS;TURBA BLEND 1530F;DIVINE;FRCLP-20-00586;20;BOLSAS;EUR;43,340.00;30;CIF;SEA;FCL/FCL;RIGA;CALLAO;1;40HC;20;16/11/2020;NA;DIRECTO;MSC;;CAXU9361836;NA;16/11/2020;19/11/2020;19/11/2020;25/11/2020;48;MEDUNC449802;MSC KANOKO;25/12/2020;25/12/2020;9/01/2021;1;NO;-;;IMUPESA;AVM;1146;23/12/2020;30/12/2020;118-2020-10-454016-01-2-00;Verde;11/01/2021;12/01/2021;26/01/2021;14/01/2021;3/02/2021;;AVM;3/02/2021;PEND;RVC;4/02/2021;4/02/2021;OLMOS;6/02/2021;7/02/2021;5;0003-3510;012-1553;28/03/2022;2021-1;;-;;No cargada por medio de transporte AIRE (23/12) [21-257-HPER]
2021-2022;LIQUIDADA;21-002-HTAL;4700001902;OMAR;PROJAR;SUSTRATOS;TURBA BLEND 1530F;DIVINE;FRCLP-20-00586;20;BOLSAS;EUR;43,340.00;30;CIF;SEA;FCL/FCL;RIGA;CALLAO;1;40HC;20;16/11/2020;NA;DIRECTO;MSC;;TGBU7472302;NA;16/11/2020;19/11/2020;19/11/2020;25/11/2020;48;MEDUNC449802;MSC KANOKO;25/12/2020;25/12/2020;9/01/2021;1;NO;-;;IMUPESA;AVM;1146;23/12/2020;30/12/2020;118-2020-10-454016-01-2-00;Verde;11/01/2021;12/01/2021;26/01/2021;14/01/2021;3/02/2021;;AVM;3/02/2021;PEND;RVC;5/02/2021;5/02/2021;OLMOS;6/02/2021;7/02/2021;5;015-2569;012-1592;28/03/2022;2021-1;;-;;No cargada por medio de transporte AIRE (23/12) [21-257-HPER]
2021-2022;LIQUIDADA;21-002-HTAL;4700001902;OMAR;PROJAR;SUSTRATOS;TURBA BLEND 1530F;DIVINE;FRCLP-20-00586;20;BOLSAS;EUR;43,340.00;30;CIF;SEA;FCL/FCL;RIGA;CALLAO;1;40HC;20;16/11/2020;NA;DIRECTO;MSC;;MEDU9362560;NA;16/11/2020;19/11/2020;19/11/2020;25/11/2020;48;MEDUNC449802;MSC KANOKO;25/12/2020;25/12/2020;9/01/2021;1;NO;-;;IMUPESA;AVM;1146;23/12/2020;30/12/2020;118-2020-10-454016-01-2-00;Verde;11/01/2021;12/01/2021;26/01/2021;14/01/2021;3/02/2021;;AVM;3/02/2021;PEND;AGERSA;4/02/2021;4/02/2021;OLMOS;6/02/2021;7/02/2021;5;PEND;PEND;28/03/2022;2021-1;;-;;Cargada en CP. Falta BL y BARCO. - DOC CARGADA. FALTA BL, CERT. ORIGEN, CERT. FITOSANITARIO EXP, FACTURA, SEGURO Y PROFORMA SLI (23/12) [21-256-HPER // FCIU8703524]
2021-2022;LIQUIDADA;21-002-HTAL;4700001902;OMAR;PROJAR;SUSTRATOS;TURBA BLEND 1530F;DIVINE;FRCLP-20-00586;20;BOLSAS;EUR;43,340.00;30;CIF;SEA;FCL/FCL;RIGA;CALLAO;1;40HC;20;16/11/2020;NA;DIRECTO;MSC;;MEDU7632100;NA;16/11/2020;19/11/2020;19/11/2020;25/11/2020;48;MEDUNC449802;MSC KANOKO;25/12/2020;25/12/2020;9/01/2021;1;NO;-;;IMUPESA;AVM;1146;23/12/2020;30/12/2020;118-2020-10-454016-01-2-00;Verde;11/01/2021;12/01/2021;26/01/2021;14/01/2021;3/02/2021;;AVM;3/02/2021;PEND;AGERSA;4/02/2021;4/02/2021;OLMOS;6/02/2021;7/02/2021;5;PEND;PEND;28/03/2022;2021-1;;-;;Cargada en CP. Falta BL y BARCO. - DOC CARGADA. FALTA BL, CERT. ORIGEN, CERT. FITOSANITARIO EXP, FACTURA, SEGURO Y PROFORMA SLI (23/12) [21-256-HPER // MSMU7671028]
2021-2022;LIQUIDADA;21-002-HTAL;4700001902;OMAR;PROJAR;SUSTRATOS;TURBA BLEND 1530F;DIVINE;FRCLP-20-00586;20;BOLSAS;EUR;43,340.00;30;CIF;SEA;FCL/FCL;RIGA;CALLAO;1;40HC;20;16/11/2020;NA;DIRECTO;MSC;;FFAU2013463;NA;16/11/2020;19/11/2020;19/11/2020;25/11/2020;48;MEDUNC449802;MSC KANOKO;25/12/2020;25/12/2020;9/01/2021;1;NO;-;;IMUPESA;AVM;1146;23/12/2020;30/12/2020;118-2020-10-454016-01-2-00;Verde;11/01/2021;12/01/2021;26/01/2021;14/01/2021;3/02/2021;;AVM;3/02/2021;PEND;AGERSA;4/02/2021;4/02/2021;OLMOS;8/02/2021;9/02/2021;6;PEND;PEND;28/03/2022;2021-1;;-;;Cargada en CP. Falta BL y BARCO. - DOC CARGADA. FALTA BL, CERT. ORIGEN, CERT. FITOSANITARIO EXP, FACTURA, SEGURO Y PROFORMA SLI (23/12) [21-256-HPER // CAXU9904173]
2021-2022;LIQUIDADA;21-002-HTAL;4700001902;OMAR;PROJAR;SUSTRATOS;TURBA BLEND 1530F;DIVINE;FRCLP-20-00586;20;BOLSAS;EUR;43,340.00;30;CIF;SEA;FCL/FCL;RIGA;CALLAO;1;40HC;20;16/11/2020;NA;DIRECTO;MSC;;MSDU7829143;NA;16/11/2020;19/11/2020;19/11/2020;25/11/2020;48;MEDUNC449802;MSC KANOKO;25/12/2020;25/12/2020;9/01/2021;1;NO;-;;IMUPESA;AVM;1146;23/12/2020;30/12/2020;118-2020-10-454016-01-2-00;Verde;11/01/2021;12/01/2021;26/01/2021;14/01/2021;3/02/2021;;AVM;3/02/2021;PEND;AGERSA;4/02/2021;4/02/2021;OLMOS;8/02/2021;9/02/2021;6;PEND;PEND;28/03/2022;2021-1;;-;;No cargada. Falta forma de pago (23/12) [21-255-HPER // HLBU1639460]
2021-2022;LIQUIDADA;21-003-HTAL;4700001857;OMAR;PROJAR;SUSTRATOS;FIBRA DE COCO EN BIG BAG X 6 M3;-;FRCLP-20-00592;24;M3;EUR;9,120.00;30;CIF;SEA;FCL/FCL;ALGECIRAS;CALLAO;1;40HC;24;16/11/2020;NA;DIRECTO;MSC;;CARU9990108;NA;16/11/2020;6/12/2020;6/12/2020;7/12/2020;50;MEDUCD367651;MSC KANOKO;8/01/2021;8/01/2021;9/01/2021;1;NO;-;;IMUPESA;AVM;1147;23/12/2020;30/12/2020;118-2020-10-453384-01-8-00;Verde;11/01/2021;11/01/2021;14/01/2021;14/01/2021;15/01/2021;;SLI;25/01/2021;001-005719;AGERSA;25/01/2021;25/01/2021;CHAO;26/01/2021;27/01/2021;4;PEND;PEND;28/03/2022;2021-1;;-;;Cargada en CP. Falta BL y BARCO. - DOC CARGADA. FALTA BL, CERT. ORIGEN, CERT. FITOSANITARIO EXP, FACTURA, SEGURO Y PROFORMA SLI (23/12) [21-254-HPER // 4700002122 // TCLU1630466]
2021-2022;LIQUIDADA;21-013-HTAL;4700001902;OMAR;PROJAR;SUSTRATOS;TURBA BLEND 1530F;DIVINE;FRCLP-20-00586;20;BOLSAS;EUR;43,340.00;30;CIF;SEA;FCL/FCL;RIGA;CALLAO;1;40HC;20;16/11/2020;NA;DIRECTO;MSC;;CAIU9805630/MEDU8114677/CAIU8202519;NA;16/11/2020;19/11/2020;19/11/2020;25/11/2020;48;MEDUNC449802;MSC MANU;25/12/2020;25/12/2020;1/04/2021;13;NO;-;;UPS;UPS;-;;1/04/2021;2021-00314677;Verde;1/04/2021;1/04/2021;1/04/2021;NA;NA;;UPS;9/05/2021;NA;UPS;NA;NA;FUNDO ARMONIA;11/04/2021;12/04/2021;15;NA;NA;28/03/2022;2021-1;;-;;Cargada en CP – FALTA PROFORMA SLI [21-235-HPER // TRLU7316507]
2021-2022;LIQUIDADA;21-013-HTAL;4700001902;OMAR;PROJAR;SUSTRATOS;TURBA BLEND 1530F;DIVINE;FRCLP-20-00586;20;BOLSAS;EUR;43,340.00;30;CIF;SEA;FCL/FCL;RIGA;CALLAO;1;40HC;20;16/11/2020;NA;DIRECTO;MSC;;CAXU9361836/TGBU7472302/MEDU9362560/MEDU7632100;NA;16/11/2020;19/11/2020;19/11/2020;25/11/2020;48;MEDUNC449802;MSC MANU;25/12/2020;25/12/2020;12/04/2021;15;NO;-;;TALMA;AVM;82;10/04/2021;10/04/2021;235-2021-10-53523-01-7-01;Verde;12/04/2021;12/04/2021;12/04/2021;-;-;;LIP;13/04/2021;001-15137;AGERSA;NA;-;FUNDO ARMONIA;13/04/2021;14/04/2021;15;033-2606;012-1657;28/03/2022;2021-1;;-;; Control 23/12 solo tiene familia de producto y proveedor, OP y OC 21-234-HPER //LIMB21405800]
2021-2022;LIQUIDADA;21-013-HTAL;4700001902;OMAR;PROJAR;SUSTRATOS;TURBA BLEND 1530F;DIVINE;FRCLP-20-00586;20;BOLSAS;EUR;43,340.00;30;CIF;SEA;FCL/FCL;RIGA;CALLAO;1;40HC;20;16/11/2020;NA;DIRECTO;MSC;;TCNU1416488/FFAU2013463/SEGU6925250/MSDU7829113;NA;16/11/2020;19/11/2020;19/11/2020;25/11/2020;48;MEDUNC449802;MSC MANU;25/12/2020;25/12/2020;22/05/2021;20;NO;-;;VILLAS OQUENDO;AVM;482;5/05/2021;19/05/2021;118-2021-10-194873-01-4-01;Verde;23/05/2021;23/05/2021;22/05/2021;NA;NA;;AVM;27/05/2021;;AGERSA;NA;-;FUNDO ARMONIA;7/06/2021;8/06/2021;23;;;28/03/2022;2021-1;;-;;Cargada en CP - DOCUMENTACIÓN CARGADA. FALTA PROFORMA SLI [21-223-HPER // TRHU5313666]
2021-2022;LIQUIDADA;21-004-HTAL;4700001901;OMAR;PROJAR;SUSTRATOS;TURBA BLEND 1530F;DIVINE;FRCLP-20-00591;20;BOLSAS;EUR;43,340.00;30;CIF;SEA;FCL/FCL;RIGA;CALLAO;1;40HC;22;23/11/2020;NA;DIRECTO;MSC;;TGBU7725118;NA;23/11/2020;26/11/2020;26/11/2020;26/11/2020;48;MEDUNC449810;MSC SHUBA B;31/12/2020;31/12/2020;19/02/2021;7;NO;-;;IMUPESA;AVM;23;9/12/2020;11/01/2021;118-2021-10-009446-01-4-00;Verde;17/02/2021;20/02/2021;13/01/2021;14/01/2021;14/01/2021;;SLI;16/01/2021;001-005697;RVC;18/01/2021;19/01/2021;CHAO;18/01/2021;19/01/2021;3;PEND;PEND;28/03/2022;2021-1;;-;;Cargada en CP - FALTA CERT. ORIG, CERT. FITOSANITARIO DE EXP, FACTURA, PL, PROFORMA SLI [21-262-HPER //FSCU7274086]
2021-2022;LIQUIDADA;21-004-HTAL;4700001901;OMAR;PROJAR;SUSTRATOS;TURBA BLEND 1530F;DIVINE;FRCLP-20-00591;20;BOLSAS;EUR;43,340.00;30;CIF;SEA;FCL/FCL;RIGA;CALLAO;1;40HC;22;23/11/2020;NA;DIRECTO;MSC;;CAIU4646813;NA;23/11/2020;26/11/2020;26/11/2020;26/11/2020;48;MEDUNC449810;MSC SHUBA B;31/12/2020;31/12/2020;19/02/2021;7;NO;-;;IMUPESA;AVM;23;9/12/2020;11/01/2021;118-2021-10-009446-01-4-00;Verde;17/02/2021;20/02/2021;13/01/2021;14/01/2021;14/01/2021;;SLI;18/01/2021;001-005698;RVC;18/01/2021;19/01/2021;CHAO;18/01/2021;19/01/2021;3;PEND;PEND;28/03/2022;2021-1;;-;;Cargada en CP - FALTA CERT. ORIG, CERT. FITOSANITARIO DE EXP, FACTURA, PL, PROFORMA SLI [21-262-HPER // UETU5159804]
2021-2022;LIQUIDADA;21-004-HTAL;4700001901;OMAR;PROJAR;SUSTRATOS;TURBA BLEND 1530F;DIVINE;FRCLP-20-00591;20;BOLSAS;EUR;43,340.00;30;CIF;SEA;FCL/FCL;RIGA;CALLAO;1;40HC;22;23/11/2020;NA;DIRECTO;MSC;;MEDU7827544;NA;23/11/2020;26/11/2020;26/11/2020;26/11/2020;48;MEDUNC449810;MSC SHUBA B;31/12/2020;31/12/2020;19/02/2021;7;NO;-;;IMUPESA;AVM;23;9/12/2020;11/01/2021;118-2021-10-009446-01-4-00;Verde;17/02/2021;20/02/2021;13/01/2021;14/01/2021;14/01/2021;;AVM;18/01/2021;PEND;AGERSA;18/01/2021;18/01/2021;CHAO;19/01/2021;20/01/2021;3;PEND;PEND;28/03/2022;2021-1;;-;;Cargada en CP - FALTA CERT. ORIG, CERT. FITOSANITARIO DE EXP, FACTURA, PL, PROFORMA SLI [21-261-HPER // CSNU6270322]
2021-2022;LIQUIDADA;21-004-HTAL;4700001901;OMAR;PROJAR;SUSTRATOS;TURBA BLEND 1530F;DIVINE;FRCLP-20-00591;20;BOLSAS;EUR;43,340.00;30;CIF;SEA;FCL/FCL;RIGA;CALLAO;1;40HC;22;23/11/2020;NA;DIRECTO;MSC;;CAIU4756934;NA;23/11/2020;26/11/2020;26/11/2020;26/11/2020;48;MEDUNC449810;MSC SHUBA B;31/12/2020;31/12/2020;19/02/2021;7;NO;-;;IMUPESA;AVM;23;9/12/2020;11/01/2021;118-2021-10-009446-01-4-00;Verde;17/02/2021;20/02/2021;13/01/2021;14/01/2021;14/01/2021;;AVM;18/01/2021;PEND;AGERSA;18/01/2021;18/01/2021;CHAO;19/01/2021;20/01/2021;3;PEND;PEND;28/03/2022;2021-1;;-;;Cargada en CP - FALTA CERT. ORIG, CERT. FITOSANITARIO DE EXP, FACTURA, PL, PROFORMA SLI [21-261-HPER // OOCU8375679]
2021-2022;LIQUIDADA;21-004-HTAL;4700001901;OMAR;PROJAR;SUSTRATOS;TURBA BLEND 1530F;DIVINE;FRCLP-20-00591;20;BOLSAS;EUR;43,340.00;30;CIF;SEA;FCL/FCL;RIGA;CALLAO;1;40HC;22;23/11/2020;NA;DIRECTO;MSC;;GLDU7493234;NA;23/11/2020;26/11/2020;26/11/2020;26/11/2020;48;MEDUNC449810;MSC SHUBA B;31/12/2020;31/12/2020;19/02/2021;7;NO;-;;IMUPESA;AVM;23;9/12/2020;11/01/2021;118-2021-10-009446-01-4-00;Verde;17/02/2021;20/02/2021;13/01/2021;14/01/2021;14/01/2021;;SLI;19/01/2021;001-005699;RVC;19/01/2021;20/01/2021;CHAO;20/01/2021;21/01/2021;3;PEND;PEND;28/03/2022;2021-1;;-;;Cargada en CP - FALTA CERT. ORIG, CERT. FITOSANITARIO DE EXP, FACTURA, PL, PROFORMA SLI [21-261-HPER // GLDU7535453]
2021-2022;LIQUIDADA;21-004-HTAL;4700001901;OMAR;PROJAR;SUSTRATOS;TURBA BLEND 1530F;DIVINE;FRCLP-20-00591;20;BOLSAS;EUR;43,340.00;30;CIF;SEA;FCL/FCL;RIGA;CALLAO;1;40HC;22;23/11/2020;NA;DIRECTO;MSC;;TCNU7493814;NA;23/11/2020;26/11/2020;26/11/2020;26/11/2020;48;MEDUNC449810;MSC SHUBA B;31/12/2020;31/12/2020;19/02/2021;7;NO;-;;IMUPESA;AVM;23;9/12/2020;11/01/2021;118-2021-10-009446-01-4-00;Verde;17/02/2021;20/02/2021;13/01/2021;14/01/2021;14/01/2021;;AVM;19/01/2021;PEND;AGERSA;19/01/2021;19/01/2021;CHAO;21/01/2021;22/01/2021;3;PEND;PEND;28/03/2022;2021-1;;-;;Cargada en CP - FALTA CERT. ORIG, CERT. FITOSANITARIO DE EXP, FACTURA, PL, PROFORMA SLI [21-260-HPER // CSNU6842238]
2021-2022;LIQUIDADA;21-004-HTAL;4700001901;OMAR;PROJAR;SUSTRATOS;TURBA BLEND 1530F;DIVINE;FRCLP-20-00591;20;BOLSAS;EUR;43,340.00;30;CIF;SEA;FCL/FCL;RIGA;CALLAO;1;40HC;22;23/11/2020;NA;DIRECTO;MSC;;TGBU5605284;NA;23/11/2020;26/11/2020;26/11/2020;26/11/2020;48;MEDUNC449810;MSC SHUBA B;31/12/2020;31/12/2020;19/02/2021;7;NO;-;;IMUPESA;AVM;23;9/12/2020;11/01/2021;118-2021-10-009446-01-4-00;Verde;17/02/2021;20/02/2021;13/01/2021;14/01/2021;14/01/2021;;AVM;19/01/2021;PEND;AGERSA;19/01/2021;19/01/2021;CHAO;22/01/2021;23/01/2021;3;PEND;PEND;28/03/2022;2021-1;;-;;Cargada en CP - FALTA CERT. ORIG, CERT. FITOSANITARIO DE EXP, FACTURA, PL, PROFORMA SLI [21-260-HPER // TGBU9288167]
2021-2022;LIQUIDADA;21-004-HTAL;4700001901;OMAR;PROJAR;SUSTRATOS;TURBA BLEND 1530F;DIVINE;FRCLP-20-00591;20;BOLSAS;EUR;43,340.00;30;CIF;SEA;FCL/FCL;RIGA;CALLAO;1;40HC;22;23/11/2020;NA;DIRECTO;MSC;;TEMU7964576;NA;23/11/2020;26/11/2020;26/11/2020;26/11/2020;48;MEDUNC449810;MSC SHUBA B;31/12/2020;31/12/2020;19/02/2021;7;NO;-;;IMUPESA;AVM;23;9/12/2020;11/01/2021;118-2021-10-009446-01-4-00;Verde;17/02/2021;20/02/2021;13/01/2021;14/01/2021;14/01/2021;;SLI;19/01/2021;001-005700;RVC;20/01/2021;20/01/2021;CHAO;26/01/2021;27/01/2021;4;PEND;PEND;28/03/2022;2021-1;;-;;Cargada en CP - FALTA CERT. ORIG, CERT. FITOSANITARIO DE EXP, FACTURA, PL, PROFORMA SLI [21-260-HPER // TRHU4457756]
2021-2022;LIQUIDADA;21-005-HTAL;4700001847;OMAR;ALFARROXO TRADING LTDA;SUSTRATOS;CORTEZA DE PINO 1530;DIVINE;2108;1,449;BOLSAS;EUR;4,129.65;60;FOB;SEA;FCL/FCL;LEIXOES;CALLAO;1;40HC;23;20/11/2020;;CH ROBINSON;CMA CGM;;APHU6297973;NA;21/11/2020;23/11/2020;23/11/2020;23/11/2020;48;CHSL2201700;COSCO SHIPPING DANUBE ;1/01/2021;1/01/2021;7/01/2021;1;SI;223530255;;MEDLOG;AVM;115;21/01/2021;11/01/2021;118-2021-10-009446-01-4-00;Verde;9/01/2021;9/01/2021;13/01/2021;29/01/2021;8/02/2021;;AVM; 16/01/2021;PEND;AGERSA;9/02/2021;9/02/2021;CHAO;10/02/2021;11/02/2021;6;PEND;PEND;28/03/2022;2021-1;;-;;Control 23/12: En proceso de carga [21-249-HPER // HAMU1166496]
2021-2022;LIQUIDADA;21-005-HTAL;4700001847;OMAR;ALFARROXO TRADING LTDA;SUSTRATOS;CORTEZA DE PINO 1530;DIVINE;2108;1,449;BOLSAS;EUR;4,129.65;60;FOB;SEA;FCL/FCL;LEIXOES;CALLAO;1;40HC;23;20/11/2020;;CH ROBINSON;CMA CGM;;ECMU9586760;NA;21/11/2020;23/11/2020;23/11/2020;23/11/2020;48;CHSL2201700;COSCO SHIPPING DANUBE ;1/01/2021;1/01/2021;7/01/2021;1;SI;223530255;;IMUPESA;AVM;62;21/01/2021;11/01/2021;118-2021-10-009446-01-4-00;Verde;9/01/2021;9/01/2021;13/01/2021;3/02/2021;4/02/2021;;SLI; 16/01/2021;001-005778;RVC;8/02/2021;9/02/2021;OLMOS ;8/02/2021;9/02/2021;6;0024-545;012-1555;28/03/2022;2021-1;;-;;Control 23/12: En proceso de carga [21-249-HPER // HAMU1166496]
2021-2022;LIQUIDADA;21-005-HTAL;4700001847;OMAR;ALFARROXO TRADING LTDA;SUSTRATOS;CORTEZA DE PINO 1530;DIVINE;2108;1,449;BOLSAS;EUR;4,129.65;60;FOB;SEA;FCL/FCL;LEIXOES;CALLAO;1;40HC;23;20/11/2020;;CH ROBINSON;CMA CGM;;CMAU4096324;NA;21/11/2020;23/11/2020;23/11/2020;23/11/2020;48;CHSL2201700;COSCO SHIPPING DANUBE ;1/01/2021;1/01/2021;7/01/2021;1;SI;223530255;;IMUPESA;AVM;62;21/01/2021;11/01/2021;118-2021-10-009446-01-4-00;Verde;9/01/2021;9/01/2021;13/01/2021;3/02/2021;4/02/2021;;SLI; 16/01/2021;001-005977;AGERSA;8/02/2021;9/02/2021;OLMOS;13/02/2021;14/02/2021;6;PEND;PEND;28/03/2022;2021-1;;-;;Control 23/12: En proceso de carga [21-248-HPER // GESU6315946]
2021-2022;LIQUIDADA;21-005-HTAL;4700001847;OMAR;ALFARROXO TRADING LTDA;SUSTRATOS;CORTEZA DE PINO 1530;DIVINE;2108;1,449;BOLSAS;EUR;4,129.65;60;FOB;SEA;FCL/FCL;LEIXOES;CALLAO;1;40HC;23;20/11/2020;;CH ROBINSON;CMA CGM;;GLDU7416808;NA;21/11/2020;23/11/2020;23/11/2020;23/11/2020;48;CHSL2201700;COSCO SHIPPING DANUBE ;1/01/2021;1/01/2021;7/01/2021;1;SI;223530255;;IMUPESA;AVM;62;21/01/2021;11/01/2021;118-2021-10-009446-01-4-00;Verde;9/01/2021;9/01/2021;13/01/2021;3/02/2021;4/02/2021;;SLI; 16/01/2021;001-005978;AGERSA;8/02/2021;9/02/2021;OLMOS;13/02/2021;14/02/2021;6;PEND;PEND;28/03/2022;2021-1;;-;;Control 23/12: En proceso de carga [21-248-HPER // SEGU5657635]
2021-2022;LIQUIDADA;21-005-HTAL;4700001847;OMAR;ALFARROXO TRADING LTDA;SUSTRATOS;CORTEZA DE PINO 1530;DIVINE;2108;1,449;BOLSAS;EUR;4,129.65;60;FOB;SEA;FCL/FCL;LEIXOES;CALLAO;1;40HC;23;20/11/2020;;CH ROBINSON;CMA CGM;;CAIU8063861;NA;21/11/2020;23/11/2020;23/11/2020;23/11/2020;48;CHSL2201700;COSCO SHIPPING DANUBE ;1/01/2021;1/01/2021;7/01/2021;1;SI;223530255;;IMUPESA;AVM;62;21/01/2021;11/01/2021;118-2021-10-009446-01-4-00;Verde;9/01/2021;9/01/2021;13/01/2021;3/02/2021;4/02/2021;;SLI; 16/01/2021;001-005777;AGERSA;8/02/2021;9/02/2021;OLMOS;13/02/2021;14/02/2021;6;PEND;PEND;28/03/2022;2021-1;;-;;Control 23/12: En proceso de carga [21-247-HPER // HLBU1164641]
2021-2022;LIQUIDADA;21-005-HTAL;4700001847;OMAR;ALFARROXO TRADING LTDA;SUSTRATOS;CORTEZA DE PINO 1530;DIVINE;2108;1,449;BOLSAS;EUR;4,129.65;60;FOB;SEA;FCL/FCL;LEIXOES;CALLAO;1;40HC;23;20/11/2020;;CH ROBINSON;CMA CGM;;SEGU4733319;NA;21/11/2020;23/11/2020;23/11/2020;23/11/2020;48;CHSL2201700;COSCO SHIPPING DANUBE ;1/01/2021;1/01/2021;7/01/2021;1;SI;223530255;;IMUPESA;AVM;62;21/01/2021;11/01/2021;118-2021-10-009446-01-4-00;Verde;9/01/2021;9/01/2021;13/01/2021;3/02/2021;4/02/2021;;SLI; 16/01/2021;001-005779;AGERSA;9/02/2021;9/02/2021;OLMOS;13/02/2021;14/02/2021;6;PEND;PEND;28/03/2022;2021-1;;-;;Control 23/12: En proceso de carga [21-247-HPER // TGHU9701755]
2021-2022;LIQUIDADA;21-005-HTAL;4700001847;OMAR;ALFARROXO TRADING LTDA;SUSTRATOS;CORTEZA DE PINO 1530;DIVINE;2108;1,449;BOLSAS;EUR;4,129.65;60;FOB;SEA;FCL/FCL;LEIXOES;CALLAO;1;40HC;23;20/11/2020;;CH ROBINSON;CMA CGM;;TCLU5207107;NA;21/11/2020;23/11/2020;23/11/2020;23/11/2020;48;CHSL2201700;COSCO SHIPPING DANUBE ;1/01/2021;1/01/2021;7/01/2021;1;SI;223530255;;IMUPESA;AVM;34;28/12/2020;11/01/2021;118-2021-10-009446-01-4-00;Verde;9/01/2021;9/01/2021;13/01/2021;22/02/2021;22/02/2021;;SLI; 16/01/2021;001-005709;AGERSA;24/02/2021;24/02/2021;CHAO;24/02/2021;25/02/2021;8;018-2215;012-1615;28/03/2022;2021-1;;-;;No cargada. No tiene importe USD ni EUR (Control 23/12) [21-244-HPER // TCNU1813870]
2021-2022;LIQUIDADA;21-005-HTAL;4700001847;OMAR;ALFARROXO TRADING LTDA;SUSTRATOS;CORTEZA DE PINO 1530;DIVINE;2108;1,449;BOLSAS;EUR;4,129.65;60;FOB;SEA;FCL/FCL;LEIXOES;CALLAO;1;40HC;23;20/11/2020;;CH ROBINSON;CMA CGM;;ECMU9820857;NA;21/11/2020;23/11/2020;23/11/2020;23/11/2020;48;CHSL2201700;COSCO SHIPPING DANUBE ;1/01/2021;1/01/2021;7/01/2021;1;SI;223530255;;IMUPESA;AVM;34;28/12/2020;11/01/2021;118-2021-10-009446-01-4-00;Verde;9/01/2021;9/01/2021;13/01/2021;22/02/2021;22/02/2021;;SLI; 16/01/2021;001-5710;AGERSA;24/02/2021;25/02/2021;CHAO;24/02/2021;25/02/2021;8;019-1830;012-1616;28/03/2022;2021-1;;-;;No cargada. No tiene importe USD ni EUR (Control 23/12) [21-244-HPER //FFAU2651302]
2021-2022;LIQUIDADA;21-006-HTAL;4700001857;OMAR;PROJAR;E & E;BERRYPOT FRAMBUESA 10.5L NEGRO;-;FRCLP-20-00595;2,640;UN;EUR;1,980.00;30;CIF;SEA;FCL/FCL;BARCELONA;CALLAO;1;40HC;1;3/12/2020;NA;DIRECTO;MSC;;MSMU7102401;NA;3/12/2020;6/12/2020;6/12/2020;20/12/2020;51;MEDUCD368329;MSC VITA;8/01/2021;8/01/2021;17/02/2021;7;NO;-;;IMUPESA;AVM;34;28/12/2020;25/01/2021;118-2021-10-031427-01-9-00;Verde;17/02/2021;18/02/2021;19/02/2021;22/02/2021;22/02/2021;;SLI;25/02/2021;001-5870;AGERSA;25/02/2021;25/02/2021;CHAO;25/02/2021;26/02/2021;8;033-2583;012-1618;28/03/2022;2021-1;;-;;No cargada. No tiene importe USD ni EUR (Control 23/12) [21-244-HPER // HLBU2594328]
2021-2022;LIQUIDADA;21-006-HTAL;4700001857;OMAR;PROJAR;E & E;AIRPLUS DRAIN REJILLA INTERIOR 25;-;FRCLP-20-00595;1,840;UN;EUR;294.40;30;CIF;SEA;FCL/LCL;BARCELONA;CALLAO;0.33;40HC;1;3/12/2020;NA;DIRECTO;MSC;;MSMU7102401;NA;3/12/2020;6/12/2020;6/12/2020;20/12/2020;51;MEDUCD368329;MSC VITA;8/01/2021;8/01/2021;17/02/2021;7;NO;-;;IMUPESA;AVM;34;28/12/2020;25/01/2021;118-2021-10-031427-01-9-00;Verde;17/02/2021;18/02/2021;19/02/2021;22/02/2021;22/02/2021;;SLI;25/02/2021;001-5871;AGERSA;25/02/2021;25/02/2021;CHAO;25/02/2021;26/02/2021;8;043-2040;012-1617;28/03/2022;2021-1;;-;;No cargada. No tiene importe USD ni EUR (Control 23/12) [21-243-HPER // HLBU3344703]
2021-2022;LIQUIDADA;21-006-HTAL;4700001857;OMAR;PROJAR;SUSTRATOS;"PROJAR PS SUSTRABERRY ARANDANO
PRECISIÓN";-;FRCLP-20-00595;20;BOLSAS;EUR;7,480.00;30;CIF;SEA;FCL/LCL;BARCELONA;CALLAO;0.33;40HC;20;3/12/2020;NA;DIRECTO;MSC;;MSMU7102401;NA;3/12/2020;6/12/2020;6/12/2020;20/12/2020;51;MEDUCD368329;MSC VITA;8/01/2021;8/01/2021;17/02/2021;7;NO;-;;IMUPESA;AVM;34;28/12/2020;25/01/2021;118-2021-10-031427-01-9-00;Verde;17/02/2021;18/02/2021;19/02/2021;22/02/2021;22/02/2021;;SLI;25/02/2021;001-5881;AGERSA;26/02/2021;26/02/2021;CHAO;26/02/2021;27/02/2021;8;050-2017;012-1619;28/03/2022;2021-1;;-;;No cargada. No tiene importe USD ni EUR (Control 23/12) [21-243-HPER // TGHU8708360]
2021-2022;LIQUIDADA;21-006-HTAL;4700001857;OMAR;PROJAR;E & E;MACETA BERRYPOT DRAIN 25;-;FRCLP-20-00595;1,840;UN;EUR;2,484.00;30;CIF;SEA;FCL/LCL;BARCELONA;CALLAO;0.33;40HC;2;3/12/2020;NA;DIRECTO;MSC;;MSMU7102401;NA;3/12/2020;6/12/2020;6/12/2020;20/12/2020;51;MEDUCD368329;MSC VITA;8/01/2021;8/01/2021;17/02/2021;7;NO;-;;IMUPESA;AVM;34;28/12/2020;25/01/2021;118-2021-10-031427-01-9-00;Verde;17/02/2021;18/02/2021;19/02/2021;22/02/2021;22/02/2021;;SLI;25/02/2021;001-5882;AGERSA;26/02/2021;26/02/2021;CHAO;26/02/2021;27/02/2021;8;011-2702;012-1620;28/03/2022;2021-1;;-;;No cargada. No tiene importe USD ni EUR (Control 23/12) [21-243-HPER // HLBU1956377]
2021-2022;LIQUIDADA;21-007-HTAL;4700001904;OMAR;ALFARROXO TRADING LTDA;SUSTRATOS;CORTEZA DE PINO 1530;DIVINE;2211;1,449;BOLSAS;EUR;4,129.65;60;FOB;SEA;FCL/FCL;LEIXOES;CALLAO;1;40HC;23;2/12/2020;;CH ROBINSON;CMA CGM;;TCLU8268620;NA;3/12/2020;5/12/2020;5/12/2020;4/12/2020;49;CHSL2201755;CMA CGM JEAN GABRIEL;8/01/2021;8/01/2021;29/01/2021;4;SI;1100054_0002;;IMUPESA;AVM;129;28/01/2021; 26/01/2021;118-2021-10-032400-01-7-00;Verde;30/01/2021;2/01/2021;29/01/2021;15/02/2021;16/02/2021;;AVM; 05/02/2021;PEND;AGERSA;18/02/2021;18/02/2021;CHAO;19/02/2021;20/02/2021;7;024-1673;012-1607;28/03/2022;2021-1;;-;;Cargada en CP - FALTA CERT. ORIG, CERT. FITOSANITARIO DE EXP, FACTURA, PL, PROFORMA SLI [21-246-HPER // WHSU6063682]
2021-2022;LIQUIDADA;21-007-HTAL;4700001904;OMAR;ALFARROXO TRADING LTDA;SUSTRATOS;CORTEZA DE PINO 1530;DIVINE;2211;1,449;BOLSAS;EUR;4,129.65;60;FOB;SEA;FCL/FCL;LEIXOES;CALLAO;1;40HC;23;2/12/2020;;CH ROBINSON;CMA CGM;;TCNU4137851;NA;3/12/2020;5/12/2020;5/12/2020;4/12/2020;49;CHSL2201755;CMA CGM JEAN GABRIEL;8/01/2021;8/01/2021;29/01/2021;4;SI;1100054_0002;;IMUPESA;AVM;129;28/01/2021; 26/01/2021;118-2021-10-032400-01-7-00;Verde;30/01/2021;2/01/2021;29/01/2021;15/02/2021;16/02/2021;;AVM; 05/02/2021;PEND;AGERSA;18/02/2021;18/02/2021;CHAO;19/02/2021;20/02/2021;7;028-2556;012-1608;28/03/2022;2021-1;;-;;Cargada en CP - FALTA CERT. ORIG, CERT. FITOSANITARIO DE EXP, FACTURA, PL, PROFORMA SLI [21-246-HPER // WHSU6634035]
2021-2022;LIQUIDADA;21-007-HTAL;4700001904;OMAR;ALFARROXO TRADING LTDA;SUSTRATOS;CORTEZA DE PINO 1530;DIVINE;2211;1,449;BOLSAS;EUR;4,129.65;60;FOB;SEA;FCL/FCL;LEIXOES;CALLAO;1;40HC;23;2/12/2020;;CH ROBINSON;CMA CGM;;GLDU7651828;NA;3/12/2020;5/12/2020;5/12/2020;4/12/2020;49;CHSL2201755;CMA CGM JEAN GABRIEL;8/01/2021;8/01/2021;29/01/2021;4;SI;1100054_0002;;IMUPESA;AVM;129;28/01/2021; 26/01/2021;118-2021-10-032400-01-7-00;Verde;30/01/2021;2/01/2021;29/01/2021;15/02/2021;16/02/2021;;AVM; 05/02/2021;PEND;AGERSA;18/02/2021;18/02/2021;OLMOS;20/02/2021;21/02/2021;7;;012-1609;28/03/2022;2021-1;;-;;No cargada. No tiene importe USD ni EUR (Control 23/12) [21-245-HPER // HLBU1943929]
2021-2022;LIQUIDADA;21-007-HTAL;4700001904;OMAR;ALFARROXO TRADING LTDA;SUSTRATOS;CORTEZA DE PINO 1530;DIVINE;2211;1,449;BOLSAS;EUR;4,129.65;60;FOB;SEA;FCL/FCL;LEIXOES;CALLAO;1;40HC;23;2/12/2020;;CH ROBINSON;CMA CGM;;GLDU7630701;NA;3/12/2020;5/12/2020;5/12/2020;4/12/2020;49;CHSL2201755;CMA CGM JEAN GABRIEL;8/01/2021;8/01/2021;29/01/2021;4;SI;1100054_0002;;IMUPESA;AVM;34;28/12/2020; 26/01/2021;118-2021-10-032400-01-7-00;Verde;30/01/2021;2/01/2021;29/01/2021;22/02/2021;22/02/2021;;SLI; 05/02/2021;001-5872;AGERSA;27/02/2021;27/02/2021;CHAO;2/03/2021;3/03/2021;9;059-1183;012-1622;28/03/2022;2021-1;;-;;No cargada. No tiene importe USD ni EUR (Control 23/12) [21-242-HPER // FFAU2204829]
2021-2022;LIQUIDADA;21-007-HTAL;4700001904;OMAR;ALFARROXO TRADING LTDA;SUSTRATOS;CORTEZA DE PINO 1530;DIVINE;2211;1,449;BOLSAS;EUR;4,129.65;60;FOB;SEA;FCL/FCL;LEIXOES;CALLAO;1;40HC;23;2/12/2020;;CH ROBINSON;CMA CGM;;TCNU6413476;NA;3/12/2020;5/12/2020;5/12/2020;4/12/2020;49;CHSL2201755;CMA CGM JEAN GABRIEL;8/01/2021;8/01/2021;29/01/2021;4;SI;1100054_0002;;IMUPESA;AVM;34;28/12/2020; 26/01/2021;118-2021-10-032400-01-7-00;Verde;30/01/2021;2/01/2021;29/01/2021;22/02/2021;22/02/2021;;SLI; 05/02/2021;001-5883;AGERSA;27/02/2021;1/03/2021;CHAO;3/03/2021;4/03/2021;9;022-2586;012-1623;28/03/2022;2021-1;;-;;No cargada. No tiene importe USD ni EUR (Control 23/12) [21-242-HPER // FSCU7181640]
2021-2022;LIQUIDADA;21-008-HTAL;4700001905;OMAR;ALFARROXO TRADING LTDA;SUSTRATOS;CORTEZA DE PINO 1530;DIVINE;2295;1,449;BOLSAS;EUR;4,129.65;60;FOB;SEA;FCL/FCL;LEIXOES;CALLAO;1;40HC;23;14/12/2020;;CH ROBINSON;MAERSK;;MSKU0344378;NA;15/12/2020;17/12/2020;17/12/2020;17/12/2020;51;CHSL2201820;MERIDIAN;24/01/2021;24/01/2021;29/01/2021;4;SI;1100054_0001;;IMUPESA;AVM;82;23/12/2020;19/01/2021;118-2021-10-024232-01-1-00;Verde;12/01/2021;13/01/2021;20/01/2021;14/01/2021;2/02/2021;;SLI;2/02/2021;PEND;AGERSA;3/02/2021;3/02/2021;CHAO;3/02/2021;4/02/2021;5;015-2685;012-1593;28/03/2022;2021-1;;-;;Cargada en CP. Falta BL y BARCO. - DOC CARGADA. FALTA BL, CERT. ORIGEN, CERT. FITOSANITARIO EXP, FACTURA, SEGURO Y PROFORMA SLI (23/12) [21-254-HPER // 4700002122 // TCLU5847866]
2021-2022;LIQUIDADA;21-008-HTAL;4700001905;OMAR;ALFARROXO TRADING LTDA;SUSTRATOS;CORTEZA DE PINO 1530;DIVINE;2295;1,449;BOLSAS;EUR;4,129.65;60;FOB;SEA;FCL/FCL;LEIXOES;CALLAO;1;40HC;23;14/12/2020;;CH ROBINSON;MAERSK;;GESU5785077;NA;15/12/2020;17/12/2020;17/12/2020;17/12/2020;51;CHSL2201820;MERIDIAN;24/01/2021;24/01/2021;29/01/2021;4;SI;1100054_0001;;IMUPESA;AVM;82;23/12/2020;19/01/2021;118-2021-10-024232-01-1-00;Verde;12/01/2021;13/01/2021;20/01/2021;14/01/2021;2/02/2021;;SLI;2/02/2021;PEND;AGERSA;3/02/2021;3/02/2021;CHAO;3/02/2021;4/02/2021;5;0014-963;012-1554;28/03/2022;2021-1;;-;;No cargada. Falta forma de pago (23/12) [21-253-HPER // SEGU5657240]
2021-2022;LIQUIDADA;21-008-HTAL;4700001905;OMAR;ALFARROXO TRADING LTDA;SUSTRATOS;CORTEZA DE PINO 1530;DIVINE;2295;1,449;BOLSAS;EUR;4,129.65;60;FOB;SEA;FCL/FCL;LEIXOES;CALLAO;1;40HC;23;14/12/2020;;CH ROBINSON;MAERSK;;MSKU0541398;NA;15/12/2020;17/12/2020;17/12/2020;17/12/2020;51;CHSL2201820;MERIDIAN;24/01/2021;24/01/2021;29/01/2021;4;SI;1100054_0001;;SAASA;AVM;74;11/01/2021;12/01/2021;235-2021-10-003739-01-6-00;Verde;11/01/2021;11/01/2021;12/01/2021;13/01/2021;13/01/2021;;SLI;;-;AGERSA;;;FUNDO ARMONIA;14/01/2021;15/01/2021;2;PEND;PEND;28/03/2022;2021-1;;-;;No cargada. Falta forma de pago (23/12) [21-252-HPER // FANU1608012]
2021-2022;LIQUIDADA;21-008-HTAL;4700001905;OMAR;ALFARROXO TRADING LTDA;SUSTRATOS;CORTEZA DE PINO 1530;DIVINE;2295;1,449;BOLSAS;EUR;4,129.65;60;FOB;SEA;FCL/FCL;LEIXOES;CALLAO;1;40HC;23;14/12/2020;;CH ROBINSON;MAERSK;;MRKU3031631;NA;15/12/2020;17/12/2020;17/12/2020;17/12/2020;51;CHSL2201820;MERIDIAN;24/01/2021;24/01/2021;29/01/2021;4;SI;1100054_0001;;SAASA;AVM;104;20/01/2021;20/01/2021;235-2021-10-008150-01-0-00;Verde;18/01/2021;18/01/2021;20/01/2021;22/01/2021;22/01/2021;;SLI;;-;AGERSA;;;FUNDO ARMONIA;26/01/2021;27/01/2021;4;PEND;PEND;28/03/2022;2021-1;;-;;No cargada. Falta forma de pago (23/12) [21-250-HPER // TEMU6336338]
2021-2022;LIQUIDADA;21-008-HTAL;4700001905;OMAR;ALFARROXO TRADING LTDA;SUSTRATOS;CORTEZA DE PINO 1530;DIVINE;2295;1,449;BOLSAS;EUR;4,129.65;60;FOB;SEA;FCL/FCL;LEIXOES;CALLAO;1;40HC;23;14/12/2020;;CH ROBINSON;MAERSK;;MSKU0079633;NA;15/12/2020;17/12/2020;17/12/2020;17/12/2020;51;CHSL2201820;MERIDIAN;24/01/2021;24/01/2021;29/01/2021;4;SI;1100054_0001;;IMUPESA;AVM;129;28/01/2021;11/02/2021;118-2021-10-055095-01-6-00;Verde;13/02/2021;14/02/2021;12/02/2021;15/02/2021;16/02/2021;;SLI;18/02/2021;PEND;AGERSA;18/02/2021;18/02/2021;OLMOS;20/02/2021;21/02/2021;7;0012-1242;012-1610;28/03/2022;2021-1;;-;;No cargada. No tiene importe USD ni EUR (Control 23/12) [21-245-HPER // CAIU9266035]
2021-2022;LIQUIDADA;21-008-HTAL;4700001905;OMAR;ALFARROXO TRADING LTDA;SUSTRATOS;CORTEZA DE PINO 1530;DIVINE;2295;1,449;BOLSAS;EUR;4,129.65;60;FOB;SEA;FCL/FCL;LEIXOES;CALLAO;1;40HC;23;14/12/2020;;CH ROBINSON;MAERSK;;MSKU1047498;NA;15/12/2020;17/12/2020;17/12/2020;17/12/2020;51;CHSL2201820;MERIDIAN;24/01/2021;24/01/2021;29/01/2021;4;SI;1100054_0001;;IMUPESA;AVM;129;28/01/2021;11/02/2021;118-2021-10-055095-01-6-00;Verde;13/02/2021;14/02/2021;12/02/2021;15/02/2021;16/02/2021;;SLI;18/02/2021;PEND;AGERSA;18/02/2021;18/02/2021;OLMOS;20/02/2021;21/02/2021;7;0018-718;012-1611;28/03/2022;2021-1;;-;;No cargada. No tiene importe USD ni EUR (Control 23/12) [21-245-HPER // TCLU8468110]
2021-2022;LIQUIDADA;21-008-HTAL;4700001905;OMAR;ALFARROXO TRADING LTDA;SUSTRATOS;CORTEZA DE PINO 1530;DIVINE;2295;1,449;BOLSAS;EUR;4,129.65;60;FOB;SEA;FCL/FCL;LEIXOES;CALLAO;1;40HC;23;14/12/2020;;CH ROBINSON;MAERSK;;SUDU6806625;NA;15/12/2020;17/12/2020;17/12/2020;17/12/2020;51;CHSL2201820;MERIDIAN;24/01/2021;24/01/2021;29/01/2021;4;SI;1100054_0001;;IMUPESA;AVM;160;10/02/2021;17/02/2021;118-2021-10-064543-01-8-00;Verde;20/02/2021;22/02/2021;19/02/2021;26/02/2021;26/02/2021;;SLI;1/03/2021;PEND;AGERSA;1/03/2021;1/03/2021;CHAO;3/03/2021;4/03/2021;9;040-2108;012-1624;28/03/2022;2021-1;;-;;Cargada en CP – FALTA PROFORMA SLI [21-236-HPER //APHU6699442]
2021-2022;LIQUIDADA;21-008-HTAL;4700001905;OMAR;ALFARROXO TRADING LTDA;SUSTRATOS;CORTEZA DE PINO 1530;DIVINE;2295;1,449;BOLSAS;EUR;4,129.65;60;FOB;SEA;FCL/FCL;LEIXOES;CALLAO;1;40HC;23;14/12/2020;;CH ROBINSON;MAERSK;;PONU8146960;NA;15/12/2020;17/12/2020;17/12/2020;17/12/2020;51;CHSL2201820;MERIDIAN;24/01/2021;24/01/2021;29/01/2021;4;SI;1100054_0001;;IMUPESA;AVM;160;10/02/2021;17/02/2021;118-2021-10-064543-01-8-00;Verde;20/02/2021;22/02/2021;19/02/2021;26/02/2021;26/02/2021;;SLI;1/03/2021;PEND;AGERSA;1/03/2021;1/03/2021;CHAO;3/03/2021;4/03/2021;9;050-2019;012-1651;28/03/2022;2021-1;;-;;Cargada en CP – FALTA PROFORMA SLI [21-236-HPER // CAIU8289210]
2021-2022;LIQUIDADA;21-009-HTAL;4700001906;OMAR;ALFARROXO TRADING LTDA;SUSTRATOS;CORTEZA DE PINO 1530;DIVINE;2340;1,449;BOLSAS;EUR;4,129.65;60;FOB;SEA;FCL/FCL;LEIXOES;CALLAO;1;40HC;23;23/12/2020;;CH ROBINSON;MAERSK;;SUDU8970330;NA;26/12/2020;27/12/2020;27/12/2020;24/12/2021;51;CHSL2201876;POLAR MEXICO;31/01/2021;31/01/2021;12/02/2021;6;SI;1100496_000001;;IMUPESA;AVM;82;23/12/2020;11/02/2021 ;118-2021-10-055095-01-6-00;Verde;13/02/2021;14/02/2021;12/02/2021;14/01/2021;2/02/2021;;AVM;17/02/2021;PEND;RVC;3/02/2021;3/02/2021;CHAO;3/02/2021;4/02/2021;5;0020-613;PEND;28/03/2022;2021-1;;-;;"No cargada. Falta forma de pago (23/12) [21-253-HPER //
HLXU8044959]"
2021-2022;LIQUIDADA;21-009-HTAL;4700001906;OMAR;ALFARROXO TRADING LTDA;SUSTRATOS;CORTEZA DE PINO 1530;DIVINE;2340;1,449;BOLSAS;EUR;4,129.65;60;FOB;SEA;FCL/FCL;LEIXOES;CALLAO;1;40HC;23;23/12/2020;;CH ROBINSON;MAERSK;;TCNU7451510;NA;26/12/2020;27/12/2020;27/12/2020;24/12/2021;51;CHSL2201876;POLAR MEXICO;31/01/2021;31/01/2021;12/02/2021;6;SI;1100496_000001;;TALMA;AVM;126;28/01/2021;11/02/2021 ;118-2021-10-055095-01-6-00;Verde;13/02/2021;14/02/2021;12/02/2021;NA;NA;;AVM;17/02/2021;PEND;AGERSA;5/02/2021;NA;CHAO;5/02/2021;6/02/2021;5;PEND;PEND;28/03/2022;2021-1;;-;;Cargada en CP - FALTA CERT. ORIG, CERT. FITOSANITARIO DE EXP, FACTURA, PL, PROFORMA SLI [21-246-HPER // WHLU5680827]
2021-2022;LIQUIDADA;21-009-HTAL;4700001906;OMAR;ALFARROXO TRADING LTDA;SUSTRATOS;CORTEZA DE PINO 1530;DIVINE;2340;1,449;BOLSAS;EUR;4,129.65;60;FOB;SEA;FCL/FCL;LEIXOES;CALLAO;1;40HC;23;23/12/2020;;CH ROBINSON;MAERSK;;MRSU4137596;NA;26/12/2020;27/12/2020;27/12/2020;24/12/2021;51;CHSL2201876;POLAR MEXICO;31/01/2021;31/01/2021;12/02/2021;6;SI;1100496_000001;;SAASA;AVM;146;8/02/2021;11/02/2021 ;118-2021-10-055095-01-6-00;Verde;13/02/2021;14/02/2021;12/02/2021;15/02/2021;15/02/2021;;NA;17/02/2021;-;AVM;-;-;FUNDO ARMONIA;16/02/2021;17/02/2021;7;PEND;PEND;28/03/2022;2021-1;;-;;Cargada en CP - FALTA CERT. ORIG, CERT. FITOSANITARIO DE EXP, FACTURA, PL, PROFORMA SLI [21-246-HPER // WHLU5669812]
2021-2022;LIQUIDADA;21-009-HTAL;4700001906;OMAR;ALFARROXO TRADING LTDA;SUSTRATOS;CORTEZA DE PINO 1530;DIVINE;2340;1,449;BOLSAS;EUR;4,129.65;60;FOB;SEA;FCL/FCL;LEIXOES;CALLAO;1;40HC;23;23/12/2020;;CH ROBINSON;MAERSK;;MRKU4599483;NA;26/12/2020;27/12/2020;27/12/2020;24/12/2021;51;CHSL2201876;POLAR MEXICO;31/01/2021;31/01/2021;12/02/2021;6;SI;1100496_000001;;IMUPESA;AVM;129;14/05/2021;11/02/2021 ;118-2021-10-055095-01-6-00;Rojo;13/02/2021;14/02/2021;12/02/2021;NA;NA;;AGERSA;17/02/2021;;AGERSA;-;5/06/2021;FUNDO ARMONIA;3/04/2021;4/04/2021;13;;;28/03/2022;2021-1;;-;; Control 23/12 solo tiene familia de producto y proveedor, OP y OC [21-226-HPER //LIMB21244900]
2021-2022;LIQUIDADA;21-009-HTAL;4700001906;OMAR;ALFARROXO TRADING LTDA;SUSTRATOS;CORTEZA DE PINO 1530;DIVINE;2340;1,449;BOLSAS;EUR;4,129.65;60;FOB;SEA;FCL/FCL;LEIXOES;CALLAO;1;40HC;23;23/12/2020;;CH ROBINSON;MAERSK;;MSKU9838330;NA;26/12/2020;27/12/2020;27/12/2020;24/12/2021;51;CHSL2201876;POLAR MEXICO;31/01/2021;31/01/2021;12/02/2021;6;SI;1100496_000001;;IMUPESA;AVM;129;14/05/2021;11/02/2021 ;118-2021-10-055095-01-6-00;Rojo;13/02/2021;14/02/2021;12/02/2021;NA;NA;;AGERSA;17/02/2021;;AGERSA;-;5/06/2021;FUNDO ARMONIA;3/04/2021;4/04/2021;13;;;28/03/2022;2021-1;;-;;No cargada por medio de transporte AIRE (23/12) [21-225-HPER]
2021-2022;LIQUIDADA;21-010-HTAL;4700001907;OMAR;ALFARROXO TRADING LTDA;SUSTRATOS;CORTEZA DE PINO 1530;DIVINE;2365;1,449;BOLSAS;EUR;4,129.65;60;FOB;SEA;FCL/FCL;LEIXOES;CALLAO;1;40HC;23;29/12/2020;;CH ROBINSON;MAERSK;;MRKU2554915;NA;30/12/2020;2/01/2021;2/01/2021;3/01/2021;53;CHSL2210002;POLAR PERU;7/02/2021;7/02/2021;19/02/2021;7;SI;1100496_000002;;IMUPESA;AVM;160;5/02/2021; 17/02/2021;118-2021-10-064543-01-8-00;Verde;20/02/2021;22/02/2021;19/02/2021;NA;NA;;AVM;27/02/2021;PEND;AGERSA;27/02/2021;27/02/2021;CHAO;28/02/2021;1/03/2021;9;018-2219;012-1621;28/03/2022;2021-1;;-;;Cargada en CP – FALTA PROFORMA SLI [21-235-HPER // ECMU9238743]
2021-2022;ARCHIVADA;21-010-HTAL;4700001907;OMAR;ALFARROXO TRADING LTDA;SUSTRATOS;CORTEZA DE PINO 1530;DIVINE;2365;1,449;BOLSAS;EUR;4,129.65;60;FOB;SEA;FCL/FCL;LEIXOES;CALLAO;1;40HC;23;29/12/2020;;CH ROBINSON;MAERSK;;MSKU9904452;NA;30/12/2020;2/01/2021;2/01/2021;3/01/2021;53;CHSL2210002;POLAR PERU;7/02/2021;7/02/2021;19/02/2021;7;SI;1100496_000002;;TALMA;AVM;441;7/05/2021; 17/02/2021;118-2021-10-064543-01-8-00;Verde;20/02/2021;22/02/2021;19/02/2021;NA;NA;;AVM;27/02/2021;PEND;AGERSA;15/05/2021;NA;ARMONIA;16/05/2021;17/05/2021;20;PEND;PEND;28/03/2022;2021-1;;-;; Control 23/12 solo tiene familia de producto y proveedor, OP y OC [21-229-HPER//LIMB21259800]
2021-2022;LIQUIDADA;21-011-HPER;4700001900;OMAR;HORTIFRUT CHILE SA;PLANTAS;ROCIO;-;10730;200,000;UN;USD;576,000.00;90;CPT;AIR;AIR;SANTIAGO;LIMA;-;-;7;8/01/2021;NA;DIRECTO;KOREAN AIR;;NA;NA;8/01/2021;11/01/2021;11/01/2021;11/01/2021;2;180-49990975;KE274/11;11/01/2021;11/01/2021;11/01/2021;2;SI;1100333_000001;;SAASA;;;;;;;11/01/2021;11/01/2021;;;;NA;;14/01/2021;;RVC;NA;NA;VIVERO ILUSION;14/01/2022;15/01/2022;2;;;28/03/2022;2021-1;;-;;No cargada. Falta forma de pago (23/12) [21-251-HPER // TCKU7871020]
2021-2022;LIQUIDADA;21-012-HPER;4700001908;OMAR;HORTIFRUT CHILE SA;PLANTAS;ROCIO;-;10758;163,150;UN;USD;469,872.00;90;CPT;AIR;AIR;SANTIAGO;LIMA;-;-;6;15/01/2021;NA;DIRECTO;KOREAN AIR;;NA;NA;15/01/2021;18/01/2021;18/01/2021;18/01/2021;3;180-49990964;KE0274;18/01/2021;18/01/2021;18/01/2021;3;SI;1100333_000002;;SAASA;AVM;481;18/05/2021; 05/01/2021;235-2021-10-000625-01-1-00;Verde;18/01/2021 ;23/05/2021; 05/01/2021; 05/01/2022; 05/01/2023; 05/01/2024; 05/01/2025; 06/01/2021;001-0001841;;NA;NA;VIVERO ILUSION;2/06/2021;3/06/2021;22;024-001734;014-0001579;28/03/2022;2021-1;;-;;Cargada en CP - DOCUMENTACIÓN CARGADA. FALTA PROFORMA SLI [21-223-HPER // CSNU7092945]
2021-2022;LIQUIDADA;21-004-HTAL;4700001901;OMAR;PROJAR;SUSTRATOS;TURBA BLEND 1530F;DIVINE;FRCLP-20-00591;20;BOLSAS;EUR;43,340.00;30;CIF;SEA;FCL/FCL;RIGA;CALLAO;1;40HC;22;23/11/2020;NA;DIRECTO;MSC;;CAIU4919395;NA;23/11/2020;26/11/2020;26/11/2020;26/11/2020;48;MEDUNC449810;MSC SHUBA B;31/12/2020;31/12/2020;19/02/2021;7;NO;-;;MEDLOG;AVM;115;21/01/2021;25/01/2021;118-2021-10-031181-01-1-00;Verde;17/02/2021;20/02/2021;25/01/2021;29/01/2021;8/02/2021;;AVM;9/02/2021;PEND;AGERSA;9/02/2021;9/02/2021;CHAO;10/02/2021;11/02/2021;6;PEND;PEND;28/03/2022;2021-1;;-;;No cargada. Falta forma de pago (23/12) [21-250-HPER // WHSU5474143]
2021-2022;LIQUIDADA;21-004-HTAL;4700001901;OMAR;PROJAR;SUSTRATOS;TURBA BLEND 1530F;DIVINE;FRCLP-20-00591;20;BOLSAS;EUR;43,340.00;30;CIF;SEA;FCL/FCL;RIGA;CALLAO;1;40HC;22;23/11/2020;NA;DIRECTO;MSC;;AMFU8788438;NA;23/11/2020;26/11/2020;26/11/2020;26/11/2020;48;MEDUNC449810;MSC SHUBA B;31/12/2020;31/12/2020;19/02/2021;7;NO;-;;MEDLOG;AVM;115;21/01/2021;25/01/2021;118-2021-10-031181-01-1-00;Verde;17/02/2021;20/02/2021;25/01/2021;29/01/2021;8/02/2021;;AVM;9/02/2021;PEND;AGERSA;9/02/2021;9/02/2021;CHAO;10/02/2021;11/02/2021;6;PEND;PEND;28/03/2022;2021-1;;-;;No cargada. Falta forma de pago (23/12) [21-250-HPER // WHSU5921745]
2021-2022;LIQUIDADA;21-004-HTAL;4700001901;OMAR;PROJAR;SUSTRATOS;TURBA BLEND 1530F;DIVINE;FRCLP-20-00591;20;BOLSAS;EUR;43,340.00;30;CIF;SEA;FCL/FCL;RIGA;CALLAO;1;40HC;22;23/11/2020;NA;DIRECTO;MSC;;TRLU0988008;NA;23/11/2020;26/11/2020;26/11/2020;26/11/2020;48;MEDUNC449810;MSC SHUBA B;31/12/2020;31/12/2020;19/02/2021;7;NO;-;;MEDLOG;AVM;115;21/01/2021;25/01/2021;118-2021-10-031181-01-1-00;Verde;17/02/2021;20/02/2021;25/01/2021;29/01/2021;8/02/2021;;AVM;9/02/2021;PEND;AGERSA;9/02/2021;9/02/2021;CHAO;10/02/2021;11/02/2021;6;PEND;PEND;28/03/2022;2021-1;;-;;Control 23/12: En proceso de carga [21-249-HPER // GLDU7359565]
2021-2022;LIQUIDADA;21-014-HPER;4500947521;JOSE;RITEC;EQP & INST;"VALV (SOLO) 1 1/2"" BERMAD 2 CAMARA
S100";-;21/8;14;UN;USD;1,400.00;0;EXW;AIR;AIR;MADRID;LIMA;-;-;1;8/01/2021;;DACSHER;AVIANCA;;NA;18/01/2021;18/01/2021;29/01/2021;29/01/2021;29/01/2021;4;23505847;-;2/02/2021;2/02/2021;18/04/2021;15;SI;1100550_0001;;SHOHIN;AVM;126;-;16/04/2021;235-2021-10-057565-01-6-01;Verde;18/04/2021;18/04/2021;19/04/2021;NA;NA;NA;LIP;19/04/2021;0001-015168;AGERSA;NA;NA;ESPERANZA;29/04/2021;30/04/2021;17;PEND;PEND;28/03/2022;2021-1;;-;; Control 23/12 solo tiene familia de producto y proveedor, OP y OC [21-233-HPER//LIMB21403600]
2021-2022;LIQUIDADA;21-015-HTAL;4700001910;JOSE;HORTIFRUT CHILE SA;PLANTAS;SEEDLINGS;-;11308;3,635;UN;USD;8,264.95;90;CPT;AIR;AIR;SANTIAGO;LIMA;-;-;8;5/02/2021;NA;DIRECTO;KOREAN AIR;;NA;NA;5/02/2021;8/02/2021;8/02/2021;8/02/2021;6;180-49994582;KE0274;8/02/2021;8/02/2021;8/02/2021;6;SI;1100796_000001;;SAASA;AVM;-;-;6/01/2021;235-2021-10-001443-01-2-00;VERDE;8/02/2021;8/02/2021;7/01/2021;;;NA;;8/01/2021;;AVM;NA;NA;LABORATORIO GENETICA;16/02/2021;17/02/2021;7;;;28/03/2022;2021-1;TNT;132133638;; Control 23/12 solo tiene familia de producto y proveedor, OP y OC [21-228-HPER//LIMB21254300]
2021-2022;LIQUIDADA;21-016-HTAL;PEA13Y0000;OMAR;LIPPEL ;MAQUINARIAS;MAQUINA PICADORA;-;PEND;1;UN;USD;131,000.00;0;EXW;SEA;FCL/FCL;ITAPOA;CALLAO;1;40HC;-;18/01/2021;;AIRSEALOG;HAMBURG SUD;;MSKU6283921;20/01/2021;20/01/2021;28/01/2021;28/01/2021;28/01/2021;4;BREM0524/21;ANTOFAGASTA EXPRESS;19/02/2021;19/02/2021;19/02/2021;7;SI;1100496_000003;;IMUPESA;AVM;147;-;16/02/2021;118-2021-10-063862-01-2-00;;20/02/2021;22/02/2021;19/02/2021 ;;;;;25/02/2021;;AGERSA;NA;2/03/2021;TALLER DE MANTENIMIENTO;28/02/2021;1/03/2021;9;;;28/03/2022;2021-1;TNT;132133638;;Cargada en CP – FALTA PROFORMA SLI [21-236-HPER // TCNU4942700]
2021-2022;LIQUIDADA;21-017-HPER;PEA2H10101;CALIDAD;EUROBERRY MARKETING;MUESTRAS;MUESTRAS;-;NA;1;UN;USD;1.00;0;DAP;AIR;AIR;SEVILLA;LIMA;-;-;1;17/03/2021;NA;UPS;UPS;;NA;NA;17/03/2021;18/03/2021;18/03/2021;29/03/2021;13;1Z59V4440410709474;-;2/04/2021;2/04/2021;2/04/2021;13;NO;59V4447FYCD;;UPS;AVM;128;28/01/2021;16/02/2021;118-2021-10-063697;Verde;19/02/2021;20/02/2021;18/02/2021;23/02/2021;8/04/2021;NA;AVM;11/04/2021;PEND;UPS;NA;NA;PLANTA SALAVERRY;11/04/2021;12/04/2021;15;NA;NA;28/03/2022;2021-1;;-;DESTRUCCION REALIZADA ELVIERNES 16 Y SABADO 17;No cargada. No tiene importe USD ni EUR (Control 23/12) [21-242-HPER // HLBU2073736]
2021-2022;LIQUIDADA;21-018-HTAL;4700001915;GERMAN;A&B PACKING EQUIPMENT, INC.;SPAREPARTS;FAJA MODULAR , TARJETAS;-;89513;6,217;UN;USD;20,945.26;0;EXW;AIR;AIR;CHICAGO;LIMA;-;-;1;26/03/2021;;FORBIS;FOR70347462  ;;NA;29/03/2021;8/04/2021;11/04/2021;11/04/2021;12/04/2021;15;FOR70347462;-;11/04/2021;11/04/2021;11/04/2021;14;SI;-;;TALMA;LIP;5278;28/01/2021;16/02/2021;118-2021-10-063697;Verde;19/02/2021;20/02/2021;18/02/2021;23/02/2021;8/04/2021;NA;AVM;13/04/2021;PEND;AGERSA;NA;NA;PLANTA SALAVERRY;14/04/2021;15/04/2021;15;NA;NA;28/03/2022;2021-1;;-;DESTRUCCION REALIZADA ELVIERNES 16 Y SABADO 17;No cargada por medio de transporte AIRE (23/12) [21-241-HPER //4700002253]
2021-2022;LIQUIDADA;21-019-HTAL;4700001921;JOSE;HAPPYVOLT SPA;EQP & INST;EQUIPO FIRMPRO;-;19;1;UN;USD;2,920.00;0;EXW;AIR;AIR;SANTIAGO;LIMA;-;-;1;13/04/2021;8/04/2021;AIR SEA LOG;KOREAN AIR;;-;15/04/2021;15/04/2021;18/04/2021;18/04/2021;18/04/2021;15;PELIM21022A;-;18/04/2021;18/04/2021;18/04/2021;15;SI;NA;NA;SHOHIN;LIP;5558;28/01/2021;16/02/2021;235-21-10-057565  ;Verde;18/04/2021;18/04/2021;18/02/2021;23/02/2021;8/04/2021;NA;LIP;16/04/2021;0001-015168;AGERSA;16/04/2021;NA;FUNDO ESPERANZA;19/04/2021;20/04/2021;16;NA;NA;28/03/2022;2021-1;;-;DESTRUCCION REALIZADA ELVIERNES 16 Y SABADO 17;No cargada por medio de transporte AIRE (23/12) [21-240-HPER]
2021-2022;LIQUIDADA;21-020-HPER;4700001911;OMAR;PROINECO ;AGQ;PROIN ORGANIC;-;1 000011;18,000;LITROS;EUR;14,400.00;60;EXW;SEA;FCL/FCL;ALGECIRAS;CALLAO;1;20ST;18;5/03/2021;10/03/2021;CH ROBINSON;MSC;;TCKU1698155;17/03/2021;17/03/2021;23/03/2021;1/04/2021;4/04/2021;13;MADME2100326;MSC YASHI B;29/04/2021;4/05/2021;11/05/2021;19;SI;21-020-HPER;29/04/2021;IMUPESA;LIP;6201;28/01/2021;30/04/2021;118-2021-10-171187-01-7-00;Verde;12/05/2021;12/05/2021;1/05/2021;23/02/2021;8/04/2021;;AVM;14/05/2021 ;PEND;AGERSA;14/05/2021;14/05/2021;FUNDO ARMONIA ;14/05/2021;15/05/2021;19;NA;NA;28/03/2022;2021-1;;-;DESTRUCCION REALIZADA ELVIERNES 16 Y SABADO 17;No cargada por medio de transporte AIRE (23/12) [21-239-HPER]
2021-2022;LIQUIDADA;21-020-HPER;4700001911;OMAR;PROINECO ;AGQ;PROIN ORGANIC;-;1 000011;18,000;LITROS;EUR;14,400.00;60;EXW;SEA;FCL/FCL;ALGECIRAS;CALLAO;1;20ST;18;5/03/2021;10/03/2021;CH ROBINSON;MSC;;TCKU3917484;17/03/2021;17/03/2021;23/03/2021;1/04/2021;4/04/2021;13;MADME2100326;MSC YASHI B;29/04/2021;4/05/2021;11/05/2021;19;SI;21-020-HPER;29/04/2021;IMUPESA;LIP;6201;28/01/2021;30/04/2021;118-2021-10-171187-01-7-00;Verde;12/05/2021;12/05/2021;1/05/2021;23/02/2021;8/04/2021;;AVM;14/05/2021 ;PEND;AGERSA;14/05/2021;14/05/2021;FUNDO ARMONIA ;14/05/2021;15/05/2021;19;NA;NA;28/03/2022;2021-1;;-;DESTRUCCION REALIZADA ELVIERNES 16 Y SABADO 17;Cargada en CP – FALTA PROFORMA SLI [21-238-HPER // CMAU4400252]
2021-2022;LIQUIDADA;21-021-HPER;4700001919;OMAR;PROINECO ;AGQ;PROIN ORGANIC;-;1 000017;18,000;LITROS;EUR;14,400.00;60;EXW;SEA;FCL/FCL;ALGECIRAS;CALLAO;1;20ST;18;5/04/2021;29/03/2021;CH ROBINSON;MSC;;CXDU2136379;9/04/2021;9/04/2021;19/04/2021;19/04/2021;20/04/2021;16;MADME2100463;MSC YASHI B;6/05/2021;8/05/2021;11/05/2021;19;SI;21-021-HPER;30/04/2021;IMUPESA;LIP;6327;28/01/2021; 06/05/2021; 118-2021-10-176656-01-5-00;Verde;12/05/2021;12/05/2021;11/05/2021;23/02/2021;8/04/2021;;AVM;13/05/2021;PEND;AGERSA;14/05/2021;14/05/2021;FUNDO ARMONIA ;16/05/2021;17/05/2021;20;NA;NA;28/03/2022;2021-1;;-;DESTRUCCION REALIZADA ELVIERNES 16 Y SABADO 17;Cargada en CP – FALTA PROFORMA SLI [21-238-HPER // CMAU6124702]
2021-2022;LIQUIDADA;21-021-HPER;4700001919;OMAR;PROINECO ;AGQ;PROIN ORGANIC;-;1 000017;18,000;LITROS;EUR;14,400.00;60;EXW;SEA;FCL/FCL;ALGECIRAS;CALLAO;1;20ST;18;5/04/2021;29/03/2021;CH ROBINSON;MSC;;GLDU3386979;9/04/2021;9/04/2021;19/04/2021;19/04/2021;20/04/2021;16;MADME2100463;MSC YASHI B;6/05/2021;8/05/2021;11/05/2021;19;SI;21-021-HPER;30/04/2021;IMUPESA;LIP;6327;28/01/2021; 06/05/2021; 118-2021-10-176656-01-5-00;Verde;12/05/2021;12/05/2021;11/05/2021;23/02/2021;8/04/2021;;AVM;13/05/2021;PEND;AGERSA;14/05/2021;14/05/2021;FUNDO ARMONIA ;16/05/2021;17/05/2021;20;NA;NA;28/03/2022;2021-1;;-;DESTRUCCION REALIZADA ELVIERNES 16 Y SABADO 17;Cargada en CP – FALTA PROFORMA SLI [21-238-HPER //CAIU7264516]
2021-2022;LIQUIDADA;21-022-HPER; 4700001927 ;JOSE;RITEC;EQP & INST;EQUIPO NUTRITEC ;-; 21-284;7;UN;USD;20,060.00;0;EXW;AIR;AIR;MADRID;LIMA;-;-;2;29/04/2021;30/04/2021;CH ROBINSON;AVIANCA;;-;5/05/2021;5/05/2021;9/05/2021;9/05/2021;9/05/2021;18;ALCAE2100140;325;13/05/2021;14/05/2021;14/05/2021;19;SI;21-022-HPER;5/05/2021;TALMA;AVM;441;28/01/2021;13/05/2021;235-2021-10-072658-01-1-00;Verde;19/02/2021;20/02/2021;18/02/2021;NA;NA;NA;AVM;14/05/2021;PENDIENTE;AGERSA;14/05/2021;NA;FUNDO ARMONIA;16/05/2021;17/05/2021;20;NA;NA;28/03/2022;2021-1;;-;DESTRUCCION REALIZADA ELVIERNES 16 Y SABADO 17;Cargada en CP – FALTA PROFORMA SLI [21-237-HPER // CMAU7295119]
2021-2022;LIQUIDADA;21-023-HPER;4700001926;RENE;SAN JORGE PACKAGING SA;E & E;"BOLSA AM ARAN. 1.5kg 58x45cmx30my
SELLAD";-;29;1,680,000;UN;USD;316,680.00;60;CFR;SEA;FCL/FCL;SAN ANTONIO;CALLAO;1;40HC;20;16/04/2021;NA;GRUPO TCI;HAMBURG SUD;;MRSU 3934656;NA;10/05/2021;15/05/2021;15/05/2021;16/05/2021;19;PE21050012184;UTE 117W;21/05/2021;21/05/2021;22/05/2021;20;SI;21-023-HPER;13/05/2021;IMUPESA;AVM;128;28/01/2021;16/02/2021;118-2021-10-194833-01-2-00;Verde;23/05/2021;23/05/2021;22/05/2021;23/02/2021;8/04/2021;;AVM; 27/05/2021;PEND;AGERSA;27/05/2021;27/05/2021;PLANTA SALAVERRY;2/06/2021;3/06/2021;22;NA;NA;28/03/2022;2021-1;;-;DESTRUCCION REALIZADA ELVIERNES 16 Y SABADO 17;Cargada en CP – FALTA PROFORMA SLI [21-237-HPER // FCIU8758677]
2021-2022;LIQUIDADA;21-024-HPER;4700001913;OMAR;PROMISOL ;AGQ;MUCIGEL;-;F/21152;18,000;LITROS;EUR;162,000.00;90;CIF;SEA;FCL/FCL;BARCELONA;CALLAO;1;20ST;-;6/04/2021;NA;DIRECTO;MSC;;FCIU6451681;NA;6/04/2021;21/04/2021;21/04/2021;21/04/2021;16;MEDUCI205542;MSC MAXINE NX116A;20/05/2021;21/05/2021;21/05/2021;20;NO;NA;NA;IMUPESA;AVM;128;28/01/2021;19/05/2021;118-2021-10-192691-01-6-00;Verde;21/05/2021;22/05/2021;21/05/2021;23/02/2021;8/04/2021;;AVM;26/05/2021;PEND;AGERSA;26/05/2021;26/05/2021;FUNDO ARMONIA;27/05/2021;28/05/2021;21;NA;NA;28/03/2022;2021-1;;-;DESTRUCCION REALIZADA ELVIERNES 16 Y SABADO 17;Cargada en CP – FALTA PROFORMA SLI [21-237-HPER //CAIU9401557]
2021-2022;LIQUIDADA;21-025-HPER;PEA23Z9901 ;RENE;HORTIFRUT MEXICO SA DE CV;MAQUINARIAS;LINEA DE EMPAQUE COSECHA DIRECTA;-;NA;5;BULTOS;USD;112,801.00;60;CIF;SEA;FCL/FCL;MANZANILLO;CALLAO;1;40HC;5;7/05/2021;NA;EMO LOGISTICS;ONE;;TCLU5411065;NA;-;11/05/2021;11/05/2021;11/05/2021;19;S00031636;MOL BEACON;12/05/2021;21/05/2021;21/05/2021;20;NO;21-025-HPER;18/05/2021;IMUPESA;AVM;128;28/01/2021;2/06/2021;118-21-30-000065-01-0-00;Rojo;22/05/2021;23/05/2021;2/06/2021;23/02/2021;8/04/2021;;AVM;3/06/2021;PEND;-;16/04/2021;17/04/2021;RS INNOVA;-;#¡VALOR!;#¡VALOR!;NA;NA;28/03/2022;2021-1;;-;DESTRUCCION REALIZADA ELVIERNES 16 Y SABADO 17;Cargada en CP - DOCUMENTACIÓN CARGADA. FALTA PROFORMA SLI [21-151-HPER // 4700002166 // TCNU8736903]
2021-2022;LIQUIDADA;21-025-HPER;PEA23Z9901 ;RENE;HORTIFRUT MEXICO SA DE CV;MAQUINARIAS;LINEA DE EMPAQUE COSECHA DIRECTA;-;NA;5;BULTOS;USD;112,801.00;60;CIF;SEA;FCL/FCL;MANZANILLO;CALLAO;1;40HC;5;7/05/2021;NA;EMO LOGISTICS;ONE;;TCNU6850970;NA;-;11/05/2021;11/05/2021;11/05/2021;19;S00031636;MOL BEACON;12/05/2021;21/05/2021;21/05/2021;20;NO;21-025-HPER;18/05/2021;MERKUR;LIP ;6201;30/04/2021;2/06/2021;118-21-30-000065-01-0-00;Rojo;22/05/2021;23/05/2021;2/06/2021;NA;NA;;LIP;3/06/2021;14-1562;AGERSA;14/05/2021;14/05/2021;ARMONIA;14/05/2021;15/05/2021;19;0015-002602;014-0001561;28/03/2022;2021-1;;-;;Cargada en CP - DOCUMENTACIÓN CARGADA. FALTA PROFORMA SLI [21-151-HPER // 4700002166 // MSCU9152696]
2021-2022;LIQUIDADA;21-026-HPER;PEA2H10101;RENE;INVECO;MUESTRAS;MUESTRAS;-;NA;1;UN;USD;1.00;0;DAP;AIR;AIR;CELAYA;LIMA;-;-;1;3/05/2021;NA;DHL;DHL;;NA;3/05/2021;3/05/2021;3/05/2021;3/05/2021;3/05/2021;18;1921710265;-;12/05/2021;12/05/2021;7/05/2021;18;NO;-;;DHL;-;;;07/05/2021 ;235-2021-28-00424292-10-0-00;Verde;7/05/2021;8/05/2021;7/05/2021;;;NA;;8/05/2021;;DHL;NA;NA;PLANTA SALAVERRY;13/05/2021;14/05/2021;19;;;28/03/2022;2021-1;FEDEX;786404101570;; Control 23/12 solo tiene familia de producto y proveedor, OP y OC [21-230-HPER// LIMB21257600]
2021-2022;LIQUIDADA;21-027-HPER;PEA2H10101;RENE;POPPELMAN;MUESTRAS;MUESTRAS;VIVERO ILUSION - ARMONIA 3;NA;1;UN;USD;1.00;0;DAP;AIR;AIR;BREMEN;LIMA;-;-;1;26-Abr;NA;FEDEX;FEDEX;;-;27/04/2021;27/04/2021;27/04/2021;27/04/2021;27/04/2021;17;786404101570;-;27/04/2021;27/04/2021;27/04/2021;17;NO;-;-;FEDEX;SCHRAFF;-;;;;Verde;;;;NA;NA;NA;LIP;13/05/2021;PENDIENTE;AGERSA;NA;NA;PACKING SALAVERRY;11/05/2021;12/05/2021;19;PEND;PEND;NA;NA;;-;; Control 23/12 solo tiene familia de producto y proveedor, OP y OC [21-231-HPER//LIMB21262900]
2021-2022;LIQUIDADA;21-028-HPER;PEA2H10101;RENE;DESCHPLANT;MUESTRAS;MUESTRAS;-;NA;1;UN;USD;1.00;0;DAP;AIR;AIR;NETHERLANDS;LIMA;-;-;1;19/04/2021;NA;TNT;TNT;;NA;19/04/2021;19/04/2021;21/04/2021;21/04/2021;21/04/2021;16;132133638;-;29/04/2021;29/04/2021;29/04/2021;17;NO;-;;TNT;-;;;;;;;;;;;NA;;14/05/2021;;CHAN CHAN;NA;NA;VIVERO ILUSION;14/05/2021;15/05/2021;19;;;28/03/2022;2021-1;DHL;1921710265;; Control 23/12 solo tiene familia de producto y proveedor, OP y OC [21-232-HPER//LIMB21263300]
2021-2022;LIQUIDADA;21-029-HPER;4700001922;JOSE;QINGDAO YINUO INDUSTRY  CO.LTD;SPAREPARTS;LLANTAS;-;2021-PERU-01;3,900;UN;USD;15,990.00;0;FOB;SEA;LCL/LCL;NINGBO;CALLAO;-;-;390;3/05/2021;30/04/2021;INCA LINES;WAN HAI;;SEKU9021646;NA;4/05/2021;8/05/2021;19/05/2021;19/05/2021;20;QDWJ210509052;MARINA HUDSON;8/06/2021;10/07/2021;11/07/2021;27;SI;21-029-HPER;31/05/2021;VILLAS OQUENDO;AVM;597;4/06/2021;19/07/2021;118-2021-10-269731-01-3-01;Verde;12/07/2021;13/07/2021;11/07/2021;NA;NA;;AVM;20/07/2021;;AGERSA;NA;-;ARMONIA;26/08/2021;27/08/2021;34;;;28/03/2022;2021-1;;-;;Cargada en CP - DOCUMENTACIÓN CARGADA. FALTA CERT. ORIGEN, CERT. FITOSANITARIO EXPORTACIÓN Y PROFORMA SLI [21-213-HPER // APHU6663429]
2021-2022;LIQUIDADA;21-030-HPER;4700001947;RENE;JCK;E & E;PUNNET CESTA PET UK 150g -JCK;-;511;243,000;UN;USD;7,411.50;90;EXW;SEA;LCL/LCL;SAN ANTONIO;CALLAO;-;-;200;3/05/2021;7/05/2021;INCA LINES;HAMBURG SUD;;-;10/05/2021;10/05/2021;15/05/2021;15/05/2021;16/05/2021;19;SAI/CLL-S00000076;UTE 117W;21/05/2021;21/05/2021;21/05/2021;20;SI;21-030-HPER;13-May;VILLAS OQUENDO;AVM;482;18/05/2021;19/05/2021;118-2021-10-194873-01-4-01;Verde;23/05/2021;23/05/2021;22/05/2021;;;;AVM;2/06/2021;001-0103986;AGERSA;2/06/2021;NA;PLANTA CHAO;7/06/2021;8/06/2021;23;;;28/03/2022;2021-1;UPS;-;;No cargada por medio de transporte AIRE (23/12) [21-224-HPER]
2021-2022;LIQUIDADA;21-031-HPER;4700001948;RENE;JCK;E & E;PUNNET CESTA PET UK 150g -JCK;-;513;210,195;UN;USD;6,410.95;90;EXW;SEA;LCL/LCL;SAN ANTONIO;CALLAO;-;-;164;3/05/2021;11/05/2021;INCA LINES;HAMBURG SUD;;SUDU8895391;15/05/2021;15/05/2021;22/05/2021;24/05/2021;24/05/2021;21;SAI/CLL-S00000077;BOMAR BEIJING 118W;28/05/2021;29/05/2021;29/05/2021 ;#¡VALOR!;SI;21-031-HPER;25-May;VILLAS OQUENDO;AVM;502;25/05/2021;26/05/2021;118-2021-10-205295-01-8-00;Verde;30/05/2021;30/05/2021;29/05/2021;;;;AVM;4/06/2021;001-0104011;AGERSA;4/06/2021;NA;PLANTA CHAO;17/06/2021;18/06/2021;24;;;28/03/2022;2021-1;;-;;Cargada en CP - DOCUMENTACIÓN CARGADA. FALTA PROFORMA SLI [21-222-HPER // BMOU5182234]
2021-2022;LIQUIDADA;21-032-HPER;4700001918;OMAR;CODIAGRO;AGQ;FITOKONTROL;-;362;14,000;LITROS;EUR;30,271.59;0;CIF;SEA;FCL/FCL;VALENCIA;CALLAO;1;20ST;14;30/04/2021;NA;NOATUM;HAPAG LLOYD;;HAMU-1095495;NA;6/05/2021;11/05/2021;18/05/2021;18/05/2021;20;HLCUBC1210406102;CALLAO EXPRESS 1219S;11/06/2021;11/06/2021;11/06/2021;23;NO;NA;NA;IMUPESA;AVM;531;3/06/2021;9/06/2021;118-2021-10-225631-01-3-00;Verde;12/06/2021;12/06/2021;11/06/2021;NA;NA;;AVM;17/06/2021;;AGERSA;17/06/2021;17/06/2021;ARMONIA;24/06/2021;25/06/2021;25;;;28/03/2022;2021-1;;-;;Cargada en CP - DOCUMENTACIÓN CARGADA. FALTA PROFORMA SLI [21-222-HPER // CBHU9081480]
2021-2022;LIQUIDADA;21-032-HPER;4700001918;OMAR;CODIAGRO;AGQ;FITOKONTROL;-;362;14,000;LITROS;EUR;30,271.59;0;CIF;SEA;FCL/FCL;VALENCIA;CALLAO;1;20ST;14;30/04/2021;NA;NOATUM;HAPAG LLOYD;;CAIU-3096055;NA;6/05/2021;11/05/2021;18/05/2021;18/05/2021;20;HLCUBC1210406102;CALLAO EXPRESS 1219S;11/06/2021;11/06/2021;11/06/2021;23;NO;NA;NA;IMUPESA;AVM;531;3/06/2021;9/06/2021;118-2021-10-225631-01-3-00;Verde;12/06/2021;12/06/2021;11/06/2021;NA;NA;;AVM;17/06/2021;;AGERSA;17/06/2021;17/06/2021;ARMONIA;17/06/2021;18/06/2021;24;;;28/03/2022;2021-1;;-;;Cargada en CP - DOCUMENTACIÓN CARGADA. FALTA PROFORMA SLI [21-221-HPER // MSMU5629820]
2021-2022;LIQUIDADA;21-032-HPER;4700001918;OMAR;CODIAGRO;AGQ;FITOKONTROL;-;362;14,000;LITROS;EUR;30,271.59;0;CIF;SEA;FCL/FCL;VALENCIA;CALLAO;1;20ST;14;30/04/2021;NA;NOATUM;HAPAG LLOYD;;TCLU-2186211;NA;6/05/2021;11/05/2021;18/05/2021;18/05/2021;20;HLCUBC1210406102;CALLAO EXPRESS 1219S;11/06/2021;11/06/2021;11/06/2021;23;NO;NA;NA;IMUPESA;;;;9/06/2021;118-2021-10-225631-01-3-00;Verde;12/06/2021;12/06/2021;11/06/2021;;;;;17/06/2021;;;NA;;FUNDO ARMONIA;;1/01/1900;52;;;28/03/2022;2021-1;;-;;Cargada en CP - DOCUMENTACIÓN CARGADA. FALTA PROFORMA SLI [21-221-HPER // FBLU0092191]
2021-2022;LIQUIDADA;21-033-HPER;4700001920;OMAR;PROMISOL ;AGQ;PROMI CALFOR;-;21231;24,000;KGS;EUR;87,840.00;90;FOB;SEA;FCL/FCL;BARCELONA;CALLAO;1;20ST;20;19/04/2021;29/03/2021;CH ROBINSON;MSC;;GLDU3507026;NA;4/05/2021;8/05/2021;11/05/2021;13/05/2021;19;BCNME2100672;MSC BIANCA NX120A;12/06/2021;19/06/2021;19/06/2021;24;SI;21-033-HPER;21/05/2021;IMUPESA;;;;;118-21-10-236266  ;;20/06/2021;21/06/2021;22/06/2021;;;;;;;;NA;;FUNDO ARMONIA;;1/01/1900;52;;;28/03/2022;2021-1;;-;;Cargada en CP - DOCUMENTACIÓN CARGADA. FALTA PROFORMA SLI [21-220-HPER // CAAU5001729]
2021-2022;LIQUIDADA;21-033-HPER;4700001920;OMAR;PROMISOL ;AGQ;MUCIGEL;-;21231;18,000;LITROS;EUR;161,100.00;90;FOB;SEA;FCL/FCL;BARCELONA;CALLAO;1;20ST;18;19/04/2021;29/03/2021;CH ROBINSON;MSC;;CXDU2091192;NA;4/05/2021;8/05/2021;11/05/2021;13/05/2021;19;BCNME2100672;MSC BIANCA NX120A;12/06/2021;19/06/2021;19/06/2021;24;SI;21-033-HPER;21/05/2021;IMUPESA;;;;;118-21-10-236266  ;;20/06/2021;21/06/2021;22/06/2021;;;;;;;;NA;;FUNDO ARMONIA;;1/01/1900;52;;;28/03/2022;2021-1;;-;;Cargada en CP - DOCUMENTACIÓN CARGADA. FALTA PROFORMA SLI [21-220-HPER // MSDU8202970]
2021-2022;LIQUIDADA;21-033-HPER;4700001920;OMAR;PROMISOL ;AGQ;PROMI CALFOR;-;21231;24,000;KGS;EUR;87,840.00;90;FOB;SEA;FCL/FCL;BARCELONA;CALLAO;1;20ST;20;19/04/2021;29/03/2021;CH ROBINSON;MSC;;MEDU6775111;NA;4/05/2021;8/05/2021;11/05/2021;13/05/2021;19;BCNME2100672;MSC BIANCA NX120A;12/06/2021;19/06/2021;19/06/2021;24;SI;21-033-HPER;21/05/2021;IMUPESA;;;;;118-21-10-236266  ;;20/06/2021;21/06/2021;22/06/2021;;;;;;;;NA;;FUNDO ARMONIA;;1/01/1900;52;;;28/03/2022;2021-1;;-;;Cargada en CP - DOCUMENTACIÓN CARGADA. FALTA PROFORMA SLI [21-220-HPER // MSMU8575219]
2021-2022;LIQUIDADA;21-033-HPER;4700001920;OMAR;PROMISOL ;AGQ;PROMI FERTIL MIX;-;21231;20,000;KGS;EUR;98,000.00;90;FOB;SEA;FCL/FCL;BARCELONA;CALLAO;1;40HC;20;19/04/2021;29/03/2021;CH ROBINSON;MSC;;TTNU4272577;NA;4/05/2021;8/05/2021;11/05/2021;13/05/2021;19;BCNME2100672;MSC BIANCA NX120A;12/06/2021;19/06/2021;19/06/2021;24;SI;21-033-HPER;21/05/2021;IMUPESA;;;;;118-21-10-236266  ;;20/06/2021;21/06/2021;22/06/2021;;;;;;;;NA;;FUNDO ARMONIA;;1/01/1900;52;;;28/03/2022;2021-1;;-;;Cargada en CP - DOCUMENTACIÓN CARGADA. FALTA PROFORMA SLI [21-219-HPER // MEDU4972929]
2021-2022;LIQUIDADA;21-034-HPER;PEA2H10101;RENE;COEMBAL CHILE S.A.;MUESTRAS;MUESTRAS;-;NA;1;UN;USD;1.00;0;DAP;AIR;AIR;NETHERLANDS;LIMA;-;-;1;10/05/2021;NA;DHL;DHL;;NA;10/05/2021;11/05/2021;11/05/2021;11/05/2021;11/05/2021;19;9165304923;-;15/05/2021;15/05/2021;14/05/2021;19;NO;-;;DHL;;;;14/05/2021;235-2021-28-00446838-10-6-00;Verde;14/05/2021;15/05/2021;14/05/2021;;;NA;;15/05/2021;;;NA;NA;;;1/01/1900;52;;;28/03/2022;2021-1;;-;; Control 23/12 solo tiene familia de producto y proveedor, OP y OC [21-227-HPER//LIMB21253900]
2021-2022;LIQUIDADA;21-035-HPER;PEA2H10101;RENE;INFIA SRL;MUESTRAS;MUESTRAS;-;NA;1;UN;USD;1.00;0;DAP;AIR;AIR;SANTIAGO;LIMA;-;-;1;;NA;UPS;UPS;;NA;NA;;17/05/2021;17/05/2021;17/05/2021;20;1ZW898160498294907;-;17/05/2021;17/05/2021;17/05/2021;20;NO;;;UPS;;;;;;;;;;;;NA;;;;;NA;NA;;;1/01/1900;52;;;NA;NA;;-;;No cargada por medio de transporte AIRE (28/02) [21-035-HPER]
2021-2022;LIQUIDADA;21-036-HPER;4700001967;OMAR;CODIAGRO;AGQ;FITOKONTROL;-;88;5,000;LITROS;EUR;9,984.00;0;EXW;AIR;AIR;VALENCIA;CALLAO;-;-;5;24/05/2021;18/05/2021;NOATUM;IBERIA;;NA;24/05/2021;26/05/2021;27/05/2021;27/05/2021;27/05/2021;21;495385;IB - 6659;30/05/2021;30/05/2021;30/05/2021;21;SI;21-036-HPER;24/05/2021;SAASA;AVM;505;26/05/2021; 27/05/2021;235-2021-10-080443-01-0-00;Verde;30/05/2021;30/05/2021;30/05/2021;NA;NA;NA;AVM;1/06/2021;;AGERSA;NA;NA;FUNDO ARMONIA;9/06/2021;10/06/2021;23;;;28/03/2022;2021-1;;-;;Cargada en CP - DOCUMENTACIÓN CARGADA. FALTA PROFORMA SLI [21-150-HPER // 4700002165 // INKU6539590]
2021-2022;LIQUIDADA;21-037-HPER;PEA23Z9901 ;RENE;HORTIFRUT MEXICO SA DE CV;MAQUINARIAS;LINEA DE EMPAQUE;-;3;1;UN;USD;209,550.00;60;CIF;SEA;FCL/FCL;MANZANILLO;CALLAO;1;40HC;5;18/05/2021;NA;DIRECTO;ONE;;TCLU7866280;NA;-;26/05/2021;26/05/2021;26/05/2021;21;ONEYMEXB14115800B;COYHAIQUE 2118E;3/06/2021;2/06/2021;03/06/202;#¡VALOR!;NO;NA;NA;DPW;LIP;8272;;;118-2021-30-000087;Rojo;4/06/2021;2/07/2021; 09/07/2021  ;;;;;;;;NA;;PACKING SALAVERRY;;1/01/1900;52;;;28/03/2022;2021-1;;-;;Cargada en CP - Falta cargar documentación (23/12) [21-149-HPER // 4700002204 // SMLU7977132]
2021-2022;LIQUIDADA;21-037-HPER;PEA23Z9901 ;RENE;HORTIFRUT MEXICO SA DE CV;MAQUINARIAS;LINEA DE EMPAQUE;-;3;1;UN;USD;209,550.00;60;CIF;SEA;FCL/FCL;MANZANILLO;CALLAO;1;40HC;6;18/05/2021;NA;DIRECTO;ONE;;NYKU4992937;NA;-;26/05/2021;26/05/2021;26/05/2021;21;ONEYMEXB14115800B;COYHAIQUE 2118E;3/06/2021;2/06/2021;03/06/202;#¡VALOR!;NO;NA;NA;DPW;LIP;8272;;;118-2021-30-000087;Rojo;4/06/2021;2/07/2021; 09/07/2021  ;;;;;;;;NA;;PACKING SALAVERRY;;1/01/1900;52;;;28/03/2022;2021-1;;-;;Cargada en CP - Falta cargar documentación (23/12) [21-149-HPER // 4700002204 // SMLU7977132]
2021-2022;LIQUIDADA;21-038-HPER;4700001980;OMAR;HORTIFRUT CHILE SA;PLANTAS;ROCIO;-;11585;325;UN;USD;3.25;90;CPT;AIR;AIR;SANTIAGO;LIMA;-;-;0;23/07/2021;NA;DIRECTO;KOREAN AIR;;NA;NA;28/05/2021;30/05/2021;30/05/2021;30/05/2021;21;180-48256305;KE0274;30/05/2021;30/05/2021;30/05/2021;21;SI;60033942;31/05/2021;SAASA;;;;;;;30/05/2021;30/05/2021;;;;NA;;3/06/2021;;RVC;NA;NA;VIVERO ILUSION;3/06/2021;4/06/2021;22;;;28/03/2022;2021-1;;-;;Cargada en CP - DOCUMENTACIÓN CARGADA. FALTA PROFORMA SLI [21-150-HPER // 4700002165 // MSCU7184971]
2021-2022;LIQUIDADA;21-038-HPER;4700001980;OMAR;HORTIFRUT CHILE SA;PLANTAS;KESTREL;-;11585;4,000;UN;USD;40.00;90;CPT;AIR;AIR;SANTIAGO;LIMA;-;-;0;23/07/2021;NA;DIRECTO;KOREAN AIR;;NA;NA;28/05/2021;30/05/2021;30/05/2021;30/05/2021;21;180-48256305;KE0274;30/05/2021;30/05/2021;30/05/2021;21;SI;60033942;31/05/2021;SAASA;;;;;;;30/05/2021;30/05/2021;;;;NA;;3/06/2021;;RVC;NA;NA;VIVERO ILUSION;3/06/2021;4/06/2021;22;;;28/03/2022;2021-1;;-;;Cargada en CP - DOCUMENTACIÓN CARGADA. FALTA PROFORMA SLI [21-150-HPER // 4700002165 // TGHU6599085]
2021-2022;LIQUIDADA;21-038-HPER;4700001979;OMAR;HORTIFRUT CHILE SA;PLANTAS;ROCIO;-;11586;3,000;UN;USD;8,700.99;90;CPT;AIR;AIR;SANTIAGO;LIMA;-;-;0;23/07/2021;NA;DIRECTO;KOREAN AIR;;NA;NA;28/05/2021;30/05/2021;30/05/2021;30/05/2021;21;180-48256305;KE0274;30/05/2021;30/05/2021;30/05/2021;21;SI;60033942;31/05/2021;SAASA;;;;;;;30/05/2021;30/05/2021;31/05/2021;NA;NA;NA;;3/06/2021;;RVC;NA;NA;VIVERO ILUSION;3/06/2021;4/06/2021;22;;;28/03/2022;2021-1;;-;;Cargada en CP - Falta cargar documentación (23/12) [21-149-HPER // 4700002201 // SMLU7977132]
2021-2022;LIQUIDADA;21-038-HPER;4700001979;OMAR;HORTIFRUT CHILE SA;PLANTAS;ROCIO;-;11586;86,000;UN;USD;190,948.47;90;CPT;AIR;AIR;SANTIAGO;LIMA;-;-;4;23/07/2021;NA;DIRECTO;KOREAN AIR;;NA;NA;28/05/2021;30/05/2021;30/05/2021;30/05/2021;21;180-48256305;KE0274;30/05/2021;30/05/2021;30/05/2021;21;SI;60033942;31/05/2021;SAASA;;;;;;;30/05/2021;30/05/2021;31/05/2021;NA;NA;NA;;3/06/2021;;RVC;NA;NA;VIVERO ILUSION;3/06/2021;4/06/2021;22;;;28/03/2022;2021-1;;-;;Cargada en CP - Falta cargar documentación (23/12) [21-149-HPER // 4700002203 // SMLU7977132]
2021-2022;LIQUIDADA;21-039-HPER;4700002096;RENE;CARTA GRAFICA S.L. - QUALIBIO;MUESTRAS;MUESTRAS;-;A-0347;1;UN;USD;1.00;0;DAP;AIR;AIR;MADRID;LIMA;-;-;1;19/05/2021;NA;UPS;UPS;;-;NA;-;29/05/2021;29/05/2021;29/05/2021;21;729-66853662;-;3/06/2021;1/06/2021;1/06/2021;22;NO;NA;NA;TALMA;AVM;521;31/05/2021;6/06/2021;235-2021-10-083437-01-1-00;Verde;1/06/2021;1/06/2021;2/06/2021;NA;NA;NA;AVM;4/06/2021;;AGERSA;NA;NA;PACKING SALAVERRY;9/06/2021;10/06/2021;23;;;28/03/2022;2021-1;;-;;Cargada en CP - DOCUMENTACIÓN CARGADA. FALTA PROFORMA SLI [21-222-HPER // CSNU8003182]
2021-2022;LIQUIDADA;21-040-HPER;4700001945;GERMAN;UNITEC CHILE S.P.A.;SPAREPARTS;SOPORTE DE RODAMIENTO;-;43;283;UN;EUR;5,467.64;0;EXW;AIR;AIR;CHILE;CALLAO;-;-;1;25/05/2021;31/05/2021;AIRSEALOG;KOREAN AIR;;NA;3/06/2021;3/06/2021;6/06/2021;6/06/2021;6/06/2021;22;180-48255701;KE274;6/06/2021;6/06/2021;6/06/2021;22;SI;21-040-HPER;4-Jun;SHOHIN;AVM;530;4/06/2021;4/06/2021; 235-2021-10-085365-01-8-00;Rojo;6/06/2021;6/06/2021;11/06/2021;NA;NA;NA;AVM;15/06/2021;;AGERSA;15/06/2021;NA;PACKING SALAVERRY;17/06/2021;18/06/2021;24;0044-001979;014-1594;28/03/2022;2021-1;;-;;Instrucciones enviadas a origen para coordinación del despacho
2021-2022;LIQUIDADA;21-040-HPER;4700001960;GERMAN;UNITEC CHILE S.P.A.;SPAREPARTS;PC, WORKSTATION, HP 24 - 1 HD;-;42;2;UN;EUR;12,150.00;0;EXW;AIR;AIR;CHILE;CALLAO;-;-;1;25/05/2021;31/05/2021;AIRSEALOG;KOREAN AIR;;NA;3/06/2021;3/06/2021;6/06/2021;6/06/2021;6/06/2021;22;180-48255701;KE274;6/06/2021;6/06/2021;6/06/2021;22;SI;21-040-HPER;4-Jun;SHOHIN;AVM;530;4/06/2021;4/06/2021; 235-2021-10-085365-01-8-00;Rojo;6/06/2021;6/06/2021;11/06/2021;NA;NA;NA;AVM;15/06/2021;;AGERSA;15/06/2021;NA;PACKING SALAVERRY;17/06/2021;18/06/2021;24;0044-001979;014-1594;28/03/2022;2021-1;;-;;Instrucciones enviadas a origen para coordinación del despacho
2021-2022;LIQUIDADA;21-041-HPER;4700001934;RENE;JCK;E & E;PUNNET PET 18OZ 7X7 CESTA;-;514;674,928;UN;USD;70,867.44;90;EXW;SEA;FCL/FCL;SAN ANTONIO;CALLAO;1;40HC;654;30/04/2021;29/04/2021;JAS ;SEALAND;;MSKU 077066-6;3/06/2021;4/06/2021;12/06/2021;7/06/2021;7/06/2021;23;SCL104757452;CITY OF ALEXANDRIA 121W ;18/06/2021;11/06/2021;6/11/2021;44;SI;21-041-HPER;10/06/2021;DPW;AVM;549;;10/06/2021;118-2021-10-228199-01-5-01;Verde;6/12/2021;13/06/2021;11/06/2021;NA;NA;;;22/06/2021;;;NA;;PACKING SALAVERRY;;1/01/1900;52;;;28/03/2022;2021-1;;-;;Numeración pendiente 
2021-2022;LIQUIDADA;21-041-HPER;4700001937;RENE;JCK;E & E;PUNNET CESTA PET UK 150g -JCK;-;514;840,780;UN;USD;25,643.79;90;EXW;SEA;FCL/FCL;SAN ANTONIO;CALLAO;1;40HC;692;3/05/2021;29/04/2021;JAS ;SEALAND;;MRKU 645804-1;3/06/2021;4/06/2021;12/06/2021;7/06/2021;7/06/2021;23;SCL104757452;CITY OF ALEXANDRIA 121W ;18/06/2021;11/06/2021;6/11/2021;44;SI;21-041-HPER;10/06/2021;IMUPESA;;;;10/06/2021;118-2021-10-228199-01-5-01;Verde;6/12/2021;13/06/2021;11/06/2021;;;;;22/06/2021;;;NA;;;;1/01/1900;52;;;28/03/2022;2021-1;;-;;
2021-2022;LIQUIDADA;21-041-HPER;4700001937;RENE;JCK;E & E;PUNNET CESTA PET UK 150g -JCK;-;514;840,780;UN;USD;25,643.79;90;EXW;SEA;FCL/FCL;SAN ANTONIO;CALLAO;1;40HC;692;3/05/2021;29/04/2021;JAS ;SEALAND;;UETU 592003-0;3/06/2021;4/06/2021;12/06/2021;7/06/2021;7/06/2021;23;SCL104757452;CITY OF ALEXANDRIA 121W ;18/06/2021;11/06/2021;6/11/2021;44;SI;21-041-HPER;10/06/2021;IMUPESA;AVM;;;10/06/2021;118-2021-10-228199-01-5-01;Verde;6/12/2021;13/06/2021;11/06/2021;NA;NA;;AVM;22/06/2021;;AGERSA;NA;;PACKING CHAO;22/06/2021;23/06/2021;25;;;28/03/2022;2021-1;;-;;Recojo programado
2021-2022;LIQUIDADA;21-041-HPER;4700001933;RENE;JCK;E & E;PUNNET PET 11OZ 5X7;-;514;486,000;UN;USD;36,450.00;90;EXW;SEA;FCL/FCL;SAN ANTONIO;CALLAO;1;40HC;675;26/04/2021;29/04/2021;JAS ;SEALAND;;TGHU 648754-7;3/06/2021;4/06/2021;12/06/2021;7/06/2021;7/06/2021;23;SCL104757452;CITY OF ALEXANDRIA 121W ;18/06/2021;11/06/2021;6/11/2021;44;SI;21-041-HPER;10/06/2021;IMUPESA;;;;10/06/2021;118-2021-10-228199-01-5-01;Verde;6/12/2021;13/06/2021;11/06/2021;NA;NA;;;22/06/2021;;;NA;;;;1/01/1900;52;;;28/03/2022;2021-1;;-;;Mercadería en proceso de fabricación
2021-2022;LIQUIDADA;21-041-HPER;4700001933;RENE;JCK;E & E;PUNNET PET 11OZ 5X7;-;514;486,000;UN;USD;36,450.00;90;EXW;SEA;FCL/FCL;SAN ANTONIO;CALLAO;1;40HC;675;26/04/2021;29/04/2021;JAS ;SEALAND;;MRKU 534750-5;3/06/2021;4/06/2021;12/06/2021;7/06/2021;7/06/2021;23;SCL104757452;CITY OF ALEXANDRIA 121W ;18/06/2021;11/06/2021;6/11/2021;44;SI;21-041-HPER;10/06/2021;IMUPESA;;;;10/06/2021;118-2021-10-228199-01-5-01;Verde;6/12/2021;13/06/2021;11/06/2021;NA;NA;;;22/06/2021;;;NA;;;;1/01/1900;52;;;28/03/2022;2021-1;;-;;Mercadería en proceso de fabricación
2021-2022;LIQUIDADA;21-041-HPER;4700001934;RENE;JCK;E & E;PUNNET PET 18OZ 7X7 CESTA;-;514;674,928;UN;USD;70,867.44;90;EXW;SEA;FCL/FCL;SAN ANTONIO;CALLAO;1;40HC;654;30/04/2021;29/04/2021;JAS ;SEALAND;;MRKU 612853-8;3/06/2021;4/06/2021;12/06/2021;7/06/2021;7/06/2021;23;SCL104757452;CITY OF ALEXANDRIA 121W ;18/06/2021;11/06/2021;6/11/2021;44;SI;21-041-HPER;10/06/2021;IMUPESA;AVM;582;21/06/2021;10/06/2021;118-2021-10-228199-01-5-01;Verde;6/12/2021;13/06/2021;11/06/2021;NA;NA;;AGERSA;22/06/2021;014-2713;AGERSA;NA;26/06/2021;PACKING SALAVERRY;24/06/2021;25/06/2021;25;029-2461;;28/03/2022;2021-1;;-;;Cargada en CP - DOCUMENTACIÓN CARGADA. FALTA PROFORMA SLI [21-150-HPER // 4700002165 // TGHU6599085]
2021-2022;LIQUIDADA;21-042-HTAL;PEA23Z9901 ;RENE;HORTIFRUT MEXICO SA DE CV;MAQUINARIAS;LINEA DE EMPAQUE;-;2;1;UN;USD;136,260.00;60;CIF;SEA;FCL/FCL;MANZANILLO;CALLAO;1;40HC;5;18/05/2021;NA;DIRECTO;ONE;;KKFU7806819;NA;-;26/05/2021;26/05/2021;26/05/2021;21;ONEYMEXB14115800A;COYHAIQUE 2118E;3/06/2021;2/06/2021;03/06/2021 ;#¡VALOR!;NO;NA;NA;DPW;LIP;8257;;;118-21-30-000088-01-0-00;Rojo;4/06/2021;2/07/2021;9/07/2021;;;;;;;;NA;;PACKING SALAVERRY;;1/01/1900;52;;;28/03/2022;2021-1;;-;;
2021-2022;LIQUIDADA;21-042-HTAL;PEA23Z9901 ;RENE;HORTIFRUT MEXICO SA DE CV;MAQUINARIAS;LINEA DE EMPAQUE;-;2;1;UN;USD;136,260.00;60;CIF;SEA;FCL/FCL;MANZANILLO;CALLAO;1;40HC;6;18/05/2021;NA;DIRECTO;ONE;;TGCU0206881;NA;-;26/05/2021;26/05/2021;26/05/2021;21;ONEYMEXB14115800A;COYHAIQUE 2118E;3/06/2021;2/06/2021;03/06/2021 ;#¡VALOR!;NO;NA;NA;DPW;LIP;8257;;;118-21-30-000088-01-0-00;Rojo;4/06/2021;2/07/2021;9/07/2021;;;;;;;;NA;;PACKING SALAVERRY;;1/01/1900;52;;;28/03/2022;2021-1;;-;;
2021-2022;LIQUIDADA;21-043-HPER;4700001965;OMAR;PROINECO ;AGQ;PROIN ORGANIC;-;1 000029;18,000;LITROS;EUR;14,400.00;60;EXW;SEA;FCL/FCL;SINES;CALLAO;1;20ST;18;17/05/2021;13/05/2021;CH ROBINSON;MSC;;MEDU6611817;21/05/2021;21/05/2021;31/05/2021;31/05/2021;31/05/2021;22;MADME2100729;MSC BIANCA NX120A;29/06/2021;21/06/2021;19/06/2021;24;SI;21-043-HPER;18/06/2021;IMUPESA;AVM;577;18/06/2021;18/06/2021; 118-2021-10-236474-01-1-00;Verde;20/06/2021;21/06/2021;19/06/2021;NA;NA;;AVM;25/06/2021;;AGERSA;25/06/2021;25/06/2021;ARMONIA;28/06/2021;29/06/2021;26;;;28/03/2022;2021-1;;-;;Cargada en CP - DOCUMENTACIÓN CARGADA. FALTA PROFORMA SLI [21-219-HPER // MSMU7478657]
2021-2022;LIQUIDADA;21-044-HPER;4700001946;GERMAN;UNITEC CHILE S.P.A.;SPAREPARTS;"SET CADENAS A RODILLOS CON 8 ANILLOS, PAS 1""3/4";-;47;1;UN;EUR;7,966.35;0;EXW;AIR;AIR;CHILE;CALLAO;-;-;1;9/06/2021;9/06/2021;AIR SEA LOG;KOREAN AIR;;-;16/06/2021;16/06/2021;18/06/2021;18/06/2021;18/06/2021;24;PELIM21042D;-;18/06/2021;18/06/2021;18/06/2021;24;SI;21-044-HPER;19/06/2021;SHOHIN;AVM;577;18/06/2021;22/06/2021;235-2021-10-094209-01-5-00;Rojo;18/06/2021;18/06/2021;24/06/2021;NA;NA;;AVM;25/06/2021;;AGERSA;25/06/2021;25/06/2021;FUNDO ARMONIA;26/06/2021;27/06/2021;25;;;28/03/2022;2021-1;;-;;Cargada en CP - DOCUMENTACIÓN CARGADA. FALTA PROFORMA SLI [21-219-HPER // MSMU8323393]
2021-2022;LIQUIDADA;21-045-HPER;4700002009;RENE;HORTIFRUT IMPORTS INC;MAQUINARIAS;HEAT SEALER;-;20210616-2;1;UN;USD;350,000.00;60;CIF;SEA;FCL/FCL;MANZANILLO;CALLAO;1;40HC;4;18/05/2021;NA;EMO LOGISTICS;ONE;;KKFU7739639;NA;-;8/06/2021;8/06/2021;8/06/2021;23;S00032236;VALIANT 2119E;17/06/2021;17/06/2021;17/06/2021;24;NO;21-045-HPER;19/06/2021;DPW;AVM;582;;22/06/2021; 118-2021-10-240160-01-8-00;Verde;18/06/2021;18/06/2021; 22/06/2021;NA;NA;;; 24/06/2021;;;#¡VALOR!;;SALAVERRY;#¡VALOR!;15/06/2021;24;;;28/03/2022;2021-1;;-;;Numeración pendiente 
2021-2022;LIQUIDADA;21-046-HPER;4700001917;OMAR;NGC AGROSCIENCE INT'L CO., LIMITED;AGQ;ACETAMIPRID 70% WG IN;-;GHYA210262-S ;2,275;KGS;USD;49,822.50;CC;CIF;SEA;FCL/LCL;NINGBO;CALLAO;0.33;20ST;;30/05/2021;NA;DIRECTO;CMA CGM;;CMAU0587401;NA;-;29/05/2021;29/05/2021;31/05/2021;22;CNCP996119;CMA CGM NIAGARA;27/06/2021;27/06/2021;27/06/2021;25;NO;NA;NA;IMUPESA;AVM;549;10/06/2021;5/07/2021;118-2021-10-260383-01-2-00;Verde;28/06/2021;2/07/2021;5/07/2021;NA;NA;;AVM;15/07/2021;;AGERSA;14/07/2021;22/06/2021;PLANTA SALAVERRY;22/06/2021;23/06/2021;25;;;28/03/2022;2021-1;;-;;No cargada por medio de transporte Tierra (control 23/12) [21-217-HPER // 4700002209]
2021-2022;LIQUIDADA;21-046-HPER;4700001917;OMAR;NGC AGROSCIENCE INT'L CO., LIMITED;AGQ;FLUDIOXONIL 230G/L SC;-;GHYA210262-S ;1,600;KGS;USD;62,800.00;CC;CIF;SEA;FCL/LCL;NINGBO;CALLAO;0.33;20ST;;30/05/2021;NA;DIRECTO;CMA CGM;;CMAU0587401;NA;-;29/05/2021;29/05/2021;31/05/2021;22;CNCP996119;CMA CGM NIAGARA;27/06/2021;27/06/2021;27/06/2021;25;NO;NA;NA;IMUPESA;AVM;549;10/06/2021;5/07/2021;118-2021-10-260383-01-2-00;Verde;28/06/2021;2/07/2021;5/07/2021;NA;NA;;AVM;15/07/2021;;AGERSA;14/07/2021;22/06/2021;PLANTA CHAO;22/06/2021;23/06/2021;25;;;28/03/2022;2021-1;;-;;Cargada en CP - DOCUMENTACIÓN CARGADA. FALTA BL, CERT. ORIGEN, SEGURO Y PROFORMA SLI [21-216-HPER // 4700002223 // HLBU2912408]
2021-2022;LIQUIDADA;21-046-HPER;4700001917;OMAR;NGC AGROSCIENCE INT'L CO., LIMITED;AGQ;BOSCALID 50% WG;-;GHYA210262-S ;2,100;KGS;USD;82,320.00;CC;CIF;SEA;FCL/LCL;NINGBO;CALLAO;0.33;20ST;;30/05/2021;NA;DIRECTO;CMA CGM;;CMAU0587401;NA;-;29/05/2021;29/05/2021;31/05/2021;22;CNCP996119;CMA CGM NIAGARA;27/06/2021;27/06/2021;27/06/2021;25;NO;NA;NA;IMUPESA;AVM;549;10/06/2021;5/07/2021;118-2021-10-260383-01-2-00;Verde;28/06/2021;2/07/2021;5/07/2021;NA;NA;;AVM;15/07/2021;;AGERSA;14/07/2021;21/06/2021;PLANTA SALAVERRY;21/06/2021;22/06/2021;25;;;28/03/2022;2021-1;;-;;Cargada en CP - DOCUMENTACIÓN CARGADA. FALTA BL, CERT. ORIGEN, SEGURO Y PROFORMA SLI [21-216-HPER // 4700002223 // UASU1035839]
2021-2022;LIQUIDADA;21-047-HPER;4700002043;RENE;HORTIFRUT IMPORTS INC;MAQUINARIAS;HEAT SEALER;-;20210616-1;1;UN;USD;350,000.00;60;CFR;SEA;FCL/FCL;LOS ANGELES;CALLAO;1;40HC;-;-;NA;DIRECTO;ONE;;GCXU5196711;NA;14/06/2021;17/06/2021;17/06/2021;18/06/2021;24;ONEYRICBCU556800;SEASPAN BRIGHTNESS 2123E;30/06/2021;15/07/2021;15/07/2021;28;SI;21-047-HPER;21/07/2021;IMUPESA;AVM;626;22/07/2021;23/07/2021;118-2021-10-287965-01-2-00;Verde;15/07/2021;17/07/2021;23/07/2021;NA;NA;;AGERSA;27/07/2021;-;AGERSA;27/07/2021;30/07/2021;PLANTA SALAVERRY;27/07/2021;28/07/2021;30;-;-;28/03/2022;2021-1;;-;;Cargada en CP - DOCUMENTACIÓN CARGADA. FALTA CERT. ORIGEN, CERT. FITOSANITARIO EXPORTACIÓN Y PROFORMA SLI [21-212-HPER // TRLU7352171]
2021-2022;LIQUIDADA;21-048-HPER;PEA2460301;JOSE;HORTIFRUT MEXICO SA DE CV;SPAREPARTS;REPUESTOS PARA HEAT SEALER;-;FF0000024230;1;UN;USD;23,595.67;60;CPT;AIR;AIR;MEXICO;LIMA;-;-;1;-;NA;HELLAMN;LATAM;;-;NA;-;23/06/2021;27/06/2021;23/06/2021;25;MEX-0016 4360;-;23/06/2021;27/06/2021;25/06/2021;25;SI;;;TALMA;AVM;588;23/06/2021;24/06/2021;235-2021-10-095501-01-1-00;Verde;26/06/2021;26/06/2021;28/06/2021;NA;NA;NA;AVM;1/07/2021;001-0105357;AGERSA;1/07/2021;NA;PACKING SALAVERRY;7/07/2021;8/07/2021;27;;;28/03/2022;2021-1;;-;;No cargada por medio de transporte AIRE (23/12) [21-218-HPER // 4700002174]
2021-2022;LIQUIDADA;21-049-HPER;4700001970;OMAR;PROINECO ;AGQ;PROIN ORGANIC;-;1 000028;5,000;LITROS;EUR;4,000.00;60;EXW;SEA;LCL/LCL;ALGECIRAS;CALLAO;-;-;5;17/05/2021;19/05/2021;INCA LINES;CMA CGM;;TCNU7764080;21/05/2021;25/05/2021;29/05/2021;5/06/2021;12/06/2021;23;802021050382;CMA CGM ARKANSAS V.0WC9DS1MA ;25/06/2021;9/07/2021;9/07/2021;27;SI;21-049-HPER;25/06/2021;VILLAS OQUENDO;AVM;549;25/06/2021;6/07/2021;118-2021-10-261744-01-9-00;Verde;10/07/2021;11/07/2021;9/07/2021;NA;NA;NA;AVM;14/07/2021;PENDIENTE;AGERSA;14/07/2021;NA;FUNDO ARMONIA;18/07/2021;19/07/2021;29;;;28/03/2022;2021-1;;-;;Cargada en CP - DOC CARGADA. FALTA BL, CERT. ORIGEN, CERT. FITOSANITARIO EXP, FACTURA, SEGURO Y PROFORMA SLI [21-215-HPER // 4700002222 // UACU5505646]
2021-2022;LIQUIDADA;21-050-HPER;4700001949;RENE;JCK;E & E;PUNNET CESTA PET UK 150g -JCK;-;525;252,720;UN;USD;7,707.96;90;EXW;SEA;LCL/LCL;SAN ANTONIO;CALLAO;-;-;208;3/05/2021;11/05/2021;INCA LINES;HAMBURG SUD;;CAAU2008756;1/07/2021;29/06/2021;3/07/2021;27/07/2021;26/07/2021;30;SAI/CLL-S00000086;ANTOFAGASTA EXPRESS 127W;9/07/2021;31/07/2021;31/07/2021;30;SI;21-050-HPER;23/07/2021;VILLAS OQUENDO;AVM;;26/07/2021;26/07/2021;118-2021-10-291331-01-4-00;VERDE;1/08/2021;2/08/2021;31/07/2021;NA;NA;NA;;4/08/2021;;;;NA;;;1/01/1900;52;;;28/03/2022;2021-1;;-;ACTUALIZACION DE OC: CANTIDADES;Cargada en CP - DOCUMENTACIÓN CARGADA. FALTA PROFORMA SLI [21-205-HPER // OOLU9688566]
2021-2022;LIQUIDADA;21-051-HPER;PEA23Z99E0;I+D;HORTIFRUT CHILE SA;MUESTRAS;MUESTRAS;-;NA;1;UN;USD;1.00;0;CIP;AIR;AIR;LIMA;SANTIAGO;-;-;1;8/04/2021;NA;DHL;DHL;;-;NA;8/04/2021;8/04/2021;8/04/2021;8/04/2021;14;5972883022;-;8/04/2021;8/04/2021;8/04/2021;14;NO;-;-;DHL;;;;;235-2021-10-095501-01-1-00;Verde;;;;;;;;;;;;22/06/2021;;;1/01/1900;52;;;28/03/2022;2021-1;;-;;Cargada en CP – FALTA PROFORMA SLI [21-235-HPER // BMOU4333486]
2021-2022;LIQUIDADA;21-052-HPER ;4700002040;RENE;JCK;E & E;PUNNET PET 11OZ 5X7;-;523;498,240;UN;USD;37,866.24;90;FOB;SEA;FCL/FCL;SAN ANTONIO;CALLAO;1;40HC;692;26/04/2021;24/06/2021;ULOG;HAMBURG SUD;;TRHU408943-8;29/05/2021;29/05/2021;3/07/2021;14/07/2021;18/07/2021;28;ES202106-5386;UTE 125W;9/07/2021;21/07/2021;21/07/2021;29;SI;21-052-HPER;21/07/2021;IMUPESA;AVM;664;21/07/2021;26/07/2021;118-2021-10-290483-01-5-00;Verde;22/07/2021;23/07/2021;26/07/2021;NA;NA;;AVM; 02/08/2021;;;;;PACKING SALAVERRY;;1/01/1900;52;;;28/03/2022;2021-1;;-;ANTES OC 4700001932;Cargada en CP - DOCUMENTACIÓN CARGADA. FALTA CERT. ORIGEN, CERT. FITOSANITARIO EXPORTACIÓN Y PROFORMA SLI [21-211-HPER // TCNU6006130]
2021-2022;LIQUIDADA;21-052-HPER ;4700002040;RENE;JCK;E & E;PUNNET PET 11OZ 5X7;-;523;498,240;UN;USD;37,866.24;90;FOB;SEA;FCL/FCL;SAN ANTONIO;CALLAO;1;40HC;692;26/04/2021;24/06/2021;ULOG;HAMBURG SUD;;MRKU354433-6;29/05/2021;29/05/2021;3/07/2021;14/07/2021;18/07/2021;28;ES202106-5386;UTE 125W;9/07/2021;21/07/2021;21/07/2021;29;SI;21-052-HPER;21/07/2021;IMUPESA;AVM;664;21/07/2021;26/07/2021;118-2021-10-290483-01-5-00;Verde;22/07/2021;23/07/2021;26/07/2021;NA;NA;;AVM; 02/08/2021;;;;;PACKING SALAVERRY;;1/01/1900;52;;;28/03/2022;2021-1;;-;ANTES OC 4700001932;Cargada en CP - DOCUMENTACIÓN CARGADA. FALTA CERT. ORIGEN, CERT. FITOSANITARIO EXPORTACIÓN Y PROFORMA SLI [21-211-HPER // APHU7150734]
2021-2022;LIQUIDADA;21-052-HPER ;4700002040;RENE;JCK;E & E;PUNNET PET 11OZ 5X7;-;523;498,240;UN;USD;37,866.24;90;FOB;SEA;FCL/FCL;SAN ANTONIO;CALLAO;1;40HC;692;26/04/2021;24/06/2021;ULOG;HAMBURG SUD;;MRKSU434761-1;29/05/2021;29/05/2021;3/07/2021;14/07/2021;18/07/2021;28;ES202106-5386;UTE 125W;9/07/2021;21/07/2021;21/07/2021;29;SI;21-052-HPER;21/07/2021;IMUPESA;AVM;664;21/07/2021;26/07/2021;118-2021-10-290483-01-5-00;Verde;22/07/2021;23/07/2021;26/07/2021;NA;NA;;AVM; 02/08/2021;;;;;PACKING SALAVERRY;;1/01/1900;52;;;28/03/2022;2021-1;;-;ANTES OC 4700001932;Cargada en CP - DOCUMENTACIÓN CARGADA. FALTA CERT. ORIGEN, CERT. FITOSANITARIO EXPORTACIÓN Y PROFORMA SLI [21-211-HPER // TCLU8547728]
2021-2022;LIQUIDADA;21-052-HPER ;4700002040;RENE;JCK;E & E;PUNNET PET 11OZ 5X7;-;523;498,240;UN;USD;37,866.24;90;FOB;SEA;FCL/FCL;SAN ANTONIO;CALLAO;1;40HC;692;26/04/2021;24/06/2021;ULOG;HAMBURG SUD;;HASU4275620;29/05/2021;29/05/2021;3/07/2021;14/07/2021;18/07/2021;28;ES202106-5386;UTE 125W;9/07/2021;21/07/2021;21/07/2021;29;SI;21-052-HPER;21/07/2021;IMUPESA;AVM;664;21/07/2021;26/07/2021;118-2021-10-290483-01-5-00;Verde;22/07/2021;23/07/2021;26/07/2021;NA;NA;;AVM; 02/08/2021;;;;;PACKING SALAVERRY;;1/01/1900;52;;;28/03/2022;2021-1;;-;ANTES OC 4700001932;Cargada en CP - DOCUMENTACIÓN CARGADA. FALTA CERT. ORIGEN, CERT. FITOSANITARIO EXPORTACIÓN Y PROFORMA SLI [21-210-HPER // TCKU6338634]
2021-2022;LIQUIDADA;21-052-HPER ;4700002040;RENE;JCK;E & E;PUNNET CESTA PET UK 150g -JCK;-;523;820,125;UN;USD;25,423.88;90;FOB;SEA;FCL/FCL;SAN ANTONIO;CALLAO;1;40HC;675;11/05/2021;24/06/2021;ULOG;HAMBURG SUD;;MRKU353960-1;29/05/2021;29/05/2021;3/07/2021;14/07/2021;18/07/2021;28;ES202106-5386;UTE 125W;9/07/2021;21/07/2021;21/07/2021;29;SI;21-052-HPER;21/07/2021;IMUPESA;AVM;664;21/07/2021;26/07/2021;118-2021-10-290483-01-5-00;Verde;22/07/2021;23/07/2021;26/07/2021;NA;NA;;AVM; 02/08/2021;;;;;PACKING CHAO;;1/01/1900;52;;;28/03/2022;2021-1;;-;ANTES OC 4700001936;Cargada en CP - DOCUMENTACIÓN CARGADA. FALTA CERT. ORIGEN, CERT. FITOSANITARIO EXPORTACIÓN Y PROFORMA SLI [21-210-HPER // TCLU9776879]
2021-2022;LIQUIDADA;21-052-HPER ;4700002040;RENE;JCK;E & E;PUNNET PET 11OZ 5X7;-;523;498,240;UN;USD;37,866.24;90;FOB;SEA;FCL/FCL;SAN ANTONIO;CALLAO;1;40HC;692;21/06/2021;24/06/2021;ULOG;HAMBURG SUD;;MRKU267310-7;29/05/2021;29/05/2021;3/07/2021;14/07/2021;18/07/2021;28;ES202106-5386;UTE 125W;9/07/2021;21/07/2021;21/07/2021;29;SI;21-052-HPER;21/07/2021;IMUPESA;AVM;664;21/07/2021;26/07/2021;118-2021-10-290483-01-5-00;Verde;22/07/2021;23/07/2021;26/07/2021;NA;NA;;AVM; 02/08/2021;;;;;PACKING CHAO;;1/01/1900;52;;;28/03/2022;2021-1;;-;ANTES OC 4700001994;Cargada en CP - DOCUMENTACIÓN CARGADA. FALTA CERT. ORIGEN, CERT. FITOSANITARIO EXPORTACIÓN Y PROFORMA SLI [21-210-HPER // CMAU7180167]
2021-2022;LIQUIDADA;21-053-HPER;4700002020;RENE;FASTIK ;E & E;"FILM PET/NO
PRINT/RESEALABLE/PUNNET 11OZ";-;81351-95902;104,500;UN;USD;6,735.03;30;EXW;AIR;AIR;MIAMI;LIMA;-;-;1;28/06/2021;25/06/2021;FORBIS;LATAM;;-;29/06/2021;6/07/2021;9/07/2021;9/07/2021;9/07/2021;27; FOR70349438;L7-1833;9/07/2021;9/07/2021;9/07/2021;27;SI;21-053-HPER;7/07/2021;TALMA;AVM;625;8/07/2021;;;;9/07/2021;9/07/2021;10/07/2021;NA;NA;NA;AVM;14/07/2021;;AGERSA;14/07/2021;NA;SALAVERRY;;1/01/1900;52;;;28/03/2022;2021-1;;-;-;Cargada en CP - DOCUMENTACIÓN CARGADA. FALTA CERT. ORIGEN, CERT. FITOSANITARIO EXPORTACIÓN Y PROFORMA SLI [21-214-HPER // MSMU7023431]
2021-2022;LIQUIDADA;21-053-HPER;4700002020;RENE;FASTIK ;E & E;FILM PUNNET PET 18OZ 7X7 CESTA;-;80919-95982;352,000;UN;USD;22,232.32;30;EXW;AIR;AIR;MIAMI;LIMA;-;-;2;28/06/2021;25/06/2021;FORBIS;LATAM;;-;29/06/2021;6/07/2021;9/07/2021;9/07/2021;9/07/2021;27; FOR70349438;L7-1833;9/07/2021;9/07/2021;9/07/2021;27;SI;21-053-HPER;7/07/2021;TALMA;AVM;625;8/07/2021;;;;9/07/2021;9/07/2021;10/07/2021;NA;NA;NA;AVM;14/07/2021;;AGERSA;14/07/2021;NA;SALAVERRY;;1/01/1900;52;;;28/03/2022;2021-1;;-;ANTES OC 4700001941  de un total de 2,000,000.;Cargada en CP - DOCUMENTACIÓN CARGADA. FALTA CERT. ORIGEN, CERT. FITOSANITARIO EXPORTACIÓN Y PROFORMA SLI [21-214-HPER // FFAU2938186]
2021-2022;LIQUIDADA;21-054-HPER;4700002050;OMAR;HORTIFRUT CHILE SA;PLANTAS;ROCIO;-;11588;12,800;UN;USD;37,120.00;90;CFR;AIR;AIR;SANTIAGO;LIMA;-;-;1;9/07/2021;NA;DIRECTO;LATAM;;-;NA;9/07/2021;13/07/2021;13/07/2021;13/07/2021;28;045-43467745;9572;13/07/2021;13/07/2021;13/07/2021;28;SI;;;TALMA;AVM;656;19/07/2021;;;Verde;13/07/2021;13/07/2021;;;;NA;;;;;NA;NA;VIVERO ILUSION;;1/01/1900;52;;;28/03/2022;2021-1;;-;;Cargada en CP - DOCUMENTACIÓN CARGADA. FALTA CERT. ORIGEN, CERT. FITOSANITARIO EXPORTACIÓN Y PROFORMA SLI [21-213-HPER // TLLU7703526]
2021-2022;LIQUIDADA;21-055-HPER;4700002050;OMAR;HORTIFRUT CHILE SA;PLANTAS;ROCIO;-;11588;62,400;UN;USD;180,960.00;90;CFR;AIR;AIR;SANTIAGO;LIMA;-;-;2;9/07/2021;NA;DIRECTO;LATAM;;-;NA;9/07/2021;13/07/2021;13/07/2021;13/07/2021;28;045-43467745;9572;13/07/2021;13/07/2021;13/07/2021;28;SI;;;TALMA;AVM;657;19/07/2021;;;;13/07/2021;13/07/2021;;;;NA;;;;;NA;NA;VIVERO ILUSION;;1/01/1900;52;;;28/03/2022;2021-1;;-;;Cargada en CP - DOCUMENTACIÓN CARGADA. FALTA CERT. ORIGEN, CERT. FITOSANITARIO EXPORTACIÓN Y PROFORMA SLI [21-213-HPER // TEMU7864582]
2021-2022;LIQUIDADA;21-056-HPER;4700002050;OMAR;HORTIFRUT CHILE SA;PLANTAS;ROCIO;-;11588;124,800;UN;USD;361,920.00;90;CFR;AIR;AIR;SANTIAGO;LIMA;-;-;5;9/07/2021;NA;DIRECTO;LATAM;;-;NA;9/07/2021;14/07/2021;14/07/2021;14/07/2021;28;045-43467745;9572;14/07/2021;14/07/2021;14/07/2021;28;SI;;;TALMA;AVM;658;19/07/2021;;235-2021-10-109466;Verde;14/07/2021;14/07/2021;;;;NA;;;;;NA;NA;VIVERO ILUSION;;1/01/1900;52;;;28/03/2022;2021-1;;-;;Cargada en CP - DOCUMENTACIÓN CARGADA. FALTA CERT. ORIGEN, CERT. FITOSANITARIO EXPORTACIÓN Y PROFORMA SLI [21-212-HPER // TCKU6308959]
2021-2022;LIQUIDADA;21-057-HPER;4700001950;RENE;JCK;E & E;PUNNET CESTA PET UK 150g -JCK;-;531;91,125;UN;USD;2,779.31;90;EXW;SEA;LCL/LCL;SAN ANTONIO;CALLAO;-;-;3;3/05/2021;11/05/2021;AIRSEALOG;HAMBURG SUD;;-;15/07/2021;15/07/2021;10/07/2021;22/07/2021;22/07/2021;29; S00008728;BOMAR BEIJING 126W;17/07/2021;27/07/2021;25/07/2021;29;SI;21-057-HPER;21/07/2021;VILLAS OQUENDO;AVM;;23/07/2021;30/07/2021; 118-2021-10-297577-01-5-00;VERDE;26/07/2021;26/07/2021;30/07/2021;NA;NA;NA;; 03/08/2021;;;NA;NA;;;1/01/1900;52;;;28/03/2022;2021-1;;-;ACTUALIZACION DE OC: CANTIDADES;Cargada en CP - DOCUMENTACIÓN CARGADA. FALTA PROFORMA SLI [21-207-HPER // CMAU5469422]
2021-2022;LIQUIDADA;21-058-HPER;4700001966;JOSE;RITEC;EQP & INST;Equipo Nutritec;-;21/444;1;UN;USD;1,500.00;0;EXW;SEA;FCL/FCL;VALENCIA;CALLAO;0.5;40HC;0;15/06/2021;15/06/2021;FORBIS;MSC;;MSMU7881699;22/06/2021;22/06/2021;28/06/2021;28/06/2021;28/06/2021;26;ME2107444/1;MSC MELINE;23/07/2021;22/07/2021;21/07/2021;29;SI;21-058-HPER;21/07/2021;IMUPESA;AVM;668;21/07/2021;;;VERDE;22/07/2021;23/07/2021;24/07/2021;NA;NA;;AVM;;;;NA;;;;1/01/1900;52;;;28/03/2022;2021-1;;-;;Cargada en CP - DOCUMENTACIÓN CARGADA. FALTA CERT. ORIGEN, CERT. FITOSANITARIO EXPORTACIÓN Y PROFORMA SLI [21-208-HPER // APHU7126297]
2021-2022;LIQUIDADA;21-058-HPER;4700001969;JOSE;RITEC;EQP & INST;Equipo Nutritec;-;21/444;163;UN;USD;56,940.00;0;EXW;SEA;FCL/FCL;VALENCIA;CALLAO;0.5;40HC;0;15/06/2021;15/06/2021;FORBIS;MSC;;MSMU7881699;22/06/2021;22/06/2021;28/06/2021;28/06/2021;28/06/2021;26;ME2107444/1;MSC MELINE;23/07/2021;22/07/2021;21/07/2021;29;SI;21-058-HPER;21/07/2021;IMUPESA;AVM;668;21/07/2021;;;VERDE;22/07/2021;23/07/2021;24/07/2021;NA;NA;;AVM;;;;NA;;;;1/01/1900;52;;;28/03/2022;2021-1;;-;;Cargada en CP - DOCUMENTACIÓN CARGADA. FALTA CERT. ORIGEN, CERT. FITOSANITARIO EXPORTACIÓN Y PROFORMA SLI [21-208-HPER // INKU6466805]
2021-2022;LIQUIDADA;21-059-HPER;4700001974;OMAR;PROMISOL ;AGQ;PROMI CALFOR;-;21295;14,000;LITROS;EUR;52,220.00;90;CIF;SEA;LCL/LCL;BARCELONA;CALLAO;-;-;12;-;NA;MSL;MSC;;-;NA;;1/07/2021;1/07/2021;1/07/2021;26;210402586/0403;MSC MELINE;24/07/2021;22/07/2021;21/07/2021;29;NO;NA;NA;DPW;AVM;;22/07/2021;30/07/2021;118-2021-10-297352-01-3-00;Verde;22/07/2021;23/07/2021;30/07/2021;NA;NA;NA;;31/07/2021;;;NA;NA;SALAVERRY;#¡VALOR!;#¡VALOR!;#¡VALOR!;;;28/03/2022;2021-1;;-;;Cargada en CP - DOCUMENTACIÓN CARGADA. FALTA PROFORMA SLI [21-150-HPER // 4700002165 // TGHU6599085]
2021-2022;LIQUIDADA;21-060-HPER;4700001977;GERMAN;A&B PACKING EQUIPMENT, INC.;SPAREPARTS;RESPUESTOS PARA MAQUINARIA ;-;91310;424;UN;USD;14,127.47;0;EXW;AIR;AIR;CHICAGO;LIMA;-;-;1;28/07/2021;22-Jul;AIRSEALOG;LATAM;;-;3/08/2021;9/08/2021;11/08/2021;11/08/2021;11/08/2021;32;2EAMIA2631;LA2461;12/08/2021;11/08/2021;13/08/2021;32;SI;21-060-HPER;10/08/2021;SHOHIN;AVM;722;10/08/2021;;235-2021-10-120914-01-5-00;Verde;;;;;;NA;;16/08/2021;;AGERSA;NA;NA;PLANTA SALAVERRY;24/08/2021;25/08/2021;34;;;28/03/2022;2021-1;;-;;Cargada en CP - DOCUMENTACIÓN CARGADA. FALTA CERT. ORIGEN, CERT. FITOSANITARIO EXPORTACIÓN, SEGURO Y PROFORMA SLI [21-198-HPER // 4700002192 // MSDU7642039]
2021-2022;LIQUIDADA;21-061-HPER;4700002046;RENE;FASTIK ;E & E;FILM PUNNET PET 11OZ 5X7;-;82020-86978;35,750;UN;USD;1,705.99;30;EXW;SEA;LCL/LCL;LOS ANGELES;CALLAO;-;-;3;28/06/2021;25/06/2021;FORBIS;ONE;;AKLU6003715;29/06/2021;30/06/2021;7/07/2021;7/07/2021;24/07/2021;29;FBLAXCLL2129007;SEASPAN BEYOND V. 611E;29/07/2021;12/08/2021;13/08/2021;32;SI;21-061-HPER;21/07/2021;VILLAS OQUENDO;AVM;711;5/08/2021;6/08/2021;118-2021-10-309025-01-3-00;Verde;13/08/2021;14/08/2021;13/08/2021;NA;NA;NA;;17/08/2021;;;NA;NA;;;1/01/1900;52;;;28/03/2022;2021-1;;-;ANTES OC 4700001939;Cargada en CP - DOCUMENTACIÓN CARGADA. FALTA CERT. ORIGEN, CERT. FITOSANITARIO EXPORTACIÓN Y PROFORMA SLI [21-200-HPER // 4700002194 // UACU5367948]
2021-2022;LIQUIDADA;21-061-HPER;4700002046;RENE;FASTIK ;E & E;FILM PUNNET PET 11OZ 5X7;-;95981;660,000;UN;USD;31,495.20;30;EXW;SEA;LCL/LCL;LOS ANGELES;CALLAO;-;-;3;28/06/2021;25/06/2021;FORBIS;ONE;;AKLU6003715;29/06/2021;30/06/2021;7/07/2021;7/07/2021;24/07/2021;29;FBLAXCLL2129007;SEASPAN BEYOND V. 611E;29/07/2021;12/08/2021;13/08/2021;32;SI;21-061-HPER;21/07/2021;VILLAS OQUENDO;AVM;711;5/08/2021;6/08/2021;118-2021-10-309025-01-3-00;Verde;13/08/2021;14/08/2021;13/08/2021;NA;NA;NA;;17/08/2021;;;NA;NA;;;1/01/1900;52;;;28/03/2022;2021-1;;-;ANTES OC 4700001939;Cargada en CP - DOCUMENTACIÓN CARGADA. FALTA CERT. ORIGEN, CERT. FITOSANITARIO EXPORTACIÓN, SEGURO Y PROFORMA SLI [21-199-HPER // 4700002193 // FFAU2013231]
2021-2022;LIQUIDADA;21-061-HPER;4700002047;RENE;FASTIK ;E & E;FILM PUNNET PET 18OZ 7X7 CESTA;-;95983;528,000;UN;USD;33,348.48;30;EXW;SEA;LCL/LCL;LOS ANGELES;CALLAO;-;-;4;28/06/2021;25/06/2021;FORBIS;ONE;;AKLU6003715;29/06/2021;30/06/2021;7/07/2021;7/07/2021;24/07/2021;29;FBLAXCLL2129007;SEASPAN BEYOND V. 611E;29/07/2021;12/08/2021;13/08/2021;32;SI;21-061-HPER;21/07/2021;VILLAS OQUENDO;AVM;711;5/08/2021;6/08/2021;118-2021-10-309025-01-3-00;Verde;13/08/2021;14/08/2021;13/08/2021;NA;NA;NA;;17/08/2021;;AGERSA;NA;NA;PLANTA SALAVERRY;18/08/2021;19/08/2021;33;;;28/03/2022;2021-1;;-;ANTES OC 4700001941  de un total de 2,000,000 - OC 2020;Cargada en CP - DOCUMENTACIÓN CARGADA. FALTA CERT. ORIGEN, CERT. FITOSANITARIO EXPORTACIÓN, SEGURO Y PROFORMA SLI [21-199-HPER // 4700002193 // FBLU0103763]
2021-2022;LIQUIDADA;21-061-HPER;4700002047;RENE;FASTIK ;E & E;FILM PUNNET PET 18OZ 7X7 CESTA;-;80919-86975;176,000;UN;USD;11,116.16;30;EXW;SEA;LCL/LCL;LOS ANGELES;CALLAO;-;-;4;28/06/2021;25/06/2021;FORBIS;ONE;;AKLU6003715;29/06/2021;30/06/2021;7/07/2021;7/07/2021;24/07/2021;29;FBLAXCLL2129007;SEASPAN BEYOND V. 611E;29/07/2021;12/08/2021;13/08/2021;32;SI;21-061-HPER;21/07/2021;VILLAS OQUENDO;AVM;711;5/08/2021;6/08/2021;118-2021-10-309025-01-3-00;Verde;13/08/2021;14/08/2021;13/08/2021;NA;NA;NA;;17/08/2021;;AGERSA;NA;NA;PLANTA SALAVERRY;18/08/2021;19/08/2021;33;;;28/03/2022;2021-1;;-;ANTES OC 4700001941  de un total de 2,000,000 - OC 2020;Cargada en CP - DOCUMENTACIÓN CARGADA. FALTA CERT. ORIGEN, CERT. FITOSANITARIO EXPORTACIÓN, SEGURO Y PROFORMA SLI [21-198-HPER // 4700002192 // CAIU4494768]
2021-2022;LIQUIDADA;21-062-HPER;4700002016;RENE;HORTIFRUT CHILE SA;E & E;PUNNET PET 18OZ 7X7 CESTA;-;11589;337,464;UN;USD;38,909.18;90;CFR;SEA;FCL/FCL;SAN VICENTE;CALLAO;1;40HC;;;NA;DIRECTO;HAMBURG SUD;;MSKU8586573;NA;;19/07/2021;26/07/2021;26/07/2021;30;ALTCL12885;MAERSK VIRGINIA 128N;23/07/2021;30/07/2021;31/07/2021;30;SI;21-062-HPER;27/07/2021;IMUPESA;AVM;;27/07/2021;27/07/2021; 118-2021-10-295976-01-1-00;Verde;31/07/2021;01/08/2021;6/08/2021;;;;;7/08/2021;;;NA;;;;1/01/1900;52;;;28/03/2022;2021-1;;-;;Cargada en CP - DOCUMENTACIÓN CARGADA. FALTA PROFORMA SLI [21-206-HPER // TRHU5978888]
2021-2022;LIQUIDADA;21-062-HPER;4700002015;RENE;HORTIFRUT CHILE SA;E & E;PUNNET PET 18OZ 7X7 CESTA;-;11590;337,464;UN;USD;38,909.18;90;CFR;SEA;FCL/FCL;SAN VICENTE;CALLAO;1;40HC;;;NA;DIRECTO;HAMBURG SUD;;MRKU5605019;NA;;19/07/2021;26/07/2021;26/07/2021;30;ALTCL12885;MAERSK VIRGINIA 128N;23/07/2021;30/07/2021;31/07/2021;30;SI;21-062-HPER;27/07/2021;IMUPESA;AVM;;27/07/2021;27/07/2021; 118-2021-10-295976-01-1-00;Verde;31/07/2021;01/08/2021;6/08/2021;;;;;7/08/2021;;;NA;;;;1/01/1900;52;;;28/03/2022;2021-1;;-;;Cargada en CP - DOCUMENTACIÓN CARGADA. FALTA PROFORMA SLI [21-206-HPER // MSDU8005729]
2021-2022;LIQUIDADA;21-063-HPER;4700002001;RENE;JCK;E & E;PUNNET CESTA PET UK 150g -JCK;-;534;820,125;UN;USD;25,423.88;90;FOB;SEA;FCL/FCL;SAN ANTONIO;CALLAO;1;40HC;675;19/07/2021;19/07/2021;ULOG;HAMBURG SUD;;MRSU4597591;NA;24/07/2021;24/07/2021;26/07/2021;11/08/2021;32;ES202107-5563;JOGELA 129W;31/07/2021;13/08/2021;17/08/2021;33;SI;21-063-HPER;27/07/2021;IMUPESA;AVM;683;27/07/2021;12/08/2021; 118-2021-10-316180-01-0-00;Verde;18/08/2021;19/08/2021;17/08/2021;NA;NA;;AVM;27/08/2021;;AGERSA;27/08/2021;27/08/2021;PACKING SALAVERRY;20/09/2021;21/09/2021;38;;;28/03/2022;2021-1;;-;;Cargada en CP - DOCUMENTACIÓN CARGADA. FALTA PROFORMA SLI [21-197-HPER // 4700002231 // MEDU8286790]
2021-2022;LIQUIDADA;21-063-HPER;4700002001;RENE;JCK;E & E;PUNNET CESTA PET UK 150g -JCK;-;534;820,125;UN;USD;25,423.88;90;FOB;SEA;FCL/FCL;SAN ANTONIO;CALLAO;1;40HC;675;19/07/2021;19/07/2021;ULOG;HAMBURG SUD;;HASU4748580;NA;24/07/2021;24/07/2021;26/07/2021;11/08/2021;32;ES202107-5563;JOGELA 129W;31/07/2021;13/08/2021;17/08/2021;33;SI;21-063-HPER;27/07/2021;IMUPESA;AVM;683;27/07/2021;12/08/2021; 118-2021-10-316180-01-0-00;Verde;18/08/2021;19/08/2021;17/08/2021;NA;NA;;AVM;27/08/2021;;AGERSA;27/08/2021;27/08/2021;PACKING CHAO;20/09/2021;21/09/2021;38;;;28/03/2022;2021-1;;-;;Cargada en CP - DOCUMENTACIÓN CARGADA. FALTA PROFORMA SLI [21-197-HPER // 4700002231 // IKSU9127082]
2021-2022;LIQUIDADA;21-064-HPER;PEA2450301;RENE;HORTIFRUT IMPORTS INC;MAQUINARIAS;HEAT SEALER;-;20210710;1;UN;USD;353,030.00;60;CFR;SEA;FCL/FCL;NORFOLK;CALLAO;1;40HC;-;-;NA;DIRECTO;ONE;;KKFU7684454;NA;24/06/2021;13/07/2021;13/07/2021;13/07/2021;28;ONEYRICBDE594600;ALIOTH V.21014N;2/08/2021;15/08/2021;15/08/2021;32;SI;21-064-HPER;22/07/2021;IMUPESA;AVM;807;22/07/2021;3/09/2021;118-21-20-000517-01-2-00;Rojo;16/08/2021;16/08/2021;8/09/2021;NA;NA;;RVC;8/09/2021;;RVC;NA;11/09/2021;PACKING CHAO;9/09/2021;10/09/2021;36;;;28/03/2022;2021-1;;-;GASTOS EXTRAS DE DESCONSOLIDACION Y ALQUILER SON REFACTURADOS A AVM;Cargada en CP - DOCUMENTACIÓN CARGADA. FALTA PROFORMA SLI [21-197-HPER // 4700002231 // TCNU1387332]
2021-2022;LIQUIDADA;21-065-HPER;4700001938;OMAR;LEGRO POTGRONDBEDRIJF B.V.;SUSTRATOS;SUSTRATO LEGRO LB 07PFINE ;VIVERO ILUSION - ARMONIA 3;21HOR7209;24;BOLSAS;EUR;8,111.20;30% AP;CFR;SEA;FCL/FCL;RIGA;CALLAO;1;40HC;24;1/06/2021;NA;DIRECTO;OOCL;;OOLU8616978;NA;23/06/2021;26/06/2021;7/07/2021;7/07/2021;27;OOLU2670454170;CMA CGM JEAN GABRIEL;31/07/2021;6/08/2021;6/08/2021;31;SI;21-065-HPER;12/08/2021;IMUPESA;AVM;702;31/07/2021;5/08/2021;118-2021-10-306904-01-6-00;Verde;7/08/2021;7/08/2021;6/08/2021;13/08/2021;24/08/2021;;AVM;28/08/2021;;AGERSA;NA;28/08/2021;VIVERO ILUSION;31/08/2021;1/09/2021;35;;;28/03/2022;2021-1;;-;-;Cargada en CP - DOCUMENTACIÓN CARGADA. FALTA PROFORMA SLI [21-205-HPER // TRHU5991236]
2021-2022;LIQUIDADA;21-065-HPER;4700001938;OMAR;LEGRO POTGRONDBEDRIJF B.V.;SUSTRATOS;SUSTRATO LEGRO LB 07PFINE ;VIVERO ILUSION - ARMONIA 3;21HOR7209;24;BOLSAS;EUR;8,111.20;30% AP;CFR;SEA;FCL/FCL;RIGA;CALLAO;1;40HC;24;1/06/2021;NA;DIRECTO;OOCL;;OOLU8439717;NA;23/06/2021;26/06/2021;7/07/2021;7/07/2021;27;OOLU2670454170;CMA CGM JEAN GABRIEL;31/07/2021;6/08/2021;6/08/2021;31;SI;21-065-HPER;12/08/2021;IMUPESA;AVM;702;31/07/2021;5/08/2021;118-2021-10-306904-01-6-00;Verde;7/08/2021;7/08/2021;6/08/2021;13/08/2021;24/08/2021;;AVM;28/08/2021;;AGERSA;NA;28/08/2021;VIVERO ILUSION;31/08/2021;1/09/2021;35;;;28/03/2022;2021-1;;-;-;Cargada en CP - DOCUMENTACIÓN CARGADA. FALTA PROFORMA SLI [21-204-HPER // BEAU6052776]
2021-2022;LIQUIDADA;21-065-HPER;4700001938;OMAR;LEGRO POTGRONDBEDRIJF B.V.;SUSTRATOS;SUSTRATO LEGRO LB 07PFINE ;VIVERO ILUSION - ARMONIA 3;21HOR7209;24;BOLSAS;EUR;8,111.20;30% AP;CFR;SEA;FCL/FCL;RIGA;CALLAO;1;40HC;24;1/06/2021;NA;DIRECTO;OOCL;;OOLU8667933;NA;23/06/2021;26/06/2021;7/07/2021;7/07/2021;27;OOLU2670454170;CMA CGM JEAN GABRIEL;31/07/2021;6/08/2021;6/08/2021;31;SI;21-065-HPER;12/08/2021;IMUPESA;AVM;702;31/07/2021;5/08/2021;118-2021-10-306904-01-6-00;Verde;7/08/2021;7/08/2021;6/08/2021;13/08/2021;24/08/2021;;AVM;28/08/2021;;AGERSA;NA;26/08/2021;VIVERO ILUSION;26/08/2021;27/08/2021;34;;;28/03/2022;2021-1;;-;-;Cargada en CP - DOCUMENTACIÓN CARGADA. FALTA PROFORMA SLI [21-204-HPER // CSNU6839717]
2021-2022;LIQUIDADA;21-065-HPER;4700001938;OMAR;LEGRO POTGRONDBEDRIJF B.V.;SUSTRATOS;SUSTRATO LEGRO LB 07PFINE ;VIVERO ILUSION - ARMONIA 3;21HOR7209;24;BOLSAS;EUR;8,111.20;30% AP;CFR;SEA;FCL/FCL;RIGA;CALLAO;1;40HC;24;1/06/2021;NA;DIRECTO;OOCL;;OOLU8625795;NA;23/06/2021;26/06/2021;7/07/2021;7/07/2021;27;OOLU2670454170;CMA CGM JEAN GABRIEL;31/07/2021;6/08/2021;6/08/2021;31;SI;21-065-HPER;12/08/2021;IMUPESA;AVM;702;31/07/2021;5/08/2021;118-2021-10-306904-01-6-00;Verde;7/08/2021;7/08/2021;6/08/2021;13/08/2021;24/08/2021;;AVM;28/08/2021;;AGERSA;NA;26/08/2021;VIVERO ILUSION;26/08/2021;27/08/2021;34;;;28/03/2022;2021-1;;-;-;Cargada en CP - DOCUMENTACIÓN CARGADA. FALTA PROFORMA SLI [21-204-HPER // TGBU4885200]
2021-2022;LIQUIDADA;21-065-HPER;4700001938;OMAR;LEGRO POTGRONDBEDRIJF B.V.;SUSTRATOS;SUSTRATO LEGRO LB 07PFINE ;VIVERO ILUSION - ARMONIA 3;21HOR7209;24;BOLSAS;EUR;8,111.20;30% AP;CFR;SEA;FCL/FCL;RIGA;CALLAO;1;40HC;24;1/06/2021;NA;DIRECTO;OOCL;;OOLU8363890;NA;23/06/2021;26/06/2021;7/07/2021;7/07/2021;27;OOLU2670454170;CMA CGM JEAN GABRIEL;31/07/2021;6/08/2021;6/08/2021;31;SI;21-065-HPER;12/08/2021;IMUPESA;AVM;702;31/07/2021;5/08/2021;118-2021-10-306904-01-6-00;Verde;7/08/2021;7/08/2021;6/08/2021;13/08/2021;24/08/2021;;AVM;28/08/2021;;AGERSA;NA;27/08/2021;VIVERO ILUSION;27/08/2021;28/08/2021;34;;;28/03/2022;2021-1;;-;-;Cargada en CP - DOCUMENTACIÓN CARGADA. FALTA PROFORMA SLI [21-203-HPER // TCNU3978308]
2021-2022;LIQUIDADA;21-065-HPER;4700001938;OMAR;LEGRO POTGRONDBEDRIJF B.V.;SUSTRATOS;SUSTRATO LEGRO LB 07PFINE ;VIVERO ILUSION - ARMONIA 3;21HOR7209;24;BOLSAS;EUR;8,111.20;30% AP;CFR;SEA;FCL/FCL;RIGA;CALLAO;1;40HC;24;1/06/2021;NA;DIRECTO;OOCL;;OOLU8812414;NA;23/06/2021;26/06/2021;7/07/2021;7/07/2021;27;OOLU2670454170;CMA CGM JEAN GABRIEL;31/07/2021;6/08/2021;6/08/2021;31;SI;21-065-HPER;12/08/2021;IMUPESA;AVM;702;31/07/2021;5/08/2021;118-2021-10-306904-01-6-00;Verde;7/08/2021;7/08/2021;6/08/2021;13/08/2021;24/08/2021;;AVM;28/08/2021;;AGERSA;NA;27/08/2021;VIVERO ILUSION;27/08/2021;28/08/2021;34;;;28/03/2022;2021-1;;-;-;Cargada en CP - DOCUMENTACIÓN CARGADA. FALTA PROFORMA SLI [21-203-HPER // OOLU9416892]
2021-2022;LIQUIDADA;21-066-HPER;4700001971;OMAR;EDEN ;AGQ;DISPER COMPLEX;-;1337 / 2021;6,000;KG;EUR;28,800.00;60;EXW;SEA;LCL/LCL;ALICANTE;CALLAO;-;-;12;2/06/2021;2/06/2021;INCA LINES;CMA CGM;;-;11/06/2021;11/06/2021;19/06/2021;10/07/2021;11/07/2021;27;802021060149;CMA CGM JEAN GABRIEL 0WC9LS1MA;16/07/2021;6/08/2021;6/08/2021;31;SI;21-066-HPER;23/07/2021;VILLAS OQUENDO;AVM;677;23/07/2021;2/08/2021;118-2021-10-300945-01-2-00;Verde;7/08/2021;7/08/2021;6/08/2021;NA;NA;;AVM;12/08/2021;;AGERSA;NA;12/08/2021;ARMONIA;19/08/2021;20/08/2021;33;;;28/03/2022;2021-1;;-;ACTUALIZACION DE OC: EN 6TN / PROGRAMA DE RETIRO;Cargada en CP - DOCUMENTACIÓN CARGADA. FALTA PROFORMA SLI [21-203-HPER // UETU5399960]
2021-2022;LIQUIDADA;21-067-HPER;4700002058;OMAR;EDEN ;AGQ;DISPER COMPLEX;-;1340 / 2021;6,000;KG;EUR;28,800.00;60;EXW;SEA;LCL/LCL;ALICANTE;CALLAO;-;-;12;2/06/2021;2/06/2021;INCA LINES;CMA CGM;;APHU7349069;28/06/2021;28/06/2021;26/06/2021;10/07/2021;11/07/2021;27;802021060269;CMA CGM JEAN GABRIEL 0WC9LS1MA;23/07/2021;6/08/2021;6/08/2021;31;SI;21-067-HPER;23/07/2021;VILLAS OQUENDO;AVM;678;23/07/2021;2/08/2021;118-2021-10-301319-01-8-00;Verde;7/08/2021;7/08/2021;6/08/2021;NA;NA;;AVM;12/08/2021;;AGERSA;NA;12/08/2021;ARMONIA;19/08/2021;20/08/2021;33;;;28/03/2022;2021-1;;-;ACTUALIZACION DE OC: EN 6TN / PROGRAMA DE RETIRO;Cargada en CP - DOCUMENTACIÓN CARGADA. FALTA PROFORMA SLI [21-202-HPER // TCNU3985457]
2021-2022;LIQUIDADA;21-068-HPER;4700002055;RENE;INFIA SRL;E & E;PUNNET CESTA PET UK 150G K28 H36-INFIA;-;82210821;706,350;UN;EUR;18,294.47;0;CIF;SEA;FCL/FCL;LA SPEZIE;CALLAO;1;40HC;554;21/06/2021;NA;INTERGLOBO;MSC;;FCIU8863610;NA;1/07/2021;7/07/2021;7/07/2021;7/07/2021;27;1524336;MSC JAPAN PM131R;6/08/2021;18/08/2021;20/08/2021;33;NO;NA;NA;IMUPESA;AVM;721;9/08/2021;12/08/2021;118-2021-10-316344-01-3-00;Verde;23/08/2021;22/08/2021;20/08/2021;NA;NA;;AVM;28/08/2021;;AGERSA;NA;28/08/2021;PACKING SALAVERRY;2/09/2021;3/09/2021;35;;;28/03/2022;2021-1;;-;-;Cargada en CP - DOCUMENTACIÓN CARGADA. FALTA PROFORMA SLI [21-197-HPER // 4700002231 // CAIU7829905]
2021-2022;LIQUIDADA;21-069-HPER;4700001962;RENE;POPPELMAN;E & E;MACETAS;VIVERO ILUSION - ARMONIA 3;321077877;385,440;UN;EUR;22,664.07;0;FOB;SEA;FCL/FCL;HAMBURGO;CALLAO;1;40HC;66;;14/05/2021;AIRSEALOG;HAPAG LLOYD;;HLBU 248335-0;NA;9/07/2021;11/07/2021;15/07/2021;15/07/2021;28;CTLT08025037559;CMA CGM JEAN GABRIEL 1227S;10/08/2021;6/08/2021;6/08/2021;31;SI;21-069-HPER;30/07/2021;IMUPESA;AVM;690;30/07/2021;3/08/2021;118-2021-10-302985-01-1-00;Verde;7/08/2021;8/08/2021;6/08/2021;NA;NA;;AVM;13/08/2021;;AGERSA;NA;13/08/2021;VIVERO ILUSION;;1/01/1900;52;;;28/03/2022;2021-1;;-;;Cargada en CP - DOCUMENTACIÓN CARGADA. FALTA PROFORMA SLI [21-202-HPER // TCNU3985457]
2021-2022;LIQUIDADA;21-069-HPER;4700001962;RENE;POPPELMAN;E & E;MACETAS;VIVERO ILUSION - ARMONIA 3;321077882;385,440;UN;EUR;22,664.07;0;FOB;SEA;FCL/FCL;HAMBURGO;CALLAO;1;40HC;66;;14/05/2021;AIRSEALOG;HAPAG LLOYD;;HLBU 284580-3;NA;9/07/2021;11/07/2021;15/07/2021;15/07/2021;28;CTLT08025037559;CMA CGM JEAN GABRIEL 1227S;10/08/2021;6/08/2021;6/08/2021;31;SI;21-069-HPER;30/07/2021;IMUPESA;AVM;690;30/07/2021;3/08/2021;118-2021-10-302985-01-1-00;Verde;7/08/2021;8/08/2021;6/08/2021;NA;NA;;AVM;13/08/2021;;AGERSA;NA;13/08/2021;VIVERO ILUSION;;1/01/1900;52;;;28/03/2022;2021-1;;-;;Cargada en CP - DOCUMENTACIÓN CARGADA. FALTA PROFORMA SLI [21-202-HPER // CSNU7361366]
2021-2022;LIQUIDADA;21-069-HPER;4700001962;RENE;POPPELMAN;E & E;MACETAS;VIVERO ILUSION - ARMONIA 3;321077912;385,440;UN;EUR;22,664.07;0;FOB;SEA;FCL/FCL;HAMBURGO;CALLAO;1;40HC;66;;14/05/2021;AIRSEALOG;HAPAG LLOYD;;FSCU 710702-6;NA;9/07/2021;11/07/2021;15/07/2021;15/07/2021;28;CTLT08025037559;CMA CGM JEAN GABRIEL 1227S;10/08/2021;6/08/2021;6/08/2021;31;SI;21-069-HPER;30/07/2021;IMUPESA;AVM;690;30/07/2021;3/08/2021;118-2021-10-302985-01-1-00;Verde;7/08/2021;8/08/2021;6/08/2021;NA;NA;;AVM;14/08/2021;;AGERSA;NA;14/08/2021;VIVERO ILUSION;;1/01/1900;52;;;28/03/2022;2021-1;;-;;Cargada en CP - DOCUMENTACIÓN CARGADA. FALTA PROFORMA SLI [21-201-HPER // 4700002232 // MEDU9428163]
2021-2022;LIQUIDADA;21-069-HPER;4700001962;RENE;POPPELMAN;E & E;MACETAS;VIVERO ILUSION - ARMONIA 3;321077913;208,560;UN;EUR;12,795.85;0;FOB;SEA;FCL/LCL;HAMBURGO;CALLAO;0.75;40HC;34;;14/05/2021;AIRSEALOG;HAPAG LLOYD;;CAIU 841340-3;NA;9/07/2021;11/07/2021;15/07/2021;15/07/2021;28;CTLT08025037559;CMA CGM JEAN GABRIEL 1227S;10/08/2021;6/08/2021;6/08/2021;31;SI;21-069-HPER;30/07/2021;IMUPESA;AVM;690;30/07/2021;3/08/2021;118-2021-10-302985-01-1-00;Verde;7/08/2021;8/08/2021;6/08/2021;NA;NA;;AVM;16/08/2021;;AGERSA;NA;16/08/2021;VIVERO ILUSION;;1/01/1900;52;;;28/03/2022;2021-1;;-;;Cargada en CP - DOCUMENTACIÓN CARGADA. FALTA PROFORMA SLI [21-201-HPER // 4700002232 // BMOU6949948]
2021-2022;LIQUIDADA;21-069-HPER;4700001962;RENE;POPPELMAN;E & E;PORTAMACETAS;VIVERO ILUSION - ARMONIA 3;321077913;6,000;UN;EUR;8,700.00;0;FOB;SEA;FCL/LCL;HAMBURGO;CALLAO;0.25;40HC;300;;14/05/2021;AIRSEALOG;HAPAG LLOYD;;CAIU 841340-3;NA;9/07/2021;11/07/2021;15/07/2021;15/07/2021;28;CTLT08025037559;CMA CGM JEAN GABRIEL 1227S;10/08/2021;6/08/2021;6/08/2021;31;SI;21-069-HPER;30/07/2021;IMUPESA;AVM;690;30/07/2021;3/08/2021;118-2021-10-302985-01-1-00;Verde;7/08/2021;8/08/2021;6/08/2021;NA;NA;;AVM;16/08/2021;;AGERSA;NA;16/08/2021;VIVERO ILUSION;;1/01/1900;52;;;28/03/2022;2021-1;;-;;Cargada en CP - DOCUMENTACIÓN CARGADA. FALTA PROFORMA SLI [21-201-HPER // 4700002232 // TCNU7326252]
2021-2022;LIQUIDADA;21-070-HPER;4700002013 ;RENE;HORTIFRUT MEXICO SA DE CV;E & E;PUNNET PET 18OZ 7X7 CESTA;-;F‐24309;337,464;UN;USD;39,743.14;60;CFR;SEA;FCL/FCL;MANZANILLO;CALLAO;1;40HC;654;7/07/2021;NA;EMO LOGISTICS;COSCO;;CSNU6012251;NA;20/07/2021;23/07/2021;31/07/2021;2/08/2021;31;S00033835;XIN OU ZHOU 051E;1/08/2021;7/08/2021;8/08/2021;31;SI;21-070-HPER;31/07/2021;IMUPESA;AVM;703;31/07/2021;6/08/2021;118-2021-10-309251-01-3-00;Verde;8/08/2021;8/08/2021;7/08/2021;NA;NA;;AVM;17/08/2021;;AGERSA;NA;16/08/2021;PACKING CHAO;;1/01/1900;52;;;28/03/2022;2021-1;;-;;Cargada en CP - DOCUMENTACIÓN CARGADA. FALTA PROFORMA SLI [21-201-HPER // 4700002232 // BMOU6901630]
2021-2022;LIQUIDADA;21-070-HPER;4700002013 ;RENE;HORTIFRUT MEXICO SA DE CV;E & E;PUNNET PET 18OZ 7X7 CESTA;-;F‐24309;337,464;UN;USD;39,743.14;60;CFR;SEA;FCL/FCL;MANZANILLO;CALLAO;1;40HC;654;7/07/2021;NA;EMO LOGISTICS;COSCO;;CSNU7860961;NA;20/07/2021;23/07/2021;31/07/2021;2/08/2021;31;S00033835;XIN OU ZHOU 051E;1/08/2021;7/08/2021;8/08/2021;31;SI;21-070-HPER;31/07/2021;IMUPESA;AVM;703;31/07/2021;6/08/2021;118-2021-10-309251-01-3-00;Verde;8/08/2021;8/08/2021;7/08/2021;NA;NA;;AVM;17/08/2021;;AGERSA;NA;16/08/2021;PACKING SALAVERRY;;1/01/1900;52;;;28/03/2022;2021-1;;-;;Cargada en CP - DOCUMENTACIÓN CARGADA. FALTA PROFORMA SLI [21-201-HPER // 4700002232 // DFSU6502669]
2021-2022;LIQUIDADA;21-070-HPER;4700002013 ;RENE;HORTIFRUT MEXICO SA DE CV;E & E;PUNNET PET 18OZ 7X7 CESTA;-;F‐24309;337,464;UN;USD;39,743.14;60;CFR;SEA;FCL/FCL;MANZANILLO;CALLAO;1;40HC;654;7/07/2021;NA;EMO LOGISTICS;COSCO;;TCNU1087335;NA;20/07/2021;23/07/2021;31/07/2021;2/08/2021;31;S00033835;XIN OU ZHOU 051E;1/08/2021;7/08/2021;8/08/2021;31;SI;21-070-HPER;31/07/2021;IMUPESA;AVM;703;31/07/2021;6/08/2021;118-2021-10-309251-01-3-00;Verde;8/08/2021;8/08/2021;7/08/2021;NA;NA;;AVM;17/08/2021;;AGERSA;NA;17/08/2021;PACKING SALAVERRY;;1/01/1900;52;;;28/03/2022;2021-1;;-;;Cargada en CP - DOCUMENTACIÓN CARGADA. FALTA CERT. ORIGEN, CERT. FITOSANITARIO EXPORTACIÓN Y PROFORMA SLI [21-200-HPER // 4700002194 // FCIU7353930]
2021-2022;LIQUIDADA;21-071-HPER;4700001982;RENE;INFIA SRL;E & E;PUNNET CESTA PET UK 150G K28 H36-INFIA;-;82210794;736,950;UN;EUR;19,087.01;0;CIF;SEA;FCL/FCL;LA SPEZIE;CALLAO;1;40HC;554;21/06/2021;NA;INTERGLOBO;MSC;;TEMU8709868;NA;25/06/2021;28/06/2021;10/07/2021;12/07/2021;28;1524143;MSC MANU XA132A;28/07/2021;21/08/2021;28/08/2021;34;NO;NA;NA;IMUPESA;AVM;767;20/08/2021;26/08/2021; 118-2021-10-334030-01-7-00;Verde;30/08/2021;29/08/2021;28/08/2021;NA;NA;;AVM;3/09/2021;;AGERSA;NA;3/09/2021;;;1/01/1900;52;;;28/03/2022;2021-1;;-;-;Cargada en CP - DOCUMENTACIÓN CARGADA. FALTA PROFORMA SLI [21-191-HPER // OOCU8406050]
2021-2022;LIQUIDADA;21-072-HPER;4700001935;RENE;JCK;E & E;PUNNET PET 18OZ 7X7 CESTA;-;545;252,672;UN;USD;27,035.90;90;FOB;SEA;FCL/FCL;SAN ANTONIO;CALLAO;1;40HC;658;2/08/2021;8/07/2021;JAS ;HAMBURG SUD;;MRSU3761191;NA;7/08/2021;7/08/2021;10/08/2021;11/08/2021;32;SCL104934932;MEGALOPOLIS 131N ;14/08/2021;20/08/2021;20/08/2021;33;SI;21-072-HPER;9/08/2021;IMUPESA;AVM;746;13/08/2021;18/08/2021;118-2021-10-323902-01-8-00;Verde;21/08/2021;22/08/2021;21/08/2021;NA;NA;;AVM;26/08/2021;;AGERSA;NA;25/08/2021;PACKING CHAO;2/09/2021;3/09/2021;35;;;28/03/2022;2021-1;;-;-;No cargada por medio de transporte AIRE (23/12) [21-196-HPER // 4700002246]
2021-2022;LIQUIDADA;21-072-HPER;4700001935;RENE;JCK;E & E;PUNNET PET 18OZ 7X7 CESTA;-;545;252,672;UN;USD;27,035.90;90;FOB;SEA;FCL/FCL;SAN ANTONIO;CALLAO;1;40HC;658;2/08/2021;8/07/2021;JAS ;HAMBURG SUD;;SUDU6846931;NA;7/08/2021;7/08/2021;10/08/2021;11/08/2021;32;SCL104934932;MEGALOPOLIS 131N ;14/08/2021;20/08/2021;20/08/2021;33;SI;21-072-HPER;9/08/2021;IMUPESA;AVM;746;13/08/2021;18/08/2021;118-2021-10-323902-01-8-00;Verde;21/08/2021;22/08/2021;21/08/2021;NA;NA;;AVM;26/08/2021;;AGERSA;NA;25/08/2021;PACKING SALAVERRY;2/09/2021;3/09/2021;35;;;28/03/2022;2021-1;;-;-;Cargada en CP - DOCUMENTACIÓN CARGARDA. FALTA BL, CERT. ORIGEN, SEGURO Y PROFORMA SLI [21-195-HPER // 4700002221 // SEGU5719254]
2021-2022;LIQUIDADA;21-072-HPER;4700001994;RENE;JCK;E & E;PUNNET PET 11OZ 5X7;-;545;473,760;UN;USD;36,005.76;90;FOB;SEA;FCL/FCL;SAN ANTONIO;CALLAO;1;40HC;658;2/08/2021;8/07/2021;JAS ;HAMBURG SUD;;MSKU1764816 ;NA;7/08/2021;7/08/2021;10/08/2021;11/08/2021;32;SCL104934932;MEGALOPOLIS 131N ;14/08/2021;20/08/2021;20/08/2021;33;SI;21-072-HPER;9/08/2021;IMUPESA;AVM;746;13/08/2021;18/08/2021;118-2021-10-323902-01-8-00;VERDE;21/08/2021;22/08/2021;21/08/2021;NA;NA;;AVM;26/08/2021;;AGERSA;NA;26/08/2021;PACKING SALAVERRY;2/09/2021;3/09/2021;35;;;28/03/2022;2021-1;;-;-;Cargada en CP - DOCUMENTACIÓN CARGARDA. FALTA BL, CERT. ORIGEN, SEGURO Y PROFORMA SLI [21-195-HPER // 4700002221 // TCLU8933016]
2021-2022;LIQUIDADA;21-072-HPER;4700001994;RENE;JCK;E & E;PUNNET PET 11OZ 5X7;-;545;473,760;UN;USD;36,005.76;90;FOB;SEA;FCL/FCL;SAN ANTONIO;CALLAO;1;40HC;658;2/08/2021;8/07/2021;JAS ;HAMBURG SUD;;MRKU6304895;NA;7/08/2021;7/08/2021;10/08/2021;11/08/2021;32;SCL104934932;MEGALOPOLIS 131N ;14/08/2021;20/08/2021;20/08/2021;33;SI;21-072-HPER;9/08/2021;IMUPESA;AVM;746;13/08/2021;18/08/2021;118-2021-10-323902-01-8-00;Verde;21/08/2021;22/08/2021;21/08/2021;NA;NA;;AVM;26/08/2021;;AGERSA;NA;26/08/2021;PACKING SALAVERRY;2/09/2021;3/09/2021;35;;;28/03/2022;2021-1;;-;-;Cargada en CP - DOCUMENTACIÓN CARGADA. FALTA SEGURO Y PROFORMA SLI [21-194-HPER // 4700002230 // BMOU6021980]
2021-2022;LIQUIDADA;21-073-HPER;4700002019;RENE;HORTIFRUT MEXICO SA DE CV;E & E;PUNNET PET 11OZ 5X7;-;F‐24413;498,960;UN;USD;43,808.69;60;CIF;SEA;FCL/FCL;MANZANILLO;CALLAO;1;40HC;691;;NA;EMO LOGISTICS;COSCO;;CSNU8155570;NA;-;7/08/2021;30/08/2021;30/08/2021;35;S00034892;CAP ANDREAS 006E;16/08/2021;4/09/2021;8/09/2021;36;NO;21-073-HPER;24/08/2021;IMUPESA;AVM;798;31/08/2021;3/09/2021;"	 118-2021-10-342274-01-9-00";Verde;8/09/2021;8/09/2021;8/09/2021;NA;NA;;AVM;20/09/2021;;AGERSA;NA;20/09/2021;PACKING CHAO;;1/01/1900;52;;;28/03/2022;2021-1;;-;;Cargada en CP - DOCUMENTACIÓN CARGADA. FALTA CERT. ORIGEN, CERT. FITOSANITARIO EXPORTACIÓN, SEGURO Y PROFORMA SLI [21-187-HPER // BMOU4702938]
2021-2022;LIQUIDADA;21-074-HPER;4700001961;RENE;POPPELMAN;E & E;MACETAS;VIVERO ILUSION - ARMONIA 3;321082331;385,440;UN;EUR;22,664.07;0;FOB;SEA;FCL/FCL;HAMBURGO;CALLAO;1;40HC;-;;;AIRSEALOG;HAPAG LLOYD;;HLBU3350964;NA;;25/07/2021;25/07/2021;26/07/2021;30;CTLT08025037654;SANTOS EXPRESS 1229S;20/08/2021;19/08/2021;20/08/2021;33;SI;21-074-HPER;6/08/2021;IMUPESA;AVM;740;12/08/2021;17/08/2021; 118-2021-10-321965-01-2-00;Verde;21/08/2021;22/08/2021;19/08/2021;NA;NA;;AVM;1/09/2021;;AGERSA;NA;31/08/2021;VIVERO ILUSION;2/09/2021;3/09/2021;35;;;28/03/2022;2021-1;;-;-;Cargada en CP - DOCUMENTACIÓN CARGADA. FALTA SEGURO Y PROFORMA SLI [21-194-HPER // 4700002230 // FCIU8755960]
2021-2022;LIQUIDADA;21-074-HPER;4700001961;RENE;POPPELMAN;E & E;MACETAS;VIVERO ILUSION - ARMONIA 3;321082352;385,440;UN;EUR;22,664.07;0;FOB;SEA;FCL/FCL;HAMBURGO;CALLAO;1;40HC;-;;;AIRSEALOG;HAPAG LLOYD;;HLXU8085198;NA;;25/07/2021;25/07/2021;26/07/2021;30;CTLT08025037654;SANTOS EXPRESS 1229S;20/08/2021;19/08/2021;20/08/2021;33;SI;21-074-HPER;6/08/2021;IMUPESA;AVM;740;12/08/2021;17/08/2021; 118-2021-10-321965-01-2-00;Verde;21/08/2021;22/08/2021;19/08/2021;NA;NA;;AVM;1/09/2021;;AGERSA;NA;31/08/2021;VIVERO ILUSION;2/09/2021;3/09/2021;35;;;28/03/2022;2021-1;;-;-;Cargada en CP - DOCUMENTACIÓN CARGADA. FALTA SEGURO Y PROFORMA SLI [21-194-HPER // 4700002230 // FCIU8664618]
2021-2022;LIQUIDADA;21-074-HPER;4700001961;RENE;POPPELMAN;E & E;MACETAS;VIVERO ILUSION - ARMONIA 3;321082359;385,440;UN;EUR;22,664.07;0;FOB;SEA;FCL/FCL;HAMBURGO;CALLAO;1;40HC;-;;;AIRSEALOG;HAPAG LLOYD;;HLXU8229612;NA;;25/07/2021;25/07/2021;26/07/2021;30;CTLT08025037654;SANTOS EXPRESS 1229S;20/08/2021;19/08/2021;20/08/2021;33;SI;21-074-HPER;6/08/2021;IMUPESA;AVM;740;12/08/2021;17/08/2021; 118-2021-10-321965-01-2-00;Verde;21/08/2021;22/08/2021;19/08/2021;NA;NA;;AVM;1/09/2021;;AGERSA;NA;1/09/2021;VIVERO ILUSION;2/09/2021;3/09/2021;35;;;28/03/2022;2021-1;;-;-;Cargada en CP - DOCUMENTACIÓN CARGADA. FALTA SEGURO Y PROFORMA SLI [21-194-HPER // 4700002230 // FSCU6242269]
2021-2022;LIQUIDADA;21-075-HPER;4700002062;OMAR;LEGRO POTGRONDBEDRIJF B.V.;SUSTRATOS;SUSTRATO LEGRO LB 07PFINE ;VIVERO ILUSION - ARMONIA 3;21HOR7801;24;BOLSAS;EUR;8,111.20;30% AP;CFR;SEA;FCL/FCL;RIGA;CALLAO;1;40HC;24;;NA;DIRECTO;OOCL;;OOLU9670464;NA;;14/07/2021;14/07/2021;28/07/2021;30;OOLU2672113501;GUAYAQUIL EXPRESS 1231S;20/08/2021;27/08/2021;2/09/2021;35;SI;21-075-HPER;12/08/2021;IMUPESA;AVM;782;24/08/2021;27/08/2021;118-2021-10-335520-01-8-02;Verde;3/09/2021;3/09/2021;2/09/2021;8/09/2021;17/09/2021;;AVM;18/09/2021;;AGERSA;NA;18/09/2021;VIVERO ILUSION;;1/01/1900;52;;;28/03/2022;2021-1;;-;-;Cargada en CP - DOCUMENTACIÓN CARGADA. FALTA PROFORMA SLI [21-190-HPER // TGHU9812194]
2021-2022;LIQUIDADA;21-075-HPER;4700002062;OMAR;LEGRO POTGRONDBEDRIJF B.V.;SUSTRATOS;SUSTRATO LEGRO LB 07PFINE ;VIVERO ILUSION - ARMONIA 3;21HOR7801;24;BOLSAS;EUR;8,111.20;30% AP;CFR;SEA;FCL/FCL;RIGA;CALLAO;1;40HC;24;;NA;DIRECTO;OOCL;;TCNU2544396;NA;;14/07/2021;14/07/2021;28/07/2021;30;OOLU2672113501;GUAYAQUIL EXPRESS 1231S;20/08/2021;27/08/2021;2/09/2021;35;SI;21-075-HPER;12/08/2021;IMUPESA;AVM;782;24/08/2021;27/08/2021;118-2021-10-335520-01-8-02;Verde;3/09/2021;3/09/2021;2/09/2021;8/09/2021;17/09/2021;;AVM;18/09/2021;;AGERSA;NA;18/09/2021;VIVERO ILUSION;;1/01/1900;52;;;28/03/2022;2021-1;;-;-;Cargada en CP - DOCUMENTACIÓN CARGADA. FALTA PROFORMA SLI [21-190-HPER // CBHU9190855]
2021-2022;LIQUIDADA;21-075-HPER;4700002062;OMAR;LEGRO POTGRONDBEDRIJF B.V.;SUSTRATOS;SUSTRATO LEGRO LB 07PFINE ;VIVERO ILUSION - ARMONIA 3;21HOR7801;24;BOLSAS;EUR;8,111.20;30% AP;CFR;SEA;FCL/FCL;RIGA;CALLAO;1;40HC;24;;NA;DIRECTO;OOCL;;OOLU8919608;NA;;14/07/2021;14/07/2021;28/07/2021;30;OOLU2672113501;GUAYAQUIL EXPRESS 1231S;20/08/2021;27/08/2021;2/09/2021;35;SI;21-075-HPER;12/08/2021;IMUPESA;AVM;782;24/08/2021;27/08/2021;118-2021-10-335520-01-8-02;Verde;3/09/2021;3/09/2021;2/09/2021;8/09/2021;17/09/2021;;AVM;18/09/2021;;AGERSA;NA;18/09/2021;VIVERO ILUSION;;1/01/1900;52;;;28/03/2022;2021-1;;-;-;Cargada en CP - DOCUMENTACIÓN CARGADA. FALTA PROFORMA SLI [21-190-HPER // FCIU9118740]
2021-2022;LIQUIDADA;21-076-HPER;PEA2460301;RENE;HORTIFRUT IMPORTS INC;MAQUINARIAS;HEAT SEALER;-;7262021;1;UN;USD;354,053.00;60;CFR;SEA;FCL/FCL;BALTIMORE;CALLAO;1;40HC;7;-;NA;DIRECTO;SEABOARD;;SMLU7983140;NA;18/08/2021;23/08/2021;23/08/2021;23/08/2021;34;SMLU6718144A;JULIANA 15;12/09/2021;12/09/2021;14/09/2021;37;SI;21-076-HPER;10/09/2021;IMUPESA;AVM;825;9/09/2021;20/09/2021;118-21-20-000563-01-4-00;Rojo;15/09/2021;15/09/2021;28/09/2021;NA;NA;;RVC;28/09/2021;;RVC;NA;30/09/2021;PACKING SALAVERRY;28/09/2021;29/09/2021;39;;;28/03/2022;2021-1;;-;-;Cargada en CP - DOCUMENTACIÓN CARGADA. FALTA CERTIFICADO FITOSANITARIO DE EXPORTACIÓN [21-181-HPER // 4700002218 // UACU5557552 ]
2021-2022;LIQUIDADA;21-077-HPER;4700001975;OMAR;ALFARROXO TRADING LTDA;SUSTRATOS;CORTEZA DE PINO FRACCION;-;1/1695;1,449;BOLSAS;EUR;4,781.70;60;FOB;SEA;FCL/FCL;LEIXOES;CALLAO;1;40HC;23;;23/06/2021;CH ROBINSON;CMA CGM;;TEMU7684683;NA;;16/07/2021;16/07/2021;16/07/2021;28;CHSL2211072;GUAYAQUIL EXPRESS 0WC9TS1MA;26/08/2021;3/09/2021;2/09/2021;35;SI;21-077-HPER;18/08/2021;IMUPESA;AVM;723;18/08/2021;2/09/2021;118-2021-10-341629-01-8-00;Verde;3/09/2021;4/09/2021;2/09/2021;14/09/2021;14/09/2021;;AVM;15/09/2021;;AGERSA ;NA;15/09/2021;VIVERO ILUSION;;1/01/1900;52;;;28/03/2022;2021-1;;-;;Cargada en CP - DOCUMENTACIÓN CARGADA. FALTA PROFORMA SLI [21-190-HPER // FCIU9118740]
2021-2022;LIQUIDADA;21-078-HPER;4700002063;OMAR;LEGRO POTGRONDBEDRIJF B.V.;SUSTRATOS;SUSTRATO LEGRO LB 07PFINE ;VIVERO ILUSION - ARMONIA 3;21HOR7800;24;BOLSAS;EUR;8,111.20;30% AP;CFR;SEA;FCL/FCL;RIGA;CALLAO;1;40HC;24;;NA;DIRECTO;OOCL;;TGBU9282868;NA;;18/07/2021;18/07/2021;18/07/2021;28;OOLU2672113500;SANTOS EXPRESS 020S;20/08/2021;20/08/2021;20/08/2021;33;SI;21-078-HPER;12/08/2021;IMUPESA;AVM;751;17/08/2021;18/08/2021;118-2021-10-323941-01-3-00;Verde;21/08/2021;22/08/2021;19/08/2021;26/08/2021;7/09/2021;;AVM;8/09/2021;;AGERSA;NA;8/09/2021;VIVERO ILUSION;9/09/2021;10/09/2021;36;;;28/03/2022;2021-1;;-;;Cargada en CP - DOCUMENTACIÓN CARGADA. FALTA SEGURO Y PROFORMA SLI [21-194-HPER // 4700002230 // MSCU9625103]
2021-2022;LIQUIDADA;21-078-HPER;4700002063;OMAR;LEGRO POTGRONDBEDRIJF B.V.;SUSTRATOS;SUSTRATO LEGRO LB 07PFINE ;VIVERO ILUSION - ARMONIA 3;21HOR7800;24;BOLSAS;EUR;8,111.20;30% AP;CFR;SEA;FCL/FCL;RIGA;CALLAO;1;40HC;24;;NA;DIRECTO;OOCL;;TGBU8831937;NA;;18/07/2021;18/07/2021;18/07/2021;28;OOLU2672113500;SANTOS EXPRESS 020S;20/08/2021;20/08/2021;20/08/2021;33;SI;21-078-HPER;12/08/2021;IMUPESA;AVM;751;17/08/2021;18/08/2021;118-2021-10-323941-01-3-00;Verde;21/08/2021;22/08/2021;19/08/2021;26/08/2021;7/09/2021;;AVM;8/09/2021;;AGERSA;NA;8/09/2021;VIVERO ILUSION;9/09/2021;10/09/2021;36;;;28/03/2022;2021-1;;-;;Cargada en CP - DOCUMENTACIÓN CARGARDA. FALTA SEGURO [21-193-HPER // 4700002229 // GLDU9731429]
2021-2022;LIQUIDADA;21-078-HPER;4700002063;OMAR;LEGRO POTGRONDBEDRIJF B.V.;SUSTRATOS;SUSTRATO LEGRO LB 07PFINE ;VIVERO ILUSION - ARMONIA 3;21HOR7800;24;BOLSAS;EUR;8,111.20;30% AP;CFR;SEA;FCL/FCL;RIGA;CALLAO;1;40HC;24;;NA;DIRECTO;OOCL;;MAGU5270826;NA;;18/07/2021;18/07/2021;18/07/2021;28;OOLU2672113500;SANTOS EXPRESS 020S;20/08/2021;20/08/2021;20/08/2021;33;SI;21-078-HPER;12/08/2021;IMUPESA;AVM;751;17/08/2021;18/08/2021;118-2021-10-323941-01-3-00;Verde;21/08/2021;22/08/2021;19/08/2021;26/08/2021;7/09/2021;;AVM;8/09/2021;;AGERSA;NA;8/09/2021;VIVERO ILUSION;9/09/2021;10/09/2021;36;;;28/03/2022;2021-1;;-;;Cargada en CP - DOCUMENTACIÓN CARGARDA. FALTA SEGURO [21-193-HPER // 4700002229 // INKU6492738]
2021-2022;LIQUIDADA;21-079-HPER;PEA2610201;RENE;FRESH GO LIMITED;MUESTRAS;MUESTRAS;-;F005 - 00005168;67;UN;USD;1.00;45;DAP;AIR;AIR;LIMA;SHENZHEN;-;-;1;21/04/2021;21/04/2021;CH ROBINSON;AMERICAN;;NA;NA;17/05/2021;19/05/2021;19/05/2021;19/05/2021;20;356006023LIM;-;26/05/2021;26/05/2021;26/05/2021;21;NO;;;TALMA;AVM;430;;13/05/2021;235-2021-40-026110;Verde;;;;;;NA;;;;;;NA;;;1/01/1900;52;;;28/03/2022;2021-1;;-;;Cargada en CP - DOCUMENTACIÓN CARGADA. FALTA PROFORMA SLI [21-223-HPER // TRHU5313666]
2021-2022;LIQUIDADA;21-080-HPER;4700001963;RENE;POPPELMAN;E & E;MACETAS;VIVERO ILUSION - ARMONIA 3;321094928;385,440;UN;EUR;22,664.07;0;FOB;SEA;FCL/FCL;HAMBURGO;CALLAO;1;40HC;66;;;AIRSEALOG;MSC;;FDCU0279981;NA;;6/08/2021;31/08/2021;1/09/2021;35;CTLT08025037862;MSC VIRGO NX135A;5/09/2021;5/10/2021;1/10/2021;39;SI;21-080-HPER;14/09/2021;IMUPESA;AVM;876;27/09/2021;29/09/2021;118-2021-10-377149-01-6-00;Verde;3/10/2021;3/10/2021;1/10/2021;NA;NA;;AVM;7/10/2021;;AGERSA;7/10/2021;7/10/2021;VIVERO ILUSION;15/10/2021;16/10/2021;41;;;28/03/2022;2021-1;FEDEX;-;7746 9620 9842;No cargada por medio de transporte AIRE (23/12) [21-167-HPER // 4700001978]
2021-2022;LIQUIDADA;21-080-HPER;4700001963;RENE;POPPELMAN;E & E;MACETAS;VIVERO ILUSION - ARMONIA 3;321094929;385,440;UN;EUR;22,664.07;0;FOB;SEA;FCL/FCL;HAMBURGO;CALLAO;1;40HC;66;;;AIRSEALOG;MSC;;MSMU8117411;NA;;6/08/2021;31/08/2021;1/09/2021;35;CTLT08025037862;MSC VIRGO NX135A;5/09/2021;5/10/2021;1/10/2021;39;SI;21-080-HPER;14/09/2021;IMUPESA;AVM;876;27/09/2021;29/09/2021;118-2021-10-377149-01-6-00;Verde;3/10/2021;3/10/2021;1/10/2021;NA;NA;;AVM;7/10/2021;;AGERSA;7/10/2021;7/10/2021;VIVERO ILUSION;15/10/2021;16/10/2021;41;;;28/03/2022;2021-1;;-;;Cargada en CP - DOCUMENTACIÓN CARGADA. FALTA PROFORMA SLI [21-166-HPER // TCKU7876275]
2021-2022;LIQUIDADA;21-080-HPER;4700001963;RENE;POPPELMAN;E & E;MACETAS;VIVERO ILUSION - ARMONIA 3;321094938;385,440;UN;EUR;22,664.07;0;FOB;SEA;FCL/FCL;HAMBURGO;CALLAO;1;40HC;66;;;AIRSEALOG;MSC;;CXDU2181640;NA;;6/08/2021;31/08/2021;1/09/2021;35;CTLT08025037862;MSC VIRGO NX135A;5/09/2021;5/10/2021;1/10/2021;39;SI;21-080-HPER;14/09/2021;IMUPESA;AVM;876;27/09/2021;29/09/2021;118-2021-10-377149-01-6-00;Verde;3/10/2021;3/10/2021;1/10/2021;NA;NA;;AVM;7/10/2021;;AGERSA;7/10/2021;7/10/2021;VIVERO ILUSION;15/10/2021;16/10/2021;41;;;28/03/2022;2021-1;;-;;Cargada en CP - DOCUMENTACIÓN CARGADA. FALTA PROFORMA SLI [21-166-HPER // CSNU6449431]
2021-2022;LIQUIDADA;21-080-HPER;4700001963;RENE;POPPELMAN;E & E;MACETAS;VIVERO ILUSION - ARMONIA 3;321094944;385,440;UN;EUR;22,664.07;0;FOB;SEA;FCL/FCL;HAMBURGO;CALLAO;1;40HC;66;;;AIRSEALOG;MSC;;MEDU4896686;NA;;6/08/2021;31/08/2021;1/09/2021;35;CTLT08025037862;MSC VIRGO NX135A;5/09/2021;5/10/2021;1/10/2021;39;SI;21-080-HPER;14/09/2021;IMUPESA;AVM;876;27/09/2021;29/09/2021;118-2021-10-377149-01-6-00;Verde;3/10/2021;3/10/2021;1/10/2021;NA;NA;;AVM;7/10/2021;;AGERSA;7/10/2021;7/10/2021;VIVERO ILUSION;15/10/2021;16/10/2021;41;;;28/03/2022;2021-1;;-;;Cargada en CP - DOCUMENTACIÓN CARGADA. FALTA PROFORMA SLI [21-165-HPER // OOLU9813930]
2021-2022;LIQUIDADA;21-081-HPER;4700001976;JOSE;AGROGENIUS LLC;EQP & INST;FRUIT DUROMETER;-;INV-2021041301;16;UN;USD;13,384.83;0;DDP;AIR;AIR;MIAMI;LIMA;-;-;16;;NA;DIRECTO;UPS;;-;;;21/07/2021;21/07/2021;21/07/2021;29;W012W989ZX3;-;21/07/2021;21/07/2021;21/07/2021;29;NO;NA;NA;AQP;SCHRAFF;NA;22/07/2021;27/07/2021;235-2021-10-113174-01-1-00;Verde;21/07/2021;21/07/2021;27/07/2021;NA;NA;NA;UPS;27/07/2021;;UPS;27/07/2021;NA;PACKING SALAVERY;1/08/2021;2/08/2021;31;;;28/03/2022;2021-1;;-;;Cargada en CP - DOCUMENTACIÓN CARGADA. FALTA CERT. ORIGEN, CERT. FITOSANITARIO EXPORTACIÓN Y PROFORMA SLI [21-209-HPER // CXDU1236537]
2021-2022;LIQUIDADA;21-082-HPER;PEA2H10101;OMAR;HORTIFRUT CHILE SA;MUESTRAS;MUESTRAS;-;NA;1;UN;USD;1.00;90;DAP;AIR;AIR;SANTIAGO;LIMA;-;-;1;-;NA;DIRECTO;DHL;;-;NA;-;12/07/2021;12/07/2021;12/07/2021;28;6118561400;-;15/07/2021;15/07/2021;15/07/2021;28;NO;NA;NA;DHL;DHL;NA;NA;15/07/2021;235-2021-28-00619964-10-0-00;Verde;15/07/2021;16/07/2021;15/07/2021;NA;NA;NA;DHL;16/07/2021;;DHL;25/07/2021;NA;PACKING SALAVERRY;24/07/2021;25/07/2021;29;;;28/03/2022;2021-1;;-;;Cargada en CP - DOCUMENTACIÓN CARGADA. FALTA CERT. ORIGEN, CERT. FITOSANITARIO EXPORTACIÓN Y PROFORMA SLI [21-212-HPER // APHU7048553]
2021-2022;LIQUIDADA;21-083-HPER;PEA2H10101;RENE;FERA PACK;MUESTRAS;MUESTRAS;-;NA;1;UN;USD;1.00;0;DAP;AIR;AIR;BOSTON;LIMA;-;-;2;23/07/2021;NA;DHL;DHL;;-;NA;-;23/07/2021;23/07/2021;23/07/2021;29;5236592443;-;26/07/2021;26/07/2021;26/07/2021;30;NO;NA;NA;DHL;DHL;NA;NA;26/07/2021;235-21-28-649340-10-4-00;Verde;26/07/2021;26/07/2021;26/07/2021;NA;NA;NA;DHL;2/08/2021;;DHL;2/08/2021;NA;SALAVERRY;1/08/2021;2/08/2021;31;;;28/03/2022;2021-1;;-;;Cargada en CP - DOCUMENTACIÓN CARGADA. FALTA CERT. ORIGEN, CERT. FITOSANITARIO EXPORTACIÓN Y PROFORMA SLI [21-207-HPER // CMAU5469422]
2021-2022;LIQUIDADA;21-084-HPER;4700001984;JOSE;BELLPARK ;MAQUINARIAS;MAQUINA LLENADORA DE MACETAS - VISSER TW;-;6251;1;UN;EUR;42,770.00;0;EXW;SEA;FCL/FCL;VANCOUVER;CALLAO;1;20ST;-;16/06/2021;16/06/2021;FORBIS;ONE;;NYKU3188673;15/07/2021;12/07/2021;5/07/2021;19/07/2021;25/07/2021;29;FBSSE02873;ALGOL 21016S;5/08/2021;22/08/2021;22/08/2021;33;SI;21-084-HPER;16/08/2021;IMUPESA;AVM;748;16/08/2021;20/08/2021; 118-2021-10-326336-01-3-00;Verde;23/08/2021;23/08/2021;22/08/2021;NA;NA;;AGERSA;26/08/2021;;AGERSA;26/08/2021;28/08/2021;VIVERO ILUSION;26/08/2021;27/08/2021;34;;;28/03/2022;2021-1;;-;-;Cargada en CP - DOCUMENTACIÓN CARGARDA. FALTA SEGURO [21-193-HPER // 4700002229 // TGHU6721948]
2021-2022;LIQUIDADA;21-085-HPER;4700002059;OMAR;HORTIFRUT CHILE SA;PLANTAS;ROCIO;-;11592;200,000;UN;USD;576,000.00;90;CFR;AIR;AIR;SANTIAGO;LIMA;-;-;7;23/07/2021;NA;DIRECTO;KOREAN AIR;;-;NA;28/05/2021;7/08/2021;7/08/2021;8/08/2021;31;180-48260586;KE0274;8/08/2021;9/08/2021;9/08/2021;32;SI;21-085-HPER;4/08/2021;SAASA;AVM;707;4/08/2021;5/08/2021; 235-2021-10-117718-01-4-00;Verde;9/08/2021;9/08/2021;10/08/2021;10/08/2021;10/08/2021;NA;RVC;11/08/2021;;RVC;NA;NA;VIVERO ILUSION;11/08/2021;12/08/2021;32;;;28/03/2022;2021-1;;-;-;Cargada en CP - DOCUMENTACIÓN CARGADA. FALTA CERT. ORIGEN, CERT. FITOSANITARIO EXPORTACIÓN Y PROFORMA SLI [21-200-HPER // 4700002194 // HLBU1418258]
2021-2022;LIQUIDADA;21-086-HPER;4700002048;RENE;FASTIK ;E & E;"FILM PET/NO
PRINT/RESEALABLE/PUNNET 11OZ";-;96198;96,250;UN;USD;5,367.86;30;EXW;AIR;AIR;MIAMI;CALLAO;-;-;1;14/07/2021;22/07/2021;FORBIS;LATAM;;-;6/08/2021;6/08/2021;13/08/2021;13/08/2021;13/08/2021;32;FOR70350080 ;L7-1833;14/08/2021;13/08/2021;13/08/2021;32;SI;21-086-HPER;12/08/2021;TALMA;AVM;;12/08/2021;;235-2021-10-121615-01-1-00;Verde;;;;;;NA;;17/08/2021;;AGERSA;NA;NA;PLANTA SALAVERRY;18/08/2021;19/08/2021;33;;;28/03/2022;2021-1;;-;ANTES OC 4700001981* | PENDIENTE AVISO DE LLEGADA;Cargada en CP - DOCUMENTACIÓN CARGADA. FALTA CERT. ORIGEN, CERT. FITOSANITARIO EXPORTACIÓN, SEGURO Y PROFORMA SLI [21-198-HPER// 4700002192 // TGBU5355375]
2021-2022;LIQUIDADA;21-087-HPER;4700002049;RENE;FASTIK ;E & E;FILM PUNNET PET 11OZ 5X7;-;96218;1,320,000;UN;USD;62,990.40;30;EXW;SEA;LCL/LCL;MIAMI;CALLAO;-;-;6;14/07/2021;14/07/2021;FORBIS;SEABOARD;;-;27/07/2021;9/08/2021;14/08/2021;14/08/2021;13/08/2021;32;HBOL0003241;OKEE ANN MARI 38;23/08/2021;23/08/2021;23/08/2021;34;SI;21-087-HPER;18/08/2021;ALFOSAC;AVM;758;18/08/2021;20/08/2021;118-2021-10-326009-01-2-00;Verde;24/08/2021;25/08/2021;23/08/2021;NA;NA;NA;AVM;1/09/2021;;AGERSA;NA;NA;PACKING SALAVERRY;2/09/2021;3/09/2021;35;;;28/03/2022;2021-1;;-;ANTES OC 4700001939 ;Cargada en CP - DOCUMENTACIÓN CARGARDA. FALTA SEGURO [21-193-HPER // 4700002229 // FSCU9906510]
2021-2022;LIQUIDADA;21-088-HPER;4700002052;RENE;FASTIK ;E & E;FILM PUNNET PET 11OZ 5X7;-;80918-86731;500,500;UN;USD;23,883.86;30;EXW;AIR;AIR;MIAMI;CALLAO;-;-;3;3/08/2021;3/08/2021;FORBIS;AIRMAX;;-;9/08/2021;13/08/2021;17/08/2021;20/08/2021;22/08/2021;33;FOR70350289;NAC862;18/08/2021;22/08/2021;22/08/2021;33;SI;21-088-HPER;18/08/2021;SHOHIN;AVM;765;20/08/2021;20/08/2021; 235-2021-10-126034-01-7-00;Verde;22/08/2021;22/08/2021;23/08/2021;NA;NA;NA;AVM;24/08/2021;;AGERSA;NA;NA;PACKING CHAO;27/08/2021;28/08/2021;34;;;28/03/2022;2021-1;;-;ANTES OC 4700001940;Cargada en CP - DOCUMENTACIÓN CARGARDA. FALTA SEGURO [21-193-HPER // 4700002229 // CAXU9966540]
2021-2022;LIQUIDADA;21-089-HPER;4700002034;RENE;SAN JORGE PACKAGING SA;E & E;"BOLSA AM ARAN. 1.5kg 58x45cmx30my
SELLAD";-;40;840,000;UN;USD;159,800.00;60;CFR;SEA;FCL/FCL;SAN ANTONIO;CALLAO;1;20ST;-;;NA;GRUPO TCI;HAPAG LLOYD;;HLXU1289630;NA;;14/08/2021;22/08/2021;10/09/2021;36;PE21070014015;UTE 133W;17/08/2021;27/08/2021;16/09/2021;37;SI;21-089-HPER;18/08/2021;IMUPESA;AVM;822;7/09/2021;10/09/2021;118-2021-10-356147-01-4-00;Verde;17/09/2021;17/09/2021;;NA;NA;;AVM;21/09/2021;;AGERSA;21/09/2021;21/09/2021;PACKING SALAVERRY / PACKING CHAO;21/09/2021;22/09/2021;38;;;28/03/2022;2021-1;;-;;No cargada por medio de transporte AIRE (23/12) [21-180-HPER// 4700002207]
2021-2022;LIQUIDADA;21-090-HPER;4700002004;OMAR;PROJAR;SUSTRATOS;FIBRA DE COCO EN BIG BAG X 6 M3;-;FE21-00780;46;M3;EUR;31,280.00;60;CIF;SEA;FCL/FCL;ALGECIRAS;CALLAO;1;40HC;24;;NA;DIRECTO;MSC;;MEDU4663339;NA;;27/07/2021;27/07/2021;3/08/2021;31;MEDUCD469069;MSC MARGARITA NX130A;28/08/2021;28/08/2021;27/08/2021;34;NO;NA;NA;MEDLOG;AVM;766;20/08/2021;26/08/2021;118-2021-10-333958-01-6-00;Verde;27/08/2021;27/08/2021;27/08/2021;3/09/2021;3/09/2021;;AVM;4/09/2021;;AGERSA;NA;4/09/2021;FUNDO ARMONIA;;1/01/1900;52;;;28/03/2022;2021-1;;-;-;Cargada en CP - DOCUMENTACIÓN CARGADA. FALTA CERT. ORIGEN, CERT. FITOSANITARIO EXPORTACIÓN, SEGURO Y PROFORMA SLI [21-192-HPER // 4700002191 // CAIU4718209]
2021-2022;LIQUIDADA;21-090-HPER;4700002004;OMAR;PROJAR;E & E;BERRYPOT FRAMBUESA 10,5L NEGRO;-;FE21-00780;5,000;UN;EUR;3,550.00;60;CIF;SEA;FCL/FCL;ALGECIRAS;CALLAO;1;40HC;24;;NA;DIRECTO;MSC;;INKU6547770;NA;;27/07/2021;27/07/2021;3/08/2021;31;MEDUCD469069;MSC MARGARITA NX130A;28/08/2021;28/08/2021;27/08/2021;34;NO;NA;NA;MEDLOG;AVM;766;20/08/2021;26/08/2021;118-2021-10-333958-01-6-00;Verde;27/08/2021;27/08/2021;27/08/2021;3/09/2021;3/09/2021;;AVM;4/09/2021;;AGERSA;NA;4/09/2021;FUNDO ARMONIA;;1/01/1900;52;;;28/03/2022;2021-1;;-;-;Cargada en CP - DOCUMENTACIÓN CARGADA. FALTA CERT. ORIGEN, CERT. FITOSANITARIO EXPORTACIÓN, SEGURO Y PROFORMA SLI [21-192-HPER // 4700002191 // FFAU2004902]
2021-2022;LIQUIDADA;21-091-HPER;4700002064;OMAR;LEGRO POTGRONDBEDRIJF B.V.;SUSTRATOS;SUSTRATO LEGRO LB 07PFINE ;VIVERO ILUSION - ARMONIA 3;21HOR7802;24;BOLSAS;EUR;4,221.20;30% AP;FOB;SEA;FCL/FCL;RIGA;CALLAO;1;40HC;24;;;AIRSEALOG;HAPAG LLOYD;;HLBU3258457;NA;16/07/2021;21/07/2021;21/07/2021;29/07/2021;30;CTLT08025037722;CMA CGM ARKANSAS 1232S;20/08/2021;3/09/2021;10/09/2021;36;SI;21-091-HPER;13/08/2021;IMUPESA;AVM;809;3/09/2021;9/09/2021;118-2021-10-352791-01-6-00;Verde;11/09/2021;12/09/2021;10/09/2021;15/09/2021;22/09/2021;;AVM;25/09/2021;;RVC;NA;24/09/2021;VIVERO ILUSION;4/10/2021;5/10/2021;40;;;28/03/2022;2021-1;;-;-;Cargada en CP - DOCUMENTACIÓN CARGADA. FALTA CERT. ORIGEN, CERT. FITOSANITARIO EXPORTACIÓN, SEGURO Y PROFORMA SLI [21-187-HPER // FFAU1204439]
2021-2022;LIQUIDADA;21-091-HPER;4700002064;OMAR;LEGRO POTGRONDBEDRIJF B.V.;SUSTRATOS;SUSTRATO LEGRO LB 07PFINE ;VIVERO ILUSION - ARMONIA 3;21HOR7802;24;BOLSAS;EUR;4,221.20;30% AP;FOB;SEA;FCL/FCL;RIGA;CALLAO;1;40HC;24;;;AIRSEALOG;HAPAG LLOYD;;TGBU5944009;NA;16/07/2021;21/07/2021;21/07/2021;29/07/2021;30;CTLT08025037722;CMA CGM ARKANSAS 1232S;20/08/2021;3/09/2021;10/09/2021;36;SI;21-091-HPER;13/08/2021;IMUPESA;AVM;809;3/09/2021;9/09/2021;118-2021-10-352791-01-6-00;Verde;11/09/2021;12/09/2021;10/09/2021;15/09/2021;22/09/2021;;AVM;25/09/2021;;RVC;NA;24/09/2021;VIVERO ILUSION;4/10/2021;5/10/2021;40;;;28/03/2022;2021-1;;-;-;Cargada en CP - DOCUMENTACIÓN CARGADA. FALTA PROFORMA SLI [21-186-HPER // 4700002220 // TCNU7889153]
2021-2022;LIQUIDADA;21-091-HPER;4700002064;OMAR;LEGRO POTGRONDBEDRIJF B.V.;SUSTRATOS;SUSTRATO LEGRO LB 07PFINE ;VIVERO ILUSION - ARMONIA 3;21HOR7802;24;BOLSAS;EUR;4,221.20;30% AP;FOB;SEA;FCL/FCL;RIGA;CALLAO;1;40HC;24;;;AIRSEALOG;HAPAG LLOYD;;FANU1033221;NA;16/07/2021;21/07/2021;21/07/2021;29/07/2021;30;CTLT08025037722;CMA CGM ARKANSAS 1232S;20/08/2021;3/09/2021;10/09/2021;36;SI;21-091-HPER;13/08/2021;IMUPESA;AVM;809;3/09/2021;9/09/2021;118-2021-10-352791-01-6-00;Verde;11/09/2021;12/09/2021;10/09/2021;15/09/2021;22/09/2021;;AVM;25/09/2021;;AGERSA;NA;25/09/2021;VIVERO ILUSION;3/10/2021;4/10/2021;40;;;28/03/2022;2021-1;;-;-;Cargada en CP - DOCUMENTACIÓN CARGADA. FALTA PROFORMA SLI [21-185-HPER // 4700002223 // TXGU6501651]
2021-2022;LIQUIDADA;21-091-HPER;4700002064;OMAR;LEGRO POTGRONDBEDRIJF B.V.;SUSTRATOS;SUSTRATO LEGRO LB 07PFINE ;VIVERO ILUSION - ARMONIA 3;21HOR7802;24;BOLSAS;EUR;4,221.20;30% AP;FOB;SEA;FCL/FCL;RIGA;CALLAO;1;40HC;24;;;AIRSEALOG;HAPAG LLOYD;;HLBU3393483;NA;16/07/2021;21/07/2021;21/07/2021;29/07/2021;30;CTLT08025037722;CMA CGM ARKANSAS 1232S;20/08/2021;3/09/2021;10/09/2021;36;SI;21-091-HPER;13/08/2021;IMUPESA;AVM;809;3/09/2021;9/09/2021;118-2021-10-352791-01-6-00;Verde;11/09/2021;12/09/2021;10/09/2021;15/09/2021;22/09/2021;;AVM;25/09/2021;;AGERSA;NA;25/09/2021;VIVERO ILUSION;3/10/2021;4/10/2021;40;;;28/03/2022;2021-1;;-;-;Cargada en CP - DOCUMENTACIÓN CARGADA. FALTA PROFORMA SLI [21-185-HPER // 4700002223 // FFAU1939017]
2021-2022;LIQUIDADA;21-092-HPER;4700002077;OMAR;HORTIFRUT CHILE SA;PLANTAS;ROCIO;-;11593;160,000;UN;USD;460,800.00;90;CFR;AIR;AIR;SANTIAGO;LIMA;-;-;6;23/07/2021;NA;DIRECTO;KOREAN AIR;;-;NA;;15/08/2021;15/08/2021;15/08/2021;32;180-48263891;KE0274/15;15/08/2021;15/08/2021;15/08/2021;32;SI;21-092-HPER;13/08/2021;SAASA;AVM;742;13/08/2021;19/08/2021;235-2021-10-125226-01-1-00;Verde;15/08/2021;15/08/2021;19/08/2021;20/08/2021;20/08/2021;NA;RVC;22/08/2021;;RVC;NA;NA;VIVERO ILUSION;22/08/2021;23/08/2021;34;;;28/03/2022;2021-1;;-;-;Cargada en CP - DOCUMENTACIÓN CARGADA. FALTA PROFORMA SLI [21-197-HPER // 4700002231 // MEDU8668956]
2021-2022;LIQUIDADA;21-092-HPER;4700002078;OMAR;HORTIFRUT CHILE SA;PLANTAS;ROCIO ;-;11594;40,000;UN;USD;115,200.00;90;CFR;AIR;AIR;SANTIAGO;LIMA;-;-;2;23/07/2021;NA;DIRECTO;KOREAN AIR;;-;NA;;15/08/2021;15/08/2021;15/08/2021;32;180-48263891;KE0274/15;15/08/2021;15/08/2021;15/08/2021;32;SI;21-092-HPER;13/08/2021;SAASA;AVM;742;13/08/2021;19/08/2021;235-2021-10-125226-01-1-00;Verde;15/08/2021;15/08/2021;19/08/2021;20/08/2021;20/08/2021;NA;RVC;22/08/2021;;RVC;NA;NA;VIVERO ILUSION;22/08/2021;23/08/2021;34;;;28/03/2022;2021-1;;-;-;Cargada en CP - DOCUMENTACIÓN CARGADA. FALTA PROFORMA SLI [21-197-HPER // 4700002231 // TCNU1311152]
2021-2022;LIQUIDADA;21-093-HPER;4700002054;RENE;FASTIK ;E & E;FILM PUNNET PET 18OZ 7X7 CESTA;-;80919-86727;704,000;UN;USD;44,464.64;30;EXW;AIR;AIR;MIAMI;CALLAO;-;-;4;3/08/2021;3/08/2021;FORBIS;LATAM;;-;9/08/2021;13/08/2021;17/08/2021;20/08/2021;20/08/2021;33;FOR70350264;L7-1833;18/08/2021;20/08/2021;20/08/2021;33;SI;21-093-HPER;18/08/2021;TALMA;AVM;761;19/08/2021;19/08/2021; 235-2021-10-125390-01-4-00;VERDE;20/08/2021;20/08/2021;23/08/2021;NA;NA;NA;AVM;24/08/2021;;AGERSA;NA;NA;PACKING SALAVERRY;27/08/2021;28/08/2021;34;;;28/03/2022;2021-1;;-;ANTES OC 4700001941  de un total de 2,000,000 - OC 2020 - OC 2047 ;Cargada en CP - DOCUMENTACIÓN CARGARDA. FALTA SEGURO [21-193-HPER // 4700002229 // MEDU8397448]
2021-2022;LIQUIDADA;21-094-HPER;4700002070;RENE;FASTIK ;E & E;FILM PUNNET PET 18OZ 7X7 CESTA;-;80920-86728;704,000;UN;USD;44,464.64;30;EXW;AIR;AIR;MIAMI;CALLAO;-;-;4;30/07/2021;4/08/2021;FORBIS;LATAM;;-;9/08/2021;13/08/2021;17/08/2021;20/08/2021;27/08/2021;34;FOR70350307;L7-1833;18/08/2021;27/08/2021;27/08/2021;34;SI;21-094-HPER;18/08/2021;SHOHIN;AVM;783;25/08/2021;26/08/2021; 235-2021-10-128519-01-8-01;Verde;27/08/2021;27/08/2021;1/09/2021;NA;NA;NA;AVM;3/09/2021;;AGERSA;NA;NA;PACKING CHAO;3/09/2021;4/09/2021;35;;;28/03/2022;2021-1;;-;ANTES OC 4700001941 de un total de 2,000,000 - OC 2020 - OC 2047 - OC 2054;Cargada en CP - DOCUMENTACIÓN CARGADA. FALTA PROFORMA SLI [21-191-HPER // TRHU6674874]
2021-2022;LIQUIDADA;21-095-HPER;4700002030;OMAR;PROMISOL ;AGQ;PROMI-CALFOR;-;21356;23,000;LITROS;EUR;85,560.00;90;CIF;SEA;FCL/FCL;BARCELONA;CALLAO;1;40HC;-;;NA;DIRECTO;MSC;;FCIU3532753;NA;;9/08/2021;9/08/2021;8/08/2021;31;MEDUCI358812;MSC MELINE NX133A;6/09/2021;6/09/2021;21/09/2021;38;NO;NA;NA;IMUPESA;AVM;797;31/08/2021;9/09/2021; 118-2021-10-353153-01-3-00;Verde;22/09/2021;23/09/2021;21/09/2021;NA;NA;;AVM;28/09/2021;;AGERSA;NA;;FUNDO ARMONIA;;1/01/1900;52;;;28/03/2022;2021-1;;-;;CARGADA EN CP. DOCUMENTACIÓN CARGADA. FALTA BL, CERT. ORIG, CERT. FITOSANITARIO, PERMISO FITOSANITARIO, PROFORMA SLI Y SEGURO [21-176-HPER // 4700002137 // CMAU3005546]
2021-2022;LIQUIDADA;21-096-HPER;4700002033;OMAR;PROMISOL ;AGQ;PROMI-CALFOR;-;21362;7,000;LITROS;EUR;25,900.00;90;FOB;SEA;LCL/LCL;BARCELONA;CALLAO;-;-;6;;28/07/2021;NOATUM;CMA CGM;;-;NA;;11/08/2021;11/08/2021;14/08/2021;32;505154;CMA CGM ARKANSAS 1232S;8/09/2021;8/09/2021;10/09/2021;36;SI;21-096-HPER;31/08/2021;VILLAS OQUENDO;AVM;803;2/09/2021;8/09/2021; 118-2021-10-350673-01-6-00;Verde;11/09/2021;11/09/2021;10/09/2021;NA;NA;NA;AVM;15/09/2021;;AGERSA;NA;NA;ARMONIA;16/09/2021;17/09/2021;37;;;28/03/2022;2021-1;;-;;Cargada en CP - DOCUMENTACIÓN CARGADA. FALTA PROFORMA SLI [21-184-HPER // 4700002226 // MSDU7941889]
2021-2022;LIQUIDADA;21-097-HPER;4700002014;RENE;PROJAR;SUSTRATOS;TURBA BLEND 1530F;-;FX21-00422;22;BOLSAS;EUR;9,482.30;0;CIF;SEA;FCL/FCL;RIGA;CALLAO;1;40HC;-;-;NA;DIRECTO;HAPAG LLOYD;;TCNU8680790;NA;-;22/08/2021;23/08/2021;27/08/2021;34;HLCURIX210811335;LIMARI 02S;24/09/2021;24/09/2021;11/10/2021;41;NO;NA;NA;IMUPESA;AVM;909;5/10/2021;7/10/2021;118-2021-10-392358-01-1-01;Verde;12/10/2021;6/10/2021;11/10/2021;15/10/2021;26/10/2021;;AVM;27/10/2021;;RVC;NA;27/10/2021;VIVERO ILUSION;28/10/2021;29/10/2021;43;;;28/03/2022;2021-1;UPS;1Z48V0570499904822;CNTRS FUMIGADOS;Cargada en CP - DOCUMENTACIÓN CARGADA. FALTA PROFORMA SLI [21-157-HPER // 4700002169 // TCNU1319195]
2021-2022;LIQUIDADA;21-097-HPER;4700002014;RENE;PROJAR;SUSTRATOS;TURBA BLEND 1530F;-;FX21-00422;22;BOLSAS;EUR;9,482.30;0;CIF;SEA;FCL/FCL;RIGA;CALLAO;1;40HC;-;-;NA;DIRECTO;HAPAG LLOYD;;UACU5233698;NA;-;22/08/2021;23/08/2021;27/08/2021;34;HLCURIX210811335;LIMARI 02S;24/09/2021;24/09/2021;11/10/2021;41;NO;NA;NA;IMUPESA;AVM;909;5/10/2021;7/10/2021;118-2021-10-392358-01-1-01;Verde;12/10/2021;13/10/2021;11/10/2021;15/10/2021;26/10/2021;;AVM;27/10/2021;;RVC;NA;27/10/2021;VIVERO ILUSION;28/10/2021;29/10/2021;43;;;28/03/2022;2021-1;UPS;1Z48V0570499904822;CNTRS FUMIGADOS;Cargada en CP - DOCUMENTACIÓN CARGADA. FALTA PROFORMA SLI [21-156-HPER // 4700002161 // MEDU7244568]
2021-2022;LIQUIDADA;21-098-HPER;4700001997;RENE;JCK;E & E;PUNNET PET 18OZ 7X7 CESTA;-;559;252,672;UN;USD;28,172.93;90;FOB;SEA;FCL/FCL;SAN VICENTE;CALLAO;1;40HC;658;10/08/2021;20/08/2021;ULOG;HAMBURG SUD;;TCNU1062810;NA;23/05/2021;30/08/2021;30/08/2021;5/09/2021;35;ES202108-5811;SAFMARINE MAKUTU 134NB;3/09/2021;9/09/2021;10/09/2021;36;SI;21-098-HPER;27/08/2021;IMUPESA;AVM;801;1/09/2021;9/09/2021;118-2021-10-352505-01-3-00;Verde;11/09/2021;11/09/2021;15/09/2021;NA;NA;;AVM;16/09/2021;;RVC;NA;16/09/2021;PACKING CHAO;20/09/2021;21/09/2021;38;;;28/03/2022;2021-1;;-;;Cargada en CP - DOCUMENTACIÓN CARGADA. FALTA PROFORMA SLI [21-184-HPER // 4700002226 // CAIU7625795]
2021-2022;LIQUIDADA;21-098-HPER;4700001997;RENE;JCK;E & E;PUNNET PET 18OZ 7X7 CESTA;-;559;252,672;UN;USD;28,172.93;90;FOB;SEA;FCL/FCL;SAN VICENTE;CALLAO;1;40HC;658;10/08/2021;20/08/2021;ULOG;HAMBURG SUD;;SEKU4727692;NA;23/05/2021;30/08/2021;30/08/2021;5/09/2021;35;ES202108-5811;SAFMARINE MAKUTU 134NB;3/09/2021;9/09/2021;10/09/2021;36;SI;21-098-HPER;27/08/2021;IMUPESA;AVM;801;1/09/2021;9/09/2021;118-2021-10-352505-01-3-00;Verde;11/09/2021;11/09/2021;15/09/2021;NA;NA;;AVM;16/09/2021;;AGERSA;NA;16/09/2021;PACKING CHAO;;1/01/1900;52;;;28/03/2022;2021-1;;-;;Cargada en CP - DOCUMENTACIÓN CARGADA. FALTA PROFORMA SLI [21-183-HPER // 4700002224 // UESU5221743]
2021-2022;LIQUIDADA;21-098-HPER;4700001997;RENE;JCK;E & E;PUNNET PET 18OZ 7X7 CESTA;-;559;252,672;UN;USD;28,172.93;90;FOB;SEA;FCL/FCL;SAN VICENTE;CALLAO;1;40HC;658;10/08/2021;20/08/2021;ULOG;HAMBURG SUD;;MRSU4556252;NA;23/05/2021;30/08/2021;30/08/2021;5/09/2021;35;ES202108-5811;SAFMARINE MAKUTU 134NB;3/09/2021;9/09/2021;10/09/2021;36;SI;21-098-HPER;27/08/2021;IMUPESA;AVM;801;1/09/2021;9/09/2021;118-2021-10-352505-01-3-00;Verde;11/09/2021;11/09/2021;15/09/2021;NA;NA;;AVM;16/09/2021;;AGERSA;NA;16/09/2021;PACKING SALAVERRY;;1/01/1900;52;;;28/03/2022;2021-1;;-;;Cargada en CP - DOCUMENTACIÓN CARGADA. FALTA PROFORMA SLI [21-183-HPER // 4700002224 // MSDU7544460]
2021-2022;LIQUIDADA;21-098-HPER;4700001997;RENE;JCK;E & E;PUNNET PET 18OZ 7X7 CESTA;-;559;252,672;UN;USD;28,172.93;90;FOB;SEA;FCL/FCL;SAN VICENTE;CALLAO;1;40HC;658;10/08/2021;20/08/2021;ULOG;HAMBURG SUD;;TRHU6541995;NA;23/05/2021;30/08/2021;30/08/2021;5/09/2021;35;ES202108-5811;SAFMARINE MAKUTU 134NB;3/09/2021;9/09/2021;10/09/2021;36;SI;21-098-HPER;27/08/2021;IMUPESA;AVM;801;1/09/2021;9/09/2021;118-2021-10-352505-01-3-00;Verde;11/09/2021;11/09/2021;15/09/2021;NA;NA;;AVM;16/09/2021;001-107178;RVC;NA;16/09/2021;PACKING SALAVERRY;22/09/2021;23/09/2021;38;0029-00021;014-1503;28/03/2022;2021-1;;-;;Cargada en CP - DOCUMENTACIÓN CARGADA [21-183-HPER // 4700002224 // MSDU7544460]
2021-2022;LIQUIDADA;21-099-HPER;4700001998;RENE;JCK;E & E;PUNNET PET 18OZ 7X7 CESTA;-;563;252,672;UN;USD;27,035.91;90;FOB;SEA;FCL/FCL;SAN ANTONIO;CALLAO;1;40HC;658;10/08/2021;25/08/2021;AIRSEALOG;HAMBURG SUD;;MRKU5103601;NA;-;4/09/2021;9/09/2021;10/09/2021;36;S00010516;UTE 133W;10/09/2021;12/09/2021;16/09/2021;37;SI;21-099-HPER;9/09/2021;IMUPESA;AVM;832;9/09/2021;10/09/2021;118-2021-10-356164-01-6-00;Verde;17/09/2021;17/09/2021;16/09/2021;NA;NA;;AVM;23/09/2021;;RVC;NA;23/09/2021;PACKING SALAVERRY;11/10/2021;12/10/2021;41;;;28/03/2022;2021-1;;-;;No cargada por medio de transporte AIRE (Control 23/12) [21-179-HPER // 4700002205]
2021-2022;LIQUIDADA;21-099-HPER;4700001998;RENE;JCK;E & E;PUNNET PET 18OZ 7X7 CESTA;-;563;252,672;UN;USD;27,035.91;90;FOB;SEA;FCL/FCL;SAN ANTONIO;CALLAO;1;40HC;658;10/08/2021;25/08/2021;AIRSEALOG;HAMBURG SUD;;SUDU8597186;NA;-;4/09/2021;9/09/2021;10/09/2021;36;S00010516;UTE 133W;10/09/2021;12/09/2021;16/09/2021;37;SI;21-099-HPER;9/09/2021;IMUPESA;AVM;832;9/09/2021;10/09/2021;118-2021-10-356164-01-6-00;Verde;17/09/2021;17/09/2021;16/09/2021;NA;NA;;AVM;24/09/2021;;AGERSA;NA;24/09/2021;PACKING SALAVERRY;;1/01/1900;52;;;28/03/2022;2021-1;;-;;No cargada por medio de transporte AIRE (Control 23/12) [21-179-HPER // 4700002206]
2021-2022;LIQUIDADA;21-099-HPER;4700001998;RENE;JCK;E & E;PUNNET PET 18OZ 7X7 CESTA;-;563;252,672;UN;USD;27,035.91;90;FOB;SEA;FCL/FCL;SAN ANTONIO;CALLAO;1;40HC;658;10/08/2021;25/08/2021;AIRSEALOG;HAMBURG SUD;;TCKU7576560;NA;-;4/09/2021;9/09/2021;10/09/2021;36;S00010516;UTE 133W;10/09/2021;12/09/2021;16/09/2021;37;SI;21-099-HPER;9/09/2021;IMUPESA;AVM;832;9/09/2021;10/09/2021;118-2021-10-356164-01-6-00;Verde;17/09/2021;17/09/2021;16/09/2021;NA;NA;;AVM;23/09/2021;;RVC;NA;23/09/2021;PACKING SALAVERRY;11/10/2021;12/10/2021;41;;;28/03/2022;2021-1;;-;;No cargada por medio de transporte AIRE (23/12) [21-178-HPER // 4700002179]
2021-2022;LIQUIDADA;21-099-HPER;4700001998;RENE;JCK;E & E;PUNNET PET 18OZ 7X7 CESTA;-;563;252,672;UN;USD;27,035.91;90;FOB;SEA;FCL/FCL;SAN ANTONIO;CALLAO;1;40HC;658;10/08/2021;25/08/2021;AIRSEALOG;HAMBURG SUD;;TRHU4257418;NA;-;4/09/2021;9/09/2021;10/09/2021;36;S00010516;UTE 133W;10/09/2021;12/09/2021;16/09/2021;37;SI;21-099-HPER;9/09/2021;IMUPESA;AVM;832;9/09/2021;10/09/2021;118-2021-10-356164-01-6-00;Verde;17/09/2021;17/09/2021;16/09/2021;NA;NA;;AVM;24/09/2021;;AGERSA;NA;24/09/2021;PACKING SALAVERRY;;1/01/1900;52;;;28/03/2022;2021-1;;-;;No cargada por medio de transporte AIRE (23/12) [21-177-HPER // 4700002095]
2021-2022;LIQUIDADA;21-100-HPER;4700001999;RENE;JCK;E & E;PUNNET PET 18OZ 7X7 CESTA;-;571;252,672;UN;USD;27,035.90;90;FOB;SEA;FCL/FCL;SAN ANTONIO;CALLAO;1;40HC;658;10/08/2021;20/08/2021;AIRSEALOG;HAMBURG SUD;;TCNU2816998;NA;18/09/2021;25/09/2021;25/09/2021;29/09/2021;39;S00011192;JOGELA 136W;1/10/2021;1/10/2021;3/10/2021;39;SI;21-100-HPER;27/09/2021;IMUPESA;AVM;879;27/09/2021;5/10/2021;118-2021-10-386125-01-9-00;Verde;4/10/2021;5/10/2021;5/10/2021;NA;NA;;AVM;11/10/2021;;AGERSA;NA;11/10/2021;PACKING CHAO;24/10/2021;25/10/2021;43;;;28/03/2022;2021-1;;-;;Cargada en CP - DOCUMENTACIÓN CARGADA. FALTA PROFORMA SLI [21-162-HPER // 4700002163 // MEDU8918783]
2021-2022;LIQUIDADA;21-100-HPER;4700001999;RENE;JCK;E & E;PUNNET PET 18OZ 7X7 CESTA;-;571;176,640;UN;USD;18,900.48;90;FOB;SEA;FCL/FCL;SAN ANTONIO;CALLAO;1;40HC;460;10/08/2021;20/08/2021;AIRSEALOG;HAMBURG SUD;;GCXU5724207;NA;18/09/2021;25/09/2021;25/09/2021;29/09/2021;39;S00011192;JOGELA 136W;1/10/2021;1/10/2021;3/10/2021;39;SI;21-100-HPER;27/09/2021;IMUPESA;AVM;879;27/09/2021;5/10/2021;118-2021-10-386125-01-9-00;Verde;4/10/2021;5/10/2021;5/10/2021;NA;NA;;AVM;11/10/2021;;RVC;NA;11/10/2021;PACKING CHAO;21/10/2021;22/10/2021;42;;;28/03/2022;2021-1;;-;;Cargada en CP - DOCUMENTACIÓN CARGADA. FALTA PROFORMA SLI [21-162-HPER // 4700002163 // CAAU5888911]
2021-2022;LIQUIDADA;21-101-HPER;4700002074;RENE;HORTIFRUT MEXICO SA DE CV;E & E;PUNNET PET 11OZ 5X7;-;F‐24414;498,960;UN;USD;43,808.69;60;CIF;SEA;FCL/FCL;MANZANILLO;CALLAO;1;40HC;693;;NA;DIRECTO;COSCO;;TGBU896783;NA;;7/08/2021;30/08/2021;4/09/2021;35;S00034146;XIN NAN TONG 430E;11/09/2021;11/09/2021;11/09/2021;36;NO;21-101-HPER;25/08/2021;IMUPESA;AVM;813;6/09/2021;10/09/2021;118-2021-10-355505-01-4-00;Verde;12/09/2021;12/09/2021;11/09/2021;NA;NA;;AVM;17/09/2021;;RVC;NA;18/09/2021;PACKING SALAVERRY;9/10/2021;10/10/2021;40;;;28/03/2022;2021-1;;-;;Cargada en CP - DOCUMENTACIÓN CARGADA [21-182-HPER // 4700002219 // HLBU3349243]
2021-2022;LIQUIDADA;21-102-HPER; 4700002041 ;JOSE;INTRALOX;SPAREPARTS;Fajad de transporte de codificado y maquinas pesadoras Curo;-;2397274;3;UN;USD;9,172.08;0;EXW;AIR;AIR;MIAMI;LIMA;-;-;3;26/08/2021;26/08/2021;AIRSEALOG;NORTHERN AIR CARGO;;-;9/09/2021;;18/09/2021;18/09/2021;22/09/2021;38;MIA/LIM/010989;NC860;18/09/2021;22/09/2021;23/09/2021;38;SI;21-102-HPER;20/09/2021;SHOHIN;AVM;861;21/09/2021;14/09/2021;235-2021-10-138331-01-1-01;Verde;23/09/2021;23/09/2021;21/09/2021;NA;NA;NA;AVM;22/09/2021;;AGERSA;NA;NA;PACKING SALAVERRY;;1/01/1900;52;;;28/03/2022;2021-1;;-;;Cargada en CP - DOCUMENTACIÓN CARGADA. FALTA PROFORMA SLI [21-174-HPER // 4700002126 // FCIU2545416]
2021-2022;LIQUIDADA;21-103-HPER;4700001983;JOSE;TOPCONTROL GMBH SRL;SPAREPARTS;Balanza + hardware de pesado N 01;-;RK 1262;24;UN;USD;50,000.16;0;DAP;SEA;LCL/LCL;GENOVA;CALLAO;-;-;1;-;NA;JS GROUP;MSC;;MSCU 570110;NA;7/07/2021;11/07/2021;11/07/2021;11/07/2021;27;MIL/CAL/06476;MSC MANU XA132A;26/08/2021;26/08/2021;28/08/2021;34;NO;NA;NA;DPW;JS;210514;NA;27/08/2021;118-2021-10-334691-01-3-00;Verde;30/08/2021;30/08/2021;28/08/2021;NA;NA;NA;JS;4/09/2021;;;NA;NA;;;1/01/1900;52;;;28/03/2022;2021-1;;-;;Cargada en CP - DOCUMENTACIÓN CARGADA. FALTA PROFORMA SLI [21-191-HPER // BEAU6063003]
2021-2022;LIQUIDADA;21-104-HPER;PEA23Z99N0;JOSE;MARCELO VERGARAY;MUESTRAS;MUESTRAS;-;NA;1;UN;USD;1.00;0;EXW;AIR;AIR;SHANGHAI;LIMA;-;-;1;10-Jul;;DHL;DHL;;-;10-Jul;10-Jul;19/07/2021;19/07/2021;19/07/2021;29;6455910193;-;23/07/2021;23/07/2021;23/07/2021;29;SI;NA;NA;DHL;DHL;NA;NA;23/07/2021;235-21-28-681504-10-4-00;Verde;23/07/2021;23/07/2021;23/07/2021;NA;NA;NA;DHL;25/07/2021;;DHL;NA;NA;SALAVERRY;1/08/2021;2/08/2021;31;;;28/03/2022;2021-1;;-;;Cargada en CP - DOCUMENTACIÓN CARGADA. FALTA CERT. ORIGEN, CERT. FITOSANITARIO EXPORTACIÓN Y PROFORMA SLI [21-207-HPER // APHU6917056]
2021-2022;LIQUIDADA;21-105-HPER;4700002085;GERMAN;EARIS & BERRYPRO, S.L.;SPAREPARTS;TABLILLAS CON TETONES BERRYPRO BANDA AF;-;2021-FP-0052;14;UN;EUR;706.00;30;EXW;AIR;AIR;SEVILLA;LIMA;-;-;1;20/07/2021;;DHL;DHL;;-;6/08/2021;6/08/2021;6/08/2021;6/08/2021;6/08/2021;31;6369634504;-;10/08/2021;10/08/2021;10/08/2021;32;SI;NA;NA;DHL;DHL;-;NA;10/08/2021;235-2021-28-00694311-10-0-00;Verde;10/08/2021;11/08/2021;10/08/2021;;;NA;;11/08/2021;;DHL;NA;NA;PLANTA SALAVERRY;2/09/2021;3/09/2021;35;;;28/03/2022;2021-1;;-;;Cargada en CP - DOCUMENTACIÓN CARGADA. FALTA CERT. ORIGEN, CERT. FITOSANITARIO EXPORTACIÓN Y PROFORMA SLI [21-200-HPER // 4700002194 // TGHU9586760]
2021-2022;LIQUIDADA;21-106-HPER;PEA2H10101;RENE;VERITAS;MUESTRAS;MUESTRAS;-;NA;1;UN;USD;1.00;0;DDP;AIR;AIR;SRI LANKA;LIMA;-;-;1;;NA;DHL;DHL;;-;;;31/08/2021;31/08/2021;31/08/2021;35;6427822391;-;14/09/2021;14/09/2021;8/09/2021;36;NO;NA;NA;DHL;DHL;NA;NA;;;;;;;;;NA;;10/09/2021;;DHL;NA;NA;SALAVERRY;12/09/2021;13/09/2021;37;;;28/03/2022;2021-1;;-;;Cargada en CP - DOCUMENTACIÓN CARGADA. FALTA CERT. ORIGEN, CERT. FITOSANITARIO EXPORTACIÓN, SEGURO Y PROFORMA SLI [21-187-HPER // FFAU2201223]
2021-2022;LIQUIDADA;21-107-HPER; 4700002051;JOSE;HOTTINGER;SPAREPARTS;CELDA DE CARGA 1 - PW6CMR/10 Kg;-;512117959;60;UN;USD;3,300.00;0;EXW;AIR;AIR;ALEMANIA;LIMA;-;-;2;27/08/2021;31/08/2021;AIR SEA LOG;KLM;;-;2/09/2021;2/09/2021;5/09/2021;5/09/2021;5/09/2021;35;TCI10043963;KL8360;7/09/2021;6/09/2021;6/09/2021;36;SI;21-107-HPER;3/09/2021;SHOHIN;AVM;808;3/09/2021;6/09/2021;235-2021-10-134136-01-1-00;Verde;7/09/2021;7/09/2021;7/09/2021;NA;NA;NA;AVM;9/09/2021;;AGERSA;NA;NA;PACKING SALAVERRY;;1/01/1900;52;;;28/03/2022;2021-1;;-;;Cargada en CP - DOCUMENTACIÓN CARGARDA. FALTA PROFORMA SLI [21-188-HPER // 4700002190 // MSMU7752979]
2021-2022;LIQUIDADA;21-108-HPER;4700001991;OMAR;LIPPEL ;SPAREPARTS;REPUESTOS;-;6545;120;UN;USD;19,140.00;0;EXW;AIR;AIR;ITAJAI;LIMA;-;-;1;2/08/2021;1/09/2021;AIRSEALOG;ATLAS AIR;;-;9/09/2021;;15/09/2021;15/09/2021;27/09/2021;39;12EAVCP2109400;5Y0056;17/09/2021;27/09/2021;27/09/2021;39;SI;21-108-HPER;15/09/2021;SHOHIN;AVM;849;17/09/2021;20/09/2021;235-2021-10-141246-01-1-00;Verde;27/09/2021;27/09/2021;27/09/2021;NA;NA;NA;AVM;30/09/2021;;AGERSA;NA;NA;;30/09/2021;1/10/2021;39;;;28/03/2022;2021-1;DHL;2961783344;;No cargada por medio de transporte AIRE (23/12) [21-169-HPER // 4700002139]
2021-2022;LIQUIDADA;21-109-HPER;4700002097;RENE;PROJAR;SUSTRATOS;TURBA BLEND 1530F;-;FX21-00423;22;BOLSAS;EUR;9,482.30;0;CIF;SEA;FCL/FCL;RIGA;CALLAO;1;40HC;-;-;NA;DIRECTO;HAPAG LLOYD;;BEAU4160318;NA;-;22/08/2021;23/08/2021;27/08/2021;34;HLCURIX210811380;LIMARI 02S;24/09/2021;24/09/2021;11/10/2021;41;NO;NA;NA;IMUPESA;AVM;910;5/10/2021;7/10/2021;118-2021-10-392500-01-2-01;Verde;12/10/2021;13/10/2021;11/10/2021;15/10/2021;26/10/2021;;AVM;28/10/2021;;AGERSA;NA;28/10/2021;VIVERO ILUSION;4/11/2021;5/11/2021;44;;;28/03/2022;2021-1;UPS;1Z48V0570499904822;CNTRS FUMIGADOS;Cargada en CP - DOCUMENTACIÓN CARGADA. FALTA PROFORMA SLI [21-155-HPER // 4700002160 // PGTU9134362]
2021-2022;LIQUIDADA;21-109-HPER;4700002097;RENE;PROJAR;SUSTRATOS;TURBA BLEND 1530F;-;FX21-00423;22;BOLSAS;EUR;9,482.30;0;CIF;SEA;FCL/FCL;RIGA;CALLAO;1;40HC;-;-;NA;DIRECTO;HAPAG LLOYD;;UACU5714939;NA;-;22/08/2021;23/08/2021;27/08/2021;34;HLCURIX210811380;LIMARI 02S;24/09/2021;24/09/2021;11/10/2021;41;NO;NA;NA;IMUPESA;AVM;910;5/10/2021;7/10/2021;118-2021-10-392500-01-2-01;Verde;12/10/2021;13/10/2021;11/10/2021;15/10/2021;26/10/2021;;AVM;28/10/2021;;AGERSA;NA;28/10/2021;VIVERO ILUSION;4/11/2021;5/11/2021;44;;;28/03/2022;2021-1;UPS;1Z48V0570499904822;CNTRS FUMIGADOS;Cargada en CP - DOCUMENTACIÓN CARGADA. FALTA PROFORMA SLI [21-154-HPER // 4700002168 // CAIU7761317]
2021-2022;LIQUIDADA;21-110-HPER;4700002098;RENE;PROJAR;SUSTRATOS;TURBA BLEND 1530F;-;FX21-00424;22;BOLSAS;EUR;9,482.30;0;CIF;SEA;FCL/FCL;RIGA;CALLAO;1;40HC;-;-;NA;DIRECTO;HAPAG LLOYD;;TCNU8109966;NA;-;22/08/2021;23/08/2021;27/08/2021;34;HLCURIX210811547;LIMARI 02S;24/09/2021;24/09/2021;11/10/2021;41;NO;NA;NA;IMUPESA;AVM;911;5/10/2021;7/10/2021;118-2021-10-392567-01-1-01;Verde;12/10/2021;13/10/2021;11/10/2021;15/10/2021;28/10/2021;;AVM;29/10/2021;;AGERSA;NA;29/10/2021;VIVERO ILUSION;;1/01/1900;52;;;28/03/2022;2021-1;UPS;1Z48V0570499904822;CNTRS FUMIGADOS;Cargada en CP - DOCUMENTACIÓN CARGADA. FALTA PROFORMA SLI [21-154-HPER // 4700002168 // TGHU8738472]
2021-2022;LIQUIDADA;21-110-HPER;4700002098;RENE;PROJAR;SUSTRATOS;TURBA BLEND 1530F;-;FX21-00424;22;BOLSAS;EUR;9,482.30;0;CIF;SEA;FCL/FCL;RIGA;CALLAO;1;40HC;-;-;NA;DIRECTO;HAPAG LLOYD;;FANU1105996;NA;-;22/08/2021;23/08/2021;27/08/2021;34;HLCURIX210811547;LIMARI 02S;24/09/2021;24/09/2021;11/10/2021;41;NO;NA;NA;IMUPESA;AVM;911;5/10/2021;7/10/2021;118-2021-10-392567-01-1-01;Verde;12/10/2021;13/10/2021;11/10/2021;15/10/2021;28/10/2021;;AVM;29/10/2021;;AGERSA;NA;29/10/2021;VIVERO ILUSION;;1/01/1900;52;;;28/03/2022;2021-1;UPS;1Z48V0570499904822;CNTRS FUMIGADOS;Cargada en CP - DOCUMENTACIÓN CARGADA. FALTA PROFORMA SLI [21-154-HPER // 4700002168 // MEDU8079350]
2021-2022;LIQUIDADA;21-111-HPER;4700002112;OMAR;HORTIFRUT CHILE SA;PLANTAS;ROCIO;-;11595;200,000;UN;USD;528,708.90;90;CFR;AIR;AIR;SANTIAGO;LIMA;-;-;8;4/09/2021;NA;DIRECTO;KOREAN AIR;;-;NA;;5/09/2021;5/09/2021;5/09/2021;35;180-48215941;KE0274/15;6/09/2021;6/09/2021;6/09/2021;36;SI;21-111-HPER;5/09/2021;SAASA;AVM;811;5/09/2021;9/09/2021;235-2021-10-136072-01-9-00;Verde;6/09/2021;6/06/2021;9/09/2021;10/09/2021;10/09/2021;NA;RVC;13/09/2021;;RVC;NA;NA;VIVERO ILUSION;12/09/2021;13/09/2021;37;;;28/03/2022;2021-1;;-;;Cargada en CP - Falta cargar documentación (23/12) [21-149-HPER // 4700002201 // SMLU7977132]
2021-2022;LIQUIDADA;21-112-HPER;4700002071;RENE;FASTIK ;E & E;FILM PUNNET PET 18OZ 7X7 CESTA;-;80920-86784;855,250;UN;USD;54,017.59;30;EXW;AIR;AIR;MIAMI;LIMA;-;-;5;31/08/2021;2/09/2021;FORBIS;AIRMAX;;-;3/09/2021;-;15/09/2021;15/09/2021;18/09/2021;37;FOR70350704;NAC860;15/09/2021;15/09/2021;18/09/2021;37;SI;21-112-HPER;13/09/2021;SHOHIN;AVM;838;13/09/2021;14/09/2021;235-2021-10-138331-01-1-01;Verde;18/09/2021;18/09/2021;21/09/2021;NA;NA;NA;AVM;22/09/2021;;AGERSA;NA;NA;PACKING SALAVERRY;;1/01/1900;52;;;28/03/2022;2021-1;;-;;No cargada por medio de transporte AIRE (23/12) [21-177-HPER // 4700002100]
2021-2022;LIQUIDADA;21-113-HPER;4700002099;RENE;FASTIK ;E & E;FILM PUNNET PET 18OZ 7X7 CESTA;-;81447-87052;704,000;UN;USD;44,464.64;30;EXW;AIR;AIR;MIAMI;LIMA;-;-;4;31/08/2021;2/09/2021;FORBIS;AIRMAX;;-;3/09/2021;-;15/09/2021;15/09/2021;18/09/2021;37;FOR70350703;NAC860;15/09/2021;15/09/2021;18/09/2021;37;SI;21-113-HPER;13/09/2021;SHOHIN;AVM;837;13/09/2021;14/09/2021;235-2021-10-138293-01-2-01;Verde;18/09/2021;18/09/2021;21/09/2021;NA;NA;NA;AVM;22/09/2021;;AGERSA;NA;NA;PACKING CHAO;;1/01/1900;52;;;28/03/2022;2021-1;;-;;CARGADA EN CP. DOCUMENTACIÓN CARGADA. FALTA BL, CERT. ORIG, CERT. FITOSANITARIO, PERMISO FITOSANITARIO, PROFORMA SLI Y SEGURO [21-176-HPER // 4700002137 // APZU3566773]
2021-2022;LIQUIDADA;21-114-HPER;4700002119;RENE;FASTIK ;E & E;FILM PUNNET PET 18OZ 7X7 CESTA;-;81447-87073;880,000;UN;USD;55,580.80;30;EXW;AIR;AIR;MIAMI;LIMA;-;-;5;31/08/2021;2/09/2021;FORBIS;AIRMAX;;-;7/09/2021;;18/09/2021;18/09/2021;25/09/2021;38;FOR70350783;NAC860;19/09/2021;18/09/2021;25/09/2021;38;SI;21-114-HPER;17/09/2021;SHOHIN;AVM;850;17/09/2021;17/09/2021; 235-2021-10-140443-01-8-00;Verde;25/09/2021;25/09/2021;27/09/2021;NA;NA;NA;AVM;28/09/2021;;AGERSA;NA;NA;PACKING SALAVERRY;;1/01/1900;52;;;28/03/2022;2021-1;;-;;Cargada en CP - DOCUMENTACIÓN CARGADA. FALTA CERTIFICADO ORIGEN Y PROFORMA SLI [21-173-HPER // 4700002124 // CMAU3239816]
2021-2022;LIQUIDADA;21-115-HPER;4700002053;RENE;FASTIK ;E & E;FILM PUNNET PET 11OZ 5X7;-;80918-86896;880,000;UN;USD;41,993.60;30;EXW;AIR;AIR;MIAMI;LIMA;-;-;4;31/08/2021;2/09/2021;FORBIS;AIRMAX;;-;7/09/2021;;18/09/2021;18/09/2021;25/09/2021;38;FOR70350784;NAC860;19/09/2021;18/09/2021;25/09/2021;38;SI;21-115-HPER;17/09/2021;SHOHIN;AVM;851;17/09/2021;17/09/2021;235-2021-10-140505-01-3-00;Verde;25/09/2021;25/09/2021;27/09/2021;NA;NA;NA;AVM;28/09/2021;;AGERSA;NA;NA;PACKING CHAO;;1/01/1900;52;;;28/03/2022;2021-1;;-;;Cargada en CP - DOCUMENTACIÓN CARGADA. FALTA PROFORMA SLI [21-172-HPER // FFAU1961350]
2021-2022;LIQUIDADA;21-116-HPER;4700002069;RENE;FASTIK ;E & E;FILM PUNNET PET 11OZ 5X7;-;80918-87051;660,000;UN;USD;31,495.20;30;EXW;SEA;LCL/LCL;MIAMI;CALLAO;-;-;3;31/08/2021;2/09/2021;FORBIS;SEABOARD;;SMLU7870170;8/09/2021;15/09/2021;24/09/2021;24/09/2021;25/09/2021;38;HBOL0003330;JULIANA 16;4/10/2021;4/10/2021;5/10/2021;40;SI;21-116-HPER;28/09/2021;ALFOSAC;AVM;885;28/09/2021;1/10/2021; 118-2021-10-381859-01-4-00;Verde;6/10/2021;6/10/2021;5/10/2021;NA;NA;NA;AVM;12/10/2021;;AGERSA;NA;NA;PACKING SALAVERRY;12/10/2021;13/10/2021;41;;;28/03/2022;2021-1;;-;;Cargada en CP - DOCUMENTACIÓN CARGADA. FALTA CERT. ORIGEN Y PROFORMA SLI [21-161-HPER // 4700002162 // FSCU9143110]
2021-2022;LIQUIDADA;21-116-HPER;4700002090;RENE;FASTIK ;E & E;FILM PUNNET PET 11OZ 5X7;-;81452-86897;302,500;UN;USD;14,435.30;30;EXW;SEA;LCL/LCL;MIAMI;CALLAO;-;-;2;31/08/2021;2/09/2021;FORBIS;SEABOARD;;SMLU-7870170;8/09/2021;15/09/2021;24/09/2021;24/09/2021;25/09/2021;38;HBOL0003330;JULIANA 16;4/10/2021;4/10/2021;5/10/2021;40;SI;21-116-HPER;28/09/2021;ALFOSAC;AVM;885;28/09/2021;1/10/2021; 118-2021-10-381859-01-4-00;Verde;6/10/2021;6/10/2021;5/10/2021;NA;NA;NA;AVM;12/10/2021;;AGERSA;NA;NA;PACKING SALAVERRY;12/10/2021;13/10/2021;41;;;28/03/2022;2021-1;;-;;"Cargada en CP - DOCUMENTACIÓN CARGADA. FALTA CERT. ORIGEN Y PROFORMA SLI [21-161-HPER // 4700002162 //
FSCU9143110]"
2021-2022;LIQUIDADA;21-117-HPER;4700002060;GERMAN;UNITEC CHILE S.P.A.;SPAREPARTS;REPUESTOS PARA MAQUINA CALIBRADORA;-;61;1;UN;EUR;6,920.64;0;EXW;AIR;AIR;SANTIAGO;LIMA;-;-;1;31/08/2021;2/09/2021;AIR SEA LOG;KOREAN AIR;;-;29/09/2021;29/09/2021;1/10/2021;1/10/2021;1/10/2021;39;PELIM21070F;KE0274;1/10/2021;1/10/2021;1/10/2021;39;SI;21-117-HPER;30/09/2021;SHOHIN;AVM;892;30/09/2021;4/10/2021;235-2021-10-149100-01-6-00;Verde;1/10/2021;1/10/2021;4/10/2021;NA;NA;NA;AVM;5/10/2021;;AGERSA;NA;NA;PACKING SALAVERRY;5/10/2021;6/10/2021;40;;;28/03/2022;2021-1;;-;;Cargada en CP - DOCUMENTACIÓN CARGADA. FALTA PROFORMA SLI [21-165-HPER // WBPU7010290]
2021-2022;LIQUIDADA;21-117-HPER;4700002056;GERMAN;UNITEC CHILE S.P.A.;SPAREPARTS;REPUESTOS PARA MAQUINA CALIBRADORA;-;60-62;2;UN;EUR;6,705.72;0;EXW;AIR;AIR;SANTIAGO;LIMA;-;-;1;31/08/2021;2/09/2021;AIR SEA LOG;KOREAN AIR;;-;29/09/2021;29/09/2021;1/10/2021;1/10/2021;1/10/2021;39;PELIM21070F;KE0274;1/10/2021;1/10/2021;1/10/2021;39;SI;21-117-HPER;30/09/2021;SHOHIN;AVM;892;30/09/2021;4/10/2021;235-2021-10-149100-01-6-00;Verde;1/10/2021;1/10/2021;4/10/2021;NA;NA;NA;AVM;5/10/2021;;AGERSA;NA;NA;PACKING SALAVERRY;5/10/2021;6/10/2021;40;;;28/03/2022;2021-1;;-;;Cargada en CP - DOCUMENTACIÓN CARGADA. FALTA PROFORMA SLI [21-165-HPER // TGCU5054077]
2021-2022;LIQUIDADA;21-118-HPER;4700001988;RENE;PROJAR;E & E;"BANDEJAx45 CAVIDADES CAP:190CC
COD30126";-;FX21-00442;18,480;UN;EUR;15,700.52;0;CIF;SEA;FCL/FCL;ROTTERDAM;CALLAO;1;40HC;22;;NA;DIRECTO;HAPAG LLOYD;;TCLU8065578;NA;;22/08/2021;8/09/2021;8/09/2021;36;HLCURTM2108ARVS0;CMA CGM JEAN GABRIEL 1236S;22/09/2021;7/10/2021;8/10/2021;40;NO;NA;NA;IMUPESA;AVM;899;1/10/2021;5/10/2021;118-2021-10-385058-01-6-00;Verde;8/10/2021;9/10/2021;8/10/2021;NA;NA;;AVM;16/10/2021;;AGERSA;NA;NA;FUNDO ARMONIA;;1/01/1900;52;;;28/03/2022;2021-1;UPS;1Z48V0570493597729;;Cargada en CP - DOCUMENTACIÓN CARGADA. FALTA PROFORMA SLI [21-158-HPER // 4700002170 // CAIU9589866]
2021-2022;LIQUIDADA;21-118-HPER;4700001988;RENE;PROJAR;E & E;"BANDEJAx45 CAVIDADES CAP:190CC
COD30126";-;FX21-00442;18,480;UN;EUR;15,700.52;0;CIF;SEA;FCL/FCL;ROTTERDAM;CALLAO;1;40HC;22;;NA;DIRECTO;HAPAG LLOYD;;TCNU7099652;NA;;22/08/2021;8/09/2021;8/09/2021;36;HLCURTM2108ARVS0;CMA CGM JEAN GABRIEL 1236S;22/09/2021;7/10/2021;8/10/2021;40;NO;NA;NA;IMUPESA;AVM;899;1/10/2021;5/10/2021;118-2021-10-385058-01-6-00;Verde;8/10/2021;9/10/2021;8/10/2021;NA;NA;;AVM;16/10/2021;;AGERSA;16/10/2021;16/10/2021;;17/10/2021;18/10/2021;42;;;28/03/2022;2021-1;UPS;1Z48V0570493597729;;Cargada en CP - DOCUMENTACIÓN CARGADA. FALTA PROFORMA SLI [21-158-HPER // 4700002170 // CAIU7226218]
2021-2022;LIQUIDADA;21-118-HPER;4700001988;RENE;PROJAR;E & E;"BANDEJAx45 CAVIDADES CAP:190CC
COD30126";-;FX21-00442;18,480;UN;EUR;15,700.52;0;CIF;SEA;FCL/FCL;ROTTERDAM;CALLAO;1;40HC;22;;NA;DIRECTO;HAPAG LLOYD;;HLXU8454357;NA;;22/08/2021;8/09/2021;8/09/2021;36;HLCURTM2108ARVS0;CMA CGM JEAN GABRIEL 1236S;22/09/2021;7/10/2021;8/10/2021;40;NO;NA;NA;IMUPESA;AVM;899;1/10/2021;5/10/2021;118-2021-10-385058-01-6-00;Verde;8/10/2021;9/10/2021;8/10/2021;NA;NA;;AVM;16/10/2021;;AGERSA;16/10/2021;16/10/2021;;17/10/2021;18/10/2021;42;;;28/03/2022;2021-1;UPS;1Z48V0570493597729;;Cargada en CP - DOCUMENTACIÓN CARGADA. FALTA PROFORMA SLI [21-157-HPER // 4700002169 // MEDU8966518]
2021-2022;LIQUIDADA;21-119-HPER;4700001943;JOSE;PLANTEC;MAQUINARIAS;"MEZCLADOR Y DESCOMPACTADOR DE
SUSTRATO M";VIVERO ILUSION - ARMONIA 3;14;1;UN;EUR;12,379.40;0;EXW;SEA;FCL/FCL;GENOVA;CALLAO;0.5;20ST;6;4/08/2021;20/07/2021;AIRSEALOG;HAPAG LLOYD;;FBIU0474311;2/09/2021;2/09/2021;10/09/2021;10/09/2021;18/09/2021;37;MEM2100714;"	SANTOS EXPRESS 1238S";7/10/2021;7/10/2021;21/10/2021;42;SI;21-119-HPER;14/09/2021;IMUPESA;AVM;933;14/10/2021;20/10/2021;118-2021-10-407579-01-1-00;Verde;22/10/2021;23/10/2021;21/10/2021;NA;NA;;AVM;27/10/2021;;JOSELITO;28/10/2021;29/10/2021;VIVERO ILUSION;27/10/2021;28/10/2021;43;;;28/03/2022;2021-1;;-;;Cargada en CP - DOCUMENTACIÓN CARGADA. FALTA PROFORMA SLI [21-151-HPER // 4700002166 // TCNU8736903]
2021-2022;LIQUIDADA;21-119-HPER;4700001943;JOSE;PLANTEC;MAQUINARIAS;"LLENADOR DE BANDEJAS RC7
TR31N-M";VIVERO ILUSION - ARMONIA 3;14;1;UN;EUR;12,442.40;0;EXW;SEA;FCL/FCL;GENOVA;CALLAO;0.5;20ST;6;4/08/2021;20/07/2021;AIRSEALOG;HAPAG LLOYD;;FBIU0474311;2/09/2021;2/09/2021;10/09/2021;10/09/2021;18/09/2021;37;MEM2100714;"	SANTOS EXPRESS 1238S";7/10/2021;7/10/2021;21/10/2021;42;SI;21-119-HPER;14/09/2021;IMUPESA;AVM;933;14/10/2021;20/10/2021;118-2021-10-407579-01-1-00;Verde;22/10/2021;23/10/2021;21/10/2021;NA;NA;;AVM;27/10/2021;;JOSELITO;28/10/2021;29/10/2021;VIVERO ILUSION;27/10/2021;28/10/2021;43;;;28/03/2022;2021-1;;-;;Cargada en CP - DOCUMENTACIÓN CARGADA. FALTA PROFORMA SLI [21-151-HPER // 4700002166 // MSCU9152696]
2021-2022;LIQUIDADA;21-120-HPER;4700001930;OMAR;LEGRO POTGRONDBEDRIJF B.V.;SUSTRATOS;SUSTRATO LEGRO LB 07PFINE ;VIVERO ILUSION - ARMONIA 3;21HOR7809;24;BOLSAS;EUR;4,269.20;30% AP;FOB;SEA;FCL/FCL;RIGA;CALLAO;1;40HC;24;;;AIRSEALOG;HAPAG LLOYD;;TRLU7508789;30/08/2021;;8/08/2021;8/08/2021;8/09/2021;36;CTLT08025037885;CALLAO EXPRESS 1237S;14/10/2021;14/10/2021;15/10/2021;41;SI;21-120-HPER;14/09/2021;IMUPESA;AVM;914;7/10/2021;12/10/2021;118-2021-10-397625-01-8-00;Verde;16/10/2021;16/10/2021;15/10/2021;19/10/2021;28/10/2021;;AVM;3/11/2021;;RVC;3/11/2021;3/11/2021;VIVERO ILUSION;3/11/2021;4/11/2021;44;;;28/03/2022;2021-1;SEABOURNE EXPRESS - DHL;206780057;;Cargada en CP - DOCUMENTACIÓN CARGADA. [21-153-HPER // 4700002149 // BEAU5866227]
2021-2022;LIQUIDADA;21-120-HPER;4700001930;OMAR;LEGRO POTGRONDBEDRIJF B.V.;SUSTRATOS;SUSTRATO LEGRO LB 07PFINE ;VIVERO ILUSION - ARMONIA 3;21HOR7809;24;BOLSAS;EUR;4,269.20;30% AP;FOB;SEA;FCL/FCL;RIGA;CALLAO;1;40HC;24;;;AIRSEALOG;HAPAG LLOYD;;UACU5076541;30/08/2021;;8/08/2021;8/08/2021;8/09/2021;36;CTLT08025037885;CALLAO EXPRESS 1237S;14/10/2021;14/10/2021;15/10/2021;41;SI;21-120-HPER;14/09/2021;IMUPESA;AVM;914;7/10/2021;12/10/2021;118-2021-10-397625-01-8-00;Verde;16/10/2021;16/10/2021;15/10/2021;19/10/2021;28/10/2021;;AVM;3/11/2021;;RVC;3/11/2021;3/11/2021;VIVERO ILUSION;4/11/2021;5/11/2021;44;;;28/03/2022;2021-1;;-;;Cargada en CP - DOCUMENTACIÓN CARGADA. FALTA PROFORMA SLI [21-152-HPER // 4700002167 // TCNU8783377]
2021-2022;LIQUIDADA;21-120-HPER;4700001930;OMAR;LEGRO POTGRONDBEDRIJF B.V.;SUSTRATOS;SUSTRATO LEGRO LB 07PFINE ;VIVERO ILUSION - ARMONIA 3;21HOR7809;24;BOLSAS;EUR;4,269.20;30% AP;FOB;SEA;FCL/FCL;RIGA;CALLAO;1;40HC;24;;;AIRSEALOG;HAPAG LLOYD;;UACU5994716;30/08/2021;;8/08/2021;8/08/2021;8/09/2021;36;CTLT08025037885;CALLAO EXPRESS 1237S;14/10/2021;14/10/2021;15/10/2021;41;SI;21-120-HPER;14/09/2021;IMUPESA;AVM;914;7/10/2021;12/10/2021;118-2021-10-397625-01-8-00;Verde;16/10/2021;16/10/2021;15/10/2021;19/10/2021;28/10/2021;;AVM;3/11/2021;;RVC;3/11/2021;3/11/2021;VIVERO ILUSION;4/11/2021;5/11/2021;44;;;28/03/2022;2021-1;;-;;Cargada en CP - DOCUMENTACIÓN CARGADA. FALTA PROFORMA SLI [21-152-HPER // 4700002167 // MEDU7841202]
2021-2022;LIQUIDADA;21-121-HPER;4700002132;OMAR;LEGRO POTGRONDBEDRIJF B.V.;SUSTRATOS;SUSTRATO LEGRO LB 07PFINE ;VIVERO ILUSION - ARMONIA 3;21HOR7807;24;BOLSAS;EUR;4,293.20;30% AP;FOB;SEA;FCL/FCL;RIGA;CALLAO;1;40HC;24;;;AIRSEALOG;HAPAG LLOYD;;UACU5913777;NA;;8/08/2021;8/08/2021;18/09/2021;37;CTLT08025037915;SANTOS EXPRESS 1238S;14/10/2021;14/10/2021;21/10/2021;42;SI;21-121-HPER;14/09/2021;IMUPESA;AVM;931;14/10/2021;20/10/2021;118-2021-10-407561-01-3-00;Verde;22/10/2021;23/10/2021;21/10/2021;26/10/2021;4/11/2021;;AVM;5/11/2021;;RVC;5/11/2021;5/11/2021;VIVERO ILUSION;11/11/2021;12/11/2021;45;;;28/03/2022;2021-1;SEABOURNE EXPRESS - DHL;206788058;;Cargada en CP - DOCUMENTACIÓN CARGADA. FALTA PROFORMA SLI [21-150-HPER // 4700002165 // INKU6539590]
2021-2022;LIQUIDADA;21-121-HPER;4700002132;OMAR;LEGRO POTGRONDBEDRIJF B.V.;SUSTRATOS;SUSTRATO LEGRO LB 07PFINE ;VIVERO ILUSION - ARMONIA 3;21HOR7807;24;BOLSAS;EUR;4,293.20;30% AP;FOB;SEA;FCL/FCL;RIGA;CALLAO;1;40HC;24;;;AIRSEALOG;HAPAG LLOYD;;TLLU5863886;NA;;8/08/2021;8/08/2021;18/09/2021;37;CTLT08025037915;SANTOS EXPRESS 1238S;14/10/2021;14/10/2021;21/10/2021;42;SI;21-121-HPER;14/09/2021;IMUPESA;AVM;931;14/10/2021;20/10/2021;118-2021-10-407561-01-3-00;Verde;22/10/2021;23/10/2021;21/10/2021;26/10/2021;4/11/2021;;AVM;5/11/2021;;RVC;5/11/2021;5/11/2021;VIVERO ILUSION;11/11/2021;12/11/2021;45;;;28/03/2022;2021-1;SEABOURNE EXPRESS - DHL;206788058;;Cargada en CP - DOCUMENTACIÓN CARGADA. FALTA PROFORMA SLI [21-150-HPER // 4700002165 // MSCU7184971]
2021-2022;LIQUIDADA;21-121-HPER;4700002132;OMAR;LEGRO POTGRONDBEDRIJF B.V.;SUSTRATOS;SUSTRATO LEGRO LB 07PFINE ;VIVERO ILUSION - ARMONIA 3;21HOR7807;24;BOLSAS;EUR;4,293.20;30% AP;FOB;SEA;FCL/FCL;RIGA;CALLAO;1;40HC;24;;;AIRSEALOG;HAPAG LLOYD;;UACU5084486;NA;;8/08/2021;8/08/2021;18/09/2021;37;CTLT08025037915;SANTOS EXPRESS 1238S;14/10/2021;14/10/2021;21/10/2021;42;SI;21-121-HPER;14/09/2021;IMUPESA;AVM;931;14/10/2021;20/10/2021;118-2021-10-407561-01-3-00;Verde;22/10/2021;23/10/2021;21/10/2021;26/10/2021;4/11/2021;;AVM;5/11/2021;;RVC;5/11/2021;5/11/2021;VIVERO ILUSION;14/11/2021;15/11/2021;46;;;28/03/2022;2021-1;SEABOURNE EXPRESS - DHL;206788058;;Cargada en CP - DOCUMENTACIÓN CARGADA. FALTA PROFORMA SLI [21-150-HPER // 4700002165 // TGHU6599085]
2021-2022;LIQUIDADA;21-121-HPER;4700002132;OMAR;LEGRO POTGRONDBEDRIJF B.V.;SUSTRATOS;SUSTRATO LEGRO LB 07PFINE ;VIVERO ILUSION - ARMONIA 3;21HOR7807;24;BOLSAS;EUR;4,293.20;30% AP;FOB;SEA;FCL/FCL;RIGA;CALLAO;1;40HC;24;;;AIRSEALOG;HAPAG LLOYD;;UACU5708216;NA;;8/08/2021;8/08/2021;18/09/2021;37;CTLT08025037915;SANTOS EXPRESS 1238S;14/10/2021;14/10/2021;21/10/2021;42;SI;21-121-HPER;14/09/2021;IMUPESA;AVM;931;14/10/2021;20/10/2021;118-2021-10-407561-01-3-00;Verde;22/10/2021;23/10/2021;21/10/2021;26/10/2021;4/11/2021;;AVM;5/11/2021;;RVC;5/11/2021;5/11/2021;VIVERO ILUSION;14/11/2021;15/11/2021;46;;;28/03/2022;2021-1;SEABOURNE EXPRESS - DHL;206788058;;Cargada en CP - Falta cargar documentación (23/12) [21-149-HPER // 4700002201 // SMLU7977132]
2021-2022;LIQUIDADA;21-122-HPER;4700002083;OMAR;PROINECO;AGQ;PROIN ORGANIC;-;1-000044;18000;LITROS;EUR;14,400.00;60;EXW;SEA;FCL/FCL;ALGECIRAS;CALLAO;1;20ST;-;11/09/2021;2/09/2021;AIR SEA LOG;HAMBURG SUD;1BCN018831 ;SUDU7801504;14/09/2021;14/09/2021;22/09/2021;22/09/2021;21/09/2021;38;PMEM050977;POLAR CHILE 137S;17/10/2021;17/10/2021;15/10/2021;41;SI;21-122-HPER;23/09/2021;IMUPESA;AVM;915;7/10/2021;13/10/2021;118-2021-10-398423-01-1-00;Verde;16/10/2021;17/10/2021;15/10/2021;NA;NA;;AVM;19/10/2021;;AGERSA;19/10/2021;19/10/2021;FUNDO ARMONIA;22/10/2021;23/10/2021;42;;;28/03/2022;2021-1;;-;;Cargada en CP - DOCUMENTACIÓN CARGADA. FALTA PROFORMA SLI [21-151-HPER // 4700002166 // BMOU4578200]
2021-2022;LIQUIDADA;21-123-HPER;4700002130;OMAR;LEGRO POTGRONDBEDRIJF B.V.;SUSTRATOS;SUSTRATO LEGRO LB 07PFINE ;VIVERO ILUSION - ARMONIA 3;21HOR7803;24;BOLSAS;EUR;4,221.20;30% AP;FOB;SEA;FCL/FCL;RIGA;CALLAO;1;40HC;24;;;AIRSEALOG;HAPAG LLOYD;;BEAU4204102;NA;;15/09/2021;13/09/2021;18/09/2021;37;CTLT08025037918;SANTOS EXPRESS 1238S;21/10/2021;21/10/2021;21/10/2021;42;SI;21-123-HPER;14/09/2021;IMUPESA;AVM;932;14/10/2021;20/10/2021;118-2021-10-407564-01-2-00;Verde;22/10/2021;23/10/2021;21/10/2021;26/10/2021;4/11/2021;;AVM;8/11/2021;;AGERSA;8/11/2021;8/11/2021;VIVERO ILUSION;9/11/2021;10/11/2021;45;;;28/03/2022;2021-1;SEABOURNE EXPRESS - DHL;6378439395;;Cargada en CP - Falta cargar documentación (23/12) [21-149-HPER // 4700002203 // SMLU7977132]
2021-2022;LIQUIDADA;21-123-HPER;4700002130;OMAR;LEGRO POTGRONDBEDRIJF B.V.;SUSTRATOS;SUSTRATO LEGRO LB 07PFINE ;VIVERO ILUSION - ARMONIA 3;21HOR7803;24;BOLSAS;EUR;4,221.20;30% AP;FOB;SEA;FCL/FCL;RIGA;CALLAO;1;40HC;24;;;AIRSEALOG;HAPAG LLOYD;;UETU5874968;NA;;15/09/2021;13/09/2021;18/09/2021;37;CTLT08025037918;SANTOS EXPRESS 1238S;21/10/2021;21/10/2021;21/10/2021;42;SI;21-123-HPER;14/09/2021;IMUPESA;AVM;932;14/10/2021;20/10/2021;118-2021-10-407564-01-2-00;Verde;22/10/2021;23/10/2021;21/10/2021;26/10/2021;4/11/2021;;AVM;8/11/2021;;AGERSA;8/11/2021;8/11/2021;VIVERO ILUSION;9/11/2021;10/11/2021;45;;;28/03/2022;2021-1;SEABOURNE EXPRESS - DHL;6378439395;;Cargada en CP - Falta cargar documentación (23/12) [21-149-HPER // 4700002204 // SMLU7977132]
2021-2022;LIQUIDADA;21-123-HPER;4700002130;OMAR;LEGRO POTGRONDBEDRIJF B.V.;SUSTRATOS;SUSTRATO LEGRO LB 07PFINE ;VIVERO ILUSION - ARMONIA 3;21HOR7803;24;BOLSAS;EUR;4,221.20;30% AP;FOB;SEA;FCL/FCL;RIGA;CALLAO;1;40HC;24;;;AIRSEALOG;HAPAG LLOYD;;AXIU1462519;NA;;15/09/2021;13/09/2021;18/09/2021;37;CTLT08025037918;SANTOS EXPRESS 1238S;21/10/2021;21/10/2021;21/10/2021;42;SI;21-123-HPER;14/09/2021;IMUPESA;AVM;932;14/10/2021;20/10/2021;118-2021-10-407564-01-2-00;Verde;22/10/2021;23/10/2021;21/10/2021;26/10/2021;4/11/2021;;AVM;9/11/2021;;AGERSA;9/11/2021;9/11/2021;VIVERO ILUSION;10/11/2021;11/11/2021;45;;;28/03/2022;2021-1;SEABOURNE EXPRESS - DHL;6378439395;;Cargada en CP - DOCUMENTACIÓN CARGADA [21-147-HPER // 4700002093 // MSCU5329280]
2021-2022;LIQUIDADA;21-123-HPER;4700002130;OMAR;LEGRO POTGRONDBEDRIJF B.V.;SUSTRATOS;SUSTRATO LEGRO LB 07PFINE ;VIVERO ILUSION - ARMONIA 3;21HOR7803;24;BOLSAS;EUR;4,221.20;30% AP;FOB;SEA;FCL/FCL;RIGA;CALLAO;1;40HC;24;;;AIRSEALOG;HAPAG LLOYD;;TEMU7480102;NA;;15/09/2021;13/09/2021;18/09/2021;37;CTLT08025037918;SANTOS EXPRESS 1238S;21/10/2021;21/10/2021;21/10/2021;42;SI;21-123-HPER;14/09/2021;IMUPESA;AVM;932;14/10/2021;20/10/2021;118-2021-10-407564-01-2-00;Verde;22/10/2021;23/10/2021;21/10/2021;26/10/2021;4/11/2021;;AVM;10/11/2021;;JOSELITO;10/11/2021;10/11/2021;VIVERO ILUSION;11/11/2021;12/11/2021;45;;;28/03/2022;2021-1;SEABOURNE EXPRESS - DHL;6378439395;;Cargada en CP - DOCUMENTACIÓN CARGADA [21-146-HPER // 4700002091 // FCIU4971880]
2021-2022;LIQUIDADA;21-123-HPER;4700002130;OMAR;LEGRO POTGRONDBEDRIJF B.V.;SUSTRATOS;SUSTRATO LEGRO LB 07PFINE ;VIVERO ILUSION - ARMONIA 3;21HOR7803;24;BOLSAS;EUR;4,221.20;30% AP;FOB;SEA;FCL/FCL;RIGA;CALLAO;1;40HC;24;;;AIRSEALOG;HAPAG LLOYD;;HLBU2098502;NA;;15/09/2021;13/09/2021;18/09/2021;37;CTLT08025037918;SANTOS EXPRESS 1238S;21/10/2021;21/10/2021;21/10/2021;42;SI;21-123-HPER;14/09/2021;IMUPESA;AVM;932;14/10/2021;20/10/2021;118-2021-10-407564-01-2-00;Verde;22/10/2021;23/10/2021;21/10/2021;26/10/2021;4/11/2021;;AVM;9/11/2021;;AGERSA;9/11/2021;9/11/2021;VIVERO ILUSION;10/11/2021;11/11/2021;45;;;28/03/2022;2021-1;SEABOURNE EXPRESS - DHL;6378439395;;Cargada en CP - DOCUMENTACIÓN CARGADA [21-146-HPER // 4700002092 // FCIU4971880]
2021-2022;LIQUIDADA;21-123-HPER;4700002130;OMAR;LEGRO POTGRONDBEDRIJF B.V.;SUSTRATOS;SUSTRATO LEGRO LB 07PFINE ;VIVERO ILUSION - ARMONIA 3;21HOR7803;24;BOLSAS;EUR;4,221.20;30% AP;FOB;SEA;FCL/FCL;RIGA;CALLAO;1;40HC;24;;;AIRSEALOG;HAPAG LLOYD;;CAIU4665304;NA;;15/09/2021;13/09/2021;18/09/2021;37;CTLT08025037918;SANTOS EXPRESS 1238S;21/10/2021;21/10/2021;21/10/2021;42;SI;21-123-HPER;14/09/2021;IMUPESA;AVM;932;14/10/2021;20/10/2021;118-2021-10-407564-01-2-00;Verde;22/10/2021;23/10/2021;21/10/2021;26/10/2021;4/11/2021;;AVM;10/11/2021;;AGERSA;10/11/2021;10/11/2021;VIVERO ILUSION;11/11/2021;12/11/2021;45;;;28/03/2022;2021-1;SEABOURNE EXPRESS - DHL;6378439395;;Cargada en CP - DOCUMENTACIÓN CARGADA [21-146-HPER // 4700002094 // FCIU4971880]
2021-2022;ANULADA;21-124-HPER;-;RENE;HFIMPORTS;E & E;MACETAS;-;900POTS;21,600;UN;USD;4,104.00;60;EXW;SEA;FCL/FCL;SEATTLE;CALLAO;1;40HC;24;NA;1/09/2021;CH ROBINSON;ONE;;-;NA;NA;27/09/2021;27/09/2021;27/09/2021;39;ONEYRICBUW293800;VARAMO 21025S;9/12/2021;19/12/2021;19/12/2021;50;SI;;;IMUPESA;;;;;;;20/12/2021;21/12/2021;22/12/2021;NA;NA;;;24/12/2021;;;25/12/2021;25/12/2021;;;1/01/1900;52;;;-;-;;-;;ANULADA [21-124-HPER]
2021-2022;ANULADA;21-124-HPER;-;RENE;HFIMPORTS;E & E;MACETAS;-;990POTS;21,780;UN;USD;4,138.20;60;EXW;SEA;FCL/FCL;SEATTLE;CALLAO;1;40HC;22;NA;1/09/2021;CH ROBINSON;ONE;;-;NA;NA;27/09/2021;27/09/2021;27/09/2021;39;ONEYRICBUW293800;VARAMO 21025S;9/12/2021;19/12/2021;19/12/2021;50;SI;;;IMUPESA;;;;;;;20/12/2021;21/12/2021;22/12/2021;NA;NA;;;24/12/2021;;;25/12/2021;25/12/2021;;;1/01/1900;52;;;-;-;;-;;ANULADA [21-124-HPER]
2021-2022;ANULADA;21-124-HPER;-;RENE;HFIMPORTS;E & E;MACETAS;-;POTS2021;21,690;UN;USD;4,121.10;60;EXW;SEA;FCL/FCL;SEATTLE;CALLAO;1;40HC;22;NA;1/09/2021;CH ROBINSON;ONE;;-;NA;NA;27/09/2021;27/09/2021;27/09/2021;39;ONEYRICBUW293800;VARAMO 21025S;9/12/2021;19/12/2021;19/12/2021;50;SI;;;IMUPESA;;;;;;;20/12/2021;21/12/2021;22/12/2021;NA;NA;;;24/12/2021;;;25/12/2021;25/12/2021;;;1/01/1900;52;;;-;-;;-;;ANULADA [21-124-HPER]
2021-2022;LIQUIDADA;21-125-HPER;4700002118;OMAR;HORTIFRUT CHILE SA;PLANTAS;FRAMBUESO;-;11596;100;UN;USD;20.00;90;CFR;AIR;AIR;SANTIAGO;LIMA;-;-;1;4/09/2021;NA;DIRECTO;KOREAN AIR;;-;NA;;5/09/2021;5/09/2021;5/09/2021;35;180-48215941;KE0274/15;6/09/2021;6/09/2021;6/09/2021;36;SI;21-111-HPER;5/09/2021;SAASA;AVM;828;5/09/2021;13/09/2021;235-2021-10-137670-01-7-00;Verde;6/09/2021;6/06/2021;13/09/2021;15/09/2021;15/09/2021;NA;MANTILLA;16/09/2021;;MANTILLA;NA;NA;VIVERO ILUSION;16/09/2021;17/09/2021;37;;;28/03/2022;2021-1;;-;;Cargada en CP - DOCUMENTACIÓN SUBIDA. FALTA PERMISO Y CERTIFICADO FITOSANITARIO [21-142-HPER // 4700002116 // MEDU4850704]
2021-2022;LIQUIDADA;21-126-HPER;4700002135;OMAR;HORTIFRUT CHILE SA;PLANTAS;ROCIO;-;11604;180,000;UN;USD;521,934.98;90;CFR;AIR;AIR;SANTIAGO;LIMA;-;-;6;;NA;DIRECTO;KOREAN AIR;;-;NA;;19/09/2021;19/09/2021;19/09/2021;37;180-48391630;KE0274/19;19/09/2021;19/09/2021;19/09/2021;37;SI;21-126-HPER;20/09/2021;SAASA;AVM;859;20/09/2021;22/09/2021;235-2021-10-142609-01-0-00;Verde;19/09/2021;19/09/2021;22/09/2021;24/09/2021;28/09/2021;NA;GARRIDO;28/09/2021;;GARRIDO;NA;NA;VIVERO ILUSION;28/09/2021;29/09/2021;39;;;28/03/2022;2021-1;;-;;no cargada por medio de transporte AIRE
2021-2022;LIQUIDADA;21-127-HPER;4700002125;RENE;BERRIES PRIDE B.V.;E & E;ETIQUETAS;-;2101;312,000;UN;EUR;3,120.00;90;CPT;AIR;AIR;AMSTERDAM;LIMA;-;-;1;;NA;DIRECTO;KLM;;-;NA;;18/09/2021;18/09/2021;18/09/2021;37; 074-47051104;743;18/09/2021;18/09/2021;18/09/2021;37;SI;NA;NA;TALMA;AVM;858;20/09/2021;22/09/2021;235-2021-10-142429-01-2-00;Verde;18/09/2021;18/09/2021;22/09/2021;NA;NA;NA;AVM;23/09/2021;;AGERSA;NA;NA;PACKING SALAVERRY;24/09/2021;25/09/2021;38;;;28/03/2022;2021-1;;-;;no cargada por medio de transporte AIRE
2021-2022;LIQUIDADA;21-128-HPER;4700002057;GERMAN;SMARTPACK;SPAREPARTS;REPUESTOS PARA MAQUINA PROSEAL;-;94;6;UN;USD;2,580.00;30;EXW;AIR;AIR;SANTIAGO;LIMA;-;-;1;13/09/2021;22/09/2021;AIRSEALOG;KOREAN AIR;;-;24/09/2021;24/09/2021;26/09/2021;26/09/2021;26/09/2021;38;180-48391453;KE0274/26;26/09/2021;26/09/2021;26/09/2021;38;SI;21-128-HPER;24/09/2021;SAASA;AVM;874;24/09/2021;30/09/2021;235-2021-10-147160-01-1-00;VERDE;26/09/2021;26/09/2021;30/09/2021;NA;NA;NA;AVM;1/10/2021;;AGERSA;NA;NA;PACKING CHAO;;1/01/1900;52;;;28/03/2022;2021-1;;-;;Cargada en CP - DOCUMENTACIÓN CARGADA. FALTA PROFORMA SLI [21-172-HPER // MEDU7830430]
2021-2022;LIQUIDADA;21-128-HPER;4700002079;GERMAN;SMARTPACK;SPAREPARTS;REPUESTOS PARA MAQUINA PROSEAL;-;96;4;UN;USD;710.00;30;EXW;AIR;AIR;SANTIAGO;LIMA;-;-;-;13/09/2021;22/09/2021;AIRSEALOG;KOREAN AIR;;-;24/09/2021;24/09/2021;26/09/2021;26/09/2021;26/09/2021;38;180-48391453;KE0274/26;26/09/2021;26/09/2021;26/09/2021;38;SI;21-128-HPER;24/09/2021;SAASA;AVM;874;24/09/2021;30/09/2021;235-2021-10-147160-01-1-00;Verde;26/09/2021;26/09/2021;30/09/2021;NA;NA;NA;AVM;1/10/2021;;AGERSA;NA;NA;PACKING CHAO;;1/01/1900;52;;;28/03/2022;2021-1;;-;;Cargada en CP - DOCUMENTACIÓN CARGADA. FALTA CERT. ORIGEN, CERT. FITOSANITARIO DE EXPORTACIÓN Y PL [21-170-HPER // 4700002138 // TGHU5114235]
2021-2022;LIQUIDADA;21-128-HPER;4700002061;GERMAN;SMARTPACK;SPAREPARTS;REPUESTOS PARA MAQUINA PROSEAL;-;95;8;UN;USD;3,400.00;30;EXW;AIR;AIR;SANTIAGO;LIMA;-;-;-;13/09/2021;22/09/2021;AIRSEALOG;KOREAN AIR;;-;24/09/2021;24/09/2021;26/09/2021;26/09/2021;26/09/2021;38;180-48391453;KE0274/26;26/09/2021;26/09/2021;26/09/2021;38;SI;21-128-HPER;24/09/2021;SAASA;AVM;874;24/09/2021;30/09/2021;235-2021-10-147160-01-1-00;Verde;26/09/2021;26/09/2021;30/09/2021;NA;NA;NA;AVM;1/10/2021;;AGERSA;NA;NA;PACKING CHAO;;1/01/1900;52;;;28/03/2022;2021-1;;-;;Cargada en CP - DOCUMENTACIÓN CARGADA. FALTA CERT. ORIGEN, CERT. FITOSANITARIO DE EXPORTACIÓN Y PL [21-170-HPER // 4700002138 // TGHU5114235]
2021-2022;LIQUIDADA;21-129-HPER;4700002131;OMAR;LEGRO POTGRONDBEDRIJF B.V.;SUSTRATOS;SUSTRATO LEGRO LB 07PFINE ;VIVERO ILUSION - ARMONIA 3;21HOR7808;24;BOLSAS;EUR;4,221.20;30% AP;FOB;SEA;FCL/FCL;RIGA;CALLAO;1;40HC;24;;;AIRSEALOG;HAPAG LLOYD;;TCKU6562182;NA;;19/09/2021;19/09/2021;26/09/2021;38;CTLT08025037975A;GUAYAQUIL EXPRESS 1240S;28/10/2021;4/11/2021;4/11/2021;44;SI;21-129-HPER;1/10/2021;IMUPESA;AVM;988;29/10/2021;9/11/2021;118-2021-10-434056-01-4-00;Verde;5/11/2021;5/11/2021;9/11/2021;11/11/2021;17/11/2021;;AVM;22/11/2021;;JOSELITO;NA;22/11/2021;VIVERO ILUSION;;1/01/1900;52;;;28/03/2022;2021-1;;-;;No cargada por medio de transporte TIERRA (control 23/12) [21-141-HPER // 4700002196]
2021-2022;LIQUIDADA;21-129-HPER;4700002131;OMAR;LEGRO POTGRONDBEDRIJF B.V.;SUSTRATOS;SUSTRATO LEGRO LB 07PFINE ;VIVERO ILUSION - ARMONIA 3;21HOR7808;24;BOLSAS;EUR;4,221.20;30% AP;FOB;SEA;FCL/FCL;RIGA;CALLAO;1;40HC;24;;;AIRSEALOG;HAPAG LLOYD;;TCNU6747848;NA;;19/09/2021;19/09/2021;26/09/2021;38;CTLT08025037975A;GUAYAQUIL EXPRESS 1240S;28/10/2021;4/11/2021;4/11/2021;44;SI;21-129-HPER;1/10/2021;IMUPESA;AVM;988;29/10/2021;9/11/2021;118-2021-10-434056-01-4-00;Verde;5/11/2021;5/11/2021;9/11/2021;11/11/2021;17/11/2021;;AVM;22/11/2021;;AGERSA;NA;22/11/2021;VIVERO ILUSION;;1/01/1900;52;;;28/03/2022;2021-1;;-;;Cargada en CP - DOCUMENTACIÓN SUBIDA [21-140-HPER // 4700002136 // MRKU5672608]
2021-2022;LIQUIDADA;21-129-HPER;4700002131;OMAR;LEGRO POTGRONDBEDRIJF B.V.;SUSTRATOS;SUSTRATO LEGRO LB 07PFINE ;VIVERO ILUSION - ARMONIA 3;21HOR7808;24;BOLSAS;EUR;4,221.20;30% AP;FOB;SEA;FCL/FCL;RIGA;CALLAO;1;40HC;24;;;AIRSEALOG;HAPAG LLOYD;;HLBU3291917;NA;;19/09/2021;19/09/2021;26/09/2021;38;CTLT08025037975A;GUAYAQUIL EXPRESS 1240S;28/10/2021;4/11/2021;4/11/2021;44;SI;21-129-HPER;1/10/2021;IMUPESA;AVM;988;29/10/2021;9/11/2021;118-2021-10-434056-01-4-00;Verde;5/11/2021;5/11/2021;9/11/2021;11/11/2021;17/11/2021;;AVM;19/11/2021;;AGERSA;NA;20/11/2021;VIVERO ILUSION;;1/01/1900;52;;;28/03/2022;2021-1;;-;;Cargada en CP - DOCUMENTACIÓN SUBIDA [21-140-HPER // 4700002182 // MRKU5672608]
2021-2022;LIQUIDADA;21-129-HPER;4700002131;OMAR;LEGRO POTGRONDBEDRIJF B.V.;SUSTRATOS;SUSTRATO LEGRO LB 07PFINE ;VIVERO ILUSION - ARMONIA 3;21HOR7808;24;BOLSAS;EUR;4,221.20;30% AP;FOB;SEA;FCL/FCL;RIGA;CALLAO;1;40HC;24;;;AIRSEALOG;HAPAG LLOYD;;FDCU0340633;NA;;19/09/2021;19/09/2021;26/09/2021;38;CTLT08025037975A;GUAYAQUIL EXPRESS 1240S;28/10/2021;4/11/2021;4/11/2021;44;SI;21-129-HPER;1/10/2021;IMUPESA;AVM;988;29/10/2021;9/11/2021;118-2021-10-434056-01-4-00;Verde;5/11/2021;5/11/2021;9/11/2021;11/11/2021;17/11/2021;;AVM;19/11/2021;;JOSELITO;NA;20/11/2021;VIVERO ILUSION;;1/01/1900;52;;;28/03/2022;2021-1;;-;;Cargada en CP - DOCUMENTACIÓN CARGADA. FALTA PROFORMA SLI [21-138-HPER // 4700002150 // TRLU4868333]
2021-2022;LIQUIDADA;21-130-HPER;4700002129;OMAR;LEGRO POTGRONDBEDRIJF B.V.;SUSTRATOS;SUSTRATO LEGRO LB 07PFINE ;VIVERO ILUSION - ARMONIA 3;21HOR7806;24;BOLSAS;EUR;4,221.20;30% AP;FOB;SEA;FCL/FCL;RIGA;CALLAO;1;40HC;24;;;AIRSEALOG;HAPAG LLOYD;;HLBU1955874;NA;;19/09/2021;19/09/2021;26/09/2021;38;CTLT08025037975 ;GUAYAQUIL EXPRESS 1240S;28/10/2021;4/11/2021;4/11/2021;44;SI;21-130-HPER;1/10/2021;IMUPESA;AVM;989;29/10/2021;9/11/2021;118-2021-10-434188-01-8-00;Verde;5/11/2021;5/11/2021;9/11/2021;11/11/2021;17/11/2021;;AVM;23/11/2021;;JOSELITO;NA;22/11/2021;VIVERO ILUSION;;1/01/1900;52;;;28/03/2022;2021-1;;-;;Cargada en CP - DOCUMENTACIÓN CARGADA. FALTA PROFORMA SLI [21-138-HPER // 4700002150 // TRLU4868333]
2021-2022;LIQUIDADA;21-130-HPER;4700002129;OMAR;LEGRO POTGRONDBEDRIJF B.V.;SUSTRATOS;SUSTRATO LEGRO LB 07PFINE ;VIVERO ILUSION - ARMONIA 3;21HOR7806;24;BOLSAS;EUR;4,221.20;30% AP;FOB;SEA;FCL/FCL;RIGA;CALLAO;1;40HC;24;;;AIRSEALOG;HAPAG LLOYD;;TGHU6000237 ;NA;;19/09/2021;19/09/2021;26/09/2021;38;CTLT08025037975 ;GUAYAQUIL EXPRESS 1240S;28/10/2021;4/11/2021;4/11/2021;44;SI;21-130-HPER;1/10/2021;IMUPESA;AVM;989;29/10/2021;9/11/2021;118-2021-10-434188-01-8-00;Verde;5/11/2021;5/11/2021;9/11/2021;11/11/2021;17/11/2021;;AVM;23/11/2021;;AGERSA;NA;22/11/2021;VIVERO ILUSION;;1/01/1900;52;;;28/03/2022;2021-1;;-;;Cargada en CP - DOCUMENTACIÓN CARGADA. FALTA PROFORMA SLI [21-138-HPER // 4700002150 // TRLU4868333]
2021-2022;LIQUIDADA;21-130-HPER;4700002129;OMAR;LEGRO POTGRONDBEDRIJF B.V.;SUSTRATOS;SUSTRATO LEGRO LB 07PFINE ;VIVERO ILUSION - ARMONIA 3;21HOR7806;24;BOLSAS;EUR;4,221.20;30% AP;FOB;SEA;FCL/FCL;RIGA;CALLAO;1;40HC;24;;;AIRSEALOG;HAPAG LLOYD;;UACU5981391;NA;;19/09/2021;19/09/2021;26/09/2021;38;CTLT08025037975 ;GUAYAQUIL EXPRESS 1240S;28/10/2021;4/11/2021;4/11/2021;44;SI;21-130-HPER;1/10/2021;IMUPESA;AVM;989;29/10/2021;9/11/2021;118-2021-10-434188-01-8-00;Verde;5/11/2021;5/11/2021;9/11/2021;11/11/2021;17/11/2021;;AVM;24/11/2021;;JOSELITO;NA;22/11/2021;VIVERO ILUSION;;1/01/1900;52;;;28/03/2022;2021-1;;-;;Cargada en CP - DOCUMENTACIÓN CARGADA. FALTA PROFORMA SLI [21-138-HPER // 4700002150 // TRLU4868333]
2021-2022;LIQUIDADA;21-130-HPER;4700002129;OMAR;LEGRO POTGRONDBEDRIJF B.V.;SUSTRATOS;SUSTRATO LEGRO LB 07PFINE ;VIVERO ILUSION - ARMONIA 3;21HOR7806;24;BOLSAS;EUR;4,221.20;30% AP;FOB;SEA;FCL/FCL;RIGA;CALLAO;1;40HC;24;;;AIRSEALOG;HAPAG LLOYD;;TGBU6069329;NA;;19/09/2021;19/09/2021;26/09/2021;38;CTLT08025037975 ;GUAYAQUIL EXPRESS 1240S;28/10/2021;4/11/2021;4/11/2021;44;SI;21-130-HPER;1/10/2021;IMUPESA;AVM;989;29/10/2021;9/11/2021;118-2021-10-434188-01-8-00;Verde;5/11/2021;5/11/2021;9/11/2021;11/11/2021;17/11/2021;;AVM;24/11/2021;;AGERSA;NA;22/11/2021;VIVERO ILUSION;;1/01/1900;52;;;28/03/2022;2021-1;;-;;Cargada en CP - DOCUMENTACIÓN CARGADA. FALTA PROFORMA SLI [21-138-HPER // 4700002151 // TRLU4868333]
2021-2022;LIQUIDADA;21-131-HPER;4700002152;OMAR;LEGRO POTGRONDBEDRIJF B.V.;SUSTRATOS;SUSTRATO LEGRO LB 07PFINE ;VIVERO ILUSION - ARMONIA 3;21HOR7804;24;BOLSAS;EUR;4,221.20;30% AP;FOB;SEA;FCL/FCL;RIGA;CALLAO;1;40HC;24;;;AIRSEALOG;HAPAG LLOYD;;TGBU5681664;NA;;9/10/2021;9/10/2021;7/10/2021;40;CTLT08025038044;COSCO SHIPPING VOLGA 1242S;18/11/2021;20/11/2021;19/11/2021;46;SI;21-131-HPER;11/10/2021;IMUPESA;AVM;1039;15/11/2021;18/11/2021;118-2021-10-447153-01-3-00;Verde;20/11/2021;21/11/2021;19/11/2021;24/11/2021;29/11/2021;;AVM;2/12/2021;;RVC;NA;NA;VIVERO ILUSION;;1/01/1900;52;;;28/03/2022;2021-1;SEABOURNE EXPRESS - DHL;6378512523;;Cargada en CP -  [21-131-HPER // 4700002152 // TGBU5681664]
2021-2022;LIQUIDADA;21-131-HPER;4700002152;OMAR;LEGRO POTGRONDBEDRIJF B.V.;SUSTRATOS;SUSTRATO LEGRO LB 07PFINE ;VIVERO ILUSION - ARMONIA 3;21HOR7804;24;BOLSAS;EUR;4,221.20;30% AP;FOB;SEA;FCL/FCL;RIGA;CALLAO;1;40HC;24;;;AIRSEALOG;HAPAG LLOYD;;HLBU1629369;NA;;9/10/2021;9/10/2021;7/10/2021;40;CTLT08025038044;COSCO SHIPPING VOLGA 1242S;18/11/2021;20/11/2021;19/11/2021;46;SI;21-131-HPER;11/10/2021;IMUPESA;AVM;1039;15/11/2021;18/11/2021;118-2021-10-447153-01-3-00;Verde;20/11/2021;21/11/2021;19/11/2021;24/11/2021;29/11/2021;;AVM;2/12/2021;;RVC;NA;NA;VIVERO ILUSION;;1/01/1900;52;;;28/03/2022;2021-1;SEABOURNE EXPRESS - DHL;6378512523;;Cargada en CP -  [21-131-HPER // 4700002152 // HLBU1629369]
2021-2022;LIQUIDADA;21-131-HPER;4700002152;OMAR;LEGRO POTGRONDBEDRIJF B.V.;SUSTRATOS;SUSTRATO LEGRO LB 07PFINE ;VIVERO ILUSION - ARMONIA 3;21HOR7804;24;BOLSAS;EUR;4,221.20;30% AP;FOB;SEA;FCL/FCL;RIGA;CALLAO;1;40HC;24;;;AIRSEALOG;HAPAG LLOYD;;HAMU1261810;NA;;9/10/2021;9/10/2021;7/10/2021;40;CTLT08025038044;COSCO SHIPPING VOLGA 1242S;18/11/2021;20/11/2021;19/11/2021;46;SI;21-131-HPER;11/10/2021;IMUPESA;AVM;1039;15/11/2021;18/11/2021;118-2021-10-447153-01-3-00;Verde;20/11/2021;21/11/2021;19/11/2021;24/11/2021;29/11/2021;;AVM;2/12/2021;;JOSELITO;NA;NA;VIVERO ILUSION;;1/01/1900;52;;;28/03/2022;2021-1;SEABOURNE EXPRESS - DHL;6378512523;;Cargada en CP -  [21-131-HPER // 4700002152 // HAMU1261810]
2021-2022;LIQUIDADA;21-131-HPER;4700002152;OMAR;LEGRO POTGRONDBEDRIJF B.V.;SUSTRATOS;SUSTRATO LEGRO LB 07PFINE ;VIVERO ILUSION - ARMONIA 3;21HOR7804;24;BOLSAS;EUR;4,221.20;30% AP;FOB;SEA;FCL/FCL;RIGA;CALLAO;1;40HC;24;;;AIRSEALOG;HAPAG LLOYD;;FANU1288813;NA;;9/10/2021;9/10/2021;7/10/2021;40;CTLT08025038044;COSCO SHIPPING VOLGA 1242S;18/11/2021;20/11/2021;19/11/2021;46;SI;21-131-HPER;11/10/2021;IMUPESA;AVM;1039;15/11/2021;18/11/2021;118-2021-10-447153-01-3-00;Verde;20/11/2021;21/11/2021;19/11/2021;24/11/2021;29/11/2021;;AVM;2/12/2021;;JOSELITO;NA;NA;VIVERO ILUSION;;1/01/1900;52;;;28/03/2022;2021-1;SEABOURNE EXPRESS - DHL;6378512523;;Cargada en CP -  [21-131-HPER // 4700002152 // FANU1288813]
2021-2022;LIQUIDADA;21-132-HPER;4700002153;OMAR;LEGRO POTGRONDBEDRIJF B.V.;SUSTRATOS;SUSTRATO LEGRO LB 07PFINE ;VIVERO ILUSION - ARMONIA 3;21HOR5078;24;BOLSAS;EUR;4,221.20;30% AP;FOB;SEA;FCL/FCL;RIGA;CALLAO;1;40HC;24;;;AIRSEALOG;HAPAG LLOYD;;BEAU4556130;28/09/2021;;9/10/2021;9/10/2021;7/10/2021;40;CTLT08025038043;COSCO SHIPPING VOLGA 1242S;18/11/2021;20/11/2021;19/11/2021;46;SI;21-132-HPER;15/10/2021;IMUPESA;AVM;1040;15/11/2021;18/11/2021; 118-2021-10-447159-01-1-00;Verde;20/11/2021;21/11/2021;19/11/2021;24/11/2021;29/11/2021;;AVM;1/12/2021;;RVC;NA;1/12/2021;VIVERO ILUSION;;1/01/1900;52;;;28/03/2022;2021-1;SEABOURNE EXPRESS - DHL;6378512652;;Cargada en CP -  [21-132-HPER // 4700002153 // BEAU4556130]
2021-2022;LIQUIDADA;21-132-HPER;4700002153;OMAR;LEGRO POTGRONDBEDRIJF B.V.;SUSTRATOS;SUSTRATO LEGRO LB 07PFINE ;VIVERO ILUSION - ARMONIA 3;21HOR5078;24;BOLSAS;EUR;4,221.20;30% AP;FOB;SEA;FCL/FCL;RIGA;CALLAO;1;40HC;24;;;AIRSEALOG;HAPAG LLOYD;;UACU5398785;28/09/2021;;9/10/2021;9/10/2021;7/10/2021;40;CTLT08025038043;COSCO SHIPPING VOLGA 1242S;18/11/2021;20/11/2021;19/11/2021;46;SI;21-132-HPER;15/10/2021;IMUPESA;AVM;1040;15/11/2021;18/11/2021; 118-2021-10-447159-01-1-00;Verde;20/11/2021;21/11/2021;19/11/2021;24/11/2021;29/11/2021;;AVM;1/12/2021;;JOSELITO;NA;1/12/2021;VIVERO ILUSION;;1/01/1900;52;;;28/03/2022;2021-1;SEABOURNE EXPRESS - DHL;6378512652;;Cargada en CP -  [21-132-HPER // 4700002153 // UACU5398785]
2021-2022;LIQUIDADA;21-132-HPER;4700002153;OMAR;LEGRO POTGRONDBEDRIJF B.V.;SUSTRATOS;SUSTRATO LEGRO LB 07PFINE ;VIVERO ILUSION - ARMONIA 3;21HOR5078;24;BOLSAS;EUR;4,221.20;30% AP;FOB;SEA;FCL/FCL;RIGA;CALLAO;1;40HC;24;;;AIRSEALOG;HAPAG LLOYD;;HLXU6420168;28/09/2021;;9/10/2021;9/10/2021;7/10/2021;40;CTLT08025038043;COSCO SHIPPING VOLGA 1242S;18/11/2021;20/11/2021;19/11/2021;46;SI;21-132-HPER;15/10/2021;IMUPESA;AVM;1040;15/11/2021;18/11/2021; 118-2021-10-447159-01-1-00;Verde;20/11/2021;21/11/2021;19/11/2021;24/11/2021;29/11/2021;;AVM;1/12/2021;;JOSELITO;NA;1/12/2021;VIVERO ILUSION;;1/01/1900;52;;;28/03/2022;2021-1;SEABOURNE EXPRESS - DHL;6378512652;;Cargada en CP -  [21-132-HPER // 4700002153 // HLXU6420168]
2021-2022;LIQUIDADA;21-132-HPER;4700002153;OMAR;LEGRO POTGRONDBEDRIJF B.V.;SUSTRATOS;SUSTRATO LEGRO LB 07PFINE ;VIVERO ILUSION - ARMONIA 3;21HOR5078;24;BOLSAS;EUR;4,221.20;30% AP;FOB;SEA;FCL/FCL;RIGA;CALLAO;1;40HC;24;;;AIRSEALOG;HAPAG LLOYD;;HLBU2194677;28/09/2021;;9/10/2021;9/10/2021;7/10/2021;40;CTLT08025038043;COSCO SHIPPING VOLGA 1242S;18/11/2021;20/11/2021;19/11/2021;46;SI;21-132-HPER;15/10/2021;IMUPESA;AVM;1040;15/11/2021;18/11/2021; 118-2021-10-447159-01-1-00;Verde;20/11/2021;21/11/2021;19/11/2021;24/11/2021;29/11/2021;;AVM;1/12/2021;;RVC;NA;1/12/2021;VIVERO ILUSION;;1/01/1900;52;;;28/03/2022;2021-1;SEABOURNE EXPRESS - DHL;6378512652;;Cargada en CP -  [21-132-HPER // 4700002153 // HLBU2194677]
2021-2022;LIQUIDADA;21-133-HPER;4700002154;OMAR;LEGRO POTGRONDBEDRIJF B.V.;SUSTRATOS;SUSTRATO LEGRO LB 07PFINE ;VIVERO ILUSION - ARMONIA 3;21HOR7805;24;BOLSAS;EUR;4,221.20;30% AP;FOB;SEA;FCL/FCL;RIGA;CALLAO;1;40HC;24;;;AIRSEALOG;HAPAG LLOYD;;TCLU5992735;NA;;9/10/2021;9/10/2021;20/10/2021;42;CTLT08025038066;CARTAGENA EXPRESS 1243S;18/11/2021;25/11/2021;26/11/2021;47;SI;21-133-HPER;20/10/2021;IMUPESA;AVM;1055;18/11/2021;3/12/2021;118-2021-10-469376-01-5-00;Verde;27/11/2021;28/11/2021;4/12/2021;5/12/2021;15/12/2021;;AVM;13/12/2021;;RVC;NA;13/12/2021;VIVERO ILUSION;;1/01/1900;52;;;28/03/2022;2021-1;SEABOURNE EXPRESS - DHL;6378512571;;Cargada en CP -  [21-133-HPER // 4700002154 // TCLU5992735]
2021-2022;LIQUIDADA;21-133-HPER;4700002154;OMAR;LEGRO POTGRONDBEDRIJF B.V.;SUSTRATOS;SUSTRATO LEGRO LB 07PFINE ;VIVERO ILUSION - ARMONIA 3;21HOR7805;24;BOLSAS;EUR;4,221.20;30% AP;FOB;SEA;FCL/FCL;RIGA;CALLAO;1;40HC;24;;;AIRSEALOG;HAPAG LLOYD;;TRHU4960267;NA;;9/10/2021;9/10/2021;20/10/2021;42;CTLT08025038066;CARTAGENA EXPRESS 1243S;18/11/2021;25/11/2021;26/11/2021;47;SI;21-133-HPER;20/10/2021;IMUPESA;AVM;1055;18/11/2021;3/12/2021;118-2021-10-469376-01-5-00;Verde;27/11/2021;28/11/2021;4/12/2021;5/12/2021;15/12/2021;;AVM;13/12/2021;;RVC;NA;13/12/2021;VIVERO ILUSION;;1/01/1900;52;;;28/03/2022;2021-1;SEABOURNE EXPRESS - DHL;6378512571;;Cargada en CP -  [21-133-HPER // 4700002154 // TRHU4960267]
2021-2022;LIQUIDADA;21-133-HPER;4700002154;OMAR;LEGRO POTGRONDBEDRIJF B.V.;SUSTRATOS;SUSTRATO LEGRO LB 07PFINE ;VIVERO ILUSION - ARMONIA 3;21HOR7805;24;BOLSAS;EUR;4,221.20;30% AP;FOB;SEA;FCL/FCL;RIGA;CALLAO;1;40HC;24;;;AIRSEALOG;HAPAG LLOYD;;FFAU2645845;NA;;9/10/2021;9/10/2021;20/10/2021;42;CTLT08025038066;CARTAGENA EXPRESS 1243S;18/11/2021;25/11/2021;26/11/2021;47;SI;21-133-HPER;20/10/2021;IMUPESA;AVM;1055;18/11/2021;3/12/2021;118-2021-10-469376-01-5-00;Verde;27/11/2021;28/11/2021;4/12/2021;5/12/2021;15/12/2021;;AVM;13/12/2021;;JOSELITO;NA;13/12/2021;VIVERO ILUSION;;1/01/1900;52;;;28/03/2022;2021-1;SEABOURNE EXPRESS - DHL;6378512571;;Cargada en CP -  [21-133-HPER // 4700002154 // FFAU2645845]
2021-2022;LIQUIDADA;21-133-HPER;4700002154;OMAR;LEGRO POTGRONDBEDRIJF B.V.;SUSTRATOS;SUSTRATO LEGRO LB 07PFINE ;VIVERO ILUSION - ARMONIA 3;21HOR7805;24;BOLSAS;EUR;4,221.20;30% AP;FOB;SEA;FCL/FCL;RIGA;CALLAO;1;40HC;24;;;AIRSEALOG;HAPAG LLOYD;;HLXU8210915;NA;;9/10/2021;9/10/2021;20/10/2021;42;CTLT08025038066;CARTAGENA EXPRESS 1243S;18/11/2021;25/11/2021;26/11/2021;47;SI;21-133-HPER;20/10/2021;IMUPESA;AVM;1055;18/11/2021;3/12/2021;118-2021-10-469376-01-5-00;Verde;27/11/2021;28/11/2021;4/12/2021;5/12/2021;15/12/2021;;AVM;13/12/2021;;JOSELITO;NA;13/12/2021;VIVERO ILUSION;;1/01/1900;52;;;28/03/2022;2021-1;SEABOURNE EXPRESS - DHL;6378512571;;Cargada en CP -  [21-133-HPER // 4700002154 // HLXU8210915]
2021-2022;LIQUIDADA;21-134-HPER;4700002081;RENE;FASTIK ;E & E;"FILM PET/NO
PRINT/RESEALABLE/PUNNET 11OZ";-;81353-87311;407,000;UN;USD;22,698.39;30;EXW;AIR;AIR;TORONTO;LIMA;-;-;3;10/09/2021;17/09/2021;CH ROBINSON;AIR CANADA;;-;22/09/2021;;25/09/2021;25/09/2021;25/09/2021;38;369803060MTR;8092/25;29/09/2021;28/09/2021;2/10/2021;39;SI;21-134-HPER;27/09/2021;SHOHIN;AVM;877;27/09/2021;27/09/2021;235-2021-10-145558-01-8-01;Verde;2/10/2021;2/10/2021;2/10/2021;NA;NA;NA;AVM;12/10/2021;;AGERSA;NA;NA;PACKING SALAVERRY;12/10/2021;13/10/2021;41;;;28/03/2022;2021-1;;-;;Cargada en CP - DOCUMENTACIÓN CARGARDA. FALTA PROFORMA SLI [21-163-HPER // 700002164 // CAIU7607256]
2021-2022;LIQUIDADA;21-134-HPER;4700002010;RENE;FASTIK ;E & E;"FILM PUNNET PET/PEELABLE/SPAR
11OZ 5X7";-;81584-87314;350,000;UN;USD;16,646.00;30;EXW;AIR;AIR;TORONTO;LIMA;-;-;1;10/09/2021;17/09/2021;CH ROBINSON;AIR CANADA;;-;22/09/2021;;25/09/2021;25/09/2021;25/09/2021;38;369803060MTR;8092/25;29/09/2021;28/09/2021;2/10/2021;39;SI;21-134-HPER;27/09/2021;SHOHIN;AVM;877;27/09/2021;27/09/2021;235-2021-10-145558-01-8-01;Verde;2/10/2021;2/10/2021;2/10/2021;NA;NA;NA;AVM;12/10/2021;;AGERSA;NA;NA;PACKING SALAVERRY;12/10/2021;13/10/2021;41;;;28/03/2022;2021-1;;-;;Cargada en CP - DOCUMENTACIÓN CARGARDA. FALTA PROFORMA SLI [21-163-HPER // 4700002164 // MSMU7597933]
2021-2022;LIQUIDADA;21-134-HPER;4700002011;RENE;FASTIK ;E & E;"FILM PET/NO PRINT/PEELABLE
/PUNNET 11OZ
11OZ 5X7";-;81594-87312;248,600;UN;USD;10,993.09;30;EXW;AIR;AIR;TORONTO;LIMA;-;-;1;10/09/2021;17/09/2021;CH ROBINSON;AIR CANADA;;-;22/09/2021;;25/09/2021;25/09/2021;25/09/2021;38;369803060MTR;8092/25;29/09/2021;28/09/2021;2/10/2021;39;SI;21-134-HPER;27/09/2021;SHOHIN;AVM;877;27/09/2021;27/09/2021;235-2021-10-145558-01-8-01;Verde;2/10/2021;2/10/2021;2/10/2021;NA;NA;NA;AVM;12/10/2021;;AGERSA;NA;NA;PACKING SALAVERRY;12/10/2021;13/10/2021;41;;;28/03/2022;2021-1;;-;;Cargada en CP - DOCUMENTACIÓN CARGADA. FALTA PROFORMA SLI [21-162-HPER // 4700002163 // SEGU6115027]
2021-2022;LIQUIDADA;21-135-HPER;4700002000;RENE;JCK;E & E;PUNNET PET 18OZ 7X7 CESTA;-;581;252,672;UN;USD;27,035.90;90;FOB;SEA;FCL/FCL;SAN ANTONIO;CALLAO;1;40HC;658;26/04/2021;27/09/2021;ULOG;HAMBURG SUD;;MRKU4255467;NA;7/10/2021;18/10/2021;18/10/2021;7/11/2021;44;ES202110-6269;GLS ELEFTHERIA 141W;24/10/2021;11/11/2021;11/11/2021;45;SI;21-135-HPER;8/11/2021;IMUPESA;AVM;1019;8/11/2021;9/11/2021;118-2021-10-434652-01-6-00;Verde;11/11/2021;11/11/2021;11/11/2021;NA;NA;;AVM;18/11/2021;;AGERSA;NA;18/11/2021;PACKING SALAVERRY;;1/01/1900;52;;;28/03/2022;2021-1;;-;;Cargada en CP - DOCUMENTACIÓN SUBIDA [21-133-HPER // 4700002154 // TCLU5992735]
2021-2022;LIQUIDADA;21-136-HPER;4700002082;OMAR;CODIAGRO;AGQ;FITOKONTROL;-;944;15,000;LITROS;EUR;30,802.00;0;FOB;SEA;FCL/FCL;VALENCIA;CALLAO;1;20ST;15;17/09/2021;20/09/2021;AIRSEALOG;CMA CGM;;ECMU1786334;18/10/2021;18/10/2021;25/10/2021;25/10/2021;8/11/2021;45;PVEM016624;CMA CGM JEAN GABRIEL 0WCANS1MA;19/11/2021;9/12/2021;10/12/2021;49;SI;21-136-HPER;11/11/2021;IMUPESA;AVM;1093;2/12/2021;6/12/2021;"	 118-2021-10-470589-01-9-00";Verde;10/12/2021;11/12/2021;10/12/2021;NA;;;AVM;14/12/2021;;AGERSA;NA;14/12/2021;FUNDO ARMONIA;27/12/2021;28/12/2021;52;;;28/03/2022;2021-1;FEDEX;285981123555;;Cargada en CP -  [21-136-HPER // 4700002082 // ECMU1786334]
2021-2022;LIQUIDADA;21-137-HPER;4700002133;RENE;JCK;E & E;PUNNET PET 18OZ 7X7 CESTA;-;597;252,672;UN;USD;27,035.90;90;FOB;SEA;FCL/FCL;SAN ANTONIO;CALLAO;1;40HC;658;26/04/2021;27/09/2021;ULOG;HAMBURG SUD;;TCKU7403360;3/11/2021;19/10/2021;18/10/2021;18/10/2021;7/11/2021;44;ES202111-6378;GLS ELEFTHERIA 141W;24/10/2021;11/11/2021;11/11/2021;45;SI;21-137-HPER;8/11/2021;IMUPESA;AVM;1020;8/11/2021;9/11/2021;118-2021-10-434734-01-2-00;Verde;11/11/2021;11/11/2021;11/11/2021;NA;NA;;AVM;17/11/2021;;;NA;18/11/2021;PACKING CHAO;;1/01/1900;52;;;28/03/2022;2021-1;;-;;Cargada en CP - DOCUMENTACIÓN SUBIDA [21-133-HPER // 4700002154 // TRHU4960267]
2021-2022;LIQUIDADA;21-137-HPER;4700002133;RENE;JCK;E & E;PUNNET PET 18OZ 7X7 CESTA;-;597;252,672;UN;USD;27,035.90;90;FOB;SEA;FCL/FCL;SAN ANTONIO;CALLAO;1;40HC;658;26/04/2021;27/09/2021;ULOG;HAMBURG SUD;;MRSU4995759;3/11/2021;19/10/2021;18/10/2021;18/10/2021;7/11/2021;44;ES202111-6378;GLS ELEFTHERIA 141W;24/10/2021;11/11/2021;11/11/2021;45;SI;21-137-HPER;8/11/2021;IMUPESA;AVM;1020;8/11/2021;9/11/2021;118-2021-10-434734-01-2-00;Verde;11/11/2021;11/11/2021;11/11/2021;NA;NA;;AVM;17/11/2021;;;NA;18/11/2021;PACKING CHAO;;1/01/1900;52;;;28/03/2022;2021-1;;-;;Cargada en CP - DOCUMENTACIÓN SUBIDA [21-133-HPER // 4700002154 // FFAU2645845]
2021-2022;LIQUIDADA;21-137-HPER;4700002133;RENE;JCK;E & E;PUNNET PET 18OZ 7X7 CESTA;-;597;252,672;UN;USD;27,035.90;90;FOB;SEA;FCL/FCL;SAN ANTONIO;CALLAO;1;40HC;658;26/04/2021;27/09/2021;ULOG;HAMBURG SUD;;GCXU5542100;3/11/2021;19/10/2021;18/10/2021;18/10/2021;7/11/2021;44;ES202111-6378;GLS ELEFTHERIA 141W;24/10/2021;11/11/2021;11/11/2021;45;SI;21-137-HPER;8/11/2021;IMUPESA;AVM;1020;8/11/2021;9/11/2021;118-2021-10-434734-01-2-00;Verde;11/11/2021;11/11/2021;11/11/2021;NA;NA;;AVM;18/11/2021;;;NA;18/11/2021;PACKING CHAO;;1/01/1900;52;;;28/03/2022;2021-1;;-;;Cargada en CP - DOCUMENTACIÓN SUBIDA [21-133-HPER // 4700002154 // HLXU8210915]
2021-2022;LIQUIDADA;21-138-HPER;4700002150;OMAR;PROMISOL ;AGQ;MUCIGEL;-;F-21471;9,000;LITROS;EUR;80,550.00;90;FOB;SEA;FCL/FCL;BARCELONA;CALLAO;1;40HC;11;;22/10/2021;ULOG;MSC;;TRLU4868333;23/11/2021;;23/11/2021;23/11/2021;28/11/2021;47;ME2113263/1;MSC SASHA NX147A;22/11/2021;24/12/2021;25/12/2021;51;SI;21-138-HPER;29/11/2021;IMUPESA;AVM;1128;13/12/2021;24/12/2021;118-2021-10-498933-01-6-00;;26/12/2021;27/12/2021;;NA;NA;;AVM;3/01/2022;;AGERSA;NA;3/01/2022;FUNDO ESPERANZA;3/01/2022;4/01/2022;1;;;28/03/2022;2021-1;;-;;Cargada en CP -  [21-138-HPER // 4700002150 // TRLU4868333]
2021-2022;LIQUIDADA;21-138-HPER;4700002150;OMAR;PROMISOL ;AGQ;CYTO FLOW AMIN;-;F-21471;3,500;KG;EUR;37,450.00;90;FOB;SEA;FCL/LCL;BARCELONA;CALLAO;0.25;40HC;4;;22/10/2021;ULOG;MSC;;TRLU4868333;23/11/2021;;23/11/2021;23/11/2021;28/11/2021;47;ME2113263/1;MSC SASHA NX147A;22/11/2021;24/12/2021;25/12/2021;51;SI;21-138-HPER;29/11/2021;IMUPESA;AVM;1128;13/12/2021;24/12/2021;118-2021-10-498933-01-6-00;Verde;26/12/2021;27/12/2021;28/12/2021;NA;NA;;AVM;3/01/2022;;AGERSA;NA;3/01/2022;FUNDO ESPERANZA;3/01/2022;4/01/2022;1;;;28/03/2022;2021-1;;-;;Cargada en CP -  [21-138-HPER // 4700002150 // TRLU4868333]
2021-2022;LIQUIDADA;21-138-HPER;4700002150;OMAR;PROMISOL ;AGQ;CYTOLAN;-;F-21471;2,000;KG;EUR;25,500.00;90;FOB;SEA;FCL/LCL;BARCELONA;CALLAO;0.25;40HC;2;;22/10/2021;ULOG;MSC;;TRLU4868333;23/11/2021;;23/11/2021;23/11/2021;28/11/2021;47;ME2113263/1;MSC SASHA NX147A;22/11/2021;24/12/2021;25/12/2021;51;SI;21-138-HPER;29/11/2021;IMUPESA;AVM;1128;13/12/2021;24/12/2021;118-2021-10-498933-01-6-00;Verde;26/12/2021;27/12/2021;28/12/2021;NA;NA;;AVM;3/01/2022;;AGERSA;NA;3/01/2022;FUNDO ESPERANZA;3/01/2022;4/01/2022;1;;;28/03/2022;2021-1;;-;;Cargada en CP -  [21-138-HPER // 4700002150 // TRLU4868333]
2021-2022;LIQUIDADA;21-138-HPER;4700002151;OMAR;PROMISOL ;AGQ;MUCIGEL;-;F-21471;5,000;LITROS;EUR;44,750.00;90;FOB;SEA;FCL/LCL;BARCELONA;CALLAO;0.25;40HC;4;;22/10/2021;ULOG;MSC;;TRLU4868333;23/11/2021;;23/11/2021;23/11/2021;28/11/2021;47;ME2113263/1;MSC SASHA NX147A;22/11/2021;24/12/2021;25/12/2021;51;SI;21-138-HPER;29/11/2021;IMUPESA;AVM;1128;13/12/2021;24/12/2021;118-2021-10-498933-01-6-00;Verde;26/12/2021;27/12/2021;28/12/2021;NA;NA;;AVM;3/01/2022;;AGERSA;NA;3/01/2022;FUNDO ESPERANZA;3/01/2022;4/01/2022;1;;;28/03/2022;2021-1;;-;;Cargada en CP -  [21-138-HPER // 4700002150 // TRLU4868333]
2021-2022;LIQUIDADA;21-138-HPER;4700002151;OMAR;PROMISOL ;AGQ;CYTO FLOW AMIN;-;F-21471;2,500;KG;EUR;26,750.00;90;FOB;SEA;FCL/LCL;BARCELONA;CALLAO;0.25;40HC;3;;22/10/2021;ULOG;MSC;;TRLU4868333;23/11/2021;;23/11/2021;23/11/2021;28/11/2021;47;ME2113263/1;MSC SASHA NX147A;22/11/2021;24/12/2021;25/12/2021;51;SI;21-138-HPER;29/11/2021;IMUPESA;AVM;1128;13/12/2021;24/12/2021;118-2021-10-498933-01-6-00;Verde;26/12/2021;27/12/2021;28/12/2021;NA;NA;;AVM;3/01/2022;;AGERSA;NA;3/01/2022;FUNDO ESPERANZA;3/01/2022;4/01/2022;1;;;28/03/2022;2021-1;;-;;Cargada en CP -  [21-138-HPER // 4700002151 // TRLU4868333]
2021-2022;LIQUIDADA;21-139-HPER;4700002114;JOSE;ANTAL CAYSON EQUIPMENT LLC;MAQUINARIAS;PLUG POPPER COMPLETE;-;2658;1;UN;USD;1,810.00;30;EXW;AIR;AIR;MIAMI;LIMA;-;-;1;14/10/2021;21-Set;AIRSEALOG;AIRMAX;;-;14/10/2021;29/10/2021;31/10/2021;31/10/2021;31/10/2021;43;3EAMIA3577;NC-860;31/10/2021;31/10/2021;31/10/2021;43;SI;21-139-HPER;28/10/2021;SHOHIN;AVM;982;28/10/2021;;235-2021-10-163561-01-7-00;Verde;1/11/2021;2/11/2021;3/11/2021;NA;NA;NA;AVM;4/11/2021;;AGERSA;NA;NA;VIVERO ILUSION;#¡VALOR!;#¡VALOR!;#¡VALOR!;;;28/03/2022;2021-1;;-;;Cargada en CP. Falta CONTENEDOR (Control 23/12) - DOCUMENTACIÓN CARGADA [21-143-HPER // 4700002127]
2021-2022;LIQUIDADA;21-140-HPER;4700002136;RENE;JCK;E & E;PUNNET 250G H40 JCK;-;607;355,300;UN;USD;15,277.90;90;FOB;SEA;FCL/LCL;SAN ANTONIO;CALLAO;0.5;40HC;323;5/11/2021;5/11/2021;ULOG;HAMBURG SUD;;MRKU5672608;NA;;15/11/2021;15/11/2021;14/11/2021;45;ES202111-6431;SEASPAN HAMBURG 143W;21/11/2021;19/11/2021;19/11/2021;46;SI;21-140-HPER;15/11/2021;IMUPESA;AVM;1038;15/11/2021;17/11/2021;118-2021-10-444836-01-2-00;Verde;19/11/2021;20/11/2021;19/11/2021;NA;NA;;AVM;24/11/2021;;AGERSA;NA;24/11/2021;PACKING CHAO;;1/01/1900;52;;;28/03/2022;2021-1;;-;;Cargada en CP -  [21-140-HPER // 4700002136 // MRKU5672608]
2021-2022;LIQUIDADA;21-140-HPER;4700002182;RENE;JCK;E & E;PUNNET CESTA PET UK 150g -JCK;-;607;364,500;UN;USD;13,122.00;90;FOB;SEA;FCL/LCL;SAN ANTONIO;CALLAO;0.5;40HC;300;5/11/2021;5/11/2021;ULOG;HAMBURG SUD;;MRKU5672608;NA;;15/11/2021;15/11/2021;14/11/2021;45;ES202111-6431;SEASPAN HAMBURG 143W;21/11/2021;19/11/2021;19/11/2021;46;SI;21-140-HPER;15/11/2021;IMUPESA;AVM;1038;15/11/2021;17/11/2021;118-2021-10-444836-01-2-00;Verde;19/11/2021;20/11/2021;19/11/2021;NA;NA;;AVM;24/11/2021;;AGERSA;NA;24/11/2021;PACKING CHAO;;1/01/1900;52;;;28/03/2022;2021-1;;-;;Cargada en CP -  [21-140-HPER // 4700002182 // MRKU5672608]
2021-2022;LIQUIDADA;21-141-HPER;4700002195;RENE;JCK;E & E;PUNNET 250G H40 JCK;-;610;290,400;UN;USD;12,472.68;90;EXW;LAND;LAND;SANTIAGO;LIMA;0.5;40HC;11;16/11/2021;8/11/2021;AIRSEALOG;DORIS XIMENA LEYTON MICHEL;;-;16/11/2021;16/11/2021;18/10/2021;15/11/2021;15/11/2021;46;1SCL030052-2;-;22/11/2021;22/11/2021;20/11/2021;46;SI;21-141-HPER;17/11/2021;CAF SANTA ROSA;DDP;CUS760;;19/11/2021;172-2021-10-021948-01-0-00;Verde;21/11/2021;22/11/2021;20/11/2021;NA;NA;NA;DDP;NA;;AGERSA;23/11/2021;NA;PACKING CHAO;24/11/2021;25/11/2021;47;;;28/03/2022;2021-1;;-;;No cargada por medio de transporte TIERRA (control 28/02) [21-141-HPER // 4700002195]
2021-2022;LIQUIDADA;21-141-HPER;4700002196;RENE;JCK;E & E;PUNNET CESTA PET UK 150g -JCK;-;610;334,125;UN;USD;11,978.38;90;EXW;LAND;LAND;SANTIAGO;LIMA;0.5;40HC;11;16/11/2021;8/11/2021;AIRSEALOG;DORIS XIMENA LEYTON MICHEL;;-;16/11/2021;16/11/2021;18/10/2021;15/11/2021;15/11/2021;46;1SCL030052-2;-;22/11/2021;22/11/2021;20/11/2021;46;SI;21-141-HPER;17/11/2021;CAF SANTA ROSA;DDP;CUS760;;19/11/2021;172-2021-10-021948-01-0-00;Verde;1/01/1900;2/01/1900;20/11/2021;NA;NA;NA;DDP;NA;;AGERSA;23/11/2021;NA;PACKING CHAO;24/11/2021;25/11/2021;47;;;28/03/2022;2021-1;;-;;No cargada por medio de transporte TIERRA (control 28/02) [21-141-HPER // 4700002196]
2021-2022;LIQUIDADA;21-142-HPER;4700002116;JOSE;RITEC;EQP & INST;PARTES PARA SISTEMAS DE RIEGO;-;21/900;1,938;UN;USD;252,884.00;0;EXW;SEA;FCL/FCL;VALENCIA;CALLAO;1;40HC;211;20/10/2021;4/10/2021;CH ROBINSON;MSC;;MEDU4850704;20/10/2021;20/10/2021;26/10/2021;26/10/2021;26/10/2021;43;ALCME2101008;NORDIC ANNA XA144R;26/11/2021;27/11/2021;26/11/2021;47;SI;21-142-HPER;26/10/2021;IMUPESA;AVM;1077;26/11/2021;2/12/2021;118-2021-10-466839-01-4-00;Verde;28/11/2021;28/11/2021;2/12/2021;NA;NA;;AVM;4/12/2021;;;NA;NA;;;1/01/1900;52;;;28/03/2022;2021-1;;-;;Cargada en CP -  [21-142-HPER // 4700002116 // MEDU4850704]
2021-2022;LIQUIDADA;21-142-HPER;4700002117;JOSE;RITEC;EQP & INST;PARTES PARA SISTEMAS DE RIEGO;-;21/900;22;UN;USD;28,199.96;0;EXW;SEA;FCL/FCL;VALENCIA;CALLAO;1;40HC;54;20/10/2021;4/10/2021;CH ROBINSON;MSC;;MSDU7524972;20/10/2021;20/10/2021;26/10/2021;26/10/2021;26/10/2021;43;ALCME2101008;NORDIC ANNA XA144R;26/11/2021;27/11/2021;26/11/2021;47;SI;21-142-HPER;26/10/2021;IMUPESA;AVM;1077;26/11/2021;2/12/2021;118-2021-10-466839-01-4-00;Verde;28/11/2021;28/11/2021;2/12/2021;NA;NA;;AVM;4/12/2021;;;NA;NA;;;1/01/1900;52;;;28/03/2022;2021-1;;-;;Cargada en CP -  [21-142-HPER // 4700002117 // MSDU7524972]
2021-2022;LIQUIDADA;21-143-HPER;4700002127;OMAR;PROMISOL ;AGQ;PROMI-CALFOR;-;F-21431;9,600;KG;EUR;35,040.00;90;FOB;SEA;LCL/LCL;BARCELONA;CALLAO;-;-;8;30/09/2021;6/10/2021;AIRSEALOG;CMA CGM;;-;13/10/2021;;16/10/2021;23/10/2021;24/10/2021;42;ASLP001271;COSCO SHIPPING VOLGA 0WCAHS1MA;10/11/2021;20/11/2021;19/11/2021;46;SI;21-143-HPER;3/11/2021;VILLAS OQUENDO;AVM;1041;15/11/2021;18/11/2021;118-2021-10-446432-01-6-00;Verde;20/11/2021;21/11/2021;19/11/2021;NA;NA;NA;AVM;25/11/2021;;AGERSA;NA;NA;FUNDO ARMONIA;#¡VALOR!;#¡VALOR!;#¡VALOR!;;;28/03/2022;2021-1;DHL;8385685615;;No cargada. ETA pasado y sin contenedor [21-143-HPER // 4700002127]
2021-2022;LIQUIDADA;21-144-HPER ;4700002101;GERMAN;SMARTPACK;SPAREPARTS;REPUESTOS PARA MAQUINA PROSEAL;-;98;14;UN;USD;1,860.00;30;EXW;AIR;AIR;SANTIAGO;LIMA;-;-;1;6/10/2021;6/10/2021;DHL;DHL;;-;7/10/2021;7/10/2021;12/10/2021;12/10/2021;12/10/2021;41;4645587822;-;12/10/2021;12/10/2021;12/10/2021;41;SI;NA;NA;DHL;NA;NA;NA;;;;13/10/2021;14/10/2021;15/10/2021;NA;NA;NA;AVM;18/10/2021;;;NA;NA;;18/10/2021;19/10/2021;42;;;28/03/2022;2021-1;;-;;Cargada en CP - DOCUMENTACIÓN CARGADA. [21-153-HPER // 4700002149 // TCNU8273774]
2021-2022;LIQUIDADA;21-144-HPER ;4700002107;GERMAN;SMARTPACK;SPAREPARTS;"Z01927 GT6EX TRANSFER CARR BELT
RP-1474";-;97;1;UN;USD;350.00;30;EXW;AIR;AIR;SANTIAGO;LIMA;-;-;-;6/10/2021;6/10/2021;DHL;DHL;;-;7/10/2021;7/10/2021;12/10/2021;12/10/2021;12/10/2021;41;4645587822;-;12/10/2021;12/10/2021;12/10/2021;41;SI;NA;NA;DHL;NA;NA;NA;;;;13/10/2021;14/10/2021;15/10/2021;NA;NA;NA;AVM;18/10/2021;;;NA;NA;;18/10/2021;19/10/2021;42;;;28/03/2022;2021-1;;-;;Cargada en CP - DOCUMENTACIÓN CARGADA. [21-153-HPER // 4700002149 // DFSU6047246]
2021-2022;LIQUIDADA;21-145-HPER;PEA2H10101;RENE;JCK;MUESTRAS;MUESTRAS;-;NA;1;UN;USD;1.00;0;EXW;AIR;AIR;SANTIAGO;LIMA;-;-;1;28/09/2021;28/09/2021;DHL;DHL;;-;29/09/2021;29/09/2021;29/09/2021;29/09/2021;29/09/2021;39;5532282335;-;1/10/2021;1/10/2021;1/10/2021;39;SI;NA;NA;DHL;DHL;5532282335;NA;1/10/2021;235-2021-28-00843074-10-8-00;Verde;1/10/2021;1/10/2021;2/10/2021;NA;NA;NA;DHL;2/10/2021;;DHL;NA;NA;;#¡VALOR!;#¡VALOR!;#¡VALOR!;;;28/03/2022;2021-1;;-;;No cargada por medio de transporte AIRE (23/12) [21-169-HPER // 4700002139
2021-2022;LIQUIDADA;21-146-HPER;4700002091;OMAR;EDEN ;AGQ;DISPER CLOROPHYL;-;1359 / 2021;2,000;KG;EUR;50,820.00;60;EXW;SEA;FCL/LCL;VALENCIA;CALLAO;0.31;20ST;5;1/10/2021;7/10/2021;CH ROBINSON;MSC;;FCIU4971880;18/10/2021;18/10/2021;26/10/2021;26/10/2021;26/10/2021;43;ALCME2101023;NORDIC ANNA XA144R;26/11/2021;27/11/2021;26/11/2021;47;SI;21-146-HPER;26/10/2021;IMUPESA;AVM;1073;26/11/2021;30/11/2021;118-2021-10-461854-01-0-00;Verde;28/11/2021;27/11/2021;3/12/2021;NA;NA;;AVM;7/12/2021;001-0108944;AGERSA;7/12/2021;7/12/2021;FUNDO ARMONIA;13/12/2021;14/12/2021;50;0030-003539;014-1827;28/03/2022;2021-1;;-;;Cargada en CP -  [21-146-HPER // 4700002091 // FCIU4971880]
2021-2022;LIQUIDADA;21-146-HPER;4700002092;OMAR;EDEN ;AGQ;DISPER CLOROPHYL;-;1360 / 2021;1,500;KG;EUR;38,115.00;60;EXW;SEA;FCL/LCL;VALENCIA;CALLAO;0.19;20ST;3;1/10/2021;7/10/2021;CH ROBINSON;MSC;;FCIU4971880;18/10/2021;18/10/2021;26/10/2021;26/10/2021;26/10/2021;43;ALCME2101023;NORDIC ANNA XA144R;26/11/2021;27/11/2021;26/11/2021;47;SI;21-146-HPER;26/10/2021;IMUPESA;AVM;1073;26/11/2021;30/11/2021;118-2021-10-461854-01-0-00;Verde;28/11/2021;27/11/2021;3/12/2021;NA;NA;;AVM;7/12/2021;001-0108944;AGERSA;7/12/2021;7/12/2021;FUNDO ARMONIA;13/12/2021;14/12/2021;50;0030-003539;014-1827;28/03/2022;2021-1;;-;;Cargada en CP -  [21-146-HPER // 4700002092 // FCIU4971880]
2021-2022;LIQUIDADA;21-146-HPER;4700002094;OMAR;EDEN ;AGQ;DISPER COMPLEX;-;1361 / 2021;4,000;KG;EUR;18,816.00;60;EXW;SEA;FCL/LCL;VALENCIA;CALLAO;0.5;20ST;8;1/10/2021;7/10/2021;CH ROBINSON;MSC;;FCIU4971880;18/10/2021;18/10/2021;26/10/2021;26/10/2021;26/10/2021;43;ALCME2101023;NORDIC ANNA XA144R;26/11/2021;27/11/2021;26/11/2021;47;SI;21-146-HPER;26/10/2021;IMUPESA;AVM;1073;26/11/2021;30/11/2021;118-2021-10-461854-01-0-00;Verde;28/11/2021;28/11/2021;3/12/2021;NA;NA;;AVM;7/12/2021;001-0108944;AGERSA;7/12/2021;7/12/2021;FUNDO ARMONIA;13/12/2021;14/12/2021;50;0030-003539;014-1827;28/03/2022;2021-1;;-;;Cargada en CP -  [21-146-HPER // 4700002094 // FCIU4971880]
2021-2022;LIQUIDADA;21-147-HPER;4700002093;OMAR;EDEN ;AGQ;DISPER COMPLEX;-;1362 / 2021;20,000;KG;EUR;94,000.00;60;EXW;SEA;FCL/FCL;BARCELONA;CALLAO;1;40HC;40;1/10/2021;7/10/2021;CH ROBINSON;MSC;;MSCU5329280;18/10/2021;18/10/2021;26/10/2021;26/10/2021;26/10/2021;43;ALCME2101026;NORDIC ANNA XA144R;26/11/2021;27/11/2021;26/11/2021;47;SI;21-147-HPER;26/10/2021;IMUPESA;AVM;1074;26/11/2021;30/11/2021;118-2021-10-461875-01-2-00;VERDE;28/11/2021;28/11/2021;6/12/2021;NA;NA;;;7/12/2021;;;8/12/2021;8/12/2021;FUNDO ARMONIA;13/12/2021;14/12/2021;50;;;28/03/2022;2021-1;;-;;Cargada en CP -  [21-147-HPER // 4700002093 // MSCU5329280]
2021-2022;LIQUIDADA;21-148-HPER;4700002173;RENE;FASTIK ;E & E;FILM PUNNET PET 11OZ 5X7;-;82065-87568;792,000;UN;USD;52,485.84;30;EXW;AIR;AIR;MIAMI;LIMA;-;-;4;11/10/2021;11/10/2021;NOATUM;ABX CARGO;;-;19/10/2021;;27/10/2021;27/10/2021;3/11/2021;44;MIQMIA04058;NC821/03;28/10/2021;6/11/2021;6/11/2021;44;SI;21-148-HPER;29/10/2021;SHOHIN;AVM;994;2/11/2021;4/11/2021;235-2021-10-166395-01-0-00;Verde;6/11/2021;6/11/2021;6/11/2021;NA;NA;NA;AVM;9/11/2021;001-0108354;AGERSA;9/11/2021;NA;PACKING CHAO;2/12/2021;3/12/2021;48;0028-002710;014-0001817;28/03/2022;2021-1;;-;;No cargada por medio de transporte AIRE [21-148-HPER // 4700002173]
2021-2022;LIQUIDADA;21-149-HPER;4700002202;RENE;FASTIK ;E & E;FILM PUNNET PET 11OZ 5X7;-;82065-87696;613,250;UN;USD;32,833.41;30;EXW;SEA;LCL/LCL;MIAMI;CALLAO;-;-;3;1/11/2021;8/11/2021;ULOG;SEABOARD;-;SMLU7977132;2/12/2021;13/12/2021;3/12/2021;17/12/2021;18/12/2021;50; IM12-003119-21;SEABOARD EXPLORER 3;12/12/2021;27/12/2021;28/12/2021;52;SI;21-149-HPER;15/12/2021;VILLAS OQUENDO;AVM;1148;20/12/2021;24/12/2021;118-2021-10-500463-01-4-00;Verde;29/12/2021;30/12/2021;28/12/2021;NA;NA;NA;AVM;5/01/2022;;AGERSA;5/01/2022;NA;PACKING CHAO;5/01/2022;6/01/2022;1;;;28/03/2022;2021-1;;-;;Cargada en CP -  [21-149-HPER // 4700002201 // SMLU7977132]
2021-2022;LIQUIDADA;21-149-HPER;4700002203;RENE;FASTIK ;E & E;FILM PUNNET PET 18OZ 7X7 CESTA;-;81448-87694;943,250;UN;USD;68,630.87;30;EXW;SEA;LCL/LCL;MIAMI;CALLAO;-;-;6;1/11/2021;8/11/2021;ULOG;SEABOARD;-;SMLU7977132;2/12/2021;13/12/2021;3/12/2021;17/12/2021;18/12/2021;50; IM12-003119-21;SEABOARD EXPLORER 3;12/12/2021;27/12/2021;28/12/2021;52;SI;21-149-HPER;15/12/2021;VILLAS OQUENDO;AVM;1148;20/12/2021;24/12/2021;118-2021-10-500463-01-4-00;Verde;29/12/2021;30/12/2021;28/12/2021;NA;NA;NA;AVM;5/01/2022;001-0109403;AGERSA;5/01/2022;NA;PACKING CHAO;5/01/2022;6/01/2022;1;;;28/03/2022;2021-1;;-;;Cargada en CP -  [21-149-HPER // 4700002203 // SMLU7977132]
2021-2022;LIQUIDADA;21-149-HPER;4700002204;RENE;FASTIK ;E & E;FILM PUNNET PET 18OZ 7X7 CESTA;-;81448-87825;269,500;UN;USD;19,608.82;30;EXW;SEA;LCL/LCL;MIAMI;CALLAO;-;-;2;1/11/2021;8/11/2021;ULOG;SEABOARD;-;SMLU7977132;2/12/2021;13/12/2021;3/12/2021;17/12/2021;18/12/2021;50; IM12-003119-21;SEABOARD EXPLORER 3;12/12/2021;27/12/2021;28/12/2021;52;SI;21-149-HPER;15/12/2021;VILLAS OQUENDO;AVM;1148;20/12/2021;24/12/2021;118-2021-10-500463-01-4-00;Verde;29/12/2021;30/12/2021;28/12/2021;NA;NA;NA;AVM;5/01/2022;;AGERSA;5/01/2022;NA;PACKING CHAO;5/01/2022;6/01/2022;1;;;28/03/2022;2021-1;;-;;Cargada en CP -  [21-149-HPER // 4700002204 // SMLU7977132]
2021-2022;LIQUIDADA;21-150-HPER ;4700002165;RENE;VERITAS;SUSTRATOS;"5KG NAKED BRICKS-BLUEBERRY
BLEND";RV11;202122/137;5,100;UN;USD;24,395.00;20% AP;CIF;SEA;FCL/FCL;COLOMBO;CALLAO;1;40HC;20;;NA;DIRECTO;MSC;;INKU6539590;NA;;5/09/2021;5/09/2021;5/09/2021;35;MEDUC0673748;MSC MANU PM147R;10/11/2021;25/12/2021;26/12/2021;51;NO;NA;NA;IMUPESA;AVM;1005;1/12/2021;29/12/2021;118-2021-10-505120-01-8-00;Verde;27/12/2021;28/12/2021;29/12/2021;5/01/2022;5/01/2022;;AVM;6/01/2022;;JOSELITO;6/01/2022;6/01/2022;FUNDO ARMONIA;7/01/2022;8/01/2022;1;;;28/03/2022;2021-1;DHL;6392678552;;Cargada en CP -  [21-150-HPER // 4700002165 // INKU6539590]
2021-2022;LIQUIDADA;21-150-HPER ;4700002165;RENE;VERITAS;SUSTRATOS;"5KG NAKED BRICKS-BLUEBERRY
BLEND";RV11;202122/137;5,100;UN;USD;24,395.00;20% AP;CIF;SEA;FCL/FCL;COLOMBO;CALLAO;1;40HC;20;;NA;DIRECTO;MSC;;MSCU7184971;NA;;5/09/2021;5/09/2021;5/09/2021;35;MEDUC0673748;MSC MANU PM147R;10/11/2021;25/12/2021;26/12/2021;51;NO;NA;NA;IMUPESA;AVM;1005;1/12/2021;29/12/2021;118-2021-10-505120-01-8-00;Verde;27/12/2021;28/12/2021;29/12/2021;5/01/2022;5/01/2022;;AVM;6/01/2022;;JOSELITO;6/01/2022;6/01/2022;FUNDO ARMONIA;7/01/2022;8/01/2022;1;;;28/03/2022;2021-1;DHL;6392678552;;Cargada en CP -  [21-150-HPER // 4700002165 // MSCU7184971]
2021-2022;LIQUIDADA;21-150-HPER ;4700002165;RENE;VERITAS;SUSTRATOS;"5KG NAKED BRICKS-BLUEBERRY
BLEND";RV11;202122/137;5,100;UN;USD;24,395.00;20% AP;CIF;SEA;FCL/FCL;COLOMBO;CALLAO;1;40HC;20;;NA;DIRECTO;MSC;;TGHU6599085;NA;;5/09/2021;5/09/2021;5/09/2021;35;MEDUC0673748;MSC MANU PM147R;10/11/2021;25/12/2021;26/12/2021;51;NO;NA;NA;IMUPESA;AVM;1005;1/12/2021;29/12/2021;118-2021-10-505120-01-8-00;Verde;27/12/2021;28/12/2021;29/12/2021;5/01/2022;5/01/2022;;AVM;6/01/2022;;JOSELITO;6/01/2022;6/01/2022;FUNDO ARMONIA;7/01/2022;8/01/2022;1;;;28/03/2022;2021-1;DHL;6392678552;;Cargada en CP -  [21-150-HPER // 4700002165 // TGHU6599085]
2021-2022;LIQUIDADA;21-151-HPER ;4700002166;RENE;VERITAS;SUSTRATOS;"5KG NAKED BRICKS-BLUEBERRY
BLEND";RV11;202122/144A;5,100;UN;USD;24,395.00;20% AP;CIF;SEA;FCL/FCL;COLOMBO;CALLAO;1;40HC;20;;NA;DIRECTO;MSC;;BMOU4578200;NA;;18/09/2021;18/09/2021;5/09/2021;35;MEDUC0685502;MSC MANU PM147R;23/11/2021;25/12/2021;26/12/2021;51;NO;NA;NA;IMUPESA;AVM;1006;1/12/2021;23/12/2021;118-2021-10-496852-01-9-00;Verde;27/12/2021;28/12/2021;26/12/2021;30/12/2021;30/12/2021;;AVM;3/01/2022;;JOSELITO;3/01/2022;3/01/2022;FUNDO ARMONIA;3/01/2022;4/01/2022;1;;;28/03/2022;2021-1;DHL;6392678552;;Cargada en CP -  [21-151-HPER // 4700002166 // BMOU4578200]
2021-2022;LIQUIDADA;21-151-HPER ;4700002166;RENE;VERITAS;SUSTRATOS;"5KG NAKED BRICKS-BLUEBERRY
BLEND";RV11;202122/144A;5,100;UN;USD;24,395.00;20% AP;CIF;SEA;FCL/FCL;COLOMBO;CALLAO;1;40HC;20;;NA;DIRECTO;MSC;;TCNU8736903;NA;;18/09/2021;18/09/2021;5/09/2021;35;MEDUC0685502;MSC MANU PM147R;23/11/2021;25/12/2021;26/12/2021;51;NO;NA;NA;IMUPESA;AVM;1006;1/12/2021;23/12/2021;118-2021-10-496852-01-9-00;Verde;27/12/2021;28/12/2021;26/12/2021;30/12/2021;30/12/2021;;AVM;3/01/2022;;JOSELITO;3/01/2022;3/01/2022;FUNDO ARMONIA;3/01/2022;4/01/2022;1;;;28/03/2022;2021-1;DHL;6392678552;;Cargada en CP -  [21-151-HPER // 4700002166 // TCNU8736903]
2021-2022;LIQUIDADA;21-151-HPER ;4700002166;RENE;VERITAS;SUSTRATOS;"5KG NAKED BRICKS-BLUEBERRY
BLEND";RV11;202122/144A;5,100;UN;USD;24,395.00;20% AP;CIF;SEA;FCL/FCL;COLOMBO;CALLAO;1;40HC;20;;NA;DIRECTO;MSC;;MSCU9152696;NA;;18/09/2021;18/09/2021;5/09/2021;35;MEDUC0685502;MSC MANU PM147R;23/11/2021;25/12/2021;26/12/2021;51;NO;NA;NA;IMUPESA;AVM;1006;1/12/2021;23/12/2021;118-2021-10-496852-01-9-00;Verde;27/12/2021;28/12/2021;26/12/2021;30/12/2021;30/12/2021;;AVM;3/01/2022;;JOSELITO;3/01/2022;3/01/2022;FUNDO ARMONIA;3/01/2022;4/01/2022;1;;;28/03/2022;2021-1;DHL;6392678552;;Cargada en CP -  [21-151-HPER // 4700002166 // MSCU9152696]
2021-2022;LIQUIDADA;21-152-HPER;4700002167;RENE;VERITAS;SUSTRATOS;"5KG NAKED BRICKS-BLUEBERRY
BLEND";RV11;202122/144B;5,100;UN;USD;24,395.00;20% AP;CIF;SEA;FCL/FCL;COLOMBO;CALLAO;1;40HC;20;;NA;DIRECTO;MSC;;TCNU8783377;NA;;18/09/2021;18/09/2021;5/09/2021;35;MEDUC0682665;MSC MANU PM147R;23/11/2021;25/12/2021;26/12/2021;51;NO;NA;NA;IMUPESA;AVM;1007;1/12/2021;23/12/2021;118-2021-10-496908-01-4-00;Verde;27/12/2021;28/12/2021;28/12/2021;30/12/2021;30/12/2021;;AVM;3/01/2022;;AGERSA;3/01/2022;3/01/2022;FUNDO ARMONIA;19/01/2022;20/01/2022;3;;;28/03/2022;2021-1;DHL;6392678552;;Cargada en CP -  [21-152-HPER // 4700002167 // TCNU8783377]
2021-2022;LIQUIDADA;21-152-HPER;4700002167;RENE;VERITAS;SUSTRATOS;"5KG NAKED BRICKS-BLUEBERRY
BLEND";RV11;202122/144B;5,100;UN;USD;24,395.00;20% AP;CIF;SEA;FCL/FCL;COLOMBO;CALLAO;1;40HC;20;;NA;DIRECTO;MSC;;MEDU7841202;NA;;18/09/2021;18/09/2021;5/09/2021;35;MEDUC0682665;MSC MANU PM147R;23/11/2021;25/12/2021;26/12/2021;51;NO;NA;NA;IMUPESA;AVM;1007;1/12/2021;23/12/2021;118-2021-10-496908-01-4-00;Verde;27/12/2021;28/12/2021;28/12/2021;30/12/2021;30/12/2021;;AVM;3/01/2022;;AGERSA;3/01/2022;3/01/2022;FUNDO ARMONIA;19/01/2022;20/01/2022;3;;;28/03/2022;2021-1;DHL;6392678552;;Cargada en CP -  [21-152-HPER // 4700002167 // MEDU7841202]
2021-2022;LIQUIDADA;21-153-HPER;4700002149;RENE;PROJAR;SUSTRATOS;EASY PLANTER 27L;RV11;FX21-00444;7,200;UN;USD;21,372.00;20% AP;CIF;SEA;FCL/FCL;COLOMBO;CALLAO;1;40HC;24;;NA;DIRECTO;MSC;;TCNU8273774;NA;;18/09/2021;18/09/2021;5/09/2021;35;MEDUC0683119;MSC MANU PM147R;23/11/2021;25/12/2021;26/12/2021;51;NO;NA;NA;IMUPESA;AVM;1001;1/12/2021;30/12/2021;118-2021-10-507035-01-8-00;Verde;27/12/2021;28/12/2021;30/12/2021;5/01/2022;5/01/2022;;AVM;6/01/2022;;RVC;6/01/2022;6/01/2022;FUNDO ARMONIA;7/01/2022;8/01/2022;1;;;28/03/2022;2021-1;UPS;1Z48V0570491064334;;Cargada en CP -  [21-153-HPER // 4700002149 // TCNU8273774]
2021-2022;LIQUIDADA;21-153-HPER;4700002149;RENE;PROJAR;SUSTRATOS;EASY PLANTER 27L;RV11;FX21-00444;7,200;UN;USD;21,372.00;20% AP;CIF;SEA;FCL/FCL;COLOMBO;CALLAO;1;40HC;24;;NA;DIRECTO;MSC;;DFSU6047246;NA;;18/09/2021;18/09/2021;5/09/2021;35;MEDUC0683119;MSC MANU PM147R;23/11/2021;25/12/2021;26/12/2021;51;NO;NA;NA;IMUPESA;AVM;1001;1/12/2021;30/12/2021;118-2021-10-507035-01-8-00;Verde;27/12/2021;28/12/2021;30/12/2021;5/01/2022;5/01/2022;;AVM;6/01/2022;;RVC;6/01/2022;6/01/2022;FUNDO ARMONIA;7/01/2022;8/01/2022;1;;;28/03/2022;2021-1;UPS;1Z48V0570491064334;;Cargada en CP -  [21-153-HPER // 4700002149 // DFSU6047246]
2021-2022;LIQUIDADA;21-153-HPER;4700002149;RENE;PROJAR;SUSTRATOS;EASY PLANTER 27L;RV11;FX21-00444;7,200;UN;USD;21,372.00;20% AP;CIF;SEA;FCL/FCL;COLOMBO;CALLAO;1;40HC;24;;NA;DIRECTO;MSC;;BEAU5866227;NA;;18/09/2021;18/09/2021;5/09/2021;35;MEDUC0683119;MSC MANU PM147R;23/11/2021;25/12/2021;26/12/2021;51;NO;NA;NA;IMUPESA;AVM;1001;1/12/2021;30/12/2021;118-2021-10-507035-01-8-00;Verde;27/12/2021;28/12/2021;30/12/2021;5/01/2022;5/01/2022;;AVM;6/01/2022;;RVC;6/01/2022;6/01/2022;FUNDO ARMONIA;7/01/2022;8/01/2022;1;;;28/03/2022;2021-1;UPS;1Z48V0570491064334;;Cargada en CP -  [21-153-HPER // 4700002149 // BEAU5866227]
2021-2022;LIQUIDADA;21-154-HPER;4700002168;RENE;VERITAS;SUSTRATOS;"5KG NAKED BRICKS-BLUEBERRY
BLEND";RV11;202122/149;5,100;UN;USD;24,395.00;20% AP;CIF;SEA;FCL/FCL;COLOMBO;CALLAO;1;40HC;20;;NA;DIRECTO;MSC;;CAIU7761317;NA;;28/09/2021;28/09/2021;28/09/2021;39;MEDUC0693670;MSC BRANKA NX146A;2/12/2021;30/12/2021;31/12/2021;52;NO;NA;NA;IMUPESA;AVM;1008;20/12/2021;28/12/2021;118-2021-10-503065-01-1-01;Verde;1/01/2022;2/01/2022;30/12/2021;5/01/2022;5/01/2022;;AVM;6/01/2022;;AGERSA;8/01/2022;8/01/2022;FUNDO ARMONIA;21/01/2022;22/01/2022;3;;;28/03/2022;2021-1;DHL;6392678552;;Cargada en CP -  [21-154-HPER // 4700002168 // CAIU7761317]
2021-2022;LIQUIDADA;21-154-HPER;4700002168;RENE;VERITAS;SUSTRATOS;"5KG NAKED BRICKS-BLUEBERRY
BLEND";RV11;202122/149;5,100;UN;USD;24,395.00;20% AP;CIF;SEA;FCL/FCL;COLOMBO;CALLAO;1;40HC;20;;NA;DIRECTO;MSC;;TGHU8738472;NA;;28/09/2021;28/09/2021;28/09/2021;39;MEDUC0693670;MSC BRANKA NX146A;2/12/2021;30/12/2021;31/12/2021;52;NO;NA;NA;IMUPESA;AVM;1008;20/12/2021;28/12/2021;118-2021-10-503065-01-1-01;Verde;1/01/2022;2/01/2022;30/12/2021;5/01/2022;5/01/2022;;AVM;6/01/2022;;RVC;7/01/2022;7/01/2022;FUNDO ARMONIA;16/01/2022;17/01/2022;3;;;28/03/2022;2021-1;DHL;6392678552;;Cargada en CP -  [21-154-HPER // 4700002168 // TGHU8738472]
2021-2022;LIQUIDADA;21-154-HPER;4700002168;RENE;VERITAS;SUSTRATOS;"5KG NAKED BRICKS-BLUEBERRY
BLEND";RV11;202122/149;5,100;UN;USD;24,395.00;20% AP;CIF;SEA;FCL/FCL;COLOMBO;CALLAO;1;40HC;20;;NA;DIRECTO;MSC;;MEDU8079350;NA;;28/09/2021;28/09/2021;28/09/2021;39;MEDUC0693670;MSC BRANKA NX146A;2/12/2021;30/12/2021;31/12/2021;52;NO;NA;NA;IMUPESA;AVM;1008;20/12/2021;28/12/2021;118-2021-10-503065-01-1-01;Verde;1/01/2022;2/01/2022;30/12/2021;5/01/2022;5/01/2022;;AVM;6/01/2022;;AGERSA;8/01/2022;8/01/2022;FUNDO ARMONIA;23/01/2022;24/01/2022;4;;;28/03/2022;2021-1;DHL;6392678552;;Cargada en CP -  [21-154-HPER // 4700002168 // MEDU8079350]
2021-2022;LIQUIDADA;21-155-HPER;4700002160;RENE;PROJAR;SUSTRATOS;EASY PLANTER 27L;RV11;FX21-00463;7,200;UN;USD;35,844.00;20% AP;CIF;SEA;FCL/FCL;COLOMBO;CALLAO;1;40HC;24;;NA;DIRECTO;MSC;;TCNU4725557;NA;;28/09/2021;28/09/2021;28/09/2021;39;MEDUC0694702;MSC BRANKA NX146A;2/12/2021;30/12/2021;31/12/2021;52;NO;NA;NA;IMUPESA;AVM;1003;20/12/2021;28/12/2021;118-2021-10-503004-01-0-01;Verde;1/01/2022;2/01/2022;30/12/2021;5/01/2022;5/01/2022;;SLI;6/01/2022;;JOSELITO;7/01/2022;7/01/2022;FUNDO ARMONIA;17/01/2022;18/01/2022;3;;;28/03/2022;2021-1;UPS;1Z48V0570491828358;;Cargada en CP -  [21-155-HPER // 4700002160 // TCNU4725557]
2021-2022;LIQUIDADA;21-155-HPER;4700002160;RENE;PROJAR;SUSTRATOS;EASY PLANTER 27L;RV11;FX21-00463;7,200;UN;USD;35,844.00;20% AP;CIF;SEA;FCL/FCL;COLOMBO;CALLAO;1;40HC;24;;NA;DIRECTO;MSC;;FCIU8133859;NA;;28/09/2021;28/09/2021;28/09/2021;39;MEDUC0694702;MSC BRANKA NX146A;2/12/2021;30/12/2021;31/12/2021;52;NO;NA;NA;IMUPESA;AVM;1003;20/12/2021;28/12/2021;118-2021-10-503004-01-0-01;Verde;1/01/2022;2/01/2022;30/12/2021;5/01/2022;5/01/2022;;SLI;6/01/2022;;JOSELITO;7/01/2022;7/01/2022;FUNDO ARMONIA;14/01/2022;15/01/2022;2;;;28/03/2022;2021-1;UPS;1Z48V0570491828358;;Cargada en CP -  [21-155-HPER // 4700002160 // FCIU8133859]
2021-2022;LIQUIDADA;21-155-HPER;4700002160;RENE;PROJAR;SUSTRATOS;EASY PLANTER 27L;RV11;FX21-00463;7,200;UN;USD;35,844.00;20% AP;CIF;SEA;FCL/FCL;COLOMBO;CALLAO;1;40HC;24;;NA;DIRECTO;MSC;;PGTU9134362;NA;;28/09/2021;28/09/2021;28/09/2021;39;MEDUC0694702;MSC BRANKA NX146A;2/12/2021;30/12/2021;31/12/2021;52;NO;NA;NA;IMUPESA;AVM;1003;20/12/2021;28/12/2021;118-2021-10-503004-01-0-01;Verde;1/01/2022;2/01/2022;30/12/2021;5/01/2022;5/01/2022;;SLI;6/01/2022;;JOSELITO;8/01/2022;8/01/2022;FUNDO ARMONIA;25/01/2022;26/01/2022;4;;;28/03/2022;2021-1;UPS;1Z48V0570491828358;;Cargada en CP -  [21-155-HPER // 4700002160 // PGTU9134362]
2021-2022;LIQUIDADA;21-156-HPER;4700002161;RENE;PROJAR;SUSTRATOS;EASY PLANTER 27L;RV11;FX21-00464;7,200;UN;USD;21,372.00;20% AP;CIF;SEA;FCL/FCL;COLOMBO;CALLAO;1;40HC;24;;NA;DIRECTO;MSC;;MEDU7244568;NA;;28/09/2021;28/09/2021;28/09/2021;39;MEDUC0694389;MSC BRANKA NX146A;2/12/2021;30/12/2021;31/12/2021;52;NO;NA;NA;IMUPESA;AVM;1002;20/12/2021;28/12/2021;118-2021-10-502826-01-7-01;Verde;1/01/2022;2/01/2022;30/12/2021;5/01/2022;5/01/2022;;SLI;6/01/2022;;JOSELITO;7/01/2022;7/01/2022;FUNDO ARMONIA;12/01/2022;13/01/2022;2;;;28/03/2022;2021-1;UPS;1Z48V0570491828358;;Cargada en CP -  [21-156-HPER // 4700002161 // MEDU7244568]
2021-2022;LIQUIDADA;21-157-HPER;4700002169;RENE;VERITAS;SUSTRATOS;"5KG NAKED BRICKS-BLUEBERRY
BLEND";RV11;202122/150;5,100;UN;USD;24,395.00;20% AP;CIF;SEA;FCL/FCL;COLOMBO;CALLAO;1;40HC;20;;NA;DIRECTO;MSC;;MEDU8966518;NA;;1/10/2021;1/10/2021;5/10/2021;40;MEDUC0699602;CAPE KORTIA NX150A;6/12/2021;13/01/2022;14/01/2022;2;NO;#¡REF!;#¡REF!;IMUPESA;AVM;24;6/01/2022;14/01/2022;118-2021-10-015158-01-7-00;Verde;14/01/2022;16/01/2022;5/02/2022;18/01/2022;18/01/2022;;AVM;8/02/2021;;RVC;19/01/2022;19/01/2022;FUNDO ARMONIA;20/01/2022;21/01/2022;3;0025-000674;014-0001856;24/05/2022;2021-3;DHL;6392678552;;Cargada en CP - [21-157-HPER // 4700002169 // MEDU8966518]
2021-2022;LIQUIDADA;21-157-HPER;4700002169;RENE;VERITAS;SUSTRATOS;"5KG NAKED BRICKS-BLUEBERRY
BLEND";RV11;202122/150;5,100;UN;USD;24,395.00;20% AP;CIF;SEA;FCL/FCL;COLOMBO;CALLAO;1;40HC;20;;NA;DIRECTO;MSC;;TCNU1319195;NA;;1/10/2021;1/10/2021;5/10/2021;40;MEDUC0699602;CAPE KORTIA NX150A;6/12/2021;13/01/2022;14/01/2022;2;NO;#¡REF!;#¡REF!;IMUPESA;AVM;24;6/01/2022;14/01/2022;118-2021-10-015158-01-7-00;Verde;14/01/2022;16/01/2022;5/02/2022;18/01/2022;18/01/2022;;AVM;8/02/2021;;RVC;20/01/2022;20/01/2022;FUNDO ARMONIA;2/02/2022;3/02/2022;5;;;24/05/2022;2021-3;DHL;6392678552;;Cargada en CP - [21-157-HPER // 4700002169 // TCNU1319195]
2021-2022;LIQUIDADA;21-158-HPER;4700002170;RENE;VERITAS;SUSTRATOS;"5KG NAKED BRICKS-BLUEBERRY
BLEND";RV11;202122/153;5,100;UN;USD;24,395.00;20% AP;CIF;SEA;FCL/FCL;COLOMBO;CALLAO;1;40HC;20;;NA;DIRECTO;MSC;;CARU5250891;NA;;9/10/2021;9/10/2021;9/10/2021;40;MEDUC0702851;MSC SASHA NX147A;14/12/2021;24/12/2021;25/12/2021;51;NO;NA;NA;IMUPESA;AVM;1127;13/12/2021;22/12/2021;118-2021-10-495022-01-2-00;Verde;26/12/2021;27/12/2021;28/12/2021;29/12/2021;8/01/2022;;AVM;5/01/2022;;RVC;5/01/2022;5/01/2022;FUNDO ARMONIA;5/01/2022;6/01/2022;1;;;28/03/2022;2021-1;DHL;1621605355;;Cargada en CP -  [21-158-HPER // 4700002170 // CARU5250891]
2021-2022;LIQUIDADA;21-158-HPER;4700002170;RENE;VERITAS;SUSTRATOS;"5KG NAKED BRICKS-BLUEBERRY
BLEND";RV11;202122/153;5,100;UN;USD;24,395.00;20% AP;CIF;SEA;FCL/FCL;COLOMBO;CALLAO;1;40HC;20;;NA;DIRECTO;MSC;;CAIU9589866;NA;;9/10/2021;9/10/2021;9/10/2021;40;MEDUC0702851;MSC SASHA NX147A;14/12/2021;24/12/2021;25/12/2021;51;NO;NA;NA;IMUPESA;AVM;1127;13/12/2021;22/12/2021;"	 118-2021-10-495022-01-2-00";Verde;26/12/2021;27/12/2021;28/12/2021;29/12/2021;8/01/2022;;AVM;5/01/2022;;RVC;5/01/2022;5/01/2022;FUNDO ARMONIA;5/01/2022;6/01/2022;1;;;28/03/2022;2021-1;DHL;1621605355;;Cargada en CP -  [21-158-HPER // 4700002170 // CAIU9589866]
2021-2022;LIQUIDADA;21-158-HPER;4700002170;RENE;VERITAS;SUSTRATOS;"5KG NAKED BRICKS-BLUEBERRY
BLEND";RV11;202122/153;5,100;UN;USD;24,395.00;20% AP;CIF;SEA;FCL/FCL;COLOMBO;CALLAO;1;40HC;20;;NA;DIRECTO;MSC;;CAIU7226218;NA;;9/10/2021;9/10/2021;9/10/2021;40;MEDUC0702851;MSC SASHA NX147A;14/12/2021;24/12/2021;25/12/2021;51;NO;NA;NA;IMUPESA;AVM;1127;13/12/2021;22/12/2021;"	 118-2021-10-495022-01-2-00";Verde;26/12/2021;27/12/2021;28/12/2021;29/12/2021;8/01/2022;;AVM;5/01/2022;;RVC;5/01/2022;5/01/2022;FUNDO ARMONIA;5/01/2022;6/01/2022;1;;;28/03/2022;2021-1;DHL;1621605355;;Cargada en CP -  [21-158-HPER // 4700002170 // CAIU7226218]
2021-2022;LIQUIDADA;21-159-HPER;4700002156;OMAR;HORTIFRUT CHILE SA;PLANTAS;ROCIO;-;11635;156,000;UN;USD;452,263.00;90;CFR;AIR;AIR;SANTIAGO;LIMA;-;-;5;;NA;DIRECTO;LATAM;;-;NA;;11/10/2021;11/10/2021;11/10/2021;41;045-45808965;LA530/11;11/10/2021;11/10/2021;11/10/2021;41;SI;21-159-HPER;11/10/2021;TALMA;AVM;922;11/10/2021;12/10/2021;235-2021-10-153329-01-4-01;Verde;11/10/2021;11/10/2021;11/10/2021;13/10/2021;13/10/2021;NA;RVC;14/10/2021;;RVC;NA;NA;VIVERO ILUSION;14/10/2021;15/10/2021;41;;;28/03/2022;2021-1;;-;;No cargada por medio de transporte AIRE
2021-2022;LIQUIDADA;21-160-HPER;4700002115;JOSE;SPRAYX ;EQP & INST;DROPSCOPE WIRELESS SOFTWARE;-;SX20210924_HORTIFRUT_SW;1;UN;USD;480.00;0;DAP;AIR;AIR;VIRACOPOS;LIMA;-;-;1;24/09/2021;NA;DHL;DHL;4166786492;-;6/10/2021;6/10/2021;7/10/2021;7/10/2021;7/10/2021;40;4166786492;-;11/10/2021;11/10/2021;11/10/2021;41;NO;-;NA;DHL;DHL;NA;NA;10/10/2021;235-2021-28-00869552-10-4-00;Verde;11/10/2021;11/10/2021;11/10/2021;NA;NA;NA;DHL;11/11/2021;;DHL;NA;NA;PACKING SALAVERRY;11/11/2021;12/11/2021;45;;;28/03/2022;2021-1;;-;;Cargada en CP - DOCUMENTACIÓN CARGADA. FALTA PROFORMA SLI [21-155-HPER // 4700002160 // TCNU4725557]
2021-2022;LIQUIDADA;21-160-HPER;4700002115;JOSE;SPRAYX ;EQP & INST;DROPSCOPE WIRELESS DIGITAL MICROSCOPE;-;SX20210924_HORTIFRUT_HW;1;UN;USD;335.00;0;DAP;AIR;AIR;VIRACOPOS;LIMA;-;-;1;24/09/2021;NA;DHL;DHL;4166786492;-;6/10/2021;6/10/2021;7/10/2021;7/10/2021;7/10/2021;40;4166786492;-;11/10/2021;11/10/2021;11/10/2021;41;NO;-;NA;DHL;DHL;NA;NA;10/10/2021;235-2021-28-00869552-10-4-00;Verde;11/10/2021;11/10/2021;11/10/2021;NA;NA;NA;DHL;11/11/2021;;DHL;NA;NA;PACKING SALAVERRY;11/11/2021;12/11/2021;45;;;28/03/2022;2021-1;;-;;Cargada en CP - DOCUMENTACIÓN CARGADA. FALTA PROFORMA SLI [21-155-HPER // 4700002160 // FCIU8133859]
2021-2022;LIQUIDADA;21-161-HPER;4700002162;RENE;PROJAR;SUSTRATOS;EASY PLANTER 27L;RV11;FX21-00475;7,200;UN;USD;21,452.00;20% AP;CIF;SEA;FCL/FCL;COLOMBO;CALLAO;1;40HC;24;;NA;DIRECTO;MSC;;FSCU9143110;NA;;5/10/2021;5/10/2021;5/10/2021;40;MEDUC0698703;CAPE KORTIA NX150A;6/12/2021;13/01/2022;14/01/2022;2;NO;#¡REF!;#¡REF!;IMUPESA;AVM;23;6/01/2022;12/01/2022;118-2021-10-011641-01-5-00;Verde;14/01/2022;16/01/2022;20/01/2022;18/01/2022;18/01/2022;;AVM;28/01/2022;;AGERSA;20/01/2022;20/01/2022;FUNDO ARMONIA;30/01/2022;31/01/2022;5;;;28/03/2022;2021-2;UPS;1Z48V0570491828358;;Cargada en CP -  [21-161-HPER // 4700002162 // FSCU9143110]
2021-2022;LIQUIDADA;21-161-HPER;4700002162;RENE;PROJAR;SUSTRATOS;EASY PLANTER 27L;RV11;FX21-00475;7,200;UN;USD;21,452.00;20% AP;CIF;SEA;FCL/FCL;COLOMBO;CALLAO;1;40HC;24;;NA;DIRECTO;MSC;;FDCU0088877;NA;;5/10/2021;5/10/2021;5/10/2021;40;MEDUC0698703;CAPE KORTIA NX150A;6/12/2021;13/01/2022;14/01/2022;2;NO;#¡REF!;#¡REF!;IMUPESA;AVM;23;6/01/2022;12/01/2022;118-2021-10-011641-01-5-00;Verde;14/01/2022;16/01/2022;20/01/2022;18/01/2022;18/01/2022;;AVM;28/01/2022;;AGERSA;20/01/2022;20/01/2022;FUNDO ARMONIA;31/01/2022;1/02/2022;5;;;28/03/2022;2021-2;UPS;1Z48V0570491828358;;Cargada en CP -  [21-161-HPER // 4700002162 // FSCU9143110]
2021-2022;LIQUIDADA;21-162-HPER;4700002163;RENE;PROJAR;SUSTRATOS;EASY PLANTER 27L;RV11;FX21-00476;7,200;UN;USD;21,452.00;20% AP;CIF;SEA;FCL/FCL;COLOMBO;CALLAO;1;40HC;24;;NA;DIRECTO;MSC;;SEGU6115027;NA;;9/10/2021;9/10/2021;8/10/2021;40;MEDUC0702703;MSC SASHA NX147A;9/12/2021;24/12/2021;25/12/2021;51;NO;NA;NA;IMUPESA;AVM;1052;13/12/2021;22/12/2021;118-2021-10-494715-01-4-00;Verde;26/12/2021;27/12/2021;25/12/2021;30/12/2021;30/12/2021;;AVM;3/01/2022;;RVC;3/01/2022;3/01/2022;FUNDO ARMONIA;3/01/2022;4/01/2022;1;;;28/03/2022;2021-2;UPS;1Z48V0570493824456;;Cargada en CP -  [21-162-HPER // 4700002163 // SEGU6115027]
2021-2022;LIQUIDADA;21-162-HPER;4700002163;RENE;PROJAR;SUSTRATOS;EASY PLANTER 27L;RV11;FX21-00476;7,200;UN;USD;21,452.00;20% AP;CIF;SEA;FCL/FCL;COLOMBO;CALLAO;1;40HC;24;;NA;DIRECTO;MSC;;MEDU8918783;NA;;9/10/2021;9/10/2021;8/10/2021;40;MEDUC0702703;MSC SASHA NX147A;9/12/2021;24/12/2021;25/12/2021;51;NO;NA;NA;IMUPESA;AVM;1052;13/12/2021;22/12/2021;118-2021-10-494715-01-4-00;Verde;26/12/2021;27/12/2021;25/12/2021;30/12/2021;30/12/2021;;AVM;3/01/2022;;RVC;3/01/2022;3/01/2022;FUNDO ARMONIA;3/01/2022;4/01/2022;1;;;28/03/2022;2021-2;UPS;1Z48V0570493824456;;Cargada en CP -  [21-162-HPER // 4700002163 // MEDU8918783]
2021-2022;LIQUIDADA;21-162-HPER;4700002163;RENE;PROJAR;SUSTRATOS;EASY PLANTER 27L;RV11;FX21-00476;7,200;UN;USD;21,452.00;20% AP;CIF;SEA;FCL/FCL;COLOMBO;CALLAO;1;40HC;24;;NA;DIRECTO;MSC;;CAAU5888911;NA;;9/10/2021;9/10/2021;8/10/2021;40;MEDUC0702703;MSC SASHA NX147A;9/12/2021;24/12/2021;25/12/2021;51;NO;NA;NA;IMUPESA;AVM;1052;13/12/2021;22/12/2021;118-2021-10-494715-01-4-00;Verde;26/12/2021;27/12/2021;25/12/2021;30/12/2021;30/12/2021;;AVM;3/01/2022;;RVC;3/01/2022;3/01/2022;FUNDO ARMONIA;3/01/2022;4/01/2022;1;;;28/03/2022;2021-2;UPS;1Z48V0570493824456;;Cargada en CP -  [21-162-HPER // 4700002163 // CAAU5888911]
2021-2022;LIQUIDADA;21-163-HPER;4700002164;RENE;PROJAR;SUSTRATOS;EASY PLANTER 27L;RV11;FX21-00479;7,200;UN;USD;21,452.00;20% AP;CIF;SEA;FCL/FCL;COLOMBO;CALLAO;1;40HC;24;;NA;DIRECTO;MSC;;CAIU7607256;NA;;15/10/2021;15/10/2021;15/10/2021;41;MEDUC0705367;MSC JEONGMIN NX145A;15/12/2021;18/12/2021;16/12/2021;50;NO;NA;NA;IMUPESA;AVM;1053;7/12/2021;14/12/2021;118-2021-10-482195-01-0-00;Verde;17/12/2021;18/12/2021;16/12/2021;21/12/2021;21/12/2021;;AVM;22/12/2021;;JOSELITO;NA;22/12/2021;FUNDO ARMONIA;26/12/2021;27/12/2021;52;;;28/03/2022;2021-2;UPS;1Z48V0570493824456;;Cargada en CP -  [21-163-HPER // 4700002164 // CAIU7607256]
2021-2022;LIQUIDADA;21-163-HPER;4700002164;RENE;PROJAR;SUSTRATOS;EASY PLANTER 27L;RV11;FX21-00479;7,200;UN;USD;21,452.00;20% AP;CIF;SEA;FCL/FCL;COLOMBO;CALLAO;1;40HC;24;;NA;DIRECTO;MSC;;MSMU7597933;NA;;15/10/2021;15/10/2021;15/10/2021;41;MEDUC0705367;MSC JEONGMIN NX145A;15/12/2021;18/12/2021;16/12/2021;50;NO;NA;NA;IMUPESA;AVM;1053;7/12/2021;14/12/2021;118-2021-10-482195-01-0-00;Verde;17/12/2021;18/12/2021;16/12/2021;21/12/2021;21/12/2021;;AVM;22/12/2021;;JOSELITO;NA;22/12/2021;FUNDO ARMONIA;26/12/2021;27/12/2021;52;;;28/03/2022;2021-2;UPS;1Z48V0570493824456;;Cargada en CP -  [21-163-HPER // 4700002164 // MSMU7597933]
2021-2022;LIQUIDADA;21-164-HPER;4700002011;RENE;FASTIK ;E & E;"FILM PET/NO PRINT/PEELABLE
/PUNNET 11OZ
11OZ 5X7";-;81594-87312;248,600;UN;USD;10,993.09;30;EXW;AIR;AIR;MIAMI;LIMA;-;-;1;25/09/2021;25/09/2021;CH ROBINSON;AIR CANADA;;NA;25/09/2021;;25/09/2021;25/09/2021;25/09/2021;38;369803060MTR;8092/25;29/09/2021;28/09/2021;2/10/2021;39;SI;21-134-HPER;27/09/2021;SHOHIN;AVM;923;27/09/2021;12/10/2021;235-2021-10-153639-01-3-00;Verde;7/10/2021;7/10/2021;12/10/2021;NA;NA;NA;AVM;14/10/2021;;AGERSA;NA;NA;PACKING SALAVERRY;14/10/2021;15/10/2021;41;;;28/03/2022;2021-2;;-;;No cargada por medio de transporte AIRE (23/12) [21-224-HPER]
2021-2022;LIQUIDADA;21-165-HPER;4700002236;RENE;VERITAS;SUSTRATOS;"5KG NAKED BRICKS-BLUEBERRY
BLEND";RV11;202122/157A;5,100;UN;USD;32,445.00;20% AP;CIF;SEA;FCL/FCL;COLOMBO;CALLAO;1;40HC;20;;NA;DIRECTO;COSCO;6315431810;OOLU9813930;NA;;25/09/2021;25/09/2021;25/09/2021;38;CMB/CAL/00027;HENG HUI 6 005E;19/12/2021;12/02/2022;12/02/2022;6;NO;#¡REF!;#¡REF!;TPP;AVM;1186-11;29/12/2021;12/02/2022;118-2022-10-056680-01-5-01;Verde;13/02/2022;14/02/2022;12/02/2022;18/02/2022;18/02/2022;27/02/2022;AVM;2/03/2022;001-0110820;TRANSPESA;2/03/2022;2/03/2022;FUNDO ARMONIA;14/03/2022;15/03/2022;11;0004-239008;014-0001962;28/03/2022;2021-2;DHL;1621605355;;Cargada en CP - [21-165-HPER // 4700002236 // OOLU9813930]
2021-2022;LIQUIDADA;21-165-HPER;4700002236;RENE;VERITAS;SUSTRATOS;"5KG NAKED BRICKS-BLUEBERRY
BLEND";RV11;202122/157A;5,100;UN;USD;32,445.00;20% AP;CIF;SEA;FCL/FCL;COLOMBO;CALLAO;1;40HC;20;;NA;DIRECTO;COSCO;6315431810;WBPU7010290;NA;;25/09/2021;25/09/2021;25/09/2021;38;CMB/CAL/00027;HENG HUI 6 005E;19/12/2021;12/02/2022;12/02/2022;6;NO;#¡REF!;#¡REF!;TPP;AVM;1186-11;29/12/2021;12/02/2022;118-2022-10-056680-01-5-01;Verde;13/02/2022;14/02/2022;12/02/2022;18/02/2022;18/02/2022;27/02/2022;AVM;2/03/2022;001-0110821;TRANSPESA;2/03/2022;2/03/2022;FUNDO ARMONIA;10/03/2022;11/03/2022;10;0013-002792;014-0001953;28/03/2022;2021-2;DHL;1621605355;;Cargada en CP - [21-165-HPER // 4700002236 // WBPU7010290]
2021-2022;LIQUIDADA;21-165-HPER;4700002236;RENE;VERITAS;SUSTRATOS;"5KG NAKED BRICKS-BLUEBERRY
BLEND";RV11;202122/157A;5,100;UN;USD;32,445.00;20% AP;CIF;SEA;FCL/FCL;COLOMBO;CALLAO;1;40HC;20;;NA;DIRECTO;COSCO;6315431810;TGCU5054077;NA;;14/10/2021;14/10/2021;14/10/2021;41;CMB/CAL/00027;HENG HUI 6 005E;19/12/2021;12/02/2022;12/02/2022;6;NO;#¡REF!;#¡REF!;TPP;AVM;1186-11;29/12/2021;12/02/2022;118-2022-10-056680-01-5-01;Verde;13/02/2022;14/02/2022;12/02/2022;18/02/2022;18/02/2022;27/02/2022;AVM;2/03/2022;001-0110819;TRANSPESA;2/03/2022;2/03/2022;FUNDO ARMONIA;14/03/2022;15/03/2022;11;0004-239247;014-0001963;28/03/2022;2021-2;DHL;1621605355;;Cargada en CP - [21-165-HPER // 4700002236 // TGCU5054077]
2021-2022;LIQUIDADA;21-166-HPER;4700002237;RENE;VERITAS;SUSTRATOS;"5KG NAKED BRICKS-BLUEBERRY
BLEND";RV11;202122/157B;5,100;UN;USD;32,445.00;20% AP;CIF;SEA;FCL/FCL;COLOMBO;CALLAO;1;40HC;20;;NA;DIRECTO;COSCO;6315431810;TCKU7876275;NA;;14/10/2021;14/10/2021;14/10/2021;41;CMB/CAL/00026;HENG HUI 6 005E;19/12/2021;12/02/2022;12/02/2022;6;NO;#¡REF!;#¡REF!;TPP;AVM;1185-10;29/12/2021;12/02/2022;118-2022-10-056652-01-1-00;Verde;13/02/2022;14/02/2022;12/02/2022;18/02/2022;18/02/2022;27/02/2022;AVM;1/03/2022;001-0110817;TRANSPESA;1/03/2022;1/03/2022;FUNDO ARMONIA;13/03/2022;14/03/2022;11;0008-004144;014-0001957;24/05/2022;2021-3;DHL;1621605355;;Cargada en CP - [21-166-HPER // 4700002237 // TCKU7876275]
2021-2022;LIQUIDADA;21-166-HPER;4700002237;RENE;VERITAS;SUSTRATOS;"5KG NAKED BRICKS-BLUEBERRY
BLEND";RV11;202122/157B;5,100;UN;USD;32,445.00;20% AP;CIF;SEA;FCL/FCL;COLOMBO;CALLAO;1;40HC;20;;NA;DIRECTO;COSCO;6315431810;CSNU6449431;NA;;14/10/2021;14/10/2021;14/10/2021;41;CMB/CAL/00026;HENG HUI 6 005E;19/12/2021;12/02/2022;12/02/2022;6;NO;#¡REF!;#¡REF!;TPP;AVM;1185-10;29/12/2021;12/02/2022;118-2022-10-056652-01-1-00;Verde;13/02/2022;14/02/2022;12/02/2022;18/02/2022;18/02/2022;27/02/2022;AVM;1/03/2022;001-0110818;TRANSPESA;1/03/2022;1/03/2022;FUNDO ARMONIA;13/03/2022;14/03/2022;11;0009-000193;014-0001956;24/05/2022;2021-3;DHL;1621605355;;Cargada en CP - [21-166-HPER // 4700002237 // CSNU6449431]
2021-2022;LIQUIDADA;21-167-HPER;4700001978;GERMAN;BBC TECHNOLOGIES;SPAREPARTS;RPTOS VARIOS;-;AD-1321000066;18;UN;USD;18,277.82;0;DAP;AIR;AIR;ALEMANIA;LIMA;-;-;;;NA;DHL;DHL;;-;NA;;14/09/2021;14/09/2021;14/09/2021;37;1672397510;-;20/09/2021;20/09/2021;20/09/2021;38;NO;;;DHL;DHL;;;30/12/2021;235-2021-10-198353-01-1-00;Verde;20/09/2021;21/09/2021;04/01/2022 ;;;27/02/2022;;04/01/2022 ;;DHL;NA;NA;PLANTA SALVERRY;18/01/2022;19/01/2022;3;;;28/03/2022;2021-2;;-;;No cargada por medio de transporte AIRE (28/01) [21-167-HPER // 4700001978]
2021-2022;LIQUIDADA;21-168-HPER;4700002044;GERMAN;A&B PACKING EQUIPMENT, INC.;SPAREPARTS;REPUESTOS PARA MAQUINA PESADORA ;-;45401;745;UN;USD;2,643.41;0;EXW;AIR;AIR;MIAMI;LIMA;-;-;1;15/10/2021;19/10/2021;AIRSEALOG;AIRMAX;;-;29/10/2021;;31/10/2021;31/10/2021;31/10/2021;43;17EAMIA3577;NC-860;31/10/2021;31/10/2021;31/10/2021;43;SI;21-168-HPER;28/10/2021;SHOHIN;AVM;983;29/10/2021;3/11/2021;235-2021-10-165614-01-0-00;Verde;;;3/11/2021;NA;NA;27/02/2022;AVM;4/11/2021;;AGERSA;NA;NA;PLANTA SALVERRY;5/11/2021;6/11/2021;44;;;28/03/2022;2021-2;;-;;Cargada en CP - DOCUMENTACIÓN SUBIDA. FALTA PERMISO Y CERTIFICADO FITOSANITARIO [21-142-HPER // 4700002116 // MEDU4850704]
2021-2022;LIQUIDADA;21-169-HPER;4700002139;RENE;CARTA GRAFICA S.L. - QUALIBIO;E & E;PUNNET CELULOSA EC 2843 Base;CENCOSUD;A-0879;43,200;UN;EUR;2,808.00;0;EXW;AIR;AIR;BARCELONA;LIMA;-;-;3;15/10/2021;18/10/2021;ULOG;KLM;;-;27/10/2021;;30/10/2021;30/10/2021;30/10/2021;43;074-48796790;KL743;2/11/2021;2/11/2021;2/11/2021;44;SI;21-169-HPER;29/10/2021;TALMA;AVM;995;2/11/2021;9/11/2021;235-2021-10-169065-01-1-00;Verde;2/11/2021;2/11/2021;9/11/2021;NA;NA;NA;AVM;10/11/2021;001-0108373;AGERSA;10/11/2021;NA;PACKING CHAO;23/11/2021;24/11/2021;47;0014-002816;014-0001802;28/03/2022;2021-2;;-;;No cargada por medio de transporte AIRE (28/02) [21-169-HPER // 4700002139]
2021-2022;LIQUIDADA;21-169-HPER;4700002139;RENE;CARTA GRAFICA S.L. - QUALIBIO;E & E;TAPA PUNNET CELULOSA EC 2843 Lid;CENCOSUD;A-0879;39,000;UN;EUR;2,203.50;0;EXW;AIR;AIR;BARCELONA;LIMA;-;-;2;15/10/2021;18/10/2021;ULOG;KLM;;-;27/10/2021;;30/10/2021;30/10/2021;30/10/2021;43;074-48796790;KL743;2/11/2021;2/11/2021;2/11/2021;44;SI;21-169-HPER;29/10/2021;TALMA;AVM;995;2/11/2021;9/11/2021;235-2021-10-169065-01-1-00;Verde;2/11/2021;2/11/2021;9/11/2021;NA;NA;NA;AVM;10/11/2021;001-0108373;AGERSA;10/11/2021;NA;PACKING CHAO;23/11/2021;24/11/2021;47;0014-002816;014-0001802;28/03/2022;2021-2;;-;;No cargada por medio de transporte AIRE (28/02) [21-169-HPER // 4700002139]
2021-2022;LIQUIDADA;21-170-HPER;4700002138;RENE;CARTA GRAFICA S.L. - QUALIBIO;E & E;PUNNET CELULOSA EC 2843 Base;CENCOSUD;A-0880;134,640;UN;EUR;8,751.60;0;EXW;SEA;FCL/LCL;BARCELONA;CALLAO;0.6;40HC;8;7/10/2021;15/10/2021;AIRSEALOG;CMA CGM;;TGHU5114235;8/11/2021;3/11/2021;6/11/2021;6/11/2021;20/11/2021;46;PBEM039704;SANTOS EXPRESS 0WCARS1MA;18/12/2021;23/12/2021;24/12/2021;51;SI;21-170-HPER;25/11/2021;IMUPESA;AVM;1129;13/12/2021;22/12/2021;118-2021-10-494451-01-7-00;Verde;23/12/2021;25/12/2021;23/12/2021;;;27/02/2022;AVM;30/12/2021;;AGERSA;30/12/2021;30/12/2021;PACKING CHAO;3/01/2022;4/01/2022;1;;;28/03/2022;2021-2;;-;;Cargada en CP -  [21-170-HPER // 4700002138 // TGHU5114235]
2021-2022;LIQUIDADA;21-170-HPER;4700002138;RENE;CARTA GRAFICA S.L. - QUALIBIO;E & E;TAPA PUNNET CELULOSA EC 2843 Lid;CENCOSUD;A-0880;139,425;UN;EUR;7,877.51;0;EXW;SEA;FCL/LCL;BARCELONA;CALLAO;0.4;40HC;7;7/10/2021;15/10/2021;AIRSEALOG;CMA CGM;;TGHU5114235;8/11/2021;3/11/2021;6/11/2021;6/11/2021;20/11/2021;46;PBEM039704;SANTOS EXPRESS 0WCARS1MA;18/12/2021;23/12/2021;24/12/2021;51;SI;21-170-HPER;25/11/2021;IMUPESA;AVM;1129;13/12/2021;22/12/2021;118-2021-10-494451-01-7-00;Verde;23/12/2021;25/12/2021;23/12/2021;;;27/02/2022;AVM;30/12/2021;;AGERSA;30/12/2021;30/12/2021;PACKING CHAO;3/01/2022;4/01/2022;1;;;28/03/2022;2021-2;;-;;Cargada en CP -  [21-170-HPER // 4700002138 // TGHU5114235]
2021-2022;LIQUIDADA;21-171-HPER;4700002178;OMAR;HORTIFRUT CHILE SA;PLANTAS;ROCIO;-;11645;200,000;UN;USD;580,273.60;90;CFR;AIR;AIR;SANTIAGO;LIMA;-;-;7;;NA;DIRECTO;KOREAN AIR;;-;NA;;18/10/2021;18/10/2021;18/10/2021;42;180-48395955;KE0274/18;18/10/2021;18/10/2021;18/10/2021;42;SI;21-171-HPER;18/10/2021;SAASA;AVM;939;;21/10/2021;235-2021-10-158749-01-1-00;Verde;18/10/2021;18/10/2021;18/10/2021;22/10/2021;22/10/2021;27/02/2022;GARRIDO;22/10/2021;;GARRIDO;NA;NA;VIVERO ILUSION;22/10/2021;23/10/2021;42;;;28/03/2022;2021-2;;-;;No cargada por medio de transporte AIRE (01/01) [21-171-HPER // 4700002178]
2021-2022;LIQUIDADA;21-172-HPER;4700002238;RENE;VERITAS;SUSTRATOS;"5KG NAKED BRICKS-BLUEBERRY
BLEND";RV11;202122/162;5,100;UN;USD;24,395.00;20% AP;CIF;SEA;FCL/FCL;COLOMBO;CALLAO;1;40HC;20;;NA;DIRECTO;MSC;EBKG02037660;MEDU7830430;NA;;23/10/2021;23/10/2021;23/10/2021;42;MEDUC0712082;MSC CAROLE NX149A;28/12/2021;6/01/2022;6/01/2022;1;NO;#¡REF!;#¡REF!;IMUPESA;AVM;1184-9;29/12/2021;10/01/2022;118-2022-10-009192-01-8-00;Verde;7/01/2022;8/01/2022;10/01/2022;10/01/2022;12/01/2022;27/02/2022;AVM;13/01/2022;;RVC;13/01/2022;13/01/2022;FUNDO ARMONIA;2/02/2022;3/02/2022;5;;;28/03/2022;2021-2;DHL;1621605355;;Cargada en CP - [21-172-HPER // 4700002238 // MEDU7830430]
2021-2022;LIQUIDADA;21-172-HPER;4700002238;RENE;VERITAS;SUSTRATOS;"5KG NAKED BRICKS-BLUEBERRY
BLEND";RV11;202122/162;5,100;UN;USD;24,395.00;20% AP;CIF;SEA;FCL/FCL;COLOMBO;CALLAO;1;40HC;20;;NA;DIRECTO;MSC;EBKG02037660;FFAU1961350;NA;;23/10/2021;23/10/2021;23/10/2021;42;MEDUC0712082;MSC CAROLE NX149A;28/12/2021;6/01/2022;6/01/2022;1;NO;#¡REF!;#¡REF!;IMUPESA;AVM;1184-9;29/12/2021;10/01/2022;118-2022-10-009192-01-8-00;Verde;7/01/2022;8/01/2022;10/01/2022;10/01/2022;12/01/2022;27/02/2022;AVM;13/01/2022;;RVC;13/01/2022;13/01/2022;FUNDO ARMONIA;1/02/2022;2/02/2022;5;;;28/03/2022;2021-2;DHL;1621605355;;Cargada en CP - [21-172-HPER // 4700002238 // FFAU1961350]
2021-2022;LIQUIDADA;21-173-HPER;4700002124;OMAR;CODIAGRO;AGQ;FITOKONTROL;-;990;15,000;LITROS;EUR;30,802.00;0;FOB;SEA;FCL/FCL;VALENCIA;CALLAO;1;20ST;15;17/09/2021;20/09/2021;AIRSEALOG;CMA CGM;;CMAU3239816;15/11/2021;;8/11/2021;8/11/2021;28/11/2021;47;PVEM016633;CMA CGM OHIO 0WCATS1MA;3/12/2021;30/12/2021;31/12/2021;52;SI;21-173-HPER;30/11/2021;IMUPESA;AVM;1131;13/12/2021;27/12/2021;118-2021-10-501639-01-9-00;Verde;31/12/2021;1/01/2022;31/12/2021;NA;NA;27/02/2022;AVM;4/01/2022;;AGERSA;4/01/2022;5/01/2022;FUNDO ARMONIA;4/01/2022;5/01/2022;1;;;28/03/2022;2021-2;FEDEX;285981123555;;Cargada en CP -  [21-173-HPER // 4700002124 // CMAU3239816]
2021-2022;LIQUIDADA;21-174-HPER;4700002126;OMAR;PROMISOL ;AGQ;PROMI-CALFOR;-;F-21457;24,000;KG;EUR;92,400.00;90;CIF;SEA;FCL/FCL;BARCELONA;CALLAO;1;20ST;20;-;NA;DIRECTO;HAPAG LLOYD;77600193;FCIU2545416;9/11/2021;10/11/2021;20/11/2021;20/11/2021;15/11/2021;46;HLCUB1211123123;RIO GRANDE EXPRESS 014W;18/12/2021;13/12/2021;15/12/2021;50;NO;NA;NA;IMUPESA;AVM;1072;3/12/2021;13/12/2021;118-2021-10-480937-01-1-00;Verde;15/12/2021;16/12/2021;15/12/2021;NA;;27/02/2022;AVM;18/12/2021;;AGERSA;18/12/2021;18/12/2021;FUNDO ARMONIA;18/12/2021;19/12/2021;50;;;28/03/2022;2021-2;DHL;7114320850;;Cargada en CP -  [21-174-HPER // 4700002126 // FCIU2545416]
2021-2022;LIQUIDADA;21-175-HPER;4700002200;OMAR;HORTIFRUT CHILE SA;PLANTAS;ROCIO / DIVINE / OTRO;-;11660;281,200;UN;USD;746,523.20;90;CFR;AIR;AIR;SANTIAGO;LIMA;-;-;10;;NA;DIRECTO;KOREAN AIR;;-;NA;;25/10/2021;25/10/2021;25/10/2021;43;180-48396283;KE274/25;25/10/2021;25/10/2021;25/10/2021;43;SI;21-175-HPER;25/10/2021;SAASA;AVM;970;25/10/2021;28/10/2021; 235-2021-10-163139-01-3-00;Verde;;;28/10/2021;;;27/02/2022;LIP;5/11/2021;;LIP;NA;NA;VIVERO ILUSION;5/11/2021;6/11/2021;44;;;28/03/2022;2021-2;;-;;No cargada por medio de transporte AIRE (01/01) [21-175-HPER // 4700002200]
2021-2022;LIQUIDADA;21-176-HPER;4700002137;OMAR;PROINECO;AGQ;PROIN ORGANIC;-;1-000066;18000;LT;EUR;14,400.00;60;EXW;SEA;FCL/FCL;ALGECIRAS;CALLAO;1;20ST;18;15/10/2021;29/10/2021;AIRSEALOG;CMA CGM;;APZU3566773;24/11/2021;24/11/2021;1/12/2021;1/12/2021;1/12/2021;48;PMEM052109;CMA CGM ARKANSAS 0WCAXS1MA;5/01/2022;13/01/2022;14/01/2022;2;SI;21-176-HPER;7/12/2021;IMUPESA;AVM;65;4/01/2022;11/01/2022;118-2022-10-011476-01-1-00;Verde;15/01/2022;15/01/2022;14/01/2022;-;-;27/02/2022;AVM;19/01/2022;;AGERSA;19/01/2022;19/01/2022;FUNDO ARMONIA;;1/01/1900;52;;;28/03/2022;2021-2;;-;;Cargada en CP -  [21-176-HPER // 4700002137 // APZU3566773]
2021-2022;LIQUIDADA;21-176-HPER;4700002137;OMAR;PROINECO;AGQ;PROIN ORGANIC;-;1-000066;18000;LT;EUR;14,400.00;60;EXW;SEA;FCL/FCL;ALGECIRAS;CALLAO;1;20ST;18;15/10/2021;29/10/2021;AIRSEALOG;CMA CGM;;CMAU3005546;24/11/2021;24/11/2021;1/12/2021;1/12/2021;1/12/2021;48;PMEM052109;CMA CGM ARKANSAS 0WCAXS1MA;5/01/2022;13/01/2022;14/01/2022;2;SI;21-176-HPER;7/12/2021;IMUPESA;AVM;65;4/01/2022;11/01/2022;118-2022-10-011476-01-1-00;Verde;15/01/2022;15/01/2022;14/01/2022;-;-;27/02/2022;AVM;19/01/2022;;AGERSA;19/01/2022;19/01/2022;FUNDO ARMONIA;;1/01/1900;52;;;28/03/2022;2021-2;;-;;Cargada en CP -  [21-176-HPER // 4700002137 // CMAU3005546]
2021-2022;LIQUIDADA;21-177-HPER;4700002095;GERMAN;UNITEC CHILE S.P.A.;SPAREPARTS;Cable de red 7.5M superflex CE0200256;-;68;12;UN;USD;382.32;0;EXW;AIR;AIR;SANTIAGO;LIMA;-;-;1;19/11/2021;30/11/2021;DHL;DHL;1924060084;-;2/12/2021;;4/12/2021;4/12/2021;4/12/2021;48;1924060084;-;4/12/2021;4/12/2021;4/12/2021;48;SI;NA;NA;DHL;DHL;-;-;4/12/2021;235-2021-28-01055411-41-9-00;Verde;4/12/2021;5/12/2021;4/12/2021;NA;NA;27/02/2022;DHL;5/12/2021;;DHL;NA;NA;PACKING SALAVERRY;13/12/2021;14/12/2021;50;;;28/03/2022;2021-2;;-;;No cargada por medio de transporte AIRE (25/02) [21-177-HPER // 4700002095]
2021-2022;LIQUIDADA;21-177-HPER;4700002100;GERMAN;UNITEC CHILE S.P.A.;SPAREPARTS; código CE0280117, modulo, alimentación I/O, 24VDC,;-;67;6;UN;USD;1,114.30;0;EXW;AIR;AIR;SANTIAGO;LIMA;-;-;-;19/11/2021;30/11/2021;DHL;DHL;1924060084;-;2/12/2021;;4/12/2021;4/12/2021;4/12/2021;48;1924060084;-;4/12/2021;4/12/2021;4/12/2021;48;SI;NA;NA;DHL;DHL;-;-;4/12/2021;235-2021-28-01055411-41-9-00;Verde;4/12/2021;5/12/2021;4/12/2021;NA;NA;27/02/2022;DHL;5/12/2021;;DHL;NA;NA;PACKING SALAVERRY;13/12/2021;14/12/2021;50;;;28/03/2022;2021-2;;-;;No cargada por medio de transporte AIRE (25/02) [21-177-HPER // 4700002100]
2021-2022;LIQUIDADA;21-178-HPER;4700002179;TATIANA;LIPPEL ;SPAREPARTS;FILTROS DE AIRE;-;31689;6;UN;USD;614.00;0;EXW;AIR;AIR;SAO PAULO;LIMA;-;-;1;9/11/2021;10-Nov;AIRSEALOG;ATLAS AIR;ASLP001421;-;25/11/2021;-;29/11/2021;29/11/2021;29/11/2021;48;5EAVCP524;5YAV916;29/11/2021;29/11/2021;1/12/2021;48;SI;21-178-HPER;26/11/2021;ALFOSAC;AVM;1076;26/11/2021;27/11/2021;235-2021-10-180446-01-8-00;Verde;1/12/2021;1/12/2021;2/12/2021;NA;NA;NA;AVM;3/12/2021;001-0108920;AGERSA;3/12/2021;NA;FUNDO ARMONIA;9/12/2021;10/12/2021;49;;;28/03/2022;2021-2;;-;;No cargada por medio de transporte AIRE (25/02) [21-178-HPER // 4700002179]
2021-2022;LIQUIDADA;21-179-HPER;4700002205;RENE;FASTIK ;E & E;FILM PUNNET PET 18OZ 7X7 CESTA;-;80920-87923;406,000;UN;USD;25,642.96;30;EXW;AIR;AIR;TORONTO;CALLAO;-;-;3;1/11/2021;8/11/2021;NOATUM;AIR CANADA;-;-;16/12/2021;;20/12/2021;20/12/2021;23/12/2021;51;HWB23008;AC124/20;21/12/2021;27/12/2021;27/12/2021;52;SI;21-179-HPER;20/12/2021;TALMA;AVM;1150;20/12/2021;20/12/2021;235-2021-10-193327-01-2-00;Verde;27/12/2021;28/12/2021;28/12/2021;NA;NA;NA;AVM;30/12/2021;001-0109403;AGERSA;30/12/2021;NA;PACKING CHAO;5/01/2022;6/01/2022;1;0059-001287;014-0001846;28/03/2022;2021-2;;-;;No cargada por medio de transporte AIRE (25/02) [21-179-HPER // 4700002205]
2021-2022;LIQUIDADA;21-179-HPER;4700002206;RENE;FASTIK ;E & E;FILM PUNNET PET 18OZ 7X7 CESTA;-;81448-87922;358,400;UN;USD;26,077.18;30;EXW;AIR;AIR;TORONTO;CALLAO;-;-;2;1/11/2021;8/11/2021;NOATUM;AIR CANADA;-;-;16/12/2021;;20/12/2021;20/12/2021;23/12/2021;51;HWB23008;AC124/20;21/12/2021;27/12/2021;27/12/2021;52;SI;21-179-HPER;20/12/2021;TALMA;AVM;1150;20/12/2021;20/12/2021;235-2021-10-193327-01-2-00;Verde;27/12/2021;28/12/2021;28/12/2021;NA;NA;NA;AVM;30/12/2021;001-0109403;AGERSA;30/12/2021;NA;PACKING CHAO;5/01/2022;6/01/2022;1;0059-001287;014-0001846;28/03/2022;2021-2;;-;;No cargada por medio de transporte AIRE (25/02) [21-179-HPER // 4700002206]
2021-2022;LIQUIDADA;21-180-HPER;4700002207;GERMAN;SMARTPACK;SPAREPARTS;REPUESTOS PARA MAQUINA PROSEAL;-;100 (ANTES 99);12;UN;USD;3,852.00;0;EXW;AIR;AIR;SANTIAGO;LIMA;-;-;;29/11/2021;13/12/2021;DHL;DHL;;-;14/12/2021;14/12/2021;15/12/2021;15/12/2021;15/12/2021;50;8051189285;DHL COURIER;11/01/2022;11/01/2022;11/01/2022;2;SI;;;DHL;DHL;;-;17/12/2021;235-2021-10-192509-01-1-01;Verde;11/01/2022;;;NA;NA;27/02/2022;DHL;10/01/2022;;DHL;NA;NA;PACKING SALAVERRY;11/01/2022;12/01/2022;2;;;28/03/2022;2021-2;;-;;No cargada por medio de transporte AIRE (22/04) [21-180-HPER// 4700002207]
2021-2022;LIQUIDADA;21-181-HPER;4700002218;RENE;PROJAR;SUSTRATOS;TURBA BLEND 1530F;RV11;FX21-00486;22;BOLSAS;EUR;8,669.98;0;CIF;SEA;FCL/FCL;RIGA;CALLAO;1;40HC;-;-;NA;DIRECTO;HAPAG LLOYD;78669513;UACU5557552;NA;-;27/10/2021;27/10/2021;27/10/2021;43;HLCURIX211011299;VALPARAISO EXPRESS 1244S;1/12/2021;2/12/2021;2/12/2021;48;NO;NA;NA;IMUPESA;AVM;1078;26/11/2021;30/11/2021;"	 118-2021-10-462721-01-9-00";Verde;3/12/2021;3/12/2021;2/12/2021;9/12/2021;15/12/2021;21/02/2022;AVM;16/12/2021;;JOSELITO;NA;16/12/2021;FUNDO ARMONIA;19/12/2021;20/12/2021;51;;;28/03/2022;2021-2;UPS;1Z48V0570499235073;;Cargada en CP -  [21-181-HPER // 4700002218 // UACU5557552 ]
2021-2022;LIQUIDADA;21-182-HPER;4700002219;RENE;PROJAR;SUSTRATOS;TURBA BLEND 1530F;RV11;FX21-00489;22;BOLSAS;EUR;8,669.98;0;CIF;SEA;FCL/FCL;RIGA;CALLAO;1;40HC;-;-;NA;DIRECTO;HAPAG LLOYD;77490901;TCNU8585181;NA;-;27/10/2021;27/10/2021;27/10/2021;43;HLCURIX211011306;VALPARAISO EXPRESS 1244S;1/12/2021;2/12/2021;2/12/2021;48;NO;NA;NA;IMUPESA;AVM;1079;26/11/2021;30/11/2021;"	 118-2021-10-462732-01-0-00";Verde;3/12/2021;3/12/2021;2/12/2021;9/12/2021;15/12/2021;21/02/2022;AVM;16/12/2021;;JOSELITO;NA;16/12/2021;FUNDO ARMONIA;16/12/2021;17/12/2021;50;;;28/03/2022;2021-2;UPS;1Z48V0570499235073;;Cargada en CP -  [21-182-HPER // 4700002219 // TCNU8585181]
2021-2022;LIQUIDADA;21-182-HPER;4700002219;RENE;PROJAR;SUSTRATOS;TURBA BLEND 1530F;RV11;FX21-00489;22;BOLSAS;EUR;8,669.98;0;CIF;SEA;FCL/FCL;RIGA;CALLAO;1;40HC;-;-;NA;DIRECTO;HAPAG LLOYD;77490901;HLBU3349243;NA;-;27/10/2021;27/10/2021;27/10/2021;43;HLCURIX211011306;VALPARAISO EXPRESS 1244S;1/12/2021;2/12/2021;2/12/2021;48;NO;NA;NA;IMUPESA;AVM;1079;26/11/2021;30/11/2021;"	 118-2021-10-462732-01-0-00";Verde;3/12/2021;3/12/2021;2/12/2021;9/12/2021;15/12/2021;21/02/2022;AVM;16/12/2021;;JOSELITO;NA;16/12/2021;FUNDO ARMONIA;16/12/2021;17/12/2021;50;;;28/03/2022;2021-2;UPS;1Z48V0570499235073;;Cargada en CP -  [21-182-HPER // 4700002219 // HLBU3349243]
2021-2022;LIQUIDADA;21-183-HPER;4700002224;RENE;PROJAR;SUSTRATOS;FIBRA DE COCO EN BIG BAG 5.5 M3;RV11;FE21-01089;24;BOLSAS;EUR;15,704.64;0;CIF;SEA;FCL/FCL;ALGECIRAS;CALLAO;1;40HC;24;;NA;DIRECTO;MSC;;UESU5221743;NA;;8/11/2021;8/11/2021;4/11/2021;44;MEDUCD506019;MSC SASHA NX147A;1/12/2021;24/12/2021;25/12/2021;51;NO;NA;NA;IMUPESA;AVM;1083;13/12/2021;22/12/2022;118-2021-10-494810-01-7-00;Verde;26/12/2021;27/12/2021;28/12/2021;31/01/2022;1/02/2022;21/02/2022;AVM;2/02/2022;001-0109867;AGERSA;2/02/2022;2/02/2022;FUNDO ARMONIA;17/02/2022;18/02/2022;7;045-2316;014-1914;28/03/2022;2021-2;UPS;1Z48V0570498337063;;Cargada en CP -  [21-183-HPER // 4700002224 // UESU5221743]
2021-2022;LIQUIDADA;21-183-HPER;4700002224;RENE;PROJAR;SUSTRATOS;FIBRA DE COCO EN BIG BAG 5.5 M3;RV11;FE21-01089;24;BOLSAS;EUR;15,704.64;0;CIF;SEA;FCL/FCL;ALGECIRAS;CALLAO;1;40HC;24;;NA;DIRECTO;MSC;;MSDU7544460;NA;;8/11/2021;8/11/2021;4/11/2021;44;MEDUCD506019;MSC SASHA NX147A;1/12/2021;24/12/2021;25/12/2021;51;NO;NA;NA;IMUPESA;AVM;1083;13/12/2021;22/12/2022;118-2021-10-494810-01-7-00;Verde;26/12/2021;27/12/2021;28/12/2021;31/01/2022;1/02/2022;21/02/2022;AVM;2/02/2022;001-0109866;AGERSA;2/02/2022;2/02/2022;OLMOS;31/01/2022;1/02/2022;5;047-1901;014-1394;28/03/2022;2021-2;UPS;1Z48V0570498337063;;Cargada en CP -  [21-183-HPER // 4700002224 // MSDU7544460]
2021-2022;LIQUIDADA;21-184-HPER;4700002226;RENE;PROJAR;SUSTRATOS;FIBRA DE COCO EN BIG BAG 5.5 M3;RV11;FE21-01121;24;BOLSAS;EUR;15,704.64;0;CIF;SEA;FCL/FCL;ALGECIRAS;CALLAO;1;40HC;24;;NA;DIRECTO;MSC;;MSDU7941889;NA;;8/11/2021;8/11/2021;8/11/2021;45;MEDUCD509302;MSC JEONGMIN NX145A;1/12/2021;18/12/2021;16/12/2021;50;NO;NA;NA;IMUPESA;AVM;1084;7/12/2021;14/12/2021;118-2021-10-482426-01-2-00;Verde;17/12/2021;17/12/2021;16/12/2021;21/12/2021;21/12/2021;21/02/2022;AVM;22/12/2021;;AGERSA;NA;22/12/2021;FUNDO ARMONIA;28/12/2021;29/12/2021;52;;;28/03/2022;2021-2;UPS;1Z48V0570498337063;;Cargada en CP -  [21-184-HPER // 4700002226 // MSDU7941889]
2021-2022;LIQUIDADA;21-184-HPER;4700002226;RENE;PROJAR;SUSTRATOS;FIBRA DE COCO EN BIG BAG 5.5 M3;RV11;FE21-01121;24;BOLSAS;EUR;15,704.64;0;CIF;SEA;FCL/FCL;ALGECIRAS;CALLAO;1;40HC;24;;NA;DIRECTO;MSC;;CAIU7625795;NA;;8/11/2021;8/11/2021;8/11/2021;45;MEDUCD509302;MSC JEONGMIN NX145A;1/12/2021;18/12/2021;16/12/2021;50;NO;NA;NA;IMUPESA;AVM;1084;7/12/2021;14/12/2021;118-2021-10-482426-01-2-00;Verde;17/12/2021;17/12/2021;16/12/2021;21/12/2021;21/12/2021;21/02/2022;AVM;22/12/2021;;AGERSA;NA;22/12/2021;FUNDO ARMONIA;22/12/2021;23/12/2021;51;;;28/03/2022;2021-2;UPS;1Z48V0570498337063;;Cargada en CP -  [21-184-HPER // 4700002226 // CAIU7625795]
2021-2022;LIQUIDADA;21-185-HPER;4700002227;RENE;PROJAR;SUSTRATOS;FIBRA DE COCO EN BIG BAG 5.5 M3;RV11;FE21-01154;24;BOLSAS;USD;15,704.64;0;CIF;SEA;FCL/FCL;ALGECIRAS;CALLAO;1;40HC;24;;NA;DIRECTO;MSC;;TXGU6501651;NA;;17/11/2021;17/11/2021;17/11/2021;46;MEDUCD512355;MSC JEONGMIN NX145A;17/12/2021;18/12/2021;16/12/2021;50;NO;NA;NA;IMUPESA;AVM;1085;7/12/2021;14/12/2021;118-2021-10-482645-01-6-00;Verde;17/12/2021;18/12/2021;16/12/2021;21/12/2021;22/12/2021;21/02/2022;AVM;22/12/2021;;JOSELITO;NA;22/12/2021;FUNDO ARMONIA;22/12/2021;23/12/2021;51;;;28/03/2022;2021-2;UPS;1Z48V0570495655484;;Cargada en CP -  [21-185-HPER // 4700002227 // TXGU6501651]
2021-2022;LIQUIDADA;21-185-HPER;4700002227;RENE;PROJAR;SUSTRATOS;FIBRA DE COCO EN BIG BAG 5.5 M3;RV11;FE21-01154;24;BOLSAS;USD;15,704.64;0;CIF;SEA;FCL/FCL;ALGECIRAS;CALLAO;1;40HC;24;;NA;DIRECTO;MSC;;FFAU1939017;NA;;17/11/2021;17/11/2021;17/11/2021;46;MEDUCD512355;MSC JEONGMIN NX145A;17/12/2021;18/12/2021;16/12/2021;50;NO;NA;NA;IMUPESA;AVM;1085;7/12/2021;14/12/2021;118-2021-10-482645-01-6-00;Verde;17/12/2021;18/12/2021;16/12/2021;21/12/2021;22/12/2021;;AVM;22/12/2021;;JOSELITO;NA;22/12/2021;FUNDO ARMONIA;22/12/2021;23/12/2021;51;;;28/03/2022;2021-2;UPS;1Z48V0570495655484;;Cargada en CP -  [21-185-HPER // 4700002227 // FFAU1939017]
2021-2022;LIQUIDADA;21-186-HPER;4700002220;RENE;PROJAR;SUSTRATOS;TURBA BLEND 1530F;RV11;FX21-00506;22;BOLSAS;EUR;8,669.98;0;CIF;SEA;FCL/FCL;RIGA;CALLAO;1;40HC;22;-;NA;DIRECTO;HAPAG LLOYD;77785910;TCNU7889153;NA;-;3/11/2021;3/11/2021;2/11/2021;44;HLCURIX211011774;CMA CGM JEAN GABRIEL 1245S;9/12/2021;9/12/2021;10/12/2021;49;NO;NA;NA;IMUPESA;AVM;1092;2/12/2021;9/12/2021;118-2021-10-477188-01-1-01;Verde;10/12/2021;10/12/2021;10/12/2021;PENDIENTE;21/12/2021;;AVM;22/12/2021;;AGERSA;NA;22/12/2021;FUNDO ARMONIA;22/12/2021;23/12/2021;51;;;28/03/2022;2021-2;UPS;1Z48V0570492930913;;Cargada en CP -  [21-186-HPER // 4700002220 // TCNU7889153]
2021-2022;LIQUIDADA;21-187-HPER;4700002228;RENE;PROJAR;SUSTRATOS;FIBRA DE COCO EN BIG BAG 5.5 M3;RV11;FE21-01193;24;BOLSAS;EUR;15,704.64;0;CIF;SEA;FCL/FCL;ALGECIRAS;CALLAO;1;40HC;24;;NA;DIRECTO;MSC;048ICA0099850;FFAU2201223;NA;;22/11/2021;29/11/2021;28/11/2021;47;MEDUCD516935;MSC ATHOS XA202A;9/01/2022;23/01/2022;22/01/2022;3;NO;#¡REF!;#¡REF!;IMUPESA;AVM;84;15/01/2022;19/01/2022;118-2022-10-023406-01-1-00;Verde;23/01/2022;24/01/2022;22/01/2022;27/01/2022;27/01/2022;;AVM;31/01/2022;001-0109860;AGERSA;31/01/2022;31/01/2022;FUNDO ARMONIA;10/02/2022;11/02/2022;6;;;28/03/2022;2021-2;UPS;1Z48V0570490302024;;Cargada en CP -  [21-187-HPER // 4700002228 // FFAU2201223]
2021-2022;LIQUIDADA;21-187-HPER;4700002228;RENE;PROJAR;SUSTRATOS;FIBRA DE COCO EN BIG BAG 5.5 M3;RV11;FE21-01193;24;BOLSAS;EUR;15,704.64;0;CIF;SEA;FCL/FCL;ALGECIRAS;CALLAO;1;40HC;24;;NA;DIRECTO;MSC;048ICA0099850;BMOU4702938;NA;;22/11/2021;29/11/2021;28/11/2021;47;MEDUCD516935;MSC ATHOS XA202A;9/01/2022;23/01/2022;22/01/2022;3;NO;#¡REF!;#¡REF!;IMUPESA;AVM;84;15/01/2022;19/01/2022;118-2022-10-023406-01-1-00;Verde;23/01/2022;24/01/2022;22/01/2022;27/01/2022;27/01/2022;;AVM;31/01/2022;;AGERSA;31/01/2022;31/01/2022;FUNDO ARMONIA;7/02/2022;8/02/2022;6;;;28/03/2022;2021-2;UPS;1Z48V0570490302024;;Cargada en CP -  [21-187-HPER // 4700002228 // BMOU4702938]
2021-2022;LIQUIDADA;21-187-HPER;4700002228;RENE;PROJAR;SUSTRATOS;FIBRA DE COCO EN BIG BAG 5.5 M3;RV11;FE21-01193;24;BOLSAS;EUR;15,704.64;0;CIF;SEA;FCL/FCL;ALGECIRAS;CALLAO;1;40HC;24;;NA;DIRECTO;MSC;048ICA0099850;FFAU1204439;NA;;22/11/2021;29/11/2021;28/11/2021;47;MEDUCD516935;MSC ATHOS XA202A;9/01/2022;23/01/2022;22/01/2022;3;NO;#¡REF!;#¡REF!;IMUPESA;AVM;84;15/01/2022;19/01/2022;118-2022-10-023406-01-1-00;Verde;23/01/2022;24/01/2022;22/01/2022;27/01/2022;27/01/2022;;AVM;31/01/2022;;AGERSA;31/01/2022;31/01/2022;FUNDO ARMONIA;14/02/2022;15/02/2022;7;;;28/03/2022;2021-2;UPS;1Z48V0570490302024;;Cargada en CP -  [21-187-HPER // 4700002228 // FFAU1204439]
2021-2022;LIQUIDADA;21-188-HPER;4700002190;RENE;PROJAR;SUSTRATOS;EASY PLANTER 27L;RV11;FX21-00484;7,200;UN;USD;21,452.00;20% AP;CIF;SEA;FCL/FCL;COLOMBO;CALLAO;1;40HC;24;;NA;DIRECTO;MSC;;MSMU7752979;NA;;15/10/2021;15/10/2021;15/10/2021;41;MEDUC0705508;MSC JEONGMIN NX145A;16/12/2021;18/12/2021;16/12/2021;50;NO;NA;NA;IMUPESA;AVM;1054;7/12/2021;14/12/2021;118-2021-10-482263-01-6-00;Verde;17/12/2021;17/12/2021;16/12/2021;21/12/2021;21/12/2021;;AVM;22/12/2021;001-0109334;AGERSA;NA;23/12/2021;FUNDO ARMONIA;3/01/2022;4/01/2022;1;0021-001311;014-0001843;28/03/2022;2021-2;UPS;1Z48V0570493824456;;Cargada en CP -  [21-188-HPER // 4700002190 // MSMU7752979]
2021-2022;LIQUIDADA;21-190-HPER;4700002239;RENE;VERITAS;SUSTRATOS;"5KG NAKED BRICKS-BLUEBERRY
BLEND";RV11;202122/167-A;4,506;UN;USD;30,164.50;20% AP;CIF;SEA;FCL/FCL;COLOMBO;CALLAO;1;40HC;20;;NA;DIRECTO;COSCO;6315741161;CBHU9190855;NA;;27/10/2021;27/10/2021;27/10/2021;43;COSU6315741161;HENG HUI 6 005E;20/12/2021;12/02/2022;12/02/2022;6;NO;#¡REF!;#¡REF!;IMUPESA;AVM;1178-3;29/12/2021;12/02/2022;118-2022-10-056524-01-3-00;Verde;13/02/2022;14/02/2022;12/02/2022;18/02/2022;18/02/2022;27/02/2022;AVM;1/03/2022;001-0110813;RVC;1/03/2022;1/03/2022;FUNDO ARMONIA;4/03/2022;5/03/2022;9;0023-000658;014-0001898;28/03/2022;2021-2;DHL;1621605355;;Cargada en CP - [21-190-HPER // 4700002239 // CBHU9190855]
2021-2022;LIQUIDADA;21-190-HPER;4700002239;RENE;VERITAS;E & E;BLUEBERRY GROW BAGS ONLY 27L;RV11;202122/167-A;147,000;UN;USD;118,950.00;20% AP;CIF;SEA;FCL/LCL;COLOMBO;CALLAO;0.75;40HC;15;;NA;DIRECTO;COSCO;6315741161;FCIU9118740;NA;;27/10/2021;27/10/2021;27/10/2021;43;COSU6315741161;HENG HUI 6 005E;20/12/2021;12/02/2022;12/02/2022;6;NO;#¡REF!;#¡REF!;IMUPESA;AVM;1178-3;29/12/2021;12/02/2022;118-2022-10-056524-01-3-00;Verde;13/02/2022;14/02/2022;12/02/2022;18/02/2022;18/02/2022;27/02/2022;AVM;1/03/2022;001-0110814;RVC;1/03/2022;1/03/2022;FUNDO ARMONIA;4/03/2022;5/03/2022;9;0018-000903;014-0001896;28/03/2022;2021-2;DHL;1621605355;;Cargada en CP - [21-190-HPER // 4700002239 // FCIU9118740]
2021-2022;LIQUIDADA;21-190-HPER;4700002239;RENE;VERITAS;E & E;BLUEBERRY GROW BAGS ONLY 15L;RV11;202122/167-A;200,000;UN;USD;79,880.00;20% AP;CIF;SEA;FCL/LCL;COLOMBO;CALLAO;0.25;40HC;5;;NA;DIRECTO;COSCO;6315741161;FCIU9118740;NA;;27/10/2021;27/10/2021;27/10/2021;43;COSU6315741161;HENG HUI 6 005E;20/12/2021;12/02/2022;12/02/2022;6;NO;#¡REF!;#¡REF!;IMUPESA;AVM;1178-3;29/12/2021;12/02/2022;118-2022-10-056524-01-3-00;Verde;13/02/2022;14/02/2022;12/02/2022;18/02/2022;18/02/2022;27/02/2022;AVM;1/03/2022;001-0110814;RVC;1/03/2022;1/03/2022;FUNDO ARMONIA;4/03/2022;5/03/2022;9;0018-000903;014-0001896;28/03/2022;2021-2;DHL;1621605355;;Cargada en CP - [21-190-HPER // 4700002239 // FCIU9118740]
2021-2022;LIQUIDADA;21-190-HPER;4700002239;RENE;VERITAS;SUSTRATOS;"5KG NAKED BRICKS-BLUEBERRY
BLEND";RV11;202122/167-A;5,100;UN;USD;32,095.00;20% AP;CIF;SEA;FCL/FCL;COLOMBO;CALLAO;1;40HC;20;;NA;DIRECTO;COSCO;6315741161;TGHU9812194;NA;;27/10/2021;27/10/2021;27/10/2021;43;COSU6315741161;HENG HUI 6 005E;20/12/2021;12/02/2022;12/02/2022;6;NO;#¡REF!;#¡REF!;IMUPESA;AVM;1178-3;29/12/2021;12/02/2022;118-2022-10-056524-01-3-00;Verde;13/02/2022;14/02/2022;12/02/2022;18/02/2022;18/02/2022;27/02/2022;AVM;1/03/2022;001-0110812;RVC;1/03/2022;1/03/2022;FUNDO ARMONIA;4/03/2022;5/03/2022;9;0004-002050;014-0001897;28/03/2022;2021-2;DHL;1621605355;;Cargada en CP - [21-190-HPER // 4700002240 // TGHU9812194]
2021-2022;LIQUIDADA;21-191-HPER;4700002240;RENE;VERITAS;SUSTRATOS;"5KG NAKED BRICKS-BLUEBERRY
BLEND";RV11;202122/167-B;4,780;UN;USD;31,055.00;20% AP;CIF;SEA;FCL/FCL;COLOMBO;CALLAO;1;40HC;20;;NA;DIRECTO;COSCO;6315741160;TRHU6674874;NA;;27/10/2021;27/10/2021;27/10/2021;43;COSU6315741160;HENG HUI 6 005E;20/12/2021;12/02/2022;12/02/2022;6;NO;#¡REF!;#¡REF!;IMUPESA;AVM;1179-4;29/12/2021;12/02/2022;118-2022-10-056539-01-0-00;Verde;13/02/2022;14/02/2022;12/02/2022;16/02/2022;16/02/2022;27/02/2022;AVM;23/02/2022;001-0110427;AGERSA;23/02/2022;;FUNDO ARMONIA;28/02/2022;1/03/2022;9;0059-001361;014-0001933;28/03/2022;2021-2;DHL;1621605355;;Cargada en CP - [21-191-HPER // 4700002240 // TRHU6674874]
2021-2022;LIQUIDADA;21-191-HPER;4700002240;RENE;VERITAS;SUSTRATOS;"5KG NAKED BRICKS-BLUEBERRY
BLEND";RV11;202122/167-B;4,616;UN;USD;30,522.00;20% AP;CIF;SEA;FCL/FCL;COLOMBO;CALLAO;1;40HC;20;;NA;DIRECTO;COSCO;6315741160;BEAU6063003;NA;;27/10/2021;27/10/2021;27/10/2021;43;COSU6315741160;HENG HUI 6 005E;20/12/2021;12/02/2022;12/02/2022;6;NO;#¡REF!;#¡REF!;IMUPESA;AVM;1179-4;29/12/2021;12/02/2022;118-2022-10-056539-01-0-00;Verde;13/02/2022;14/02/2022;12/02/2022;16/02/2022;16/02/2022;27/02/2022;AVM;23/02/2022;001-0110429;AGERSA;23/02/2022;;FUNDO ARMONIA;27/02/2022;28/02/2022;9;0023-002262;014-0001931;28/03/2022;2021-2;DHL;1621605355;;Cargada en CP - [21-191-HPER // 4700002240 // BEAU6063003]
2021-2022;LIQUIDADA;21-191-HPER;4700002240;RENE;VERITAS;SUSTRATOS;"5KG NAKED BRICKS-BLUEBERRY
BLEND";RV11;202122/167-B;4,636;UN;USD;30,587.00;20% AP;CIF;SEA;FCL/FCL;COLOMBO;CALLAO;1;40HC;20;;NA;DIRECTO;COSCO;6315741160;OOCU8406050;NA;;27/10/2021;27/10/2021;27/10/2021;43;COSU6315741160;HENG HUI 6 005E;20/12/2021;12/02/2022;12/02/2022;6;NO;#¡REF!;#¡REF!;IMUPESA;AVM;1179-4;29/12/2021;12/02/2022;118-2022-10-056539-01-0-00;Verde;13/02/2022;14/02/2022;12/02/2022;16/02/2022;16/02/2022;27/02/2022;AVM;23/02/2022;001-0110428;AGERSA;23/02/2022;;FUNDO ARMONIA;28/02/2022;1/03/2022;9;0028-002762;014-0001932;28/03/2022;2021-2;DHL;1621605355;;Cargada en CP - [21-191-HPER // 4700002240 // OOCU8406050]
2021-2022;LIQUIDADA;21-192-HPER;4700002191;RENE;PROJAR;SUSTRATOS;EASY PLANTER 27L;RV11;FX21-00487;7,200;UN;USD;21,452.00;20% AP;CIF;SEA;FCL/FCL;COLOMBO;CALLAO;1;40HC;24;;NA;DIRECTO;MSC;EBKG02027032;CAIU4718209;NA;;22/10/2021;22/10/2021;23/10/2021;42;MEDUC0709856;MSC CAROLE NX149A;23/12/2021;6/01/2022;6/01/2022;1;NO;#¡REF!;#¡REF!;IMUPESA;AVM;1152-14;30/12/2021;5/01/2022;118-2022-10-003983-01-3-00;Verde;7/01/2022;8/01/2022;6/01/2022;14/01/2022;15/01/2022;;AVM;17/01/2022;;AGERSA;17/01/2022;17/01/2022;FUNDO ARMONIA;24/01/2022;25/01/2022;4;;;28/03/2022;2021-2;UPS;1Z48V0570493743605;;Cargada en CP -  [21-192-HPER // 4700002191 // CAIU4718209]
2021-2022;LIQUIDADA;21-192-HPER;4700002191;RENE;PROJAR;SUSTRATOS;EASY PLANTER 27L;RV11;FX21-00487;7,200;UN;USD;21,452.00;20% AP;CIF;SEA;FCL/FCL;COLOMBO;CALLAO;1;40HC;24;;NA;DIRECTO;MSC;EBKG02027032;FFAU2004902;NA;;22/10/2021;22/10/2021;23/10/2021;42;MEDUC0709856;MSC CAROLE NX149A;23/12/2021;6/01/2022;6/01/2022;1;NO;#¡REF!;#¡REF!;IMUPESA;AVM;1152-14;30/12/2021;5/01/2022;118-2022-10-003983-01-3-00;Verde;7/01/2022;8/01/2022;6/01/2022;14/01/2022;15/01/2022;;AVM;17/01/2022;;AGERSA;17/01/2022;17/01/2022;FUNDO ARMONIA;27/01/2022;28/01/2022;4;;;28/03/2022;2021-2;UPS;1Z48V0570493743605;;Cargada en CP -  [21-192-HPER // 4700002191 // FFAU2004902]
2021-2022;LIQUIDADA;21-193-HPER;4700002229;RENE;ALFARROXO TRADING LTDA;SUSTRATOS;CORTEZA DE PINO 1530;RV11;F-2370;1,449;BOLSAS;EUR;9,318.60;30;CIF;SEA;FCL/FCL;LEIXOES;CALLAO;1;40HC;23;;NA;DIRECTO;MSC;083ILE0250859 ;TGHU6721948;2/11/2021;;7/11/2021;7/11/2021;11/11/2021;45;MEDUL9220525;MSC AINO NX144A;7/12/2021;4/12/2021;4/12/2021;48;NO;NA;NA;IMUPESA;AVM;1082;29/11/2021;3/12/2021;118-2021-10-469376-01-5-00;Verde;7/12/2021;5/12/2021;4/12/2021;9/12/2021;20/12/2021;;AVM;21/12/2021;;RVC;21/12/2021;21/12/2021;FUNDO ARMONIA;22/12/2021;23/12/2021;51;;;28/03/2022;2021-2;DHL;1748938030;;Cargada en CP -  [21-193-HPER // 4700002229 // TGHU6721948]
2021-2022;LIQUIDADA;21-193-HPER;4700002229;RENE;ALFARROXO TRADING LTDA;SUSTRATOS;CORTEZA DE PINO 1530;RV11;F-2370;1,449;BOLSAS;EUR;9,318.60;30;CIF;SEA;FCL/FCL;LEIXOES;CALLAO;1;40HC;23;;NA;DIRECTO;MSC;083ILE0250859 ;CAXU9966540;2/11/2021;;7/11/2021;7/11/2021;11/11/2021;45;MEDUL9220525;MSC AINO NX144A;7/12/2021;4/12/2021;4/12/2021;48;NO;NA;NA;IMUPESA;AVM;1082;29/11/2021;3/12/2021;118-2021-10-469376-01-5-00;Verde;7/12/2021;5/12/2021;4/12/2021;9/12/2021;20/12/2021;;AVM;21/12/2021;;RVC;21/12/2021;21/12/2021;FUNDO ARMONIA;22/12/2021;23/12/2021;51;;;28/03/2022;2021-2;DHL;1748938030;;Cargada en CP -  [21-193-HPER // 4700002229 // CAXU9966540]
2021-2022;LIQUIDADA;21-193-HPER;4700002229;RENE;ALFARROXO TRADING LTDA;SUSTRATOS;CORTEZA DE PINO 1530;RV11;F-2370;1,449;BOLSAS;EUR;9,318.60;30;CIF;SEA;FCL/FCL;LEIXOES;CALLAO;1;40HC;23;;NA;DIRECTO;MSC;083ILE0250859 ;GLDU9731429;2/11/2021;;7/11/2021;7/11/2021;11/11/2021;45;MEDUL9220525;MSC AINO NX144A;7/12/2021;4/12/2021;4/12/2021;48;NO;NA;NA;IMUPESA;AVM;1082;29/11/2021;3/12/2021;118-2021-10-469376-01-5-00;Verde;7/12/2021;5/12/2021;4/12/2021;9/12/2021;20/12/2021;;AVM;21/12/2021;;JOSELITO;21/12/2021;21/12/2021;FUNDO ARMONIA;23/12/2021;24/12/2021;51;;;28/03/2022;2021-2;DHL;1748938030;;Cargada en CP -  [21-193-HPER // 4700002229 // GLDU9731429]
2021-2022;LIQUIDADA;21-193-HPER;4700002229;RENE;ALFARROXO TRADING LTDA;SUSTRATOS;CORTEZA DE PINO 1530;RV11;F-2370;1,449;BOLSAS;EUR;9,318.60;30;CIF;SEA;FCL/FCL;LEIXOES;CALLAO;1;40HC;23;;NA;DIRECTO;MSC;083ILE0250859 ;INKU6492738;2/11/2021;;7/11/2021;7/11/2021;11/11/2021;45;MEDUL9220525;MSC AINO NX144A;7/12/2021;4/12/2021;4/12/2021;48;NO;NA;NA;IMUPESA;AVM;1082;29/11/2021;3/12/2021;118-2021-10-469376-01-5-00;Verde;7/12/2021;5/12/2021;4/12/2021;9/12/2021;20/12/2021;;AVM;21/12/2021;;JOSELITO;21/12/2021;21/12/2021;FUNDO ARMONIA;27/12/2021;28/12/2021;52;;;28/03/2022;2021-2;DHL;1748938030;;Cargada en CP -  [21-193-HPER // 4700002229 // INKU6492738]
2021-2022;LIQUIDADA;21-193-HPER;4700002229;RENE;ALFARROXO TRADING LTDA;SUSTRATOS;CORTEZA DE PINO 1530;RV11;F-2370;1,449;BOLSAS;EUR;9,318.60;30;CIF;SEA;FCL/FCL;LEIXOES;CALLAO;1;40HC;23;;NA;DIRECTO;MSC;083ILE0250859 ;MEDU8397448;2/11/2021;;7/11/2021;7/11/2021;11/11/2021;45;MEDUL9220525;MSC AINO NX144A;7/12/2021;4/12/2021;4/12/2021;48;NO;NA;NA;IMUPESA;AVM;1082;29/11/2021;3/12/2021;118-2021-10-469376-01-5-00;Verde;7/12/2021;5/12/2021;4/12/2021;9/12/2021;20/12/2021;;AVM;21/12/2021;;JOSELITO;21/12/2021;21/12/2021;FUNDO ARMONIA;22/12/2021;23/12/2021;51;;;28/03/2022;2021-2;DHL;1748938030;;Cargada en CP -  [21-193-HPER // 4700002229 // MEDU8397448]
2021-2022;LIQUIDADA;21-193-HPER;4700002229;RENE;ALFARROXO TRADING LTDA;SUSTRATOS;CORTEZA DE PINO 1530;RV11;F-2370;1,449;BOLSAS;EUR;9,318.60;30;CIF;SEA;FCL/FCL;LEIXOES;CALLAO;1;40HC;24;;NA;DIRECTO;MSC;083ILE0250859 ;FSCU9906510;2/11/2021;;7/11/2021;7/11/2021;11/11/2021;45;MEDUL9220525;MSC AINO NX144A;7/12/2021;4/12/2021;4/12/2021;48;NO;NA;NA;IMUPESA;AVM;1082;29/11/2021;3/12/2021;118-2021-10-469376-01-5-00;Verde;7/12/2021;5/12/2021;4/12/2021;9/12/2021;20/12/2021;;AVM;21/12/2021;;RVC;21/12/2021;21/12/2021;FUNDO ARMONIA;22/12/2021;23/12/2021;51;;;28/03/2022;2021-2;DHL;1748938030;;Cargada en CP -  [21-193-HPER // 4700002229 // FSCU9906510]
2021-2022;LIQUIDADA;21-194-HPER;4700002230;RENE;ALFARROXO TRADING LTDA;SUSTRATOS;CORTEZA DE PINO 1530;RV11;F-2419;1,449;BOLSAS;EUR;9,318.60;30;CIF;SEA;FCL/FCL;SINES;CALLAO;1;40HC;23;;NA;DIRECTO;MSC;;BMOU6021980;NA;;12/11/2021;16/11/2021;29/11/2021;48;MEDUL9222836;MSC JEONGMIN NX145A;8/12/2021;18/12/2021;16/12/2021;50;NO;NA;NA;IMUPESA;AVM;1107;7/12/2021;15/12/2021;118-2021-10-483650-01-3-00;Verde;17/12/2021;18/12/2021;16/12/2021;21/12/2021;22/12/2021;;AVM;27/12/2021;;RVC;27/12/2021;27/12/2021;FUNDO ARMONIA;28/12/2021;29/12/2021;52;;;28/03/2022;2021-2;DHL;6528171016;;Cargada en CP -  [21-194-HPER // 4700002230 // BMOU6021980]
2021-2022;LIQUIDADA;21-194-HPER;4700002230;RENE;ALFARROXO TRADING LTDA;SUSTRATOS;CORTEZA DE PINO 1530;RV11;F-2419;1,449;BOLSAS;EUR;9,318.60;30;CIF;SEA;FCL/FCL;SINES;CALLAO;1;40HC;23;;NA;DIRECTO;MSC;;FCIU8755960;NA;;12/11/2021;16/11/2021;29/11/2021;48;MEDUL9222836;MSC JEONGMIN NX145A;8/12/2021;18/12/2021;16/12/2021;50;NO;NA;NA;IMUPESA;AVM;1107;7/12/2021;15/12/2021;118-2021-10-483650-01-3-00;Verde;17/12/2021;18/12/2021;16/12/2021;21/12/2021;22/12/2021;;AVM;27/12/2021;;AGERSA;28/12/2021;28/12/2021;FUNDO ARMONIA;17/01/2022;18/01/2022;3;;;28/03/2022;2021-2;DHL;6528171016;;Cargada en CP -  [21-194-HPER // 4700002230 // FCIU8755960]
2021-2022;LIQUIDADA;21-194-HPER;4700002230;RENE;ALFARROXO TRADING LTDA;SUSTRATOS;CORTEZA DE PINO 1530;RV11;F-2419;1,449;BOLSAS;EUR;9,318.60;30;CIF;SEA;FCL/FCL;SINES;CALLAO;1;40HC;23;;NA;DIRECTO;MSC;;FCIU8664618;NA;;12/11/2021;16/11/2021;29/11/2021;48;MEDUL9222836;MSC JEONGMIN NX145A;8/12/2021;18/12/2021;16/12/2021;50;NO;NA;NA;IMUPESA;AVM;1107;7/12/2021;15/12/2021;118-2021-10-483650-01-3-00;Verde;17/12/2021;18/12/2021;16/12/2021;21/12/2021;22/12/2021;;AVM;27/12/2021;;AGERSA;28/12/2021;28/12/2021;FUNDO ARMONIA;16/01/2022;17/01/2022;3;;;28/03/2022;2021-2;DHL;6528171016;;Cargada en CP -  [21-194-HPER // 4700002230 // FCIU8664618]
2021-2022;LIQUIDADA;21-194-HPER;4700002230;RENE;ALFARROXO TRADING LTDA;SUSTRATOS;CORTEZA DE PINO 1530;RV11;F-2419;1,449;BOLSAS;EUR;9,318.60;30;CIF;SEA;FCL/FCL;SINES;CALLAO;1;40HC;23;;NA;DIRECTO;MSC;;FSCU6242269;NA;;12/11/2021;16/11/2021;29/11/2021;48;MEDUL9222836;MSC JEONGMIN NX145A;8/12/2021;18/12/2021;16/12/2021;50;NO;NA;NA;IMUPESA;AVM;1107;7/12/2021;15/12/2021;118-2021-10-483650-01-3-00;Verde;17/12/2021;18/12/2021;16/12/2021;21/12/2021;22/12/2021;;AVM;28/12/2021;;RVC;29/12/2021;29/12/2021;FUNDO ARMONIA;2/01/2022;3/01/2022;1;;;28/03/2022;2021-2;DHL;6528171016;;Cargada en CP -  [21-194-HPER // 4700002230 // FSCU6242269]
2021-2022;LIQUIDADA;21-194-HPER;4700002230;RENE;ALFARROXO TRADING LTDA;SUSTRATOS;CORTEZA DE PINO 1530;RV11;F-2419;1,449;BOLSAS;EUR;9,318.60;30;CIF;SEA;FCL/FCL;SINES;CALLAO;1;40HC;23;;NA;DIRECTO;MSC;;MSCU9625103;NA;;12/11/2021;16/11/2021;29/11/2021;48;MEDUL9222836;MSC JEONGMIN NX145A;8/12/2021;18/12/2021;16/12/2021;50;NO;NA;NA;IMUPESA;AVM;1107;7/12/2021;15/12/2021;118-2021-10-483650-01-3-00;Verde;17/12/2021;18/12/2021;16/12/2021;21/12/2021;22/12/2021;;AVM;28/12/2021;;RVC;29/12/2021;29/12/2021;FUNDO ARMONIA;2/01/2022;3/01/2022;1;;;28/03/2022;2021-2;DHL;6528171016;;Cargada en CP -  [21-194-HPER // 4700002230 // MSCU9625103]
2021-2022;LIQUIDADA;21-195-HPER;4700002221;RENE;PROJAR;SUSTRATOS;TURBA BLEND 1530F;RV11;FX21-00520;22;BOLSAS;EUR;9,725.06;0;CIF;SEA;FCL/FCL;RIGA;CALLAO;1;40HC;22;-;NA;DIRECTO;HAPAG LLOYD;;SEGU5719254;NA;-;13/11/2021;13/11/2021;18/11/2021;46;HLCURIX211110904;SANTOS EXPRESS 1247S;23/12/2021;23/12/2021;23/12/2021;51;NO;NA;NA;IMUPESA;AVM;1130;13/12/2021;22/12/2021;118-2021-10-494490-01-2-00;Verde;24/12/2021;25/12/2021;28/12/2021;29/12/2021;10/01/2022;;AVM;11/01/2022;;JOSELITO;;;FUNDO ARMONIA;1/02/2022;2/02/2022;5;;;28/03/2022;2021-2;UPS;1Z48V0570493599585;;Cargada en CP -  [21-195-HPER // 4700002221 // SEGU5719254]
2021-2022;LIQUIDADA;21-195-HPER;4700002221;RENE;PROJAR;SUSTRATOS;TURBA BLEND 1530F;RV11;FX21-00520;22;BOLSAS;EUR;9,725.06;0;CIF;SEA;FCL/FCL;RIGA;CALLAO;1;40HC;22;-;NA;DIRECTO;HAPAG LLOYD;;TCLU8933016;NA;-;13/11/2021;13/11/2021;18/11/2021;46;HLCURIX211110904;SANTOS EXPRESS 1247S;23/12/2021;23/12/2021;23/12/2021;51;NO;NA;NA;IMUPESA;AVM;1130;13/12/2021;22/12/2021;118-2021-10-494490-01-2-00;Verde;24/12/2021;25/12/2021;28/12/2021;29/12/2021;10/01/2022;;AVM;11/01/2022;;JOSELITO;;;FUNDO ARMONIA;30/01/2022;31/01/2022;5;;;28/03/2022;2021-2;UPS;1Z48V0570493599585;;Cargada en CP -  [21-195-HPER // 4700002221 // TCLU8933016]
2021-2022;LIQUIDADA;21-196-HPER;4700002246;RENE;HORTIFRUT CHILE SA;PLANTAS;COSMIC CRUNCH;-;11735;41,600;UN;USD;85,864.00;90;CFR;AIR;AIR;SANTIAGO;LIMA;-;-;2;;NA;DIRECTO;LATAM;;-;NA;;18/11/2021;18/11/2021;18/11/2021;46;045-43971465;LA2375/17;18/11/2021;18/11/2021;18/11/2021;46;SI;21-196-HPER;18/11/2021;SAASA;AVM;1051;18/11/2021;;;Verde;18(11/21;;;24/11/2021;24/11/2021;;LIP;25/11/2021;;LIP;NA;NA;VIVERO ILUSION;25/11/2021;26/11/2021;47;;;28/03/2022;2021-2;;-;;No cargada por medio de transporte AIRE (25/02) [21-196-HPER // 4700002246]
2021-2022;LIQUIDADA;21-197-HPER;4700002231;RENE;ALFARROXO TRADING LTDA;SUSTRATOS;CORTEZA DE PINO 1530;RV11;F-2436;1,449;BOLSAS;EUR;4,274.55;30;FOB;SEA;FCL/FCL;SINES;CALLAO;1;40HC;23;;;AIR SEA LOG;MSC;083LI0358692;MEDU8668956;NA;;12/11/2021;16/11/2021;29/11/2021;48;20212933;MSC JEONGMIN NX145A;8/12/2021;16/12/2021;16/12/2021;50;SI;21-197-HPER;29/11/2021;IMUPESA;AVM;1108;7/12/2021;15/12/2021;118-2021-10-483838-01-2-00;Verde;17/12/2021;18/12/2021;16/12/2021;21/12/2021;22/12/2021;;AVM;22/12/2021;;RVC;NA;22/12/2021;FUNDO ARMONIA;22/12/2021;23/12/2021;51;;;28/03/2022;2021-2;DHL;6528171016;;Cargada en CP -  [21-197-HPER // 4700002231 // MEDU8668956]
2021-2022;LIQUIDADA;21-197-HPER;4700002231;RENE;ALFARROXO TRADING LTDA;SUSTRATOS;CORTEZA DE PINO 1530;RV11;F-2436;1,449;BOLSAS;EUR;4,274.55;30;FOB;SEA;FCL/FCL;SINES;CALLAO;1;40HC;23;;;AIR SEA LOG;MSC;083LI0358692;TCNU1311152;NA;;12/11/2021;16/11/2021;29/11/2021;48;20212933;MSC JEONGMIN NX145A;8/12/2021;16/12/2021;16/12/2021;50;SI;21-197-HPER;29/11/2021;IMUPESA;AVM;1108;7/12/2021;15/12/2021;118-2021-10-483838-01-2-00;Verde;17/12/2021;18/12/2021;16/12/2021;21/12/2021;22/12/2021;;AVM;22/12/2021;;RVC;NA;22/12/2021;FUNDO ARMONIA;22/12/2021;23/12/2021;51;;;28/03/2022;2021-2;DHL;6528171016;;Cargada en CP -  [21-197-HPER // 4700002231 // TCNU1311152]
2021-2022;LIQUIDADA;21-197-HPER;4700002231;RENE;ALFARROXO TRADING LTDA;SUSTRATOS;CORTEZA DE PINO 1530;RV11;F-2436;1,449;BOLSAS;EUR;4,274.55;30;FOB;SEA;FCL/FCL;SINES;CALLAO;1;40HC;23;;;AIR SEA LOG;MSC;083LI0358692;TCNU1387332;NA;;12/11/2021;16/11/2021;29/11/2021;48;20212933;MSC JEONGMIN NX145A;8/12/2021;16/12/2021;16/12/2021;50;SI;21-197-HPER;29/11/2021;IMUPESA;AVM;1108;7/12/2021;15/12/2021;118-2021-10-483838-01-2-00;Verde;17/12/2021;18/12/2021;16/12/2021;21/12/2021;22/12/2021;;AVM;22/12/2021;;RVC;NA;22/12/2021;FUNDO ARMONIA;22/12/2021;23/12/2021;51;;;28/03/2022;2021-2;DHL;6528171016;;Cargada en CP -  [21-197-HPER // 4700002231 // TCNU1387332]
2021-2022;LIQUIDADA;21-197-HPER;4700002231;RENE;ALFARROXO TRADING LTDA;SUSTRATOS;CORTEZA DE PINO 1530;RV11;F-2436;1,449;BOLSAS;EUR;4,274.55;30;FOB;SEA;FCL/FCL;SINES;CALLAO;1;40HC;23;;;AIR SEA LOG;MSC;083LI0358692;MEDU8286790;NA;;12/11/2021;16/11/2021;29/11/2021;48;20212933;MSC JEONGMIN NX145A;8/12/2021;16/12/2021;16/12/2021;50;SI;21-197-HPER;29/11/2021;IMUPESA;AVM;1108;7/12/2021;15/12/2021;118-2021-10-483838-01-2-00;Verde;17/12/2021;18/12/2021;16/12/2021;21/12/2021;22/12/2021;;AVM;22/12/2021;;AGERSA;NA;23/12/2021;FUNDO ARMONIA;23/12/2021;24/12/2021;51;;;28/03/2022;2021-2;DHL;6528171016;;Cargada en CP -  [21-197-HPER // 4700002231 // MEDU8286790]
2021-2022;LIQUIDADA;21-197-HPER;4700002231;RENE;ALFARROXO TRADING LTDA;SUSTRATOS;CORTEZA DE PINO 1530;RV11;F-2436;1,449;BOLSAS;EUR;4,274.55;30;FOB;SEA;FCL/FCL;SINES;CALLAO;1;40HC;23;;;AIR SEA LOG;MSC;083LI0358692;IKSU9127082;NA;;12/11/2021;16/11/2021;29/11/2021;48;20212933;MSC JEONGMIN NX145A;8/12/2021;16/12/2021;16/12/2021;50;SI;21-197-HPER;29/11/2021;IMUPESA;AVM;1108;7/12/2021;15/12/2021;118-2021-10-483838-01-2-00;Verde;17/12/2021;18/12/2021;16/12/2021;21/12/2021;22/12/2021;;AVM;22/12/2021;;AGERSA;NA;23/12/2021;FUNDO ARMONIA;11/01/2022;12/01/2022;2;;;28/03/2022;2021-2;DHL;6528171016;;Cargada en CP -  [21-197-HPER // 4700002231 // IKSU9127082]
2021-2022;LIQUIDADA;21-197-HPER;4700002231;RENE;ALFARROXO TRADING LTDA;SUSTRATOS;CORTEZA DE PINO 1530;RV11;F-2436;1,449;BOLSAS;EUR;4,274.55;30;FOB;SEA;FCL/FCL;SINES;CALLAO;1;40HC;23;;;AIR SEA LOG;MSC;083LI0358692;CAIU7829905;NA;;12/11/2021;16/11/2021;29/11/2021;48;20212933;MSC JEONGMIN NX145A;8/12/2021;16/12/2021;16/12/2021;50;SI;21-197-HPER;29/11/2021;IMUPESA;AVM;1108;7/12/2021;15/12/2021;118-2021-10-483838-01-2-00;Verde;17/12/2021;18/12/2021;16/12/2021;21/12/2021;22/12/2021;;AVM;22/12/2021;;AGERSA;NA;23/12/2021;FUNDO ARMONIA;16/01/2022;17/01/2022;3;;;28/03/2022;2021-2;DHL;6528171016;;Cargada en CP -  [21-197-HPER // 4700002231 // CAIU7829905]
2021-2022;LIQUIDADA;21-198-HPER;4700002192;RENE;PROJAR;SUSTRATOS;EASY PLANTER 27L;RV11;FX21-00510;7,200;UN;USD;21,452.00;20% AP;CIF;SEA;FCL/FCL;COLOMBO;CALLAO;1;40HC;24;;NA;DIRECTO;MSC;;CAIU4494768;NA;;29/10/2021;29/10/2021;1/11/2021;44;MEDUC0719384;MSC DOMITILLE XA201A;30/12/2021;9/02/2022;8/02/2022;6;NO;#¡REF!;#¡REF!;IMUPESA;AVM;22;28/01/2022;7/02/2022; 118-2022-10-048601-01-2-00;Verde;9/02/2022;10/02/2022;8/02/2022;11/02/2022;11/02/2022;;SLI;16/02/2022;001-0110278;AGERSA;14/02/2022;15/02/2022;FUNDO ARMONIA;17/02/2022;18/02/2022;7;;;28/03/2022;2021-2;UPS;1Z48V0570493743605;;Cargada en CP -  [21-198-HPER // 4700002192 // CAIU4494768]
2021-2022;LIQUIDADA;21-198-HPER;4700002192;RENE;PROJAR;SUSTRATOS;EASY PLANTER 27L;RV11;FX21-00510;7,200;UN;USD;21,452.00;20% AP;CIF;SEA;FCL/FCL;COLOMBO;CALLAO;1;40HC;24;;NA;DIRECTO;MSC;;MSDU7642039;NA;;29/10/2021;29/10/2021;1/11/2021;44;MEDUC0719384;MSC DOMITILLE XA201A;30/12/2021;9/02/2022;8/02/2022;6;NO;#¡REF!;#¡REF!;IMUPESA;AVM;22;28/01/2022;7/02/2022;118-2022-10-048601-01-2-00;Verde;9/02/2022;10/02/2022;8/02/2022;11/02/2022;11/02/2022;;SLI;16/02/2022;001-0110279;AGERSA;16/02/2022;17/02/2022;FUNDO ARMONIA;22/02/2022;23/02/2022;8;0029-002540;014-0001921;28/03/2022;2021-2;UPS;1Z48V0570493743605;;Cargada en CP -  [21-198-HPER // 4700002192 // MSDU7642039]
2021-2022;LIQUIDADA;21-198-HPER;4700002192;RENE;PROJAR;SUSTRATOS;EASY PLANTER 27L;RV11;FX21-00510;7,200;UN;USD;21,452.00;20% AP;CIF;SEA;FCL/FCL;COLOMBO;CALLAO;1;40HC;24;;NA;DIRECTO;MSC;;TGBU5355375;NA;;29/10/2021;29/10/2021;1/11/2021;44;MEDUC0719384;MSC DOMITILLE XA201A;30/12/2021;9/02/2022;8/02/2022;6;NO;#¡REF!;#¡REF!;IMUPESA;AVM;22;28/01/2022;7/02/2022;118-2022-10-048601-01-2-00;Verde;9/02/2022;10/02/2022;8/02/2022;11/02/2022;11/02/2022;;SLI;16/02/2022;001-0110280;AGERSA;15/02/2022;15/02/2022;FUNDO ARMONIA;21/02/2022;22/02/2022;8;0051-002368;014-0001919;28/03/2022;2021-2;UPS;1Z48V0570493743605;;Cargada en CP -  [21-198-HPER// 4700002192 // TGBU5355375]
2021-2022;LIQUIDADA;21-199-HPER;4700002193;RENE;PROJAR;SUSTRATOS;EASY PLANTER 27L;RV11;FX21-00515;7,200;UN;USD;31,421.00;20% AP;CIF;SEA;FCL/FCL;COLOMBO;CALLAO;1;40HC;24;;NA;DIRECTO;MSC;EBKG02101089;FFAU2013231;NA;;1/11/2021;6/11/2021;5/11/2021;44;MEDUC0722982;MSC DOMITILLE XA201A;30/12/2021;9/02/2022;8/02/2022;6;NO;#¡REF!;#¡REF!;IMUPESA;AVM;21;28/01/2022;4/02/2022;118-2022-10-045854-01-7-00;Verde;9/02/2022;10/02/2022;8/02/2022;11/02/2022;11/02/2022;;AVM;12/02/2022;001-0110276;AGERSA;12/02/2022;12/02/2022;FUNDO ARMONIA;14/02/2022;15/02/2022;7;;;28/03/2022;2021-2;UPS;1Z48V0570493743605;;Cargada en CP -  [21-199-HPER // 4700002193 // FFAU2013231]
2021-2022;LIQUIDADA;21-199-HPER;4700002193;RENE;PROJAR;SUSTRATOS;EASY PLANTER 27L;RV11;FX21-00515;7,200;UN;USD;31,421.00;20% AP;CIF;SEA;FCL/FCL;COLOMBO;CALLAO;1;40HC;24;;NA;DIRECTO;MSC;EBKG02101089;FBLU0103763;NA;;1/11/2021;6/11/2021;5/11/2021;44;MEDUC0722982;MSC DOMITILLE XA201A;30/12/2021;9/02/2022;8/02/2022;6;NO;#¡REF!;#¡REF!;IMUPESA;AVM;21;28/01/2022;4/02/2022;118-2022-10-045854-01-7-00;Verde;9/02/2022;10/02/2022;8/02/2022;11/02/2022;11/02/2022;;AVM;12/02/2022;001-0110277;AGERSA;12/02/2022;12/02/2022;FUNDO ARMONIA;17/02/2022;18/02/2022;7;;;28/03/2022;2021-2;UPS;1Z48V0570493743605;;Cargada en CP -  [21-199-HPER // 4700002193 // FBLU0103763]
2021-2022;LIQUIDADA;21-200-HPER;4700002194;RENE;PROJAR;SUSTRATOS;EASY PLANTER 27L;RV11;FX21-00518;7,200;UN;USD;14,472.00;20% AP;FOB;SEA;FCL/FCL;COLOMBO;CALLAO;1;40HC;24;;;AIRSEALOG;HAPAG LLOYD;;FCIU7353930;NA;;7/11/2021;7/11/2021;10/11/2021;45;SALSE21110059-01;NAVIGARE COLLECTOR 2149E;7/01/2022;9/01/2022;9/01/2022;1;SI;21-200-HPER;12/11/2021;IMUPESA;AVM;1157-20 ;30/12/2021;6/01/2022;118-2022-10-005167-01-9-00;Verde;10/01/2022;11/01/2022;9/01/2022;13/01/2022;14/01/2022;;AVM;18/01/2022;;AGERSA;18/01/2022;18/01/2022;FUNDO ARMONIA;30/01/2022;31/01/2022;5;;;28/03/2022;2021-2;UPS;1Z48V0570493743605;;Cargada en CP -  [21-200-HPER // 4700002194 // FCIU7353930]
2021-2022;LIQUIDADA;21-200-HPER;4700002194;RENE;PROJAR;SUSTRATOS;EASY PLANTER 27L;RV11;FX21-00518;7,200;UN;USD;14,472.00;20% AP;FOB;SEA;FCL/FCL;COLOMBO;CALLAO;1;40HC;24;;;AIRSEALOG;HAPAG LLOYD;;HLBU1418258;NA;;7/11/2021;7/11/2021;10/11/2021;45;SALSE21110059-01;NAVIGARE COLLECTOR 2149E;7/01/2022;9/01/2022;9/01/2022;1;SI;21-200-HPER;12/11/2021;IMUPESA;AVM;1157-20 ;30/12/2021;6/01/2022;118-2022-10-005167-01-9-00;Verde;10/01/2022;11/01/2022;9/01/2022;13/01/2022;14/01/2022;;AVM;18/01/2022;;JOSELITO;18/01/2022;18/01/2022;FUNDO ARMONIA;2/02/2022;3/02/2022;5;;;28/03/2022;2021-2;UPS;1Z48V0570493743605;;Cargada en CP -  [21-200-HPER // 4700002194 // HLBU1418258]
2021-2022;LIQUIDADA;21-200-HPER;4700002194;RENE;PROJAR;SUSTRATOS;EASY PLANTER 27L;RV11;FX21-00518;7,200;UN;USD;14,472.00;20% AP;FOB;SEA;FCL/FCL;COLOMBO;CALLAO;1;40HC;24;;;AIRSEALOG;HAPAG LLOYD;;TGHU9586760;NA;;7/11/2021;7/11/2021;10/11/2021;45;SALSE21110059-01;NAVIGARE COLLECTOR 2149E;7/01/2022;9/01/2022;9/01/2022;1;SI;21-200-HPER;12/11/2021;IMUPESA;AVM;1157-20 ;30/12/2021;6/01/2022;118-2022-10-005167-01-9-00;Verde;10/01/2022;11/01/2022;9/01/2022;13/01/2022;14/01/2022;;AVM;18/01/2022;;RVC;18/01/2022;18/01/2022;FUNDO ARMONIA;19/01/2022;20/01/2022;3;;;28/03/2022;2021-2;UPS;1Z48V0570493743605;;Cargada en CP -  [21-200-HPER // 4700002194 // TGHU9586760]
2021-2022;LIQUIDADA;21-200-HPER;4700002194;RENE;PROJAR;SUSTRATOS;EASY PLANTER 27L;RV11;FX21-00518;7,200;UN;USD;14,472.00;20% AP;FOB;SEA;FCL/FCL;COLOMBO;CALLAO;1;40HC;24;;;AIRSEALOG;HAPAG LLOYD;;UACU5367948;NA;;7/11/2021;7/11/2021;10/11/2021;45;SALSE21110059-01;NAVIGARE COLLECTOR 2149E;7/01/2022;9/01/2022;9/01/2022;1;SI;21-200-HPER;12/11/2021;IMUPESA;AVM;1157-20 ;30/12/2021;6/01/2022;118-2022-10-005167-01-9-00;Verde;10/01/2022;11/01/2022;9/01/2022;13/01/2022;14/01/2022;;AVM;18/01/2022;;RVC;18/01/2022;19/01/2022;FUNDO ARMONIA;19/01/2022;20/01/2022;3;;;28/03/2022;2021-2;UPS;1Z48V0570493743605;;Cargada en CP -  [21-200-HPER // 4700002194 // UACU5367948]
2021-2022;LIQUIDADA;21-201-HPER;4700002232;RENE;ALFARROXO TRADING LTDA;SUSTRATOS;CORTEZA DE PINO 1530;RV11;F-2479;1,449;BOLSAS;EUR;4,274.55;30;FOB;SEA;FCL/FCL;LEIXOES;CALLAO;1;40HC;23;;;AIR SEA LOG;MSC;083LI0358720;BMOU6901630;NA;;18/11/2021;21/11/2021;29/11/2021;48;20212977;MSC JEONGMIN NX145A;14/12/2021;16/12/2021;16/12/2021;50;SI;21-201-HPER;29/11/2021;IMUPESA;AVM;1109;7/12/2021;15/12/2021;118-2021-10-484208-01-2-00;Verde;17/12/2021;18/12/2021;16/12/2021;21/12/2021;22/12/2021;;AVM;30/12/2021;;RVC;27/12/2021;27/12/2021;FUNDO ARMONIA;27/12/2021;28/12/2021;52;;;28/03/2022;2021-2;DHL;6528171016;;Cargada en CP -  [21-201-HPER // 4700002232 // BMOU6901630]
2021-2022;LIQUIDADA;21-201-HPER;4700002232;RENE;ALFARROXO TRADING LTDA;SUSTRATOS;CORTEZA DE PINO 1530;RV11;F-2479;1,449;BOLSAS;EUR;4,274.55;30;FOB;SEA;FCL/FCL;LEIXOES;CALLAO;1;40HC;23;;;AIR SEA LOG;MSC;083LI0358720;MEDU9428163;NA;;18/11/2021;21/11/2021;29/11/2021;48;20212977;MSC JEONGMIN NX145A;14/12/2021;16/12/2021;16/12/2021;50;SI;21-201-HPER;29/11/2021;IMUPESA;AVM;1109;7/12/2021;15/12/2021;118-2021-10-484208-01-2-00;Verde;17/12/2021;18/12/2021;16/12/2021;21/12/2021;22/12/2021;;AVM;30/12/2021;;AGERSA;30/12/2022;30/12/2022;FUNDO ARMONIA;17/01/2022;18/01/2022;3;;;28/03/2022;2021-2;DHL;6528171016;;Cargada en CP -  [21-201-HPER // 4700002232 // MEDU9428163]
2021-2022;LIQUIDADA;21-201-HPER;4700002232;RENE;ALFARROXO TRADING LTDA;SUSTRATOS;CORTEZA DE PINO 1530;RV11;F-2479;1,449;BOLSAS;EUR;4,274.55;30;FOB;SEA;FCL/FCL;LEIXOES;CALLAO;1;40HC;23;;;AIR SEA LOG;MSC;083LI0358720;BMOU6949948;NA;;18/11/2021;21/11/2021;29/11/2021;48;20212977;MSC JEONGMIN NX145A;14/12/2021;16/12/2021;16/12/2021;50;SI;21-201-HPER;29/11/2021;IMUPESA;AVM;1109;7/12/2021;15/12/2021;118-2021-10-484208-01-2-00;Verde;17/12/2021;18/12/2021;16/12/2021;21/12/2021;22/12/2021;;AVM;30/12/2021;;JOSELITO;27/12/2021;27/12/2021;FUNDO ARMONIA;27/12/2021;28/12/2021;52;;;28/03/2022;2021-2;DHL;6528171016;;Cargada en CP -  [21-201-HPER // 4700002232 // BMOU6949948]
2021-2022;LIQUIDADA;21-201-HPER;4700002232;RENE;ALFARROXO TRADING LTDA;SUSTRATOS;CORTEZA DE PINO 1530;RV11;F-2479;1,449;BOLSAS;EUR;4,274.55;30;FOB;SEA;FCL/FCL;LEIXOES;CALLAO;1;40HC;23;;;AIR SEA LOG;MSC;083LI0358720;TCNU7326252;NA;;18/11/2021;21/11/2021;29/11/2021;48;20212977;MSC JEONGMIN NX145A;14/12/2021;16/12/2021;16/12/2021;50;SI;21-201-HPER;29/11/2021;IMUPESA;AVM;1109;7/12/2021;15/12/2021;118-2021-10-484208-01-2-00;Verde;17/12/2021;18/12/2021;16/12/2021;21/12/2021;22/12/2021;;AVM;30/12/2021;;RVC;29/12/2021;29/12/2021;FUNDO ARMONIA;27/12/2021;28/12/2021;52;;;28/03/2022;2021-2;DHL;6528171016;;Cargada en CP -  [21-201-HPER // 4700002232 // TCNU7326252]
2021-2022;LIQUIDADA;21-201-HPER;4700002232;RENE;ALFARROXO TRADING LTDA;SUSTRATOS;CORTEZA DE PINO 1530;RV11;F-2479;1,449;BOLSAS;EUR;4,274.55;30;FOB;SEA;FCL/FCL;LEIXOES;CALLAO;1;40HC;23;;;AIR SEA LOG;MSC;083LI0358720;DFSU6502669;NA;;18/11/2021;21/11/2021;29/11/2021;48;20212977;MSC JEONGMIN NX145A;14/12/2021;16/12/2021;16/12/2021;50;SI;21-201-HPER;29/11/2021;IMUPESA;AVM;1109;7/12/2021;15/12/2021;118-2021-10-484208-01-2-00;Verde;17/12/2021;18/12/2021;16/12/2021;21/12/2021;22/12/2021;;AVM;30/12/2021;;AGERSA;30/12/2021;30/12/2021;FUNDO ARMONIA;18/01/2022;19/01/2022;3;;;28/03/2022;2021-2;DHL;6528171016;;Cargada en CP -  [21-201-HPER // 4700002232 // DFSU6502669]
2021-2022;LIQUIDADA;21-202-HPER;4700002243;RENE;VERITAS;E & E;BLUEBERRY GROW BAGS ONLY 27L;RV11;202122/173-B;98,000;UN;USD;79,300.00;20% AP;CIF;SEA;FCL/LCL;COLOMBO;CALLAO;0.5;40HC;10;;NA;DIRECTO;COSCO;6317546231;TCNU3985457;NA;;13/11/2021;13/11/2021;14/11/2021;45;COSU6317546231;HENG HUI 6 005E;18/01/2022;12/02/2022;12/02/2022;6;NO;#¡REF!;#¡REF!;IMUPESA;AVM;1180-5;29/12/2021;15/02/2022; 118-2022-10-058204-01-6-00;Verde;13/02/2022;14/02/2022;15/02/2022;23/02/2022;23/02/2022;27/02/2022;AVM;1/03/2022;001-0110815;JOSELITO;1/03/2022;1/03/2022;FUNDO ARMONIA;6/03/2022;7/03/2022;10;0001-0204471;014-0001402;28/03/2022;2021-2;DHL;9066232523;;Cargada en CP - [21-202-HPER // 4700002243 // TCNU3985457]
2021-2022;LIQUIDADA;21-202-HPER;4700002243;RENE;VERITAS;E & E;BLUEBERRY GROW BAGS ONLY 15L;RV11;202122/173-B;400,000;UN;USD;159,760.00;20% AP;CIF;SEA;FCL/LCL;COLOMBO;CALLAO;0.5;40HC;10;;NA;DIRECTO;COSCO;6317546231;TCNU3985457;NA;;13/11/2021;13/11/2021;14/11/2021;45;COSU6317546231;HENG HUI 6 005E;18/01/2022;12/02/2022;12/02/2022;6;NO;#¡REF!;#¡REF!;IMUPESA;AVM;1180-5;29/12/2021;15/02/2022;118-2022-10-058204-01-6-00;Verde;13/02/2022;14/02/2022;15/02/2022;23/02/2022;23/02/2022;27/02/2022;AVM;1/03/2022;001-0110815;JOSELITO;1/03/2022;1/03/2022;FUNDO ARMONIA;6/03/2022;7/03/2022;10;0001-0204471;014-0001402;28/03/2022;2021-2;DHL;9066232523;;Cargada en CP - [21-202-HPER // 4700002243 // TCNU3985457]
2021-2022;LIQUIDADA;21-202-HPER;4700002243;RENE;VERITAS;SUSTRATOS;"5KG NAKED BRICKS-BLUEBERRY
BLEND";RV11;202122/173-B;5,100;UN;USD;32,095.00;20% AP;CIF;SEA;FCL/FCL;COLOMBO;CALLAO;1;40HC;20;;NA;DIRECTO;COSCO;6317546231;CSNU7361366;NA;;13/11/2021;13/11/2021;14/11/2021;45;COSU6317546231;HENG HUI 6 005E;18/01/2022;12/02/2022;12/02/2022;6;NO;#¡REF!;#¡REF!;IMUPESA;AVM;1180-5;29/12/2021;15/02/2022;118-2022-10-058204-01-6-00;Verde;13/02/2022;14/02/2022;15/02/2022;23/02/2022;23/02/2022;27/02/2022;AVM;1/03/2022;001-0110816;JOSELITO;1/03/2022;1/03/2022;FUNDO ARMONIA;6/03/2022;7/03/2022;10;0001-0204806;014-0001401;28/03/2022;2021-2;DHL;9066232523;;Cargada en CP - [21-202-HPER // 4700002243// CSNU7361366]
2021-2022;LIQUIDADA;21-203-HPER;4700002242;RENE;VERITAS;SUSTRATOS;"5KG NAKED BRICKS-BLUEBERRY
BLEND";RV11;202122/173-A;5,100;UN;USD;32,095.00;20% AP;CIF;SEA;FCL/FCL;COLOMBO;CALLAO;1;40HC;20;;NA;DIRECTO;COSCO;6317546230;TCNU3978308;NA;;13/11/2021;13/11/2021;14/11/2021;45;COSU6317546230;HENG HUI 6 005E;18/01/2022;12/02/2022;12/02/2022;6;NO;#¡REF!;#¡REF!;IMUPESA;AVM;1181-6;29/12/2021;12/02/2022;118-2022-10-056590-01-6-00;Verde;13/02/2022;13/02/2022;12/02/2022;16/02/2022;23/02/2022;27/02/2022;AVM;23/02/2022;001-0110432;RVC;23/02/2022;23/02/2022;FUNDO ARMONIA;25/02/2022;26/02/2022;8;008-1859;014-0001882;28/03/2022;2021-2;DHL;9066232523;;Cargada en CP - [21-203-HPER // 4700002242 // TCNU3978308]
2021-2022;LIQUIDADA;21-203-HPER;4700002242;RENE;VERITAS;SUSTRATOS;"5KG NAKED BRICKS-BLUEBERRY
BLEND";RV11;202122/173-A;5,100;UN;USD;32,095.00;20% AP;CIF;SEA;FCL/FCL;COLOMBO;CALLAO;1;40HC;20;;NA;DIRECTO;COSCO;6317546230;OOLU9416892;NA;;13/11/2021;13/11/2021;14/11/2021;45;COSU6317546230;HENG HUI 6 005E;18/01/2022;12/02/2022;12/02/2022;6;NO;#¡REF!;#¡REF!;IMUPESA;AVM;1181-6;29/12/2021;12/02/2022;118-2022-10-056590-01-6-00;Verde;13/02/2022;13/02/2022;12/02/2022;16/02/2022;23/02/2022;27/02/2022;AVM;23/02/2022;001-110430;RVC;23/02/2022;23/02/2022;FUNDO ARMONIA;27/02/2022;28/02/2022;9;033-125;014-0001889;28/03/2022;2021-2;DHL;9066232523;;Cargada en CP - [21-203-HPER // 4700002242 // OOLU9416892]
2021-2022;LIQUIDADA;21-203-HPER;4700002242;RENE;VERITAS;SUSTRATOS;"5KG NAKED BRICKS-BLUEBERRY
BLEND";RV11;202122/173-A;5,100;UN;USD;32,095.00;20% AP;CIF;SEA;FCL/FCL;COLOMBO;CALLAO;1;40HC;20;;NA;DIRECTO;COSCO;6317546230;UETU5399960;NA;;13/11/2021;13/11/2021;14/11/2021;45;COSU6317546230;HENG HUI 6 005E;18/01/2022;12/02/2022;12/02/2022;6;NO;#¡REF!;#¡REF!;IMUPESA;AVM;1181-6;29/12/2021;12/02/2022;118-2022-10-056590-01-6-00;Verde;13/02/2022;13/02/2022;12/02/2022;16/02/2022;16/02/2022;27/02/2022;AVM;23/02/2022;001-0110431;RVC;23/02/2022;23/02/2022;FUNDO ARMONIA;25/02/2022;26/02/2022;8;008-1859;014-0001882;28/03/2022;2021-2;DHL;9066232523;;Cargada en CP - [21-203-HPER // 4700002242 // UETU5399960]
2021-2022;LIQUIDADA;21-204-HPER;4700002245;RENE;VERITAS;SUSTRATOS;"5KG NAKED BRICKS-BLUEBERRY
BLEND";RV11;202122/174-A;5,100;UN;USD;32,095.00;20% AP;CIF;SEA;FCL/FCL;COLOMBO;CALLAO;1;40HC;20;;NA;DIRECTO;COSCO;6318898920;BEAU6052776;NA;;13/11/2021;13/11/2021;14/11/2021;45;COSU6318898920;HENG HUI 6 005E;18/01/2022;12/02/2022;12/02/2022;6;NO;#¡REF!;#¡REF!;IMUPESA;AVM;1182-7 ;29/12/2021;12/02/2022;118-2022-10-056602-01-4-00;Verde;13/02/2022;14/02/2022;12/02/2022;17/02/2022;17/02/2022;27/02/2022;AVM;23/02/2022;001-0110434;TRANSPESA;23/02/2022;23/02/2022;FUNDO ARMONIA;27/02/2022;28/02/2022;9;007-000443;014-0001462;28/03/2022;2021-2;DHL;9066232523;;Cargada en CP - [21-204-HPER // 4700002245 // BEAU6052776]
2021-2022;LIQUIDADA;21-204-HPER;4700002245;RENE;VERITAS;SUSTRATOS;"5KG NAKED BRICKS-BLUEBERRY
BLEND";RV11;202122/174-A;5,100;UN;USD;32,095.00;20% AP;CIF;SEA;FCL/FCL;COLOMBO;CALLAO;1;40HC;20;;NA;DIRECTO;COSCO;6318898920;CSNU6839717;NA;;13/11/2021;13/11/2021;14/11/2021;45;COSU6318898920;HENG HUI 6 005E;18/01/2022;12/02/2022;12/02/2022;6;NO;#¡REF!;#¡REF!;IMUPESA;AVM;1182-7 ;29/12/2021;12/02/2022;118-2022-10-056602-01-4-00;Verde;13/02/2022;14/02/2022;12/02/2022;17/02/2022;17/02/2022;27/02/2022;AVM;23/02/2022;001-0110433;TRANSPESA;23/02/2022;23/02/2022;FUNDO ARMONIA;24/02/2022;25/02/2022;8;004-235683;014-0001461;28/03/2022;2021-2;DHL;9066232523;;Cargada en CP -  [21-204-HPER // 4700002245 // CSNU6839717]
2021-2022;LIQUIDADA;21-204-HPER;4700002245;RENE;VERITAS;SUSTRATOS;"5KG NAKED BRICKS-BLUEBERRY
BLEND";RV11;202122/174-A;5,100;UN;USD;32,095.00;20% AP;CIF;SEA;FCL/FCL;COLOMBO;CALLAO;1;40HC;20;;NA;DIRECTO;COSCO;6318898920;TGBU4885200;NA;;13/11/2021;13/11/2021;14/11/2021;45;COSU6318898920;HENG HUI 6 005E;18/01/2022;12/02/2022;12/02/2022;6;NO;#¡REF!;#¡REF!;IMUPESA;AVM;1182-7 ;29/12/2021;12/02/2022;118-2022-10-056602-01-4-00;Verde;13/02/2022;14/02/2022;12/02/2022;17/02/2022;17/02/2022;27/02/2022;AVM;23/02/2022;001-0110435;TRANSPESA;23/02/2022;23/02/2022;FUNDO ARMONIA;24/02/2022;25/02/2022;8;004-236796;014-0001463;28/03/2022;2021-2;DHL;9066232523;;Cargada en CP -  [21-204-HPER // 4700002245 //TGBU4885200]
2021-2022;LIQUIDADA;21-205-HPER;4700002244;RENE;VERITAS;SUSTRATOS;"5KG NAKED BRICKS-BLUEBERRY
BLEND";RV11;202122/174-B;5,100;UN;USD;32,095.00;20% AP;CIF;SEA;FCL/FCL;COLOMBO;CALLAO;1;40HC;20;;NA;DIRECTO;COSCO;6318898921;OOLU9688566;NA;;13/11/2021;13/11/2021;14/11/2021;45;COSU6318898921;HENG HUI 6 005E;18/01/2022;12/02/2022;12/02/2022;6;NO;#¡REF!;#¡REF!;IMUPESA;AVM;1183-8;29/12/2021;12/02/2022;118-2022-10-056621-01-9-00;Verde;13/02/2022;13/02/2022;12/02/2022;18/02/2022;18/02/2022;27/02/2022;AVM;28/02/2022;001-0110804;JOSELITO;28/02/2022;28/02/2022;FUNDO ARMONIA;3/03/2022;4/03/2022;9;0001-0021515;014-0001350;28/03/2022;2021-2;DHL;9066232523;;Cargada en CP -  [21-205-HPER // 4700002244 // OOLU9688566]
2021-2022;LIQUIDADA;21-205-HPER;4700002244;RENE;VERITAS;E & E;BLUEBERRY GROW BAGS ONLY 27L;RV11;202122/174-B;196,000;UN;USD;158,600.00;20% AP;CIF;SEA;FCL/FCL;COLOMBO;CALLAO;1;40HC;20;;NA;DIRECTO;COSCO;6318898921;TRHU5991236 ;NA;;13/11/2021;13/11/2021;14/11/2021;45;COSU6318898921;HENG HUI 6 005E;18/01/2022;12/02/2022;12/02/2022;6;NO;#¡REF!;#¡REF!;IMUPESA;AVM;1183-8;29/12/2021;12/02/2022;118-2022-10-056621-01-9-00;Verde;13/02/2022;13/02/2022;12/02/2022;18/02/2022;18/02/2022;27/02/2022;AVM;28/02/2022;001-0110803;JOSELITO;28/02/2022;28/02/2022;FUNDO ARMONIA;3/03/2022;4/03/2022;9;0001-0204508;014-0001349;28/03/2022;2021-2;DHL;9066232523;;Cargada en CP -  [21-205-HPER // 4700002244 // TRHU5991236]
2021-2022;LIQUIDADA;21-206-HPER;4700002241;RENE;VERITAS;SUSTRATOS;"5KG NAKED BRICKS-BLUEBERRY
BLEND";RV11;202122/170;5,100;UN;USD;34,495.00;20% AP;CIF;SEA;FCL/FCL;COLOMBO;CALLAO;1;40HC;20;;NA;DIRECTO;MSC;EBKG02133657;CAAU5024344;NA;;13/11/2021;13/11/2021;15/11/2021;46;MEDUC0731520;MSC DOMITILLE XA201A;21/01/2022;9/02/2022;8/02/2022;6;NO;#¡REF!;#¡REF!;IMUPESA;AVM;67;28/01/2022;4/02/2022;118-2022-10-046829-01-6-00;Verde;9/02/2022;10/02/2022;8/02/2022;15/02/2022;15/02/2022;;AVM;16/02/2022;001-110374;RVC;16/02/2022;16/02/2022;FUNDO ARMONIA;20/02/2022;21/02/2022;8;016-1073;014-0001875;28/03/2022;2021-2;DHL;1621605355;;Cargada en CP -  [21-206-HPER // 4700002241 // CMAU5469422]
2021-2022;LIQUIDADA;21-206-HPER;4700002241;RENE;VERITAS;SUSTRATOS;"5KG NAKED BRICKS-BLUEBERRY
BLEND";RV11;202122/170;5,100;UN;USD;34,495.00;20% AP;CIF;SEA;FCL/FCL;COLOMBO;CALLAO;1;40HC;20;;NA;DIRECTO;MSC;EBKG02133657;TRHU5978888;NA;;13/11/2021;13/11/2021;15/11/2021;46;MEDUC0731520;MSC DOMITILLE XA201A;21/01/2022;9/02/2022;8/02/2022;6;NO;#¡REF!;#¡REF!;IMUPESA;AVM;67;28/01/2022;4/02/2022;118-2022-10-046829-01-6-00;Verde;9/02/2022;10/02/2022;8/02/2022;15/02/2022;15/02/2022;;AVM;16/02/2022;001-0110376;RVC;16/02/2022;17/02/2022;FUNDO ARMONIA;20/02/2022;21/02/2022;8;0030-000140;014-0001876;28/03/2022;2021-2;DHL;1621605355;;Cargada en CP -  [21-206-HPER // 4700002241 // TRHU5978888]
2021-2022;LIQUIDADA;21-206-HPER;4700002241;RENE;VERITAS;SUSTRATOS;"5KG NAKED BRICKS-BLUEBERRY
BLEND";RV11;202122/170;5,100;UN;USD;34,495.00;20% AP;CIF;SEA;FCL/FCL;COLOMBO;CALLAO;1;40HC;20;;NA;DIRECTO;MSC;EBKG02133657;MSDU8005729;NA;;13/11/2021;13/11/2021;15/11/2021;46;MEDUC0731520;MSC DOMITILLE XA201A;21/01/2022;9/02/2022;8/02/2022;6;NO;#¡REF!;#¡REF!;IMUPESA;AVM;67;28/01/2022;4/02/2022;118-2022-10-046829-01-6-00;Verde;9/02/2022;10/02/2022;8/02/2022;15/02/2022;15/02/2022;;AVM;16/02/2022;001-0110375;RVC;16/02/2022;17/02/2022;FUNDO ARMONIA;27/02/2022;28/02/2022;9;0033-000126;014-0001890;28/03/2022;2021-2;DHL;1621605355;;Cargada en CP -  [21-206-HPER // 4700002241 // MSDU8005729]
2021-2022;LIQUIDADA;21-207-HPER;4700002210;RENE;PROJAR;SUSTRATOS;EASY PLANTER 27L;RV11;FX21-00532;7,200;UN;USD;14,472.00;20% AP;FOB;SEA;FCL/FCL;COLOMBO;CALLAO;1;40HC;24;;;AIRSEALOG;CMA CGM;CBO0237409A;APHU6917056;NA;;13/11/2021;13/11/2021;13/11/2021;45;SALSE21110094-01;VALPARAISO EXPRESS 0WCB2N1MA;27/12/2021;14/02/2022;14/02/2022;7;SI;21-207-HPER;24/11/2021;IMUPESA;AVM;16;26/01/2022;1/02/2022;118-2022-10-039015-01-7-00;Verde;15/02/2022;16/02/2022;14/02/2022;18/02/2022;18/02/2022;27/02/2022;AVM;2/03/2022;001-0110823;TRANSPESA;2/03/2022;2/03/2022;FUNDO ARMONIA;14/03/2022;15/03/2022;11;0008-000461;014-0001961;28/03/2022;2021-2;UPS;1Z48V0570495649553;;Cargada en CP -  [21-207-HPER // 4700002210 // APHU6917056]
2021-2022;LIQUIDADA;21-207-HPER;4700002210;RENE;PROJAR;SUSTRATOS;EASY PLANTER 27L;RV11;FX21-00532;7,200;UN;USD;14,472.00;20% AP;FOB;SEA;FCL/FCL;COLOMBO;CALLAO;1;40HC;24;;;AIRSEALOG;CMA CGM;CBO0237409A;CMAU5469422;NA;;13/11/2021;13/11/2021;13/11/2021;45;SALSE21110094-01;VALPARAISO EXPRESS 0WCB2N1MA;27/12/2021;14/02/2022;14/02/2022;7;SI;21-207-HPER;24/11/2021;IMUPESA;AVM;16;26/01/2022;1/02/2022;118-2022-10-039015-01-7-00;Verde;15/02/2022;16/02/2022;14/02/2022;18/02/2022;18/02/2022;27/02/2022;AVM;2/03/2022;001-0110822;TRANSPESA;2/03/2022;2/03/2022;FUNDO ARMONIA;15/03/2022;16/03/2022;11;0010-033127;014-0001964;28/03/2022;2021-2;UPS;1Z48V0570495649553;;Cargada en CP -  [21-207-HPER // 4700002210 // CMAU5469422]
2021-2022;LIQUIDADA;21-208-HPER;4700002211;RENE;PROJAR;SUSTRATOS;EASY PLANTER 14.4L;RV11;FX21-00533;13,000;UN;USD;15,340.00;20% AP;FOB;SEA;FCL/FCL;COLOMBO;CALLAO;1;40HC;20;-;;AIRSEALOG;CMA CGM;CBO0237409A;APHU7126297;NA;;13/11/2021;13/11/2021;13/11/2021;45;SALSE21110094-02;VALPARAISO EXPRESS 0WCB2N1MA;27/12/2021;14/02/2022;14/02/2022;7;SI;21-208-HPER;17/11/2021;IMUPESA;AVM;15;26/01/2022;1/02/2022;118-2022-10-038987-01-5-00;Verde;15/02/2022;16/02/2022;14/02/2022;18/02/2022;18/02/2022;27/02/2022;AVM;1/03/2022;001-0110413;TRANSPESA;2/03/2022;2/03/2022;FUNDO ARMONIA;2/03/2022;3/03/2022;9;016-002988;014-0001472;28/03/2022;2021-2;UPS;1Z48V0570495649553;;Cargada en CP -  [21-208-HPER // 4700002211 // APHU7126297]
2021-2022;LIQUIDADA;21-208-HPER;4700002211;RENE;PROJAR;SUSTRATOS;EASY PLANTER 27L;RV11;FX21-00533;7,200;UN;USD;14,472.00;20% AP;FOB;SEA;FCL/FCL;COLOMBO;CALLAO;1;40HC;24;;;AIRSEALOG;CMA CGM;CBO0237409A;INKU6466805;NA;;13/11/2021;13/11/2021;13/11/2021;45;SALSE21110094-02;VALPARAISO EXPRESS 0WCB2N1MA;27/12/2021;14/02/2022;14/02/2022;7;SI;21-208-HPER;17/11/2021;IMUPESA;AVM;15;26/01/2022;1/02/2022;118-2022-10-038987-01-5-00;Verde;15/02/2022;16/02/2022;14/02/2022;18/02/2022;18/02/2022;27/02/2022;AVM;1/03/2022;001-0110414;TRANSPESA;2/03/2022;2/03/2022;FUNDO ARMONIA;14/03/2022;15/03/2022;11;0004-238508;014-0001960;28/03/2022;2021-2;UPS;1Z48V0570495649553;;Cargada en CP -  [21-208-HPER // 4700002211 // INKU6466805]
2021-2022;LIQUIDADA;21-209-HPER;4700002212;RENE;PROJAR;SUSTRATOS;EASY PLANTER 27L;RV11;FX21-00531;7,200;UN;USD;14,472.00;20% AP;FOB;SEA;FCL/FCL;COLOMBO;CALLAO;1;40HC;24;;;AIRSEALOG;CMA CGM;CBO0237409B;CXDU1236537;NA;;13/11/2021;13/11/2021;13/11/2021;45;SALSE21110094-03;VALPARAISO EXPRESS 0WCB2N1MA;27/12/2021;14/02/2022;14/02/2022;7;SI;21-209-HPER;17/11/2021;IMUPESA;AVM;17;26/01/2022;1/02/2022;118-2022-10-039441-01-6-00;Verde;15/02/2022;16/02/2022;14/02/2022;18/02/2022;18/02/2022;27/02/2022;AVM;2/03/2022;001-0110825;RVC;2/03/2022;2/03/2022;FUNDO ARMONIA;8/03/2022;9/03/2022;10;0014-001194;014-0001900;28/03/2022;2021-2;UPS;1Z48V0570495649553;;Cargada en CP -  [21-209-HPER // 4700002212 // CXDU1236537]
2021-2022;LIQUIDADA;21-209-HPER;4700002212;RENE;PROJAR;SUSTRATOS;EASY PLANTER 27L;RV11;FX21-00531;7,200;UN;USD;14,472.00;20% AP;FOB;SEA;FCL/FCL;COLOMBO;CALLAO;1;40HC;24;;;AIRSEALOG;CMA CGM;CBO0237409B;TGHU6448983;NA;;13/11/2021;13/11/2021;13/11/2021;45;SALSE21110094-03;VALPARAISO EXPRESS 0WCB2N1MA;27/12/2021;14/02/2022;14/02/2022;7;SI;21-209-HPER;17/11/2021;IMUPESA;AVM;17;26/01/2022;1/02/2022;118-2022-10-039441-01-6-00;Verde;15/02/2022;16/02/2022;14/02/2022;18/02/2022;18/02/2022;27/02/2022;AVM;2/03/2022;001-0110824;RVC;2/03/2022;2/03/2022;FUNDO ARMONIA;7/03/2022;8/03/2022;10;0030-000144;014-0001899;28/03/2022;2021-2;UPS;1Z48V0570495649553;;Cargada en CP -  [21-209-HPER // 4700002212 // TGHU6448983]
2021-2022;LIQUIDADA;21-210-HPER;4700002213;RENE;PROJAR;SUSTRATOS;EASY PLANTER 27L;RV11;FX21-00522;7,200;UN;USD;29,422.00;20% AP;CIF;SEA;FCL/FCL;COLOMBO;CALLAO;1;40HC;24;;NA;DIRECTO;CMA CGM;CBO0237341D;TCKU6338634;NA;;13/11/2021;13/11/2021;13/11/2021;45;CBO0237341D;CSCL ZEEBRUGGE 0HCAVE1MA;27/12/2021;16/01/2022;15/01/2022;2;NO;#¡REF!;#¡REF!;IMUPESA;AVM;81;6/01/2022;18/01/2022;118-2022-10-022070-01-1-00;Verde;16/01/2022;18/01/2022;19/01/2022;21/01/2022;22/01/2022;;AVM;27/01/2022;001-0109841;AGERSA;27/01/2022;27/01/2022;FUNDO ARMONIA;14/02/2022;15/02/2022;7;;;28/03/2022;2021-2;UPS;1Z48V0570490694067;;Cargada en CP -  [21-210-HPER // 4700002213 // TCKU6338634]
2021-2022;LIQUIDADA;21-210-HPER;4700002213;RENE;PROJAR;SUSTRATOS;EASY PLANTER 27L;RV11;FX21-00522;7,200;UN;USD;29,422.00;20% AP;CIF;SEA;FCL/FCL;COLOMBO;CALLAO;1;40HC;24;;NA;DIRECTO;CMA CGM;CBO0237341D;TCLU9776879;NA;;13/11/2021;13/11/2021;13/11/2021;45;CBO0237341D;CSCL ZEEBRUGGE 0HCAVE1MA;27/12/2021;16/01/2022;15/01/2022;2;NO;#¡REF!;#¡REF!;IMUPESA;AVM;81;6/01/2022;18/01/2022;118-2022-10-022070-01-1-00;Verde;16/01/2022;18/01/2022;19/01/2022;21/01/2022;22/01/2022;;AVM;27/01/2022;001-0109840;AGERSA;27/01/2022;27/01/2022;OLMOS;8/02/2022;9/02/2022;6;027-2831;014-0001902;28/03/2022;2021-2;UPS;1Z48V0570490694067;;Cargada en CP -  [21-210-HPER // 4700002213 // TCLU9776879]
2021-2022;LIQUIDADA;21-210-HPER;4700002213;RENE;PROJAR;SUSTRATOS;EASY PLANTER 27L;RV11;FX21-00522;7,200;UN;USD;29,422.00;20% AP;CIF;SEA;FCL/FCL;COLOMBO;CALLAO;1;40HC;24;;NA;DIRECTO;CMA CGM;CBO0237341D;CMAU7180167;NA;;13/11/2021;13/11/2021;13/11/2021;45;CBO0237341D;CSCL ZEEBRUGGE 0HCAVE1MA;27/12/2021;16/01/2022;15/01/2022;2;NO;#¡REF!;#¡REF!;IMUPESA;AVM;81;6/01/2022;18/01/2022;118-2022-10-022070-01-1-00;Verde;16/01/2022;18/01/2022;19/01/2022;21/01/2022;22/01/2022;;AVM;27/01/2022;001-0109839;AGERSA;27/01/2022;27/01/2022;OLMOS;8/02/2022;9/02/2022;6;023-2253;014-0001400;28/03/2022;2021-2;UPS;1Z48V0570490694067;;Cargada en CP -  [21-210-HPER // 4700002213 // CMAU7180167]
2021-2022;LIQUIDADA;21-211-HPER;4700002214;RENE;PROJAR;SUSTRATOS;EASY PLANTER 27L;RV11;FX21-00523;7,200;UN;USD;29,422.00;20% AP;CIF;SEA;FCL/FCL;COLOMBO;CALLAO;1;40HC;24;;NA;DIRECTO;CMA CGM;CBO0237341C;TCNU6006130;NA;;13/11/2021;13/11/2021;13/11/2021;45;CBO0237341C;CSCL ZEEBRUGGE 0HCAVE1MA;27/12/2021;16/01/2022;15/01/2022;2;NO;#¡REF!;#¡REF!;IMUPESA;AVM;80;6/01/2022;17/01/2022;118-2022-10-021122-01-6-00;Verde;16/01/2022;17/01/2022;18/01/2022;19/01/2022;20/01/2022;;AVM;25/01/2022;001-0109834;AGERSA;25/01/2022;25/01/2022;OLMOS;5/02/2022;6/02/2022;5;018-2392;01-1392;28/03/2022;2021-2;UPS;1Z48V0570490694067;;Cargada en CP -  [21-211-HPER // 4700002214 // TCNU6006130]
2021-2022;LIQUIDADA;21-211-HPER;4700002214;RENE;PROJAR;SUSTRATOS;EASY PLANTER 27L;RV11;FX21-00523;7,200;UN;USD;29,422.00;20% AP;CIF;SEA;FCL/FCL;COLOMBO;CALLAO;1;40HC;24;;NA;DIRECTO;CMA CGM;CBO0237341C;APHU7150734;NA;;13/11/2021;13/11/2021;13/11/2021;45;CBO0237341C;CSCL ZEEBRUGGE 0HCAVE1MA;27/12/2021;16/01/2022;15/01/2022;2;NO;#¡REF!;#¡REF!;IMUPESA;AVM;80;6/01/2022;17/01/2022;118-2022-10-021122-01-6-00;Verde;16/01/2022;17/01/2022;18/01/2022;19/01/2022;20/01/2022;;AVM;25/01/2022;;AGERSA;25/01/2022;25/01/2022;FUNDO ARMONIA;2/02/2022;3/02/2022;5;;;28/03/2022;2021-2;UPS;1Z48V0570490694067;;Cargada en CP -  [21-211-HPER // 4700002214 // APHU7150734]
2021-2022;LIQUIDADA;21-211-HPER;4700002214;RENE;PROJAR;SUSTRATOS;EASY PLANTER 27L;RV11;FX21-00523;7,200;UN;USD;29,422.00;20% AP;CIF;SEA;FCL/FCL;COLOMBO;CALLAO;1;40HC;24;;NA;DIRECTO;CMA CGM;CBO0237341C;TCLU8547728;NA;;13/11/2021;13/11/2021;13/11/2021;45;CBO0237341C;CSCL ZEEBRUGGE 0HCAVE1MA;27/12/2021;16/01/2022;15/01/2022;2;NO;#¡REF!;#¡REF!;IMUPESA;AVM;80;6/01/2022;17/01/2022;118-2022-10-021122-01-6-00;Verde;16/01/2022;17/01/2022;18/01/2022;19/01/2022;20/01/2022;;AVM;25/01/2022;001-0109832;AGERSA;25/01/2022;25/01/2022;OLMOS;5/02/2022;6/02/2022;5;015-2839;014-0001393;28/03/2022;2021-2;UPS;1Z48V0570490694067;;Cargada en CP -  [21-211-HPER // 4700002214 // TCLU8547728]
2021-2022;LIQUIDADA;21-212-HPER;4700002215;RENE;PROJAR;SUSTRATOS;EASY PLANTER 27L;RV11;FX21-00524;7,200;UN;USD;29,422.00;20% AP;CIF;SEA;FCL/FCL;COLOMBO;CALLAO;1;40HC;24;;NA;DIRECTO;CMA CGM;CBO0237341B;TCKU6308959;NA;;13/11/2021;13/11/2021;13/11/2021;45;CBO0237341B;CSCL ZEEBRUGGE 0HCAVE1MA;27/12/2021;16/01/2022;15/01/2022;2;NO;#¡REF!;#¡REF!;IMUPESA;AVM;79;6/01/2022;17/01/2022;118-2022-10-020951-01-9-00;Verde;16/01/2022;17/01/2022;18/01/2022;19/01/2022;20/01/2022;;AVM;24/01/2022;;AGERSA;24/01/2022;24/01/2022;FUNDO ARMONIA;2/02/2022;3/02/2022;5;;;28/03/2022;2021-2;UPS;1Z48V0570490694067;;Cargada en CP -  [21-212-HPER // 4700002215 // TCKU6308959]
2021-2022;LIQUIDADA;21-212-HPER;4700002215;RENE;PROJAR;SUSTRATOS;EASY PLANTER 27L;RV11;FX21-00524;7,200;UN;USD;29,422.00;20% AP;CIF;SEA;FCL/FCL;COLOMBO;CALLAO;1;40HC;24;;NA;DIRECTO;CMA CGM;CBO0237341B;APHU7048553;NA;;13/11/2021;13/11/2021;13/11/2021;45;CBO0237341B;CSCL ZEEBRUGGE 0HCAVE1MA;27/12/2021;16/01/2022;15/01/2022;2;NO;#¡REF!;#¡REF!;IMUPESA;AVM;79;6/01/2022;17/01/2022;118-2022-10-020951-01-9-00;Verde;16/01/2022;17/01/2022;18/01/2022;19/01/2022;20/01/2022;;AVM;24/01/2022;;AGERSA;24/01/2022;24/01/2022;FUNDO ARMONIA;2/02/2022;3/02/2022;5;;;28/03/2022;2021-2;UPS;1Z48V0570490694067;;Cargada en CP -  [21-212-HPER // 4700002215 // APHU7048553]
2021-2022;LIQUIDADA;21-212-HPER;4700002215;RENE;PROJAR;SUSTRATOS;EASY PLANTER 27L;RV11;FX21-00524;7,200;UN;USD;29,422.00;20% AP;CIF;SEA;FCL/FCL;COLOMBO;CALLAO;1;40HC;24;;NA;DIRECTO;CMA CGM;CBO0237341B;TRLU7352171;NA;;13/11/2021;13/11/2021;13/11/2021;45;CBO0237341B;CSCL ZEEBRUGGE 0HCAVE1MA;27/12/2021;16/01/2022;15/01/2022;2;NO;#¡REF!;#¡REF!;IMUPESA;AVM;79;6/01/2022;17/01/2022;118-2022-10-020951-01-9-00;Verde;16/01/2022;17/01/2022;18/01/2022;19/01/2022;20/01/2022;;AVM;24/01/2022;;AGERSA;24/01/2022;24/01/2022;FUNDO ARMONIA;1/02/2022;2/02/2022;5;;;28/03/2022;2021-2;UPS;1Z48V0570490694067;;Cargada en CP -  [21-212-HPER // 4700002215 // TRLU7352171]
2021-2022;LIQUIDADA;21-213-HPER;4700002216;RENE;PROJAR;SUSTRATOS;EASY PLANTER 27L;RV11;FX21-00526;7,200;UN;USD;29,422.00;20% AP;CIF;SEA;FCL/FCL;COLOMBO;CALLAO;1;40HC;24;;NA;DIRECTO;CMA CGM;CBO0237341A;APHU6663429;NA;;13/11/2021;13/11/2021;13/11/2021;45;CBO0237341A;CMA CGM MUMBAI 0MHA1E1MA;27/12/2021;30/01/2022;30/01/2022;4;NO;#¡REF!;#¡REF!;IMUPESA;AVM;85;20/01/2022;28/01/2022;118-2022-10-035645-01-6-00;Verde;31/01/2022;31/01/2022;30/01/2022;2/02/2022;2/02/2022;;AVM;3/02/2022;;RVC;3/02/2022;3/02/2022;FUNDO ARMONIA;6/02/2022;7/02/2022;6;;;28/03/2022;2021-2;UPS;1Z48V0570490694067;;Cargada en CP -  [21-213-HPER // 4700002216 // APHU6663429]
2021-2022;LIQUIDADA;21-213-HPER;4700002216;RENE;PROJAR;SUSTRATOS;EASY PLANTER 27L;RV11;FX21-00526;7,200;UN;USD;29,422.00;20% AP;CIF;SEA;FCL/FCL;COLOMBO;CALLAO;1;40HC;24;;NA;DIRECTO;CMA CGM;CBO0237341A;TEMU7864582;NA;;13/11/2021;13/11/2021;13/11/2021;45;CBO0237341A;CMA CGM MUMBAI 0MHA1E1MA;27/12/2021;30/01/2022;30/01/2022;4;NO;#¡REF!;#¡REF!;IMUPESA;AVM;85;20/01/2022;28/01/2022;118-2022-10-035645-01-6-00;Verde;31/01/2022;31/01/2022;30/01/2022;2/02/2022;2/02/2022;;AVM;3/02/2022;;RVC;3/02/2022;3/02/2022;FUNDO ARMONIA;6/02/2022;7/02/2022;6;;;28/03/2022;2021-2;UPS;1Z48V0570490694067;;Cargada en CP -  [21-213-HPER // 4700002216 // TEMU7864582]
2021-2022;LIQUIDADA;21-213-HPER;4700002216;RENE;PROJAR;SUSTRATOS;EASY PLANTER 27L;RV11;FX21-00526;7,200;UN;USD;29,422.00;20% AP;CIF;SEA;FCL/FCL;COLOMBO;CALLAO;1;40HC;24;;NA;DIRECTO;CMA CGM;CBO0237341A;TLLU7703526;NA;;13/11/2021;13/11/2021;13/11/2021;45;CBO0237341A;CMA CGM MUMBAI 0MHA1E1MA;27/12/2021;30/01/2022;30/01/2022;4;NO;#¡REF!;#¡REF!;IMUPESA;AVM;85;20/01/2022;28/01/2022;118-2022-10-035645-01-6-00;Verde;31/01/2022;31/01/2022;30/01/2022;2/02/2022;2/02/2022;;AVM;3/02/2022;;JOSELITO;3/02/2022;3/02/2022;FUNDO ARMONIA;20/02/2022;21/02/2022;8;;;28/03/2022;2021-2;UPS;1Z48V0570490694067;;Cargada en CP -  [21-213-HPER // 4700002217 // TLLU7703526]
2021-2022;LIQUIDADA;21-214-HPER;4700002217;RENE;PROJAR;SUSTRATOS;EASY PLANTER 27L;RV11;FX21-00528;7,200;UN;USD;31,421.00;20% AP;CIF;SEA;FCL/FCL;COLOMBO;CALLAO;1;40HC;24;;NA;DIRECTO;MSC;EBKG02147149;MSMU7023431;NA;;16/11/2021;16/11/2021;16/11/2021;46;MEDUC0729904;MSC DOMITILLE XA201A;16/01/2022;9/02/2022;8/02/2022;6;NO;#¡REF!;#¡REF!;IMUPESA;AVM;18;28/01/2022;4/02/2022;118-2022-10-045625-01-8-00;Verde;9/02/2022;10/02/2022;8/02/2022;14/02/2022;14/02/2022;;AVM;15/02/2022;001-110356;AGERSA;15/02/2022;15/02/2022;FUNDO ARMONIA;21/02/2022;22/02/2022;8;027-002833;014-0001918;28/03/2022;2021-2;UPS;1Z48V0570495649553;;Cargada en CP -  [21-214-HPER // 4700002217 // MSMU7023431]
2021-2022;LIQUIDADA;21-214-HPER;4700002217;RENE;PROJAR;SUSTRATOS;EASY PLANTER 27L;RV11;FX21-00528;7,200;UN;USD;31,421.00;20% AP;CIF;SEA;FCL/FCL;COLOMBO;CALLAO;1;40HC;24;;NA;DIRECTO;MSC;EBKG02147149;FFAU2938186;NA;;16/11/2021;16/11/2021;16/11/2021;46;MEDUC0729904;MSC DOMITILLE XA201A;16/01/2022;9/02/2022;8/02/2022;6;NO;#¡REF!;#¡REF!;IMUPESA;AVM;18;28/01/2022;4/02/2022;118-2022-10-045625-01-8-00;Verde;9/02/2022;10/02/2022;8/02/2022;14/02/2022;14/02/2022;;AVM;15/02/2022;001-110357;AGERSA;15/02/2022;15/02/2022;FUNDO ARMONIA;21/02/2022;22/02/2022;8;044-002121;014-0001920;28/03/2022;2021-2;UPS;1Z48V0570495649553;;Cargada en CP -  [21-214-HPER // 4700002217 // FFAU2938186
2021-2022;LIQUIDADA;21-215-HPER;4700002222;RENE;PROJAR;SUSTRATOS;TURBA BLEND 1530F;RV11;FX21-00529;22;BOLSAS;USD;9,725.06;20% AP;CIF;SEA;FCL/FCL;RIGA;CALLAO;1;40HC;22;;NA;DIRECTO;HAPAG LLOYD;;UACU5505646;NA;;19/11/2021;19/11/2021;18/11/2021;46;HLCURIX211111180;SANTOS EXPRESS 1247S;23/12/2021;23/12/2021;23/12/2021;51;NO;NA;NA;IMUPESA;AVM;1140;16/12/2021;22/12/2021; 118-2021-10-494536-01-2-00;Verde;24/12/2021;25/12/2021;28/12/2021;29/12/2021;10/01/2022;;AVM;11/01/2022;;AGERSA;11/01/2022;11/01/2022;FUNDO ARMONIA;24/01/2022;25/01/2022;4;;;28/03/2022;2021-2;UPS;1Z48V0570493783018;;Cargada en CP -  [21-215-HPER // 4700002222 // UACU5505646]
2021-2022;LIQUIDADA;21-216-HPER;4700002223;RENE;PROJAR;SUSTRATOS;TURBA BLEND 1530F;RV11;FX21-00530;22;BOLSAS;USD;9,725.06;20% AP;CIF;SEA;FCL/FCL;RIGA;CALLAO;1;40HC;22;;NA;DIRECTO;HAPAG LLOYD;;HLBU2912408;NA;;19/11/2021;19/11/2021;27/11/2021;47;HLCURIX211111170;CMA CGM OHIO 1248S;23/12/2021;30/12/2021;31/12/2021;52;NO;NA;NA;IMUPESA;AVM;1149;20/12/2021;10/01/2022;118-2021-10-501743-01-0-00;Verde;31/12/2021;2/01/2022;31/12/2021;5/01/2022;14/01/2022;;AVM;17/01/2022;;RVC;17/01/2022;17/01/2022;FUNDO ARMONIA;2/02/2022;3/02/2022;5;;;28/03/2022;2021-2;UPS;1Z48V0570493783018;;Cargada en CP -  [21-216-HPER // 4700002223 // HLBU2912408]
2021-2022;LIQUIDADA;21-216-HPER;4700002223;RENE;PROJAR;SUSTRATOS;TURBA BLEND 1530F;RV11;FX21-00530;22;BOLSAS;USD;9,725.06;20% AP;CIF;SEA;FCL/FCL;RIGA;CALLAO;1;40HC;22;;NA;DIRECTO;HAPAG LLOYD;;UASU1035839;NA;;19/11/2021;19/11/2021;27/11/2021;47;HLCURIX211111170;CMA CGM OHIO 1248S;23/12/2021;30/12/2021;31/12/2021;52;NO;NA;NA;IMUPESA;AVM;1149;20/12/2021;10/01/2022;118-2021-10-501743-01-0-00;Verde;31/12/2021;2/01/2022;31/12/2021;5/01/2022;14/01/2022;;AVM;17/01/2022;;RVC;17/01/2022;17/01/2022;FUNDO ARMONIA;3/02/2022;4/02/2022;5;;;28/03/2022;2021-2;UPS;1Z48V0570493783018;;Cargada en CP -  [21-216-HPER // 4700002223 // UASU1035839]
2021-2022;LIQUIDADA;21-217-HPER;4700002209;RENE;JCK;E & E;PUNNET 225 GRS H50 JCK;-;613;607,500;UND;USD;24,907.50;90;EXW;LAND;LAND;SANTIAGO;LIMA;-;-;500;23/11/2021;16/11/2021;AIRSEALOG;EDUARDO LINARES MACIAS;-;-;24/11/2021;NA;3/12/2021;3/12/2021;3/12/2021;48;563/2021-PE;-;6/12/2021;6/12/2021;6/12/2021;49;SI;21-217-HPER;6/12/2021;NA;DDP;;;;172-2021-10-023331-01-0-00;Verde;;;;;;;DDP;NA;;AGERSA;9/12/2021;NA;PLANTA CHAO;21/12/2021;22/12/2021;51;;;28/03/2022;2021-2;;-;;No cargada por medio de transporte TIERRA (25/02) [21-217-HPER // 4700002209]
2021-2022;LIQUIDADA;21-218-HPER;4700002174;JOSE;VIAL BARROS SPA;EQP & INST;ABRAZADERA XS CON PERNO & TUERCA (40MM);-;1;350;UN;USD;791.00;0;EXW;AIR;AIR;SANTIAGO;LIMA;-;-;4;15/10/2021;18/11/2021;DHL;DHL;5693868762;-;19/11/2021;19/11/2021;22/11/2021;22/11/2021;22/11/2021;47;5693868762;-;24/11/2021;24/11/2021;24/11/2021;47;SI;NA;NA;DHL;;;;;;;25/11/2021;;;;;;;25/11/2021;;DHL;25/11/2021;NA;PLANTA SALAVERRY;29/11/2021;30/11/2021;48;;;28/03/2022;2021-2;;-;;No cargada por medio de transporte AIRE (25/02) [21-218-HPER // 4700002174]
2021-2022;LIQUIDADA;21-219-HPER;4700002287;RENE;VERITAS;SUSTRATOS;"5KG NAKED BRICKS-BLUEBERRY
BLEND";RV11;202122/175;5,100;UN;USD;34,495.00;20% AP;CIF;SEA;FCL/FCL;COLOMBO;CALLAO;1;40HC;20;;NA;DIRECTO;MSC;EBKG02162184;MSMU8323393;NA;;20/11/2021;20/11/2021;20/11/2021;46;MEDUC0734367;MSC DOMITILLE XA201A;25/01/2022;9/02/2022;8/02/2022;6;NO;#¡REF!;#¡REF!;IMUPESA;AVM;187;21/01/2022;5/02/2022;118-2022-10-046877-01-0-00;Verde;9/02/2022;10/02/2022;8/02/2022;14/02/2022;14/02/2022;;AVM;18/02/2022;001-110365;RVC;18/02/2022;18/02/2022;FUNDO ARMONIA;21/02/2022;22/02/2022;8;002-003377;014-0001874;28/03/2022;2021-2;DHL;9613664196;;Cargada en CP -  [21-219-HPER // 4700002287 // MSMU8323393]
2021-2022;LIQUIDADA;21-219-HPER;4700002287;RENE;VERITAS;SUSTRATOS;"5KG NAKED BRICKS-BLUEBERRY
BLEND";RV11;202122/175;5,100;UN;USD;34,495.00;20% AP;CIF;SEA;FCL/FCL;COLOMBO;CALLAO;1;40HC;20;;NA;DIRECTO;MSC;EBKG02162184;MEDU4972929;NA;;20/11/2021;20/11/2021;20/11/2021;46;MEDUC0734367;MSC DOMITILLE XA201A;25/01/2022;9/02/2022;8/02/2022;6;NO;#¡REF!;#¡REF!;IMUPESA;AVM;187;21/01/2022;5/02/2022;118-2022-10-046877-01-0-00;Verde;9/02/2022;10/02/2022;8/02/2022;14/02/2022;14/02/2022;;SLI;18/02/2022;001-110363;RVC;15/02/2022;21/02/2022;FUNDO ARMONIA;16/02/2022;17/02/2022;7;022-933;014-0001872;28/03/2022;2021-2;DHL;9613664196;;Cargada en CP -  [21-219-HPER // 4700002287 // MEDU4972929]
2021-2022;LIQUIDADA;21-219-HPER;4700002287;RENE;VERITAS;SUSTRATOS;"5KG NAKED BRICKS-BLUEBERRY
BLEND";RV11;202122/175;5,100;UN;USD;34,495.00;20% AP;CIF;SEA;FCL/FCL;COLOMBO;CALLAO;1;40HC;20;;NA;DIRECTO;MSC;EBKG02162184;MSMU7478657;NA;;20/11/2021;20/11/2021;20/11/2021;46;MEDUC0734367;MSC DOMITILLE XA201A;25/01/2022;9/02/2022;8/02/2022;6;NO;#¡REF!;#¡REF!;IMUPESA;AVM;187;21/01/2022;5/02/2022;118-2022-10-046877-01-0-00;Verde;9/02/2022;10/02/2022;8/02/2022;14/02/2022;14/02/2022;;SLI;18/02/2022;001-110364;RVC;15/02/2022;21/02/2022;FUNDO ARMONIA;17/02/2022;18/02/2022;7;011-1425;014-0001871;28/03/2022;2021-2;DHL;9613664196;;Cargada en CP -  [21-219-HPER // 4700002287 // MSMU7478657]
2021-2022;LIQUIDADA;21-220-HPER;4700002288;RENE;VERITAS;SUSTRATOS;"5KG NAKED BRICKS-BLUEBERRY
BLEND";RV11;202122/176-A;5,100;UN;USD;34,495.00;20% AP;CIF;SEA;FCL/FCL;COLOMBO;CALLAO;1;40HC;20;;NA;DIRECTO;MSC;EBKG02198060;MSDU8202970;NA;;20/11/2021;20/11/2021;20/11/2021;46;MEDUC0735034;MSC DIAMOND II XA203A;25/01/2022;9/02/2022;9/02/2022;6;NO;#¡REF!;#¡REF!;IMUPESA;AVM;186;21/01/2022;4/02/2022;118-2022-10-046386-01-7-00;Verde;11/02/2022;11/02/2022;9/02/2022;14/01/2022;14/01/2022;;AVM;16/02/2022;001-0110361;TRANSPESA;16/02/2022;16/02/2022;FUNDO ARMONIA;20/02/2022;21/02/2022;8;010-0027291;014-0001456;28/03/2022;2021-2;DHL;9613664196;;Cargada en CP -  [21-220-HPER // 4700002288 // MSDU8202970]
2021-2022;LIQUIDADA;21-220-HPER;4700002288;RENE;VERITAS;SUSTRATOS;"5KG NAKED BRICKS-BLUEBERRY
BLEND";RV11;202122/176-A;5,100;UN;USD;34,495.00;20% AP;CIF;SEA;FCL/FCL;COLOMBO;CALLAO;1;40HC;20;;NA;DIRECTO;MSC;EBKG02198060;CAAU5001729;NA;;20/11/2021;20/11/2021;20/11/2021;46;MEDUC0735034;MSC DIAMOND II XA203A;25/01/2022;9/02/2022;9/02/2022;6;NO;#¡REF!;#¡REF!;IMUPESA;AVM;186;21/01/2022;4/02/2022;118-2022-10-046386-01-7-00;Verde;11/02/2022;11/02/2022;9/02/2022;14/01/2022;14/01/2022;;AVM;16/02/2022;001-0110362;TRANSPESA;16/02/2022;16/02/2022;FUNDO ARMONIA;18/02/2022;19/02/2022;7;004-236429;014-0001455;28/03/2022;2021-2;DHL;9613664196;;Cargada en CP -  [21-220-HPER // 4700002288 // CAAU5001729]
2021-2022;LIQUIDADA;21-220-HPER;4700002288;RENE;VERITAS;SUSTRATOS;"5KG NAKED BRICKS-BLUEBERRY
BLEND";RV11;202122/176-A;5,100;UN;USD;34,495.00;20% AP;CIF;SEA;FCL/FCL;COLOMBO;CALLAO;1;40HC;20;;NA;DIRECTO;MSC;EBKG02198060;MSMU8575219;NA;;20/11/2021;20/11/2021;20/11/2021;46;MEDUC0735034;MSC DIAMOND II XA203A;25/01/2022;9/02/2022;9/02/2022;6;NO;#¡REF!;#¡REF!;IMUPESA;AVM;186;21/01/2022;4/02/2022;118-2022-10-046386-01-7-00;Verde;11/02/2022;11/02/2022;9/02/2022;14/01/2022;14/01/2022;;AVM;16/02/2022;001-011360;TRANSPESA;16/02/2022;16/02/2022;FUNDO ARMONIA;18/02/2022;19/02/2022;7;004-235755;014-0001454;28/03/2022;2021-2;DHL;9613664196;;Cargada en CP -  [21-220-HPER // 4700002288 // MSMU8575219]
2021-2022;LIQUIDADA;21-221-HPER;4700002289;RENE;VERITAS;SUSTRATOS;"5KG NAKED BRICKS-BLUEBERRY
BLEND";RV11;202122/176-B;5,100;UN;USD;34,495.00;20% AP;CIF;SEA;FCL/FCL;COLOMBO;CALLAO;1;40HC;20;;NA;DIRECTO;MSC;EBKG02198060;MSMU5629820;NA;;20/11/2021;20/11/2021;20/11/2021;46;MEDUC0734995;MSC DOMITILLE XA201A;25/01/2022;9/02/2022;8/02/2022;6;NO;#¡REF!;#¡REF!;IMUPESA;AVM;185;21/01/2022;4/02/2022;118-2022-10-046841-01-6-00;Verde;9/02/2022;10/02/2022;8/02/2022;14/02/2022;14/02/2022;;AVM;15/02/2022;;JOSELITO;15/02/2022;15/02/2022;FUNDO ARMONIA;17/02/2022;18/02/2022;7;;;28/03/2022;2021-2;DHL;9613664196;;Cargada en CP -  [21-221-HPER // 4700002289 // MSMU5629820]
2021-2022;LIQUIDADA;21-221-HPER;4700002289;RENE;VERITAS;SUSTRATOS;"5KG NAKED BRICKS-BLUEBERRY
BLEND";RV11;202122/176-B;5,100;UN;USD;34,495.00;20% AP;CIF;SEA;FCL/FCL;COLOMBO;CALLAO;1;40HC;20;;NA;DIRECTO;MSC;EBKG02198060;FBLU0092191;NA;;20/11/2021;20/11/2021;20/11/2021;46;MEDUC0734995;MSC DOMITILLE XA201A;25/01/2022;9/02/2022;8/02/2022;6;NO;#¡REF!;#¡REF!;IMUPESA;AVM;185;21/01/2022;4/02/2022;118-2022-10-046841-01-6-00;Verde;9/02/2022;10/02/2022;8/02/2022;14/02/2022;14/02/2022;;AVM;15/02/2022;;JOSELITO;15/02/2022;15/02/2022;FUNDO ARMONIA;21/02/2022;22/02/2022;8;;;28/03/2022;2021-2;DHL;9613664196;;Cargada en CP -  [21-221-HPER //  4700002289 // FBLU0092191]
2021-2022;LIQUIDADA;21-222-HPER;4700002290;RENE;VERITAS;SUSTRATOS;"5KG NAKED BRICKS-BLUEBERRY
BLEND";RV11;202122/177-A;5,100;UN;USD;32,095.00;20% AP;CIF;SEA;FCL/FCL;COLOMBO;CALLAO;1;40HC;20;;NA;DIRECTO;COSCO;6318771010;CSNU8003182;NA;;20/11/2021;20/11/2021;24/11/2021;47;COSU6318771010;CSCL ZEEBRUGGE 037E;29/01/2022;16/01/2022;15/01/2022;2;NO;#¡REF!;#¡REF!;IMUPESA;AVM;78;6/01/2022;17/01/2022;118-2022-10-020633-01-7-00;Verde;16/01/2022;17/01/2022;18/01/2022;21/01/2022;21/01/2022;;AVM;28/01/2022;;RVC;28/01/2022;28/01/2022;FUNDO ARMONIA;15/02/2022;16/02/2022;7;;;28/03/2022;2021-2;DHL;7515605101;;Cargada en CP -  [21-222-HPER // 4700002290 // CSNU8003182]
2021-2022;LIQUIDADA;21-222-HPER;4700002290;RENE;VERITAS;SUSTRATOS;"5KG NAKED BRICKS-BLUEBERRY
BLEND";RV11;202122/177-A;5,100;UN;USD;32,095.00;20% AP;CIF;SEA;FCL/FCL;COLOMBO;CALLAO;1;40HC;20;;NA;DIRECTO;COSCO;6318771010;BMOU5182234;NA;;20/11/2021;20/11/2021;24/11/2021;47;COSU6318771010;CSCL ZEEBRUGGE 037E;29/01/2022;16/01/2022;15/01/2022;2;NO;#¡REF!;#¡REF!;IMUPESA;AVM;78;6/01/2022;17/01/2022;118-2022-10-020633-01-7-00;Verde;16/01/2022;17/01/2022;18/01/2022;21/01/2022;21/01/2022;;AVM;28/01/2022;;RVC;28/01/2022;28/01/2022;FUNDO ARMONIA;15/02/2022;16/02/2022;7;;;28/03/2022;2021-2;DHL;7515605101;;Cargada en CP -  [21-222-HPER // 4700002290 // BMOU5182234]
2021-2022;LIQUIDADA;21-222-HPER;4700002290;RENE;VERITAS;SUSTRATOS;"5KG NAKED BRICKS-BLUEBERRY
BLEND";RV11;202122/177-A;5,100;UN;USD;32,095.00;20% AP;CIF;SEA;FCL/FCL;COLOMBO;CALLAO;1;40HC;20;;NA;DIRECTO;COSCO;6318771010;CBHU9081480;NA;;20/11/2021;20/11/2021;24/11/2021;47;COSU6318771010;CSCL ZEEBRUGGE 037E;29/01/2022;16/01/2022;15/01/2022;2;NO;#¡REF!;#¡REF!;IMUPESA;AVM;78;6/01/2022;17/01/2022;118-2022-10-020633-01-7-00;Verde;16/01/2022;17/01/2022;18/01/2022;21/01/2022;21/01/2022;;AVM;28/01/2022;;AGERSA;28/01/2022;28/01/2022;FUNDO ARMONIA;15/02/2022;16/02/2022;7;;;28/03/2022;2021-2;DHL;7515605101;;Cargada en CP -  [21-222-HPER // 4700002290 // CBHU9081480]
2021-2022;LIQUIDADA;21-223-HPER;4700002291;RENE;VERITAS;E & E;BLUEBERRY GROW BAGS ONLY 15L;RV11;202122/177-B;98,000;UN;USD;45,000.00;20% AP;CIF;SEA;FCL/LCL;COLOMBO;CALLAO;0.5;40HC;10;;NA;DIRECTO;COSCO;6318771011;TRHU5313666;NA;;20/11/2021;20/11/2021;24/11/2021;47;COSU6318771011;CSCL ZEEBRUGGE 037E;29/01/2022;16/01/2022;15/01/2022;2;NO;#¡REF!;#¡REF!;IMUPESA;AVM;76;6/01/2022;17/01/2022;118-2022-10-020489-01-3-00;Verde;16/01/2022;17/01/2022;18/01/2022;19/01/2022;20/01/2022;;AVM;26/01/2022;001-0109824;AGERSA;26/01/2022;26/01/2022;FUNDO ARMONIA;7/03/2022;8/03/2022;10;0049-001806;014-0001395;28/03/2022;2021-2;DHL;7515605101;;Cargada en CP -  [21-223-HPER //  4700002291 // TRHU5313666]
2021-2022;LIQUIDADA;21-223-HPER;4700002291;RENE;VERITAS;E & E;BLUEBERRY GROW BAGS ONLY 27L;RV11;202122/177-B;400,000;UN;USD;299,760.00;20% AP;CIF;SEA;FCL/LCL;COLOMBO;CALLAO;0.5;40HC;10;;NA;DIRECTO;COSCO;6318771011;TRHU5313666;NA;;20/11/2021;20/11/2021;24/11/2021;47;COSU6318771011;CSCL ZEEBRUGGE 037E;29/01/2022;16/01/2022;15/01/2022;2;NO;#¡REF!;#¡REF!;IMUPESA;AVM;76;6/01/2022;17/01/2022;118-2022-10-020489-01-3-00;Verde;16/01/2022;17/01/2022;18/01/2022;19/01/2022;20/01/2022;;AVM;26/01/2022;001-0109824;AGERSA;26/01/2022;26/01/2022;FUNDO ARMONIA;7/03/2022;8/03/2022;10;0049-001806;014-0001395;28/03/2022;2021-2;DHL;7515605101;;Cargada en CP -  [21-223-HPER // 4700002291 // TRHU5313666]
2021-2022;LIQUIDADA;21-223-HPER;4700002291;RENE;VERITAS;SUSTRATOS;"5KG NAKED BRICKS-BLUEBERRY
BLEND";RV11;202122/177-B;5,100;UN;USD;32,095.00;20% AP;CIF;SEA;FCL/FCL;COLOMBO;CALLAO;1;40HC;20;;NA;DIRECTO;COSCO;6318771011;CSNU7092945;NA;;20/11/2021;20/11/2021;24/11/2021;47;COSU6318771011;CSCL ZEEBRUGGE 037E;29/01/2022;16/01/2022;15/01/2022;2;NO;#¡REF!;#¡REF!;IMUPESA;AVM;76;6/01/2022;17/01/2022;118-2022-10-020489-01-3-00;Verde;16/01/2022;17/01/2022;18/01/2022;19/01/2022;20/01/2022;;AVM;26/01/2022;001-01098245;JOSELITO;26/01/2022;26/01/2022;FUNDO ARMONIA;10/02/2022;11/02/2022;6;;;28/03/2022;2021-2;DHL;7515605101;;Cargada en CP -  [21-223-HPER // 4700002291 // CSNU7092945]
2021-2022;LIQUIDADA;21-224-HPER;4700002254;OMAR;HORTIFRUT CHILE SA;PLANTAS;ROCIO;-;11740;200,000;UN;USD;580,266.00;90;CFR;AIR;AIR;SANTIAGO;LIMA;-;-;7;;NA;DIRECTO;KOREAN AIR;;-;NA;;22/11/2021;22/11/2021;22/11/2021;47;180-48432720;KE0274/22;22/11/2021;22/11/2021;22/11/2021;47;SI;21-224-HPER;22/11/2021;SAASA;AVM;1060;25/10/2021;28/10/2021; 235-2021-10-163139-01-3-00;Verde;;;28/10/2021;;;;AVM;26/11/2021;;AVM;NA;NA;VIVERO ILUSION;26/11/2021;27/11/2021;47;;;28/03/2022;2021-2;;-;;No cargada por medio de transporte AIRE (25/02) [21-224-HPER // 4700002254]
2021-2022;LIQUIDADA;21-225-HPER;4700001929;OMAR;OZ VARIETIES PTY LTD;PLANTAS;MAGICA;-;INV-OVAU-1505 / INV-OVAU-1606 / INV-OVAU-1607;137,600;UN;USD;324,266.00;90;CPT;AIR;AIR;SANTIAGO;LIMA;-;-;7;;NA;DIRECTO;KOREAN AIR;;-;NA;;22/11/2021;22/11/2021;22/11/2021;47;180-48432554;KE0274/22;22/11/2021;22/11/2021;22/11/2021;47;SI;21-225-HPER;22/11/2021;SAASA;AVM;1061;25/10/2021;28/10/2021; 235-2021-10-163139-01-3-00;Verde;22/11/2021;22/11/2021;28/10/2021;;;;AVM;5/11/2021;;AVM;NA;NA;VIVERO ILUSION;5/11/2021;6/11/2021;44;;;28/03/2022;2021-2;;-;;No cargada por medio de transporte AIRE (25/02) [21-225-HPER // 4700001929]
2021-2022;LIQUIDADA;21-226-HPER;LIMB21244900 ;CORPORATIVO;HFMX;MAQUINARIAS ;LINEA DE EMPAQUE CONVENCIONAL;-;NA;1;UN;USD;225,250.00;90;FOB;SEA;FCL/FCL;CALLAO;MANZANILLO;1;40HC;;;;DIRECTO;ONE;LIMB21244900 ;KKFU1772183;NA;;19/12/2021;19/12/2021;19/12/2021;50;ONEYLIMB21244900 ;SEASPAN BEAUTY 2141E;21/01/2022;21/01/2022;21/01/2022;3;SI;;;IMUPESA;;;;;;;;;;;;;;;;;;;PACKING SALAVERRY;;1/01/1900;52;;;NA;NA;;-;;Solo tiene familia de producto y proveedor, OP y OC. ETA Enero [21-226-HPER //LIMB21244900]
2021-2022;LIQUIDADA;21-226-HPER;LIMB21244900 ;CORPORATIVO;HFMX;MAQUINARIAS ;LINEA DE EMPAQUE CONVENCIONAL;-;NA;1;UN;USD;225,250.00;90;FOB;SEA;FCL/FCL;CALLAO;MANZANILLO;1;40HC;;;;DIRECTO;ONE;LIMB21244900 ;MOFU6769815;NA;;19/12/2021;19/12/2021;19/12/2021;50;ONEYLIMB21244900 ;SEASPAN BEAUTY 2141E;21/01/2022;21/01/2022;21/01/2022;3;SI;;;IMUPESA;;;;;;;;;;;;;;;;;;;PACKING SALAVERRY;;1/01/1900;52;;;NA;NA;;-;;Solo tiene familia de producto y proveedor, OP y OC. ETA Enero [21-226-HPER //LIMB21244900]
2021-2022;LIQUIDADA;21-227-HPER;LIMB21253900 ;CORPORATIVO;HFMX;MAQUINARIAS ;LINEA DE EMPAQUE CONVENCIONAL;-;NA;1;UN;USD;193,465.00;90;FOB;SEA;FCL/FCL;CALLAO;MANZANILLO;1;40HC;;;;DIRECTO;ONE;LIMB21253900 ;UETU4086196;NA;;19/12/2021;19/12/2021;19/12/2021;50;ONEYLIMB21253900 ;SEASPAN BEAUTY 2141E;21/01/2022;21/01/2022;21/01/2022;3;SI;;;IMUPESA;;;;;;;;;;;;;;;;;;;PACKING SALAVERRY;;1/01/1900;52;;;NA;NA;;-;;Solo tiene familia de producto y proveedor, OP y OC. ETA Enero [21-227-HPER//LIMB21253900]
2021-2022;LIQUIDADA;21-227-HPER;LIMB21253900 ;CORPORATIVO;HFMX;MAQUINARIAS ;LINEA DE EMPAQUE CONVENCIONAL;-;NA;1;UN;USD;193,465.00;90;FOB;SEA;FCL/FCL;CALLAO;MANZANILLO;1;40HC;;;;DIRECTO;ONE;LIMB21253900 ;MOFU0652396;NA;;19/12/2021;19/12/2021;19/12/2021;50;ONEYLIMB21253900 ;SEASPAN BEAUTY 2141E;21/01/2022;21/01/2022;21/01/2022;3;SI;;;IMUPESA;;;;;;;;;;;;;;;;;;;PACKING SALAVERRY;;1/01/1900;52;;;NA;NA;;-;;Solo tiene familia de producto y proveedor, OP y OC. ETA Enero [21-227-HPER//LIMB21253900]
2021-2022;LIQUIDADA;21-228-HPER;LIMB21254300;CORPORATIVO;HFMX;MAQUINARIAS ;LINEA DE EMPAQUE CONVENCIONAL;-;NA;1;UN;USD;207,250.00;90;FOB;SEA;FCL/FCL;CALLAO;MANZANILLO;1;40HC;;;;DIRECTO;ONE;LIMB21254300;NYKU8393285;NA;;19/12/2021;19/12/2021;19/12/2021;50;ONEYLIMB21254300;SEASPAN BEAUTY 2141E;21/01/2022;21/01/2022;21/01/2022;3;SI;;;IMUPESA;;;;;;;;;;;;;;;;;;;PACKING SALAVERRY;;1/01/1900;52;;;NA;NA;;-;;Solo tiene familia de producto y proveedor, OP y OC. ETA Enero [21-228-HPER//LIMB21254300]
2021-2022;LIQUIDADA;21-228-HPER;LIMB21254300;CORPORATIVO;HFMX;MAQUINARIAS ;LINEA DE EMPAQUE CONVENCIONAL;-;NA;1;UN;USD;207,250.00;90;FOB;SEA;FCL/FCL;CALLAO;MANZANILLO;1;40HC;;;;DIRECTO;ONE;LIMB21254300;NYKU8506210;NA;;19/12/2021;19/12/2021;19/12/2021;50;ONEYLIMB21254300;SEASPAN BEAUTY 2141E;21/01/2022;21/01/2022;21/01/2022;3;SI;;;IMUPESA;;;;;;;;;;;;;;;;;;;PACKING SALAVERRY;;1/01/1900;52;;;NA;NA;;-;;Solo tiene familia de producto y proveedor, OP y OC. ETA Enero [21-228-HPER//LIMB21254300]
2021-2022;LIQUIDADA;21-229-HPER;LIMB21259800 ;CORPORATIVO;HFMX;MAQUINARIAS ;LINEA DE EMPAQUE COSECHA DIRECTA;-;NA;1;UN;USD;37,350.00;90;FOB;SEA;FCL/FCL;CALLAO;MANZANILLO;1;40HC;;;;DIRECTO;ONE;LIMB21259800 ;UETU4050634;NA;;10/12/2021;10/12/2021;10/12/2021;49;ONEYLIMB21259800 ;MSC CAPELLA FA140AE;16/01/2022;16/01/2022;16/01/2022;2;SI;;;IMUPESA;;;;;;;;;;;;;;;;;;;PACKING SALAVERRY;;1/01/1900;52;;;NA;NA;;-;;Solo tiene familia de producto y proveedor, OP y OC. ETA Enero [21-229-HPER//LIMB21259800]
2021-2022;LIQUIDADA;21-230-HPER;LIMB21257600;CORPORATIVO;HFMX;MAQUINARIAS ;LINEA DE EMPAQUE COSECHA DIRECTA;-;NA;3;UN;USD;145,037.32;90;FOB;SEA;FCL/FCL;CALLAO;MANZANILLO;1;40HC;;;;DIRECTO;ONE;LIMB21257600;BMOU3083870;NA;;10/12/2021;10/12/2021;10/12/2021;49;ONEYLIMB21257600;MSC CAPELLA FA140AE;16/01/2022;16/01/2022;16/01/2022;2;SI;;;IMUPESA;;;;;;;;;;;;;;;;;;;PACKING CHAO;;1/01/1900;52;;;NA;NA;;-;;Solo tiene familia de producto y proveedor, OP y OC. ETA Enero [21-230-HPER// LIMB21257600]
2021-2022;LIQUIDADA;21-230-HPER;LIMB21257600;CORPORATIVO;HFMX;MAQUINARIAS ;LINEA DE EMPAQUE COSECHA DIRECTA;-;NA;3;UN;USD;145,037.32;90;FOB;SEA;FCL/FCL;CALLAO;MANZANILLO;1;40HC;;;;DIRECTO;ONE;LIMB21257600;KKFU1791291;NA;;10/12/2021;10/12/2021;10/12/2021;49;ONEYLIMB21257600;MSC CAPELLA FA140AE;16/01/2022;16/01/2022;16/01/2022;2;SI;;;IMUPESA;;;;;;;;;;;;;;;;;;;PACKING CHAO;;1/01/1900;52;;;NA;NA;;-;;Solo tiene familia de producto y proveedor, OP y OC. ETA Enero [21-230-HPER// LIMB21257600]
2021-2022;LIQUIDADA;21-230-HPER;LIMB21257600;CORPORATIVO;HFMX;MAQUINARIAS ;LINEA DE EMPAQUE COSECHA DIRECTA;-;NA;3;UN;USD;145,037.32;90;FOB;SEA;FCL/FCL;CALLAO;MANZANILLO;1;40HC;;;;DIRECTO;ONE;LIMB21257600;UETU4088964;NA;;10/12/2021;10/12/2021;10/12/2021;49;ONEYLIMB21257600;MSC CAPELLA FA140AE;16/01/2022;16/01/2022;16/01/2022;2;SI;;;IMUPESA;;;;;;;;;;;;;;;;;;;PACKING CHAO;;1/01/1900;52;;;NA;NA;;-;;Solo tiene familia de producto y proveedor, OP y OC. ETA Enero [21-230-HPER// LIMB21257600]
2021-2022;LIQUIDADA;21-231-HPER;LIMB21262900;CORPORATIVO;HFMX;MAQUINARIAS ;LINEA DE EMPAQUE HEAT SEALER;-;NA;1;UN;USD;350,000.00;90;FOB;SEA;FCL/FCL;CALLAO;MANZANILLO;1;40HC;;;;DIRECTO;ONE;LIMB21262900;NYKU8361056;NA;;19/12/2021;19/12/2021;19/12/2021;50;ONEYLIMB21262900;SEASPAN BEAUTY 2141E;21/01/2022;21/01/2022;21/01/2022;3;SI;;;IMUPESA;;;;;;;;;;;;;;;;;;;PACKING CHAO;;1/01/1900;52;;;NA;NA;;-;;Solo tiene familia de producto y proveedor, OP y OC. ETA Enero [21-231-HPER//LIMB21262900]
2021-2022;LIQUIDADA;21-232-HPER;LIMB21263300 ;CORPORATIVO;HFMX;MAQUINARIAS ;LINEA DE EMPAQUE CONVENCIONAL;-;NA;1;UN;USD;200,081.00;90;FOB;SEA;FCL/FCL;CALLAO;MANZANILLO;1;40HC;;;;DIRECTO;ONE;LIMB21263300 ;NYKU8427214;NA;;19/12/2021;19/12/2021;19/12/2021;50;ONEYLIMB21263300 ;SEASPAN BEAUTY 2141E;21/01/2022;21/01/2022;21/01/2022;3;SI;;;IMUPESA;;;;;;;;;;;;;;;;;;;PACKING CHAO;;1/01/1900;52;;;NA;NA;;-;;Solo tiene familia de producto y proveedor, OP y OC. ETA Enero [21-232-HPER//LIMB21263300]
2021-2022;LIQUIDADA;21-232-HPER;LIMB21263300 ;CORPORATIVO;HFMX;MAQUINARIAS ;LINEA DE EMPAQUE CONVENCIONAL;-;NA;1;UN;USD;200,081.00;90;FOB;SEA;FCL/FCL;CALLAO;MANZANILLO;1;40HC;;;;DIRECTO;ONE;LIMB21263300 ;NYKU8362474;NA;;19/12/2021;19/12/2021;19/12/2021;50;ONEYLIMB21263300 ;SEASPAN BEAUTY 2141E;21/01/2022;21/01/2022;21/01/2022;3;SI;;;IMUPESA;;;;;;;;;;;;;;;;;;;PACKING CHAO;;1/01/1900;52;;;NA;NA;;-;;Solo tiene familia de producto y proveedor, OP y OC. ETA Enero [21-232-HPER//LIMB21263300]
2021-2022;LIQUIDADA;21-233-HPER;LIMB21403600;CORPORATIVO;HFMX;MAQUINARIAS ;LINEA DE EMPAQUE CONVENCIONAL;-;NA;1;UN;USD;203,022.00;90;FOB;SEA;FCL/FCL;CALLAO;MANZANILLO;1;40HC;;;;DIRECTO;ONE;LIMB21403600;NYKU8040225;NA;;19/12/2021;19/12/2021;19/12/2021;50;ONEYLIMB21403600;SEASPAN BEAUTY 2141E;21/01/2022;21/01/2022;21/01/2022;3;SI;;;IMUPESA;;;;;;;;;;;;;;;;;;;PACKING CHAO;;1/01/1900;52;;;NA;NA;;-;;Solo tiene familia de producto y proveedor, OP y OC. ETA Enero [21-233-HPER//LIMB21403600]
2021-2022;LIQUIDADA;21-233-HPER;LIMB21403600;CORPORATIVO;HFMX;MAQUINARIAS ;LINEA DE EMPAQUE CONVENCIONAL;-;NA;1;UN;USD;203,022.00;90;FOB;SEA;FCL/FCL;CALLAO;MANZANILLO;1;40HC;;;;DIRECTO;ONE;LIMB21403600;TTNU5789923;NA;;19/12/2021;19/12/2021;19/12/2021;50;ONEYLIMB21403600;SEASPAN BEAUTY 2141E;21/01/2022;21/01/2022;21/01/2022;3;SI;;;IMUPESA;;;;;;;;;;;;;;;;;;;PACKING CHAO;;1/01/1900;52;;;NA;NA;;-;;Solo tiene familia de producto y proveedor, OP y OC. ETA Enero [21-233-HPER//LIMB21403600]
2021-2022;LIQUIDADA;21-234-HPER;LIMB21405800;CORPORATIVO;HFMX;MAQUINARIAS ;LINEA DE EMPAQUE CONVENCIONAL;-;NA;1;UN;USD;203,518.00;90;FOB;SEA;FCL/FCL;CALLAO;MANZANILLO;1;40HC;;;;DIRECTO;ONE;LIMB21405800;TCLU9993597;NA;;19/12/2021;19/12/2021;19/12/2021;50;ONEYLIMB21405800;SEASPAN BEAUTY 2141E;21/01/2022;21/01/2022;21/01/2022;3;SI;;;IMUPESA;;;;;;;;;;;;;;;;;;;PACKING CHAO;;1/01/1900;52;;;NA;NA;;-;;Solo tiene familia de producto y proveedor, OP y OC. ETA Enero [21-234-HPER //LIMB21405800]
2021-2022;LIQUIDADA;21-234-HPER;LIMB21405800;CORPORATIVO;HFMX;MAQUINARIAS ;LINEA DE EMPAQUE CONVENCIONAL;-;NA;1;UN;USD;203,518.00;90;FOB;SEA;FCL/FCL;CALLAO;MANZANILLO;1;40HC;;;;DIRECTO;ONE;LIMB21405800;MOFU6816820;NA;;19/12/2021;19/12/2021;19/12/2021;50;ONEYLIMB21405800;SEASPAN BEAUTY 2141E;21/01/2022;21/01/2022;21/01/2022;3;SI;;;IMUPESA;;;;;;;;;;;;;;;;;;;PACKING CHAO;;1/01/1900;52;;;NA;NA;;-;;Solo tiene familia de producto y proveedor, OP y OC. ETA Enero [21-234-HPER //LIMB21405800]
2021-2022;LIQUIDADA;21-235-HPER;4700002292;RENE;VERITAS;SUSTRATOS;"5KG NAKED BRICKS-BLUEBERRY
BLEND";RV11;202122/178A;5,100;UN;USD;31,595.00;20% AP;CIF;SEA;FCL/FCL;COLOMBO;CALLAO;1;40HC;20;;NA;DIRECTO;CMA CGM;CBO0238163A;ECMU9238743;NA;;27/11/2021;27/11/2021;27/11/2021;47;CBO0238163A;CMA CGM JEAN GABRIEL 0WCB3S1MA;11/02/2022;11/02/2022;11/02/2022;6;NO;#¡REF!;#¡REF!;IMUPESA;AVM;147;31/01/2022;10/02/2022;118-2022-10-053443-01-2-00;Verde;12/02/2022;12/02/2022;11/02/2022;16/02/2022;16/02/2022;;AVM;21/02/2022;001-0110422;TRANSPESA;22/02/2022;22/02/2022;FUNDO ARMONIA;24/02/2022;25/02/2022;8;004-235916;014-0001460;28/03/2022;2021-2;DHL;7515605101;Split de Reserva: BK CBO0238163A ;Cargada en CP –  [21-235-HPER // 4700002292 // ECMU9238743]
2021-2022;LIQUIDADA;21-235-HPER;4700002292;RENE;VERITAS;SUSTRATOS;"5KG NAKED BRICKS-BLUEBERRY
BLEND";RV11;202122/178A;5,100;UN;USD;31,595.00;20% AP;CIF;SEA;FCL/FCL;COLOMBO;CALLAO;1;40HC;20;;NA;DIRECTO;CMA CGM;CBO0238163A;TRLU7316507;NA;;27/11/2021;27/11/2021;27/11/2021;47;CBO0238163A;CMA CGM JEAN GABRIEL 0WCB3S1MA;11/02/2022;11/02/2022;11/02/2022;6;NO;#¡REF!;#¡REF!;IMUPESA;AVM;147;31/01/2022;10/02/2022;118-2022-10-053443-01-2-00;Verde;12/02/2022;12/02/2022;11/02/2022;16/02/2022;16/02/2022;;AVM;21/02/2022;001-0110423;AGERSA;22/02/2022;22/02/2022;FUNDO ARMONIA;27/02/2022;28/02/2022;9;0041-002227;014-0001930;28/03/2022;2021-2;DHL;7515605101;Split de Reserva: BK CBO0238163A ;Cargada en CP –  [21-235-HPER // 4700002292 // TRLU7316507]
2021-2022;LIQUIDADA;21-236-HPER;4700002293;RENE;VERITAS;SUSTRATOS;"5KG NAKED BRICKS-BLUEBERRY
BLEND";RV11;202122/178B;5,100;UN;USD;31,595.00;20% AP;CIF;SEA;FCL/FCL;COLOMBO;CALLAO;1;40HC;20;;NA;DIRECTO;CMA CGM;CBO0238163B;APHU6699442;NA;;27/11/2021;27/11/2021;27/11/2021;47;CBO0238163B;CMA CGM JEAN GABRIEL 0WCB3S1MA;11/02/2022;11/02/2022;11/02/2022;6;NO;#¡REF!;#¡REF!;IMUPESA;AVM;145;31/01/2022;10/02/2022;118-2022-10-053264-01-0-00;Verde;12/02/2022;12/02/2022;11/02/2022;16/02/2022;16/02/2022;;AVM;21/02/2022;001-0110418;RVC;21/02/2022;22/02/2022;FUNDO ARMONIA;23/02/2022;24/02/2022;8;027-227;014-0001878;28/03/2022;2021-2;DHL;7515605101;Split de Reserva: BK CBO0238163B ;Cargada en CP –  [21-236-HPER // 4700002293 // APHU6699442]
2021-2022;LIQUIDADA;21-236-HPER;4700002293;RENE;VERITAS;SUSTRATOS;"5KG NAKED BRICKS-BLUEBERRY
BLEND";RV11;202122/178B;5,100;UN;USD;31,595.00;20% AP;CIF;SEA;FCL/FCL;COLOMBO;CALLAO;1;40HC;20;;NA;DIRECTO;CMA CGM;CBO0238163B;TCNU4942700;NA;;27/11/2021;27/11/2021;27/11/2021;47;CBO0238163B;CMA CGM JEAN GABRIEL 0WCB3S1MA;11/02/2022;11/02/2022;11/02/2022;6;NO;#¡REF!;#¡REF!;IMUPESA;AVM;145;31/01/2022;10/02/2022;118-2022-10-053264-01-0-00;Verde;12/02/2022;12/02/2022;11/02/2022;16/02/2022;16/02/2022;;AVM;21/02/2022;001-110417;RVC;21/02/2022;22/02/2022;FUNDO ARMONIA;21/02/2022;22/02/2022;8;033-122;014-0001877;28/03/2022;2021-2;DHL;7515605101;Split de Reserva: BK CBO0238163B;Cargada en CP –  [21-236-HPER // 4700002293 //  TCNU4942700]
2021-2022;LIQUIDADA;21-237-HPER;4700002294;RENE;VERITAS;SUSTRATOS;"5KG NAKED BRICKS-BLUEBERRY
BLEND";RV11;202122/178C;5,100;UN;USD;31,595.00;20% AP;CIF;SEA;FCL/FCL;COLOMBO;CALLAO;1;40HC;20;;NA;DIRECTO;CMA CGM;CBO0238163C;CMAU7295119;NA;;27/11/2021;27/11/2021;27/11/2021;47;CBO0238163C;CMA CGM JEAN GABRIEL 0WCB3S1MA;11/02/2022;11/02/2022;11/02/2022;6;NO;#¡REF!;#¡REF!;IMUPESA;AVM;146;28/01/2022;10/02/2022;118-2022-10-053339-01-0-00;Verde;12/02/2022;12/02/2022;11/02/2022;16/02/2022;16/02/2022;;AVM;21/02/2022;001-0110420;TRANSPESA;21/02/2022;22/02/2022;FUNDO ARMONIA;24/02/2022;25/02/2022;8;001-5243;014-0001459;28/03/2022;2021-2;DHL;7515605101;;Cargada en CP –  [21-237-HPER // 4700002294 //  CMAU7295119]
2021-2022;LIQUIDADA;21-237-HPER;4700002294;RENE;VERITAS;SUSTRATOS;"5KG NAKED BRICKS-BLUEBERRY
BLEND";RV11;202122/178C;5,100;UN;USD;31,595.00;20% AP;CIF;SEA;FCL/FCL;COLOMBO;CALLAO;1;40HC;20;;NA;DIRECTO;CMA CGM;CBO0238163C;FCIU8758677;NA;;27/11/2021;27/11/2021;27/11/2021;47;CBO0238163C;CMA CGM JEAN GABRIEL 0WCB3S1MA;11/02/2022;11/02/2022;11/02/2022;6;NO;#¡REF!;#¡REF!;IMUPESA;AVM;146;28/01/2022;10/02/2022;118-2022-10-053339-01-0-00;Verde;12/02/2022;12/02/2022;11/02/2022;16/02/2022;16/02/2022;;AVM;21/02/2022;001-0110419;TRANSPESA;21/02/2022;22/02/2022;FUNDO ARMONIA;24/02/2022;25/02/2022;8;007-440;014-0001458;28/03/2022;2021-2;DHL;7515605101;;Cargada en CP –  [21-237-HPER // 4700002294 //  FCIU8758677]
2021-2022;LIQUIDADA;21-237-HPER;4700002294;RENE;VERITAS;SUSTRATOS;"5KG NAKED BRICKS-BLUEBERRY
BLEND";RV11;202122/178C;5,100;UN;USD;31,595.00;20% AP;CIF;SEA;FCL/FCL;COLOMBO;CALLAO;1;40HC;20;;NA;DIRECTO;CMA CGM;CBO0238163C;CAIU9401557;NA;;27/11/2021;27/11/2021;27/11/2021;47;CBO0238163C;CMA CGM JEAN GABRIEL 0WCB3S1MA;11/02/2022;11/02/2022;11/02/2022;6;NO;#¡REF!;#¡REF!;IMUPESA;AVM;146;28/01/2022;10/02/2022;118-2022-10-053339-01-0-00;Verde;12/02/2022;12/02/2022;11/02/2022;16/02/2022;16/02/2022;;AVM;21/02/2022;001-0110421;TRANSPESA;21/02/2022;22/02/2022;FUNDO ARMONIA;21/02/2022;22/02/2022;8;010-27289;014-0001457;28/03/2022;2021-2;DHL;7515605101;;Cargada en CP –  [21-237-HPER // 4700002294 // CAIU9401557]
2021-2022;LIQUIDADA;21-238-HPER;4700002295;RENE;VERITAS;SUSTRATOS;"5KG NAKED BRICKS-BLUEBERRY
BLEND";RV11;202122/178D;5,100;UN;USD;31,595.00;20% AP;CIF;SEA;FCL/FCL;COLOMBO;CALLAO;1;40HC;20;;NA;DIRECTO;CMA CGM;CBO0238163D;CMAU6124702;NA;;27/11/2021;27/11/2021;27/11/2021;47;CBO0238163D;CMA CGM JEAN GABRIEL 0WCB3S1MA;11/02/2022;11/02/2022;11/02/2022;6;NO;#¡REF!;#¡REF!;IMUPESA;AVM;144;31/01/2022;10/02/2022;118-2022-10-053146-01-8-00;Verde;12/02/2022;12/02/2022;11/02/2022;16/02/2022;17/02/2022;;AVM;19/02/2022;001-0110415;AGERSA;19/02/2022;22/02/2022;FUNDO ARMONIA;23/02/2022;24/02/2022;8;017-2575;014-0001922;28/03/2022;2021-2;DHL;7515605101;Split de Reserva: BK CBO0238163D;Cargada en CP –  [21-238-HPER // 4700002295 //  CMAU6124702]
2021-2022;LIQUIDADA;21-239-HPER;PEA2710102;OMAR;HORTIFRUT CHILE SA;PLANTAS;ROCIO, DIVINE;-;11796;59,900;UN;USD;131,834.60;90;CFR;AIR;AIR;SANTIAGO;LIMA;-;-;3;;NA;DIRECTO;KOREAN AIR;;-;NA;;29/11/2021;29/11/2021;29/11/2021;48;180-48435096;KE0274/29;29/11/2021;29/11/2021;29/11/2021;48;SI;21-239-HPER;29/11/2021;SAASA;AVM;1080;29/11/2021;;235-22-RO-000017  ;;29/12/2021;29/12/2021;;;;;AVM;NA;;NA;NA;NA;VIVERO ILUSION;NA;#¡VALOR!;#¡VALOR!;;;28/03/2022;2021-2;;-;;No cargada por medio de transporte AIRE (25/02) [21-239-HPER // PEA2710102]
2021-2022;LIQUIDADA;21-240-HPER;4700001929;OMAR;OZ VARIETIES PTY LTD;PLANTAS;MAGICA;-;INV-OVAU-1505 / INV-OVAU-1606 / INV-OVAU-1607;140,000;UN;USD;229,482.00;90;CPT;AIR;AIR;SANTIAGO;LIMA;-;-;9;;NA;DIRECTO;KOREAN AIR;;-;NA;;29/11/2021;29/11/2021;29/11/2021;48;180-48435074;KE0274/29;29/11/2021;29/11/2021;29/11/2021;48;SI;21-240-HPER;30/11/2021;SAASA;AVM;1088;30/11/2021;17/12/2021; 235-2021-10-192477-01-0-00;Verde;29/12/2021;29/12/2021;18/12/2021;;;;AVM;;;AVM;NA;NA;VIVERO ILUSION;20/12/2021;21/12/2021;51;;;28/03/2022;2021-2;;-;;No cargada por medio de transporte AIRE (25/02) [21-240-HPER //4700001929]
2021-2022;LIQUIDADA;21-241-HPER;4700002253;OMAR;HORTIFRUT CHILE SA;PLANTAS;DIVINE;-;11850;35,000;UN;USD;72,048.00;90;CFR;AIR;AIR;SANTIAGO;LIMA;-;-;2;;NA;DIRECTO;KOREAN AIR;;-;NA;;6/12/2021;6/12/2021;6/12/2021;49;180-48398066;KE0274/06;6/12/2021;6/12/2021;6/12/2021;49;SI;21-241-HPER;6/12/2021;SAASA;AVM;1106;6/12/2021;13/12/2021;235-2021-10-188999-01-6-00;;6/12/2021;6/12/2021;;;;;AVM;15/12/2021;;AVM;NA;NA;VIVERO ILUSION;15/12/2021;16/12/2021;50;;;24/05/2022;2021-3;;-;;No cargada por medio de transporte AIRE (25/02) [21-241-HPER //4700002253]
2021-2022;LIQUIDADA;21-242-HPER;4700002296;RENE;VERITAS;SUSTRATOS;"5KG NAKED BRICKS-BLUEBERRY
BLEND";RV11;202122/180A;5,100;UN;USD;31,795.00;20% AP;CIF;SEA;FCL/FCL;COLOMBO;CALLAO;1;40HC;20;;NA;DIRECTO;HAPAG LLOYD;78301399;FSCU7181640;NA;;2/12/2021;2/12/2021;7/12/2021;49;HLCUCM2211125570;SEASPAN BRAVO 2149E;25/01/2022;17/02/2022;17/02/2022;7;NO;#¡REF!;#¡REF!;IMUPESA;AVM;184;2/02/2022;11/02/2022;118-2022-10-055580-01-7-01;Verde;18/02/2022;19/02/2022;17/02/2022;22/02/2022;22/02/2022;21/02/2022;AVM;25/02/2022;001-0110566;TRANSPESA;25/02/2022;25/02/2022;FUNDO ARMONÍA;28/02/2022;1/03/2022;9;0035-001318;014-0001466;24/05/2022;2021-3;DHL;9613664196;;Cargada en CP -  [21-242-HPER // 4700002296 // FSCU7181640]
2021-2022;LIQUIDADA;21-242-HPER;4700002296;RENE;VERITAS;SUSTRATOS;"5KG NAKED BRICKS-BLUEBERRY
BLEND";RV11;202122/180A;5,100;UN;USD;31,795.00;20% AP;CIF;SEA;FCL/FCL;COLOMBO;CALLAO;1;40HC;20;;NA;DIRECTO;HAPAG LLOYD;78301399;FFAU2204829;NA;;2/12/2021;2/12/2021;7/12/2021;49;HLCUCM2211125570;SEASPAN BRAVO 2149E;25/01/2022;17/02/2022;17/02/2022;7;NO;#¡REF!;#¡REF!;IMUPESA;AVM;184;2/02/2022;11/02/2022;118-2022-10-055580-01-7-01;Verde;18/02/2022;19/02/2022;17/02/2022;22/02/2022;22/02/2022;21/02/2022;AVM;25/02/2022;001-0110568;TRANSPESA;25/02/2022;25/02/2022;FUNDO ARMONÍA;1/03/2022;2/03/2022;9;0013-002788;014-0001467;24/05/2022;2021-3;DHL;9613664196;;Cargada en CP -  [21-242-HPER // 4700002296 // FFAU2204829]
2021-2022;LIQUIDADA;21-242-HPER;4700002296;RENE;VERITAS;SUSTRATOS;"5KG NAKED BRICKS-BLUEBERRY
BLEND";RV11;202122/180A;5,100;UN;USD;31,795.00;20% AP;CIF;SEA;FCL/FCL;COLOMBO;CALLAO;1;40HC;20;;NA;DIRECTO;HAPAG LLOYD;78301399;HLBU2073736;NA;;2/12/2021;2/12/2021;7/12/2021;49;HLCUCM2211125570;SEASPAN BRAVO 2149E;25/01/2022;17/02/2022;17/02/2022;7;NO;#¡REF!;#¡REF!;IMUPESA;AVM;184;2/02/2022;11/02/2022;118-2022-10-055580-01-7-01;Verde;18/02/2022;19/02/2022;17/02/2022;22/02/2022;22/02/2022;21/02/2022;AVM;25/02/2022;001-0110567;TRANSPESA;25/02/2022;25/02/2022;FUNDO ARMONÍA;2/03/2022;3/03/2022;9;0003-000512;014-0001468;24/05/2022;2021-3;DHL;9613664196;;Cargada en CP -  [21-242-HPER // 4700002296 // HLBU2073736]
2021-2022;LIQUIDADA;21-243-HPER;4700002297;RENE;VERITAS;SUSTRATOS;"5KG NAKED BRICKS-BLUEBERRY
BLEND";RV11;202122/180B;5,100;UN;USD;31,795.00;20% AP;CIF;SEA;FCL/FCL;COLOMBO;CALLAO;1;40HC;20;;NA;DIRECTO;HAPAG LLOYD;79678061;HLBU3344703;NA;;2/12/2021;2/12/2021;7/12/2021;49;HLCUCM2211212127;SEASPAN BRAVO 2149E;25/01/2022;17/02/2022;17/02/2022;7;NO;#¡REF!;#¡REF!;IMUPESA;AVM;183;2/02/2022;15/02/2022;118-2022-10-058105-01-8-00;Verde;18/02/2022;19/02/2022;17/02/2022;22/02/2022;22/02/2022;21/02/2022;AVM;25/02/2022;001-0110564;RVC;25/02/2022;25/02/2022;FUNDO ARMONÍA;1/03/2022;2/03/2022;9;0013-001057;014-0001894;24/05/2022;2021-3;DHL;9613664196;;Cargada en CP -  [21-243-HPER // 4700002297 // HLBU3344703]
2021-2022;LIQUIDADA;21-243-HPER;4700002297;RENE;VERITAS;SUSTRATOS;"5KG NAKED BRICKS-BLUEBERRY
BLEND";RV11;202122/180B;5,100;UN;USD;31,795.00;20% AP;CIF;SEA;FCL/FCL;COLOMBO;CALLAO;1;40HC;20;;NA;DIRECTO;HAPAG LLOYD;79678061;TGHU8708360;NA;;2/12/2021;2/12/2021;7/12/2021;49;HLCUCM2211212127;SEASPAN BRAVO 2149E;25/01/2022;17/02/2022;17/02/2022;7;NO;#¡REF!;#¡REF!;IMUPESA;AVM;183;2/02/2022;15/02/2022;118-2022-10-058105-01-8-00;Verde;18/02/2022;19/02/2022;17/02/2022;22/02/2022;22/02/2022;21/02/2022;AVM;25/02/2022;001-0110565;RVC;26/02/2022;26/02/2022;FUNDO ARMONÍA;27/02/2022;28/02/2022;9;0020-000787;014-0001888;24/05/2022;2021-3;DHL;9613664196;;Cargada en CP - [21-243-HPER // 4700002297 // TGHU8708360]
2021-2022;LIQUIDADA;21-243-HPER;4700002297;RENE;VERITAS;SUSTRATOS;"5KG NAKED BRICKS-BLUEBERRY
BLEND";RV11;202122/180B;5,100;UN;USD;31,795.00;20% AP;CIF;SEA;FCL/FCL;COLOMBO;CALLAO;1;40HC;20;;NA;DIRECTO;HAPAG LLOYD;79678061;HLBU1956377;NA;;2/12/2021;2/12/2021;7/12/2021;49;HLCUCM2211212127;SEASPAN BRAVO 2149E;25/01/2022;17/02/2022;17/02/2022;7;NO;#¡REF!;#¡REF!;IMUPESA;AVM;183;2/02/2022;15/02/2022;118-2022-10-058105-01-8-00;Verde;18/02/2022;19/02/2022;17/02/2022;22/02/2022;22/02/2022;21/02/2022;AVM;25/02/2022;001-0110563;RVC;25/02/2022;4/03/2022;FUNDO ARMONÍA;27/02/2022;28/02/2022;9;0017-001086;014-0001885;24/05/2022;2021-3;DHL;9613664196;CTNR VIAJA COMPLETO A FUNDO;Cargada en CP -  [21-243-HPER // 4700002297 // HLBU1956377]
2021-2022;LIQUIDADA;21-244-HPER;4700002298;RENE;VERITAS;SUSTRATOS;"5KG NAKED BRICKS-BLUEBERRY
BLEND";RV11;202122/180C;5,100;UN;USD;31,795.00;20% AP;CIF;SEA;FCL/FCL;COLOMBO;CALLAO;1;40HC;20;;NA;DIRECTO;HAPAG LLOYD;78793064;TCNU1813870;NA;;2/12/2021;2/12/2021;7/12/2021;49;HLCUCM2211212138;SEASPAN BRAVO 2149E;25/01/2022;17/02/2022;17/02/2022;7;NO;#¡REF!;#¡REF!;IMUPESA;AVM;182;2/02/2022;15/02/2022;118-2022-10-058088-01-6-00;Verde;18/02/2022;19/02/2022;17/02/2022;24/02/2022;24/02/2022;21/02/2022;AVM;26/02/2022;001-0110574;AGERSA;26/02/2022;26/02/2022;FUNDO ARMONIA;28/02/2022;1/03/2022;9;0011-002892;014-0001934;24/05/2022;2021-3;DHL;9613664196;;Cargada en CP -  [21-244-HPER // 4700002298 // TCNU1813870]
2021-2022;LIQUIDADA;21-244-HPER;4700002298;RENE;VERITAS;SUSTRATOS;"5KG NAKED BRICKS-BLUEBERRY
BLEND";RV11;202122/180C;5,100;UN;USD;31,795.00;20% AP;CIF;SEA;FCL/FCL;COLOMBO;CALLAO;1;40HC;20;;NA;DIRECTO;HAPAG LLOYD;78793064;FFAU2651302;NA;;2/12/2021;2/12/2021;7/12/2021;49;HLCUCM2211212138;SEASPAN BRAVO 2149E;25/01/2022;17/02/2022;17/02/2022;7;NO;#¡REF!;#¡REF!;IMUPESA;AVM;182;2/02/2022;15/02/2022;118-2022-10-058088-01-6-00;Verde;18/02/2022;19/02/2022;17/02/2022;24/02/2022;24/02/2022;21/02/2022;AVM;26/02/2022;001-0110575;AGERSA;26/02/2022;26/02/2022;FUNDO ARMONIA;1/03/2022;2/03/2022;9;0032-002317;014-0001937;24/05/2022;2021-3;DHL;9613664196;;Cargada en CP -  [21-244-HPER // 4700002298 //FFAU2651302]
2021-2022;LIQUIDADA;21-244-HPER;4700002298;RENE;VERITAS;SUSTRATOS;"5KG NAKED BRICKS-BLUEBERRY
BLEND";RV11;202122/180C;5,100;UN;USD;31,795.00;20% AP;CIF;SEA;FCL/FCL;COLOMBO;CALLAO;1;40HC;20;;NA;DIRECTO;HAPAG LLOYD;78793064;HLBU2594328;NA;;2/12/2021;2/12/2021;7/12/2021;49;HLCUCM2211212138;SEASPAN BRAVO 2149E;25/01/2022;17/02/2022;17/02/2022;7;NO;#¡REF!;#¡REF!;IMUPESA;AVM;182;2/02/2022;15/02/2022;118-2022-10-058088-01-6-00;Verde;18/02/2022;19/02/2022;17/02/2022;24/02/2022;24/02/2022;21/02/2022;AVM;26/02/2022;001-0110576;TRANSPESA;28/02/2022;28/02/2022;FUNDO ARMONIA;10/03/2022;11/03/2022;10;0005-000646;014-0001955;24/05/2022;2021-3;DHL;9613664196;;Cargada en CP -  [21-244-HPER // 4700002298 // HLBU2594328]
2021-2022;LIQUIDADA;21-245-HPER;4700002299;RENE;VERITAS;SUSTRATOS;"5KG NAKED BRICKS-BLUEBERRY
BLEND";RV11;202122/180D;5,100;UN;USD;31,795.00;20% AP;CIF;SEA;FCL/FCL;COLOMBO;CALLAO;1;40HC;20;;NA;DIRECTO;HAPAG LLOYD;79481395;HLBU1943929;NA;;2/12/2021;2/12/2021;7/12/2021;49;HLCUCM2211212149;SEASPAN BRAVO 2149E;25/01/2022;17/02/2022;17/02/2022;7;NO;#¡REF!;#¡REF!;IMUPESA;AVM;181;2/02/2022;10/02/2022;118-2022-10-053859-01-4-00;Verde;18/02/2022;19/02/2022;17/02/2022;22/02/2022;22/02/2022;21/02/2022;AVM;25/02/2022;001-0110562;JOSELITO;26/02/2022;4/03/2022;FUNDO ARMONÍA;27/02/2022;28/02/2022;9;0001-0204503;014-0001346;24/05/2022;2021-3;DHL;9613664196;;Cargada en CP -  [21-245-HPER // 4700002299 // HLBU1943929]
2021-2022;LIQUIDADA;21-245-HPER;4700002299;RENE;VERITAS;SUSTRATOS;"5KG NAKED BRICKS-BLUEBERRY
BLEND";RV11;202122/180D;5,100;UN;USD;31,795.00;20% AP;CIF;SEA;FCL/FCL;COLOMBO;CALLAO;1;40HC;20;;NA;DIRECTO;HAPAG LLOYD;79481395;CAIU9266035;NA;;2/12/2021;2/12/2021;7/12/2021;49;HLCUCM2211212149;SEASPAN BRAVO 2149E;25/01/2022;17/02/2022;17/02/2022;7;NO;#¡REF!;#¡REF!;IMUPESA;AVM;181;2/02/2022;10/02/2022;118-2022-10-053859-01-4-00;Verde;18/02/2022;19/02/2022;17/02/2022;22/02/2022;22/02/2022;21/02/2022;AVM;25/02/2022;001-0110560;JOSELITO;26/02/2022;26/02/2022;FUNDO ARMONÍA;3/03/2022;4/03/2022;9;0001-0204738;014-0001348;24/05/2022;2021-3;DHL;9613664196;;Cargada en CP -   [21-245-HPER // 4700002299 // CAIU9266035]
2021-2022;LIQUIDADA;21-245-HPER;4700002299;RENE;VERITAS;SUSTRATOS;"5KG NAKED BRICKS-BLUEBERRY
BLEND";RV11;202122/180D;5,100;UN;USD;31,795.00;20% AP;CIF;SEA;FCL/FCL;COLOMBO;CALLAO;1;40HC;20;;NA;DIRECTO;HAPAG LLOYD;79481395;TCLU8468110;NA;;2/12/2021;2/12/2021;7/12/2021;49;HLCUCM2211212149;SEASPAN BRAVO 2149E;25/01/2022;17/02/2022;17/02/2022;7;NO;#¡REF!;#¡REF!;IMUPESA;AVM;181;2/02/2022;10/02/2022;118-2022-10-053859-01-4-00;Verde;18/02/2022;19/02/2022;17/02/2022;22/02/2022;22/02/2022;21/02/2022;AVM;25/02/2022;001-0110561;JOSELITO;25/02/2022;25/02/2022;FUNDO ARMONÍA;1/03/2022;2/03/2022;9;0001-0021205;014-0001347;24/05/2022;2021-3;DHL;9613664196;;Cargada en CP -  [21-245-HPER // 4700002299 // TCLU8468110]
2021-2022;LIQUIDADA;21-246-HPER;4700002322;RENE;VERITAS;SUSTRATOS;"5KG NAKED BRICKS-BLUEBERRY
BLEND";RV11;202122/184;5,100;UN;USD;16,575.00;20% AP;FOB;SEA;FCL/FCL;COLOMBO;CALLAO;1;40HC;20;;;AIRSEALOG;WAN HAI;062B002263;WHLU5680827;NA;;14/12/2021;14/12/2021;13/12/2021;50;SALSE21120100-01;WAN HAI 626;20/02/2022;16/02/2022;16/02/2022;7;SI;21-246-HPER;13/12/2021;IMUPESA;AVM;264;7/02/2022;21/02/2022;"	 118-2022-10-067417-01-9-00";Verde;18/02/2022;18/02/2022;21/02/2022;23/02/2022;23/02/2022;24/02/2022;AVM;26/02/2022;001-0110578;TRANSPESA;26/02/2022;26/02/2022;FUNDO ARMONIA;8/03/2022;9/03/2022;10;0004-238833;014-0001475;24/05/2022;2021-3;DHL;6061862951;;Cargada en CP - [21-246-HPER // 4700002322 // WHLU5680827]
2021-2022;LIQUIDADA;21-246-HPER;4700002322;RENE;VERITAS;SUSTRATOS;"5KG NAKED BRICKS-BLUEBERRY
BLEND";RV11;202122/184;5,100;UN;USD;16,575.00;20% AP;FOB;SEA;FCL/FCL;COLOMBO;CALLAO;1;40HC;20;;;AIRSEALOG;WAN HAI;062B002263;WHLU5669812;NA;;14/12/2021;14/12/2021;13/12/2021;50;SALSE21120100-01;WAN HAI 626;20/02/2022;16/02/2022;16/02/2022;7;SI;21-246-HPER;13/12/2021;IMUPESA;AVM;264;7/02/2022;21/02/2022;"	 118-2022-10-067417-01-9-00";Verde;18/02/2022;18/02/2022;21/02/2022;23/02/2022;23/02/2022;24/02/2022;AVM;26/02/2022;001-0110577;TRANSPESA;26/02/2022;26/02/2022;FUNDO ARMONIA;8/03/2022;9/03/2022;10;0004-238921;014-0001951;24/05/2022;2021-3;DHL;6061862951;;Cargada en CP - [21-246-HPER // 4700002322 // WHLU5669812]
2021-2022;LIQUIDADA;21-246-HPER;4700002322;RENE;VERITAS;SUSTRATOS;"5KG NAKED BRICKS-BLUEBERRY
BLEND";RV11;202122/184;5,100;UN;USD;16,575.00;20% AP;FOB;SEA;FCL/FCL;COLOMBO;CALLAO;1;40HC;20;;;AIRSEALOG;WAN HAI;062B002263;WHSU6063682;NA;;14/12/2021;14/12/2021;13/12/2021;50;SALSE21120100-01;WAN HAI 626;20/02/2022;16/02/2022;16/02/2022;7;SI;21-246-HPER;13/12/2021;IMUPESA;AVM;264;7/02/2022;21/02/2022;"	 118-2022-10-067417-01-9-00";Verde;18/02/2022;18/02/2022;21/02/2022;23/02/2022;23/02/2022;24/02/2022;AVM;26/02/2022;001-0110579;TRANSPESA;26/02/2022;26/02/2022;FUNDO ARMONIA;8/03/2022;9/03/2022;10;0004-236424;014-0001473;24/05/2022;2021-3;DHL;6061862951;;Cargada en CP - [21-246-HPER // 4700002322 // WHSU6063682]
2021-2022;LIQUIDADA;21-246-HPER;4700002322;RENE;VERITAS;SUSTRATOS;"5KG NAKED BRICKS-BLUEBERRY
BLEND";RV11;202122/184;5,100;UN;USD;16,575.00;20% AP;FOB;SEA;FCL/FCL;COLOMBO;CALLAO;1;40HC;20;;;AIRSEALOG;WAN HAI;062B002263;WHSU6634035;NA;;14/12/2021;14/12/2021;13/12/2021;50;SALSE21120100-01;WAN HAI 626;20/02/2022;16/02/2022;16/02/2022;7;SI;21-246-HPER;13/12/2021;IMUPESA;AVM;264;7/02/2022;21/02/2022;"	 118-2022-10-067417-01-9-00";Verde;18/02/2022;18/02/2022;21/02/2022;23/02/2022;23/02/2022;24/02/2022;AVM;26/02/2022;001-0110580;TRANSPESA;26/02/2022;26/02/2022;FUNDO ARMONIA;8/03/2022;9/03/2022;10;0004-238834;014-0001474;24/05/2022;2021-3;DHL;6061862951;;Cargada en CP - [21-246-HPER // 4700002322 // WHSU6634035]
2021-2022;LIQUIDADA;21-247-HPER;4700002281;RENE;PROJAR;SUSTRATOS;EASY PLANTER 14.4L;RV11;FX21-00576;13,000;UN;USD;15,340.00;20% AP;FOB;SEA;FCL/FCL;COLOMBO;CALLAO;1;40HC;20;;;AIRSEALOG;HAPAG LLOYD;;HLBU1164641;NA;;30/11/2021;3/12/2021;11/12/2021;49;SALSE21120050-01;CORCOVADO 2202E;25/01/2022;11/02/2022;11/02/2022;6;SI;21-247-HPER;22/12/2021;IMUPESA;AVM;87;1/02/2022;16/02/2022;118-2022-10-059580-01-1-00;Verde;13/02/2022;14/02/2022;16/02/2022;17/02/2022;18/02/2022;21/02/2022;AVM;22/02/2022;001-0110539;AGERSA;22/02/2022;22/02/2022;FUNDO ARMONIA;23/02/2022;24/02/2022;8;022-2788;014-0001924;24/05/2022;2021-3;UPS;1Z48V0570493451073;;Cargada en CP -   [21-247-HPER // 4700002281 // HLBU1164641]
2021-2022;LIQUIDADA;21-247-HPER;4700002281;RENE;PROJAR;SUSTRATOS;EASY PLANTER 14.4L;RV11;FX21-00576;13,000;UN;USD;15,340.00;20% AP;FOB;SEA;FCL/FCL;COLOMBO;CALLAO;1;40HC;20;;;AIRSEALOG;HAPAG LLOYD;;TGHU9701755;NA;;30/11/2021;3/12/2021;11/12/2021;49;SALSE21120050-01;CORCOVADO 2202E;25/01/2022;11/02/2022;11/02/2022;6;SI;21-247-HPER;22/12/2021;IMUPESA;AVM;87;1/02/2022;16/02/2022;118-2022-10-059580-01-1-00;Verde;13/02/2022;14/02/2022;16/02/2022;17/02/2022;18/02/2022;21/02/2022;AVM;22/02/2022;001-0110540;AGERSA;22/02/2022;22/02/2022;FUNDO ARMONIA;23/02/2022;24/02/2022;8;049-1816;014-0001923;24/05/2022;2021-3;UPS;1Z48V0570493451073;;Cargada en CP -   [21-247-HPER // 4700002281 // TGHU9701755]
2021-2022;LIQUIDADA;21-248-HPER;4700002282;RENE;PROJAR;SUSTRATOS;EASY PLANTER 14.4L;RV11;FX21-00577;13,000;UN;USD;15,340.00;20% AP;FOB;SEA;FCL/FCL;COLOMBO;CALLAO;1;40HC;20;;;AIRSEALOG;HAPAG LLOYD;;GESU6315946;NA;;30/11/2021;3/12/2021;11/12/2021;49;SALSE21120050-02;CORCOVADO 2202E;25/01/2022;11/02/2022;11/02/2022;6;SI;21-248-HPER;22/12/2021;IMUPESA;AVM;88;1/02/2022;16/02/2022;118-2022-10-059651-01-6-00;Verde;13/02/2022;14/02/2022;16/02/2022;17/02/2022;18/02/2022;21/02/2022;AVM;22/02/2022;001-0110541;TRANSPESA;22/02/2022;22/02/2022;FUNDO ARMONIA;25/02/2022;26/02/2022;8;004-233767;014-0001465;24/05/2022;2021-3;UPS;1Z48V0570493451073;;Cargada en CP -  [21-248-HPER // 4700002282 // GESU6315946]
2021-2022;LIQUIDADA;21-248-HPER;4700002282;RENE;PROJAR;SUSTRATOS;EASY PLANTER 14.4L;RV11;FX21-00577;13,000;UN;USD;15,340.00;20% AP;FOB;SEA;FCL/FCL;COLOMBO;CALLAO;1;40HC;20;;;AIRSEALOG;HAPAG LLOYD;;SEGU5657635;NA;;30/11/2021;3/12/2021;11/12/2021;49;SALSE21120050-02;CORCOVADO 2202E;25/01/2022;11/02/2022;11/02/2022;6;SI;21-248-HPER;22/12/2021;IMUPESA;AVM;88;1/02/2022;16/02/2022;118-2022-10-059651-01-6-00;Verde;13/02/2022;14/02/2022;16/02/2022;17/02/2022;18/02/2022;21/02/2022;AVM;22/02/2022;001-0110542;TRANSPESA;22/02/2022;22/02/2022;FUNDO ARMONIA;25/02/2022;26/02/2022;8;004-234898;014-0001464;24/05/2022;2021-3;UPS;1Z48V0570493451073;;Cargada en CP - [21-248-HPER // 4700002282 // SEGU5657635]
2021-2022;LIQUIDADA;21-249-HPER;4700002283;RENE;PROJAR;SUSTRATOS;EASY PLANTER 14.4L;RV11;FX21-00578;13,000;UN;USD;15,340.00;20% AP;FOB;SEA;FCL/FCL;COLOMBO;CALLAO;1;40HC;20;;;AIRSEALOG;HAPAG LLOYD;;GLDU7359565;NA;;30/11/2021;3/12/2021;11/12/2021;49;SALSE21120052-01;CORCOVADO 2202E;25/01/2022;11/02/2022;11/02/2022;6;SI;21-249-HPER;22/12/2021;IMUPESA;AVM;89;1/02/2022;16/02/2022;118-2022-10-059758-01-5-00;Verde;13/02/2022;14/02/2022;16/02/2022;17/02/2022;18/02/2022;21/02/2022;AVM;22/02/2022;001-0110543;RVC;22/02/2022;22/02/2022;FUNDO ARMONIA;23/02/2022;24/02/2022;8;002-3379;014-0001881;24/05/2022;2021-3;UPS;1Z48V0570493451073;;Cargada en CP - [21-249-HPER // 4700002283 // GLDU7359565]
2021-2022;LIQUIDADA;21-249-HPER;4700002283;RENE;PROJAR;SUSTRATOS;EASY PLANTER 14.4L;RV11;FX21-00578;13,000;UN;USD;15,340.00;20% AP;FOB;SEA;FCL/FCL;COLOMBO;CALLAO;1;40HC;20;;;AIRSEALOG;HAPAG LLOYD;;HAMU1166496;NA;;30/11/2021;3/12/2021;11/12/2021;49;SALSE21120052-01;CORCOVADO 2202E;25/01/2022;11/02/2022;11/02/2022;6;SI;21-249-HPER;22/12/2021;IMUPESA;AVM;89;1/02/2022;16/02/2022;118-2022-10-059758-01-5-00;Verde;13/02/2022;14/02/2022;16/02/2022;17/02/2022;18/02/2022;21/02/2022;AVM;22/02/2022;001-0110544;RVC;22/02/2022;22/02/2022;FUNDO ARMONIA;23/02/2022;24/02/2022;8;012-1424;014-0001880;24/05/2022;2021-3;UPS;1Z48V0570493451073;;Cargada en CP - [21-249-HPER // 4700002283 // HAMU1166496]
2021-2022;LIQUIDADA;21-249-HPER;4700002283;RENE;PROJAR;SUSTRATOS;EASY PLANTER 14.4L;RV11;FX21-00578;13,000;UN;USD;15,340.00;20% AP;FOB;SEA;FCL/FCL;COLOMBO;CALLAO;1;40HC;20;;;AIRSEALOG;HAPAG LLOYD;;TCKU6562937;NA;;30/11/2021;3/12/2021;11/12/2021;49;SALSE21120052-01;CORCOVADO 2202E;25/01/2022;11/02/2022;11/02/2022;6;SI;21-249-HPER;22/12/2021;IMUPESA;AVM;89;1/02/2022;16/02/2022;118-2022-10-059758-01-5-00;Verde;13/02/2022;14/02/2022;16/02/2022;17/02/2022;18/02/2022;21/02/2022;AVM;22/02/2022;001-0110545;RVC;22/02/2022;22/02/2022;FUNDO ARMONIA;22/02/2022;23/02/2022;8;015-887;014-0001878;24/05/2022;2021-3;UPS;1Z48V0570493451073;;Cargada en CP - [21-249-HPER // 4700002283 // TCKU6562937]
2021-2022;LIQUIDADA;21-250-HPER;4700002284;RENE;PROJAR;SUSTRATOS;EASY PLANTER 14.4L;RV11;FX21-00579;13,000;UN;USD;15,340.00;20% AP;FOB;SEA;FCL/FCL;COLOMBO;CALLAO;1;40HC;20;;;AIRSEALOG;WAN HAI;062B002261;TEMU6336338;NA;;12/11/2021;12/11/2021;12/12/2021;49;SALSE21120101-01;WAN HAI 626;20/02/2022;16/02/2022;16/02/2022;7;SI;21-250-HPER;13/12/2021;IMUPESA;AVM;90;7/02/2022;15/02/2022;118-2022-10-058574-01-8-00;Verde;18/02/2022;18/02/2022;16/02/2022;24/02/2022;24/02/2022;24/02/2022;AVM;28/02/2022;001-0110806;RVC;28/02/2022;28/02/2022;FUNDO ARMONIA;2/03/2022;3/03/2022;9;0032-000114;014-0001895;24/05/2022;2021-3;UPS;1Z48V0570495311587;;Cargada en CP - [21-250-HPER // 4700002284 // TEMU6336338]
2021-2022;LIQUIDADA;21-250-HPER;4700002284;RENE;PROJAR;SUSTRATOS;EASY PLANTER 14.4L;RV11;FX21-00579;13,000;UN;USD;15,340.00;20% AP;FOB;SEA;FCL/FCL;COLOMBO;CALLAO;1;40HC;20;;;AIRSEALOG;WAN HAI;062B002261;WHSU5921745;NA;;12/11/2021;12/11/2021;12/12/2021;49;SALSE21120101-01;WAN HAI 626;20/02/2022;16/02/2022;16/02/2022;7;SI;21-250-HPER;13/12/2021;IMUPESA;AVM;90;7/02/2022;15/02/2022;118-2022-10-058574-01-8-00;Verde;18/02/2022;18/02/2022;16/02/2022;24/02/2022;24/02/2022;24/02/2022;AVM;28/02/2022;001-0110807;RVC;28/02/2022;28/02/2022;FUNDO ARMONIA;1/03/2022;2/03/2022;9;0012-001428;014-0001892;24/05/2022;2021-3;UPS;1Z48V0570495311587;;Cargada en CP -  [21-250-HPER // 4700002284 // WHSU5921745]
2021-2022;LIQUIDADA;21-250-HPER;4700002284;RENE;PROJAR;SUSTRATOS;EASY PLANTER 14.4L;RV11;FX21-00579;13,000;UN;USD;15,340.00;20% AP;FOB;SEA;FCL/FCL;COLOMBO;CALLAO;1;40HC;20;;;AIRSEALOG;WAN HAI;062B002261;WHSU5474143;NA;;12/11/2021;12/11/2021;12/12/2021;49;SALSE21120101-01;WAN HAI 626;20/02/2022;16/02/2022;16/02/2022;7;SI;21-250-HPER;13/12/2021;IMUPESA;AVM;90;7/02/2022;15/02/2022;118-2022-10-058574-01-8-00;Verde;18/02/2022;18/02/2022;16/02/2022;24/02/2022;24/02/2022;24/02/2022;AVM;28/02/2022;001-0110805;RVC;28/02/2022;28/02/2022;FUNDO ARMONIA;1/03/2022;2/03/2022;9;0021-000889;014-0001893;24/05/2022;2021-3;UPS;1Z48V0570495311587;;Cargada en CP -  [21-250-HPER // 4700002284 // WHSU5474143]
2021-2022;LIQUIDADA;21-251-HPER;4700002285;RENE;PROJAR;SUSTRATOS;EASY PLANTER 14.4L;RV11;FX21-00580;13,000;UN;USD;15,340.00;20% AP;FOB;SEA;FCL/FCL;COLOMBO;CALLAO;1;40HC;20;;;AIRSEALOG;WAN HAI;062B002261;WHLU5645699;NA;;12/11/2021;12/11/2021;12/12/2021;49;SALSE21120101-02;WAN HAI 626;20/02/2022;16/02/2022;16/02/2022;7;SI;21-251-HPER;13/12/2021;IMUPESA;AVM;91;7/02/2022;15/02/2022;118-2022-10-058703-01-2-00;Verde;18/02/2022;18/02/2022;16/02/2022;22/02/2022;22/02/2022;24/02/2022;AVM;28/02/2022;001-0110809;TRANSPESA;28/02/2022;28/02/2022;FUNDO ARMONIA;10/03/2022;11/03/2022;10;0008-000459;0014-0001954;24/05/2022;2021-3;UPS;1Z48V0570495311587;;Cargada en CP - [21-251-HPER // 4700002285 // WHLU5645699]
2021-2022;LIQUIDADA;21-251-HPER;4700002285;RENE;PROJAR;SUSTRATOS;EASY PLANTER 14.4L;RV11;FX21-00580;13,000;UN;USD;15,340.00;20% AP;FOB;SEA;FCL/FCL;COLOMBO;CALLAO;1;40HC;20;-;;AIRSEALOG;WAN HAI;062B002261;WHSU6542638;NA;;12/11/2021;12/11/2021;12/12/2021;49;SALSE21120101-02;WAN HAI 626;20/02/2022;16/02/2022;16/02/2022;7;SI;21-251-HPER;13/12/2021;IMUPESA;AVM;91;7/02/2022;15/02/2022;118-2022-10-058703-01-2-00;Verde;18/02/2022;18/02/2022;16/02/2022;22/02/2022;22/02/2022;24/02/2022;AVM;28/02/2022;001-0110810;TRANSPESA;28/02/2022;28/02/2022;FUNDO ARMONIA;2/03/2022;3/03/2022;9;016-002987;0014-0001471;24/05/2022;2021-3;UPS;1Z48V0570495311587;;Cargada en CP -  [21-251-HPER // 4700002285 // WHSU6542638]
2021-2022;LIQUIDADA;21-251-HPER;4700002285;RENE;PROJAR;SUSTRATOS;EASY PLANTER 14.4L;RV11;FX21-00580;13,000;UN;USD;15,340.00;20% AP;FOB;SEA;FCL/FCL;COLOMBO;CALLAO;1;40HC;20;;;AIRSEALOG;WAN HAI;062B002261;TCKU7871020;NA;;12/11/2021;12/11/2021;12/12/2021;49;SALSE21120101-02;WAN HAI 626;20/02/2022;16/02/2022;16/02/2022;7;SI;21-251-HPER;13/12/2021;IMUPESA;AVM;91;7/02/2022;15/02/2022;118-2022-10-058703-01-2-00;Verde;18/02/2022;18/02/2022;16/02/2022;22/02/2022;22/02/2022;24/02/2022;AVM;28/02/2022;001-0110808;TRANSPESA;28/02/2022;28/02/2022;FUNDO ARMONIA;9/03/2022;10/03/2022;10;0008-004142;0014-0001952;24/05/2022;2021-3;UPS;1Z48V0570495311587;;Cargada en CP -  [21-251-HPER // 4700002285 // TCKU7871020]
2021-2022;LIQUIDADA;21-252-HPER;4700002278;RENE;PROJAR;SUSTRATOS;TURBA BLEND 1530F;RV11;FX21-00540;22;UN;EUR;9,725.06;20% AP;CIF;SEA;FCL/FCL;RIGA;CALLAO;1;40HC;22;;NA;DIRECTO;HAPAG LLOYD;79268509;FANU1608012;NA;;4/12/2021;4/12/2021;4/12/2021;48;HLCURIX211111739;GUAYAQUIL EXPRESS 1249S;6/01/2022;6/01/2022;7/01/2022;1;NO;#¡REF!;#¡REF!;IMUPESA;AVM;1190-12;30/12/2021;6/01/2022; 118-2022-10-005781-01-9-00;Verde;7/01/2022;8/01/2022;7/01/2022;11/01/2022;19/01/2022;;AVM;20/01/2022;;JOSELITO;20/01/2022;20/01/2022;FUNDO ARMONIA;10/02/2022;11/02/2022;6;;;24/05/2022;2021-3;UPS;1Z48V0570492143685;;Cargada en CP - [21-252-HPER // 4700002278 // FANU1608012]
2021-2022;LIQUIDADA;21-253-HPER;4700002279;RENE;PROJAR;SUSTRATOS;TURBA BLEND 1530F;RV11;FX21-00541;22;UN;EUR;9,725.06;20% AP;CIF;SEA;FCL/FCL;RIGA;CALLAO;1;40HC;22;;NA;DIRECTO;HAPAG LLOYD;79071831;SEGU5657240;NA;;4/12/2021;4/12/2021;4/12/2021;48;HLCURIX211111740;GUAYAQUIL EXPRESS 1249S;6/01/2022;6/01/2022;7/01/2022;1;NO;#¡REF!;#¡REF!;IMUPESA;AVM;1191-13;30/12/2021;6/01/2022;118-2022-10-005850-01-0-00;Verde;7/01/2022;8/01/2022;7/01/2022;11/01/2022;19/01/2022;;AVM;20/01/2022;;AGERSA;20/01/2022;20/01/2022;FUNDO ARMONIA;1/02/2022;2/02/2022;5;;;24/05/2022;2021-3;UPS;1Z48V0570492143685;;Cargada en CP -  [21-253-HPER // 4700002279 // SEGU5657240]
2021-2022;LIQUIDADA;21-253-HPER;4700002279;RENE;PROJAR;SUSTRATOS;TURBA BLEND 1530F;RV11;FX21-00541;22;UN;EUR;9,725.06;20% AP;CIF;SEA;FCL/FCL;RIGA;CALLAO;1;40HC;22;;NA;DIRECTO;HAPAG LLOYD;79071831;HLXU8044959;NA;;4/12/2021;4/12/2021;4/12/2021;48;HLCURIX211111740;GUAYAQUIL EXPRESS 1249S;6/01/2022;6/01/2022;7/01/2022;1;NO;#¡REF!;#¡REF!;IMUPESA;AVM;1191-13;30/12/2021;6/01/2022;118-2022-10-005850-01-0-00;Verde;7/01/2022;8/01/2022;7/01/2022;11/01/2022;19/01/2022;;AVM;20/01/2022;;AGERSA;20/01/2022;20/01/2022;FUNDO ARMONIA;1/02/2022;2/02/2022;5;;;24/05/2022;2021-3;UPS;1Z48V0570492143685;;Cargada en CP -  [21-253-HPER // 4700002279 // HLXU8044959]
2021-2022;LIQUIDADA;21-254-HPER;4700002275;RENE;PROJAR;SUSTRATOS;FIBRA DE COCO EN BIG BAG 5.5 M3;RV11;FE21-01332;24;BOLSAS;EUR;15,704.64;0;CIF;SEA;FCL/FCL;ALGECIRAS;CALLAO;1;40HC;24;;NA;DIRECTO;MSC;048ICA0100598;TCLU1630466;NA;17/12/2021;29/11/2021;26/12/2021;12/01/2022;2;MEDUCD529680;MSC VITA NX205A;9/01/2022;9/03/2022;10/03/2022;10;NO;#¡REF!;#¡REF!;IMUPESA;AVM;286;25/02/2022;8/03/2022;118-2022-10-086506-01-3-00;Verde;10/03/2022;10/03/2022;9/03/2022;15/03/2022;16/03/2022;20/03/2022;AVM;18/03/2022;001-0111124;RVC;18/03/2022;18/03/2022;FUNDO ARMONIA;20/03/2022;21/03/2022;12;0026-000560;0014-0001981;24/05/2022;2021-3;UPS;1Z48V0570490408858;;Cargada en CP. -  [21-254-HPER // 4700002275 // TCLU1630466]
2021-2022;LIQUIDADA;21-254-HPER;4700002275;RENE;PROJAR;SUSTRATOS;FIBRA DE COCO EN BIG BAG 5.5 M3;RV11;FE21-01332;24;BOLSAS;EUR;15,704.64;0;CIF;SEA;FCL/FCL;ALGECIRAS;CALLAO;1;40HC;24;;NA;DIRECTO;MSC;048ICA0100598;TCLU5847866;NA;17/12/2021;29/11/2021;26/12/2021;12/01/2022;2;MEDUCD529680;MSC VITA NX205A;9/01/2022;9/03/2022;10/03/2022;10;NO;#¡REF!;#¡REF!;IMUPESA;AVM;286;25/02/2022;8/03/2022;118-2022-10-086506-01-3-00;Verde;10/03/2022;10/03/2022;9/03/2022;15/03/2022;16/03/2022;20/03/2022;AVM;18/03/2022;001-0111125;RVC;18/03/2022;18/03/2022;FUNDO ARMONIA;20/03/2022;21/03/2022;12;0004-002061;0014-0001982;24/05/2022;2021-3;UPS;1Z48V0570490408858;;Cargada en CP. -  [21-254-HPER // 4700002275 // TCLU5847866]
2021-2022;LIQUIDADA;21-255-HPER;4700002280;RENE;PROJAR;SUSTRATOS;TURBA BLEND 1530F;RV11;FX21-00547;22;UN;EUR;9,725.06;20% AP;CIF;SEA;FCL/FCL;RIGA;CALLAO;1;40HC;22;;NA;DIRECTO;HAPAG LLOYD;77698832;HLBU1639460;NA;;15/12/2021;15/12/2021;15/12/2021;50;HLCURIX211210058;SANTOS EXPRESS 2204S;20/01/2022;24/02/2022;25/02/2022;8;NO;#¡REF!;#¡REF!;IMUPESA;AVM;158;15/01/2022;25/02/2022;118-2022-10-072743-01-8-00;Verde;26/02/2022;27/02/2022;25/02/2022;1/03/2022;11/03/2022;;AVM;12/03/2022;001-0111104;TRANSPESA;12/03/2022;12/03/2022;FUNDO ARMONIA;20/03/2022;21/03/2022;12;0006-000501;014-0001970;24/05/2022;2021-3;UPS;1Z48V0570499329632;;Cargada en CP - [21-255-HPER // 4700002280 // HLBU1639460]
2021-2022;LIQUIDADA;21-256-HPER;4700002276;RENE;PROJAR;SUSTRATOS;FIBRA DE COCO EN BIG BAG 5.5 M3;RV11;FE21-01331;24;BOLSAS;EUR;15,704.64;0;CIF;SEA;FCL/FCL;ALGECIRAS;CALLAO;1;40HC;24;;NA;DIRECTO;MSC;048ICA0100715;FCIU8703524;NA;17/12/2021;29/11/2021;26/12/2021;12/01/2022;2;MEDUCD529359;MSC VITA NX205A;9/01/2022;9/03/2022;10/03/2022;10;NO;#¡REF!;#¡REF!;IMUPESA;AVM;287;25/02/2022;11/03/2022;118-2022-10-092188-01-1-00;Verde;10/03/2022;10/03/2022;11/03/2022;15/03/2022;16/03/2022;20/03/2022;AVM;17/03/2022;001-0111127;RVC;17/03/2022;17/03/2022;FUNDO ARMONIA;17/03/2022;18/03/2022;11;0010-001569;014-0001979;24/05/2022;2021-3;UPS;1Z48V0570490408858;;Cargada en CP. - [21-256-HPER // 4700002276 // FCIU8703524]
2021-2022;LIQUIDADA;21-256-HPER;4700002276;RENE;PROJAR;SUSTRATOS;FIBRA DE COCO EN BIG BAG 5.5 M3;RV11;FE21-01331;24;BOLSAS;EUR;15,704.64;0;CIF;SEA;FCL/FCL;ALGECIRAS;CALLAO;1;40HC;24;;NA;DIRECTO;MSC;048ICA0100715;MSMU7671028;NA;17/12/2021;29/11/2021;26/12/2021;12/01/2022;2;MEDUCD529359;MSC VITA NX205A;9/01/2022;9/03/2022;10/03/2022;10;NO;#¡REF!;#¡REF!;IMUPESA;AVM;287;25/02/2022;11/03/2022;118-2022-10-092188-01-1-00;Verde;10/03/2022;10/03/2022;11/03/2022;15/03/2022;16/03/2022;20/03/2022;AVM;17/03/2022;001-0111128;RVC;17/03/2022;17/03/2022;FUNDO ARMONIA;17/03/2022;18/03/2022;11;0020-000796;014-0001980;24/05/2022;2021-3;UPS;1Z48V0570490408858;;Cargada en CP. - [21-256-HPER // 4700002276 // MSMU7671028] 
2021-2022;LIQUIDADA;21-256-HPER;4700002276;RENE;PROJAR;SUSTRATOS;FIBRA DE COCO EN BIG BAG 5.5 M3;RV11;FE21-01331;24;BOLSAS;EUR;15,704.64;0;CIF;SEA;FCL/FCL;ALGECIRAS;CALLAO;1;40HC;24;;NA;DIRECTO;MSC;048ICA0100715;CAXU9904173;NA;17/12/2021;29/11/2021;26/12/2021;12/01/2022;2;MEDUCD529359;MSC VITA NX205A;9/01/2022;9/03/2022;10/03/2022;10;NO;#¡REF!;#¡REF!;IMUPESA;AVM;287;25/02/2022;11/03/2022;118-2022-10-092188-01-1-00;Verde;10/03/2022;10/03/2022;11/03/2022;15/03/2022;16/03/2022;20/03/2022;AVM;17/03/2022;001-0111126;RVC;17/03/2022;17/03/2022;FUNDO ARMONIA;17/03/2022;18/03/2022;11;0018-000908;014-0001978;24/05/2022;2021-3;UPS;1Z48V0570490408858;;Cargada en CP -  [21-256-HPER // 4700002276 //  CAXU9904173]
2021-2022;LIQUIDADA;21-257-HPER;4700001929;OMAR;OZ VARIETIES PTY LTD;PLANTAS;MAGICA;-;INV-OVAU-1505 / INV-OVAU-1606 / INV-OVAU-1607;312,000;UN;USD;817,285.00;90;CPT;AIR;AIR;SANTIAGO;LIMA;-;-;10;;NA;DIRECTO;KOREAN AIR;;-;NA;;20/12/2021;20/12/2021;20/12/2021;51;180-48398033;KE0274/06;20/12/2021;20/12/2021;20/12/2021;51;SI;21-257-HPER;20/12/2021;SAASA;AVM;1146;30/11/2021;22/12/2021;235-2021-10-194415-01-2-00;Verde;20/12/2021;20/12/2021;22/12/2021;23/12/2021;23/12/2021;;LIP;23/12/2021;;LIP;NA;NA;VIVERO ILUSION;23/12/2021;24/12/2021;51;;;24/05/2022;2021-3;;-;;No cargada por medio de transporte AIRE (25/02) [21-257-HPER // 4700001929]
2021-2022;LIQUIDADA;21-257-HPER;4700001929;OMAR;OZ VARIETIES PTY LTD;PLANTAS;BONITA;-;INV-OVAU-1505 / INV-OVAU-1606 / INV-OVAU-1607;312,000;UN;USD;817,285.00;90;CPT;AIR;AIR;SANTIAGO;LIMA;-;-;10;;NA;DIRECTO;KOREAN AIR;;-;NA;;20/12/2021;20/12/2021;20/12/2021;51;180-48398033;KE0274/06;20/12/2021;20/12/2021;20/12/2021;51;SI;21-257-HPER;20/12/2021;SAASA;AVM;1146;30/11/2021;22/12/2021;235-2021-10-194415-01-2-00;Verde;20/12/2021;20/12/2021;22/12/2021;23/12/2021;23/12/2021;;LIP;23/12/2021;;LIP;NA;NA;VIVERO ILUSION;23/12/2021;24/12/2021;51;;;24/05/2022;2021-3;;-;;No cargada por medio de transporte AIRE (25/02) [21-257-HPER // 4700001929]
2021-2022;LIQUIDADA;21-258-HPER;4700002263;OMAR;HORTIFRUT CHILE SA;PLANTAS;HT-73;-;11981;5,000;UN;USD;4,664.00;90;CFR;AIR;AIR;SANTIAGO;LIMA;-;-;1;;NA;DIRECTO;LATAM;;-;NA;;20/12/2021;20/12/2021;20/12/2021;51;045-45727334;LA1404/19;20/12/2021;20/12/2021;20/12/2021;51;SI;21-258-HPER;20/12/2021;SAASA;AVM;1147;6/12/2021;21/12/2021;235-2021-10-193883-01-2-00;Verde;20/12/2021;20/12/2021;21/12/2021;;;;AVM;27/12/2021;;AVM;NA;NA;VIVERO ILUSION;27/12/2021;28/12/2021;52;;;24/05/2022;2021-3;;-;;No cargada por medio de transporte AIRE (25/02) [21-258-HPER // 4700002263]
2021-2022;LIQUIDADA;21-258-HPER;4700002263;OMAR;HORTIFRUT CHILE SA;PLANTAS;HT-78;-;11981;5,000;UN;USD;4,664.00;90;CFR;AIR;AIR;SANTIAGO;LIMA;-;-;1;;NA;DIRECTO;LATAM;;-;NA;;20/12/2021;20/12/2021;20/12/2021;51;045-45727334;LA1404/19;20/12/2021;20/12/2021;20/12/2021;51;SI;21-258-HPER;20/12/2021;SAASA;AVM;1147;6/12/2021;21/12/2021;235-2021-10-193883-01-2-00;Verde;20/12/2021;20/12/2021;21/12/2021;;;;AVM;27/12/2021;;AVM;NA;NA;VIVERO ILUSION;27/12/2021;28/12/2021;52;;;24/05/2022;2021-3;;-;;No cargada por medio de transporte AIRE (25/02) [21-258-HPER // 4700002263]
2021-2022;LIQUIDADA;21-259-HPER;4700002180;JOSE;SPECTRUM;EQP & INST;MEDIDODRES DE HUMEDAD;-;OR80877637804;10;UN;USD;7,544.00;0;DAP;AIR;AIR;MIAMI;LIMA;-;-;1;14/12/2021;NA;FEDEX;FEDEX;5.41828E+11;-;22/12/2021;22/12/2021;22/12/2021;22/12/2021;22/12/2021;51;541828263281;-;10/01/2022;10/01/2022;10/01/2022;2;NO;#¡REF!;#¡REF!;FEDEX;SCHRAFF;;;;;;;;;;;;SCHRAFF;7/01/2022;;SHCRAFF;NA;NA;VIVERO ILUSION;7/01/2022;8/01/2022;1;;;24/05/2022;2021-3;;-;;No cargada por medio de transporte AIRE (22/04) [21-259-HPER // 4700002180]
2021-2022;LIQUIDADA;21-260-HPER;4700002300;RENE;VERITAS;SUSTRATOS;"5KG NAKED BRICKS-BLUEBERRY
BLEND";RV11;202122/187A;5,100;UN;USD;32,095.00;20% AP;CIF;SEA;FCL/FCL;COLOMBO;CALLAO;1;40HC;20;;NA;DIRECTO;COSCO;6321293311;CSNU6842238;NA;;15/12/2021;15/12/2021;19/12/2021;50;COSU6321293311;SEASPAN OCEANIK 028E;23/02/2022;22/02/2022;26/02/2022;8;NO;#¡REF!;#¡REF!;IMUPESA;AVM;284;16/02/2022;25/02/2022;118-2022-10-073814-01-6-00;Verde;27/02/2022;28/02/2022;26/02/2022;14/03/2022;14/03/2022;13/03/2022;AVM;15/03/2022;001-0111111;TRANSPESA;15/03/2022;;FUNDO ARMONIA;22/03/2022;23/03/2022;12;0010-000199;014-0001975;24/05/2022;2021-3;DHL;6221869765;;Cargada en CP - [21-260-HPER // 4700002300 // CSNU6842238]
2021-2022;LIQUIDADA;21-260-HPER;4700002300;RENE;VERITAS;SUSTRATOS;"5KG NAKED BRICKS-BLUEBERRY
BLEND";RV11;202122/187A;5,100;UN;USD;32,095.00;20% AP;CIF;SEA;FCL/FCL;COLOMBO;CALLAO;1;40HC;20;;NA;DIRECTO;COSCO;6321293311;TGBU9288167;NA;;15/12/2021;15/12/2021;19/12/2021;50;COSU6321293311;SEASPAN OCEANIK 028E;23/02/2022;22/02/2022;26/02/2022;8;NO;#¡REF!;#¡REF!;IMUPESA;AVM;284;16/02/2022;25/02/2022;118-2022-10-073814-01-6-00;Verde;27/02/2022;28/02/2022;26/02/2022;14/03/2022;14/03/2022;13/03/2022;AVM;15/03/2022;001-0111110;TRANSPESA;15/03/2022;;FUNDO ARMONIA;20/03/2022;21/03/2022;12;0004-239944;014-0001972;24/05/2022;2021-3;DHL;6221869765;;Cargada en CP - [21-260-HPER // 4700002300 // TGBU9288167]
2021-2022;LIQUIDADA;21-260-HPER;4700002300;RENE;VERITAS;SUSTRATOS;"5KG NAKED BRICKS-BLUEBERRY
BLEND";RV11;202122/187A;5,100;UN;USD;32,095.00;20% AP;CIF;SEA;FCL/FCL;COLOMBO;CALLAO;1;40HC;20;;NA;DIRECTO;COSCO;6321293311;TRHU4457756;NA;;15/12/2021;15/12/2021;19/12/2021;50;COSU6321293311;SEASPAN OCEANIK 028E;23/02/2022;22/02/2022;26/02/2022;8;NO;#¡REF!;#¡REF!;IMUPESA;AVM;284;16/02/2022;25/02/2022;118-2022-10-073814-01-6-00;Verde;27/02/2022;28/02/2022;26/02/2022;14/03/2022;14/03/2022;13/03/2022;AVM;15/03/2022;001-0111109;TRANSPESA;15/03/2022;;FUNDO ARMONIA;20/03/2022;21/03/2022;12;0004-239246;014-0001971;24/05/2022;2021-3;DHL;6221869765;;Cargada en CP - [21-260-HPER // 4700002300 // TRHU4457756]
2021-2022;LIQUIDADA;21-261-HPER;4700002301;RENE;VERITAS;SUSTRATOS;"5KG NAKED BRICKS-BLUEBERRY
BLEND";RV11;202122/187B;5,100;UN;USD;32,095.00;20% AP;CIF;SEA;FCL/FCL;COLOMBO;CALLAO;1;40HC;20;;NA;DIRECTO;COSCO;6321293312;CSNU6270322;NA;;15/12/2021;15/12/2021;19/12/2021;50;COSU6321293312;SEASPAN OCEANIK 028E;23/02/2022;22/02/2022;26/02/2022;8;NO;#¡REF!;#¡REF!;IMUPESA;AVM;285;16/02/2022;25/02/2022;118-2022-10-073906-01-8-00;Verde;27/02/2022;28/02/2022;26/02/2022;14/03/2022;14/03/2022;13/03/2022;AVM;15/03/2022;001-0111114;TRANSPESA;15/03/2022;;FUNDO ARMONIA;21/03/2022;22/03/2022;12;0009-000195;014-0001974;24/05/2022;2021-3;DHL;6221869765;;Cargada en CP - [21-261-HPER // 4700002301 // CSNU6270322]
2021-2022;LIQUIDADA;21-261-HPER;4700002301;RENE;VERITAS;SUSTRATOS;"5KG NAKED BRICKS-BLUEBERRY
BLEND";RV11;202122/187B;5,100;UN;USD;32,095.00;20% AP;CIF;SEA;FCL/FCL;COLOMBO;CALLAO;1;40HC;20;;NA;DIRECTO;COSCO;6321293312;OOCU8375679;NA;;15/12/2021;15/12/2021;19/12/2021;50;COSU6321293312;SEASPAN OCEANIK 028E;23/02/2022;22/02/2022;26/02/2022;8;NO;#¡REF!;#¡REF!;IMUPESA;AVM;285;16/02/2022;25/02/2022;118-2022-10-073906-01-8-00;Verde;27/02/2022;28/02/2022;26/02/2022;14/03/2022;14/03/2022;13/03/2022;AVM;15/03/2022;001-0111112;TRANSPESA;15/03/2022;;FUNDO ARMONIA;20/03/2022;21/03/2022;12;0003-000522;014-0001973;24/05/2022;2021-3;DHL;6221869765;;Cargada en CP - [21-261-HPER // 4700002301 // OOCU8375679]
2021-2022;LIQUIDADA;21-261-HPER;4700002301;RENE;VERITAS;SUSTRATOS;"5KG NAKED BRICKS-BLUEBERRY
BLEND";RV11;202122/187B;5,100;UN;USD;32,095.00;20% AP;CIF;SEA;FCL/FCL;COLOMBO;CALLAO;1;40HC;20;;NA;DIRECTO;COSCO;6321293312;GLDU7535453;NA;;15/12/2021;15/12/2021;19/12/2021;50;COSU6321293312;SEASPAN OCEANIK 028E;23/02/2022;22/02/2022;26/02/2022;8;NO;#¡REF!;#¡REF!;IMUPESA;AVM;285;16/02/2022;25/02/2022;118-2022-10-073906-01-8-00;Verde;27/02/2022;28/02/2022;26/02/2022;14/03/2022;14/03/2022;13/03/2022;AVM;15/03/2022;;JOSELITO;16/03/2022;;FUNDO ARMONIA;27/03/2022;28/03/2022;13;0001-0199038;014-0001405;24/05/2022;2021-3;DHL;6221869765;;Cargada en CP - [21-261-HPER // 4700002301 // GLDU7535453]
2021-2022;LIQUIDADA;21-262-HPER;4700002302;RENE;VERITAS;SUSTRATOS;"5KG NAKED BRICKS-BLUEBERRY
BLEND";RV11;202122/187C;5,100;UN;USD;32,095.00;20% AP;CIF;SEA;FCL/FCL;COLOMBO;CALLAO;1;40HC;20;;NA;DIRECTO;COSCO;6321293310;CSNU7152670;NA;;15/12/2021;15/12/2021;19/12/2021;50;COSU6321293310;SEASPAN OCEANIK 028E;23/02/2022;22/02/2022;26/02/2022;8;NO;#¡REF!;#¡REF!;IMUPESA;AVM;283;16/02/2022;25/02/2022;118-2022-10-073631-01-9-00;Verde;27/02/2022;28/02/2022;26/02/2022;14/03/2022;14/03/2022;13/03/2022;AVM;15/03/2022;001-0111115;AGERSA;15/03/2022;;FUNDO ARMONIA;17/03/2022;18/03/2022;11;0017-002586;014-0001482;24/05/2022;2021-3;DHL;6221869765;;Cargada en CP - [21-262-HPER // 4700002302 // CSNU7152670]
2021-2022;LIQUIDADA;21-262-HPER;4700002302;RENE;VERITAS;SUSTRATOS;"5KG NAKED BRICKS-BLUEBERRY
BLEND";RV11;202122/187C;5,100;UN;USD;32,095.00;20% AP;CIF;SEA;FCL/FCL;COLOMBO;CALLAO;1;40HC;20;;NA;DIRECTO;COSCO;6321293310;FSCU7274086;NA;;15/12/2021;15/12/2021;19/12/2021;50;COSU6321293310;SEASPAN OCEANIK 028E;23/02/2022;22/02/2022;26/02/2022;8;NO;#¡REF!;#¡REF!;IMUPESA;AVM;283;16/02/2022;25/02/2022;118-2022-10-073631-01-9-00;Verde;27/02/2022;28/02/2022;26/02/2022;14/03/2022;14/03/2022;13/03/2022;AVM;15/03/2022;001-0111116;AGERSA;15/03/2022;;FUNDO ARMONIA;17/03/2022;18/03/2022;11;0023-002276;014-0001483;24/05/2022;2021-3;DHL;6221869765;;Cargada en CP - [21-262-HPER // 4700002302 //FSCU7274086]
2021-2022;LIQUIDADA;21-262-HPER;4700002302;RENE;VERITAS;SUSTRATOS;"5KG NAKED BRICKS-BLUEBERRY
BLEND";RV11;202122/187C;5,100;UN;USD;32,095.00;20% AP;CIF;SEA;FCL/FCL;COLOMBO;CALLAO;1;40HC;20;;NA;DIRECTO;COSCO;6321293310;UETU5159804;NA;;15/12/2021;15/12/2021;19/12/2021;50;COSU6321293310;SEASPAN OCEANIK 028E;23/02/2022;22/02/2022;26/02/2022;8;NO;#¡REF!;#¡REF!;IMUPESA;AVM;283;16/02/2022;25/02/2022;118-2022-10-073631-01-9-00;Verde;27/02/2022;28/02/2022;26/02/2022;14/03/2022;14/03/2022;13/03/2022;AVM;15/03/2022;001-0111117;AGERSA;15/03/2022;;FUNDO ARMONIA;17/03/2022;18/03/2022;11;0060-000899;014-0001484;24/05/2022;2021-3;DHL;6221869765;;Cargada en CP - [21-262-HPER // 4700002302 // UETU5159804]
2021-2022;LIQUIDADA;21-263-HPER;4700002084;OMAR;PROINECO;AGQ;PROIN ORGANIC;-;70;18000;LT;EUR;14,400.00;60;EXW;SEA;FCL/FCL;ALGECIRAS;CALLAO;1;20ST;18;18/12/2021;2/09/2021;AIRSEALOG;MSC;;TCKU3855654;27/12/2021;27/12/2021;28/12/2021;2/01/2022;14/01/2022;2;PMEM052634;MSC AINO NX203A;9/02/2022;23/02/2022;23/02/2022;8;SI;21-263-HPER;14-Ene;IMUPESA;AVM;251;4/02/2022;23/02/2022;118-2022-10-069715-01-7-00;Verde;24/02/2022;25/02/2022;23/02/2022;-;-;28/02/2022;AVM;2/03/2022;001-0110827;AGERSA;2/03/2022;2/03/2022;FUNDO ARMONIA;1/03/2022;2/03/2022;9;00011-002894;014-0001941;24/05/2022;2021-3;;-;;Cargada en CP - [21-263-HPER // 4700002084 // TCKU3855654]
2021-2022;LIQUIDADA;21-263-HPER;4700002084;OMAR;PROINECO;AGQ;PROIN ORGANIC;-;70;18000;LT;EUR;14,400.00;60;EXW;SEA;FCL/FCL;ALGECIRAS;CALLAO;1;20ST;18;18/12/2021;2/09/2021;AIRSEALOG;MSC;;DFSU2228288;27/12/2021;27/12/2021;28/12/2021;2/01/2022;14/01/2022;2;PMEM052634;MSC AINO NX203A;9/02/2022;23/02/2022;23/02/2022;8;SI;21-263-HPER;14-Ene;IMUPESA;AVM;251;4/02/2022;23/02/2022;118-2022-10-069715-01-7-00;Verde;24/02/2022;25/02/2022;23/02/2022;-;-;28/02/2022;AVM;2/03/2022;001-0110826;AGERSA;2/03/2022;2/03/2022;FUNDO ARMONIA;1/03/2022;2/03/2022;9;00017-002579;014-0001940;24/05/2022;2021-3;;-;;Cargada en CP - [21-263-HPER // 4700002084 // DFSU2228288]
2021-2022;LIQUIDADA;21-264-HPER;4700002286;RENE;PROJAR;SUSTRATOS;EASY PLANTER 27L;RV11;FX21-00574;7,200;UN;USD;31,421.00;20% AP;CIF;SEA;FCL/FCL;COLOMBO;CALLAO;1;40HC;24;;NA;DIRECTO;MSC;EBKG02227690;MSMU7375807;NA;;6/12/2021;6/12/2021;6/12/2021;49;MEDUC0745629;MSC DOMITILLE XA201A;3/02/2022;9/02/2022;8/02/2022;6;NO;#¡REF!;#¡REF!;IMUPESA;AVM;86;28/01/2022;4/02/2022;118-2022-10-046763-01-5-00;Verde;9/02/2022;9/02/2022;8/02/2022;11/02/2022;11/02/2022;;AVM;15/02/2022;;TRANSPESA;15/02/2022;15/02/2022;FUNDO ARMONIA;17/02/2022;18/02/2022;7;0004-235754;014-0001452;24/05/2022;2021-3;UPS;1Z48V0570495311587;;Cargada en CP -  [21-264-HPER // 4700002286 //  MSMU7375807]
2021-2022;LIQUIDADA;21-264-HPER;4700002286;RENE;PROJAR;SUSTRATOS;EASY PLANTER 27L;RV11;FX21-00574;7,200;UN;USD;31,421.00;20% AP;CIF;SEA;FCL/FCL;COLOMBO;CALLAO;1;40HC;24;;NA;DIRECTO;MSC;EBKG02227690;MSDU7002520;NA;;6/12/2021;6/12/2021;6/12/2021;49;MEDUC0745629;MSC DOMITILLE XA201A;3/02/2022;9/02/2022;8/02/2022;6;NO;#¡REF!;#¡REF!;IMUPESA;AVM;86;28/01/2022;4/02/2022;118-2022-10-046763-01-5-00;Verde;9/02/2022;9/02/2022;8/02/2022;11/02/2022;11/02/2022;;AVM;15/02/2022;001-0110283;TRANSPESA;15/02/2022;15/02/2022;FUNDO ARMONIA;16/02/2022;17/02/2022;7;0001-005239;014-0001451;24/05/2022;2021-3;UPS;1Z48V0570495311587;;Cargada en CP - [21-264-HPER // 4700002286 //  MSDU7002520]
2021-2022;LIQUIDADA;21-264-HPER;4700002286;RENE;PROJAR;SUSTRATOS;EASY PLANTER 27L;RV11;FX21-00574;7,200;UN;USD;31,421.00;20% AP;CIF;SEA;FCL/FCL;COLOMBO;CALLAO;1;40HC;24;;NA;DIRECTO;MSC;EBKG02227690;FFAU1657965;NA;;6/12/2021;6/12/2021;6/12/2021;49;MEDUC0745629;MSC DOMITILLE XA201A;3/02/2022;9/02/2022;8/02/2022;6;NO;#¡REF!;#¡REF!;IMUPESA;AVM;86;28/01/2022;4/02/2022;118-2022-10-046763-01-5-00;Verde;9/02/2022;9/02/2022;8/02/2022;11/02/2022;11/02/2022;;AVM;15/02/2022;;TRANSPESA;15/02/2022;15/02/2022;FUNDO ARMONIA;18/02/2022;19/02/2022;7;0010-033056;014-0001453;24/05/2022;2021-3;UPS;1Z48V0570495311587;;Cargada en CP - [21-264-HPER // 4700002286 //  FFAU1657965]
2021-2022;LIQUIDADA;21-265-HPER;4700002316;RENE;PROJAR;SUSTRATOS;TURBA BLEND 1530F;RV11;FX21-00548;22;UN;EUR;9,725.06;20% AP;CIF;SEA;FCL/FCL;RIGA;CALLAO;1;40HC;22;;NA;DIRECTO;HAPAG LLOYD;77698832;HLXU8128746;NA;;15/12/2021;15/12/2021;15/12/2021;50;HLCURIX211210014;SANTOS EXPRESS 2204S;20/01/2022;24/02/2022;25/02/2022;8;NO;#¡REF!;#¡REF!;IMUPESA;AVM;159;15/01/2022;25/02/2022;118-2022-10-073118-01-1-00;Verde;26/02/2022;26/02/2022;25/02/2022;1/03/2022;9/03/2022;10/03/2022;AVM;10/03/2022;001-0111082;JOSELITO;10/03/2022;10/03/2022;FUNDO ARMONIA;13/03/2022;14/03/2022;11;0001-0021902;014-0001403;24/05/2022;2021-3;UPS;1Z48V0570499329632;;Cargada en CP - [21-265-HPER // 4700002316 // HLXU8128746]
2021-2022;LIQUIDADA;21-265-HPER;4700002316;RENE;PROJAR;SUSTRATOS;TURBA BLEND 1530F;RV11;FX21-00548;22;UN;EUR;9,725.06;20% AP;CIF;SEA;FCL/FCL;RIGA;CALLAO;1;40HC;22;;NA;DIRECTO;HAPAG LLOYD;77698832;CAIU4826902;NA;;15/12/2021;15/12/2021;15/12/2021;50;HLCURIX211210014;SANTOS EXPRESS 2204S;20/01/2022;24/02/2022;25/02/2022;8;NO;#¡REF!;#¡REF!;IMUPESA;AVM;159;15/01/2022;25/02/2022;118-2022-10-073118-01-1-00;Verde;26/02/2022;26/02/2022;25/02/2022;1/03/2022;9/03/2022;10/03/2022;AVM;10/03/2022;001-0111083;JOSELITO;10/03/2022;10/03/2022;FUNDO ARMONIA;13/03/2022;14/03/2022;11;0001-0021518;014-0001404;24/05/2022;2021-3;UPS;1Z48V0570499329632;;Cargada en CP - [21-265-HPER // 4700002316 // CAIU4826902]
2021-2022;LIQUIDADA;21-266-HPER;4700002317;RENE;PROJAR;SUSTRATOS;TURBA BLEND 1530F;RV11;FX21-00562;22;UN;EUR;9,725.06;20% AP;CIF;SEA;FCL/FCL;RIGA;CALLAO;1;40HC;22;;NA;DIRECTO;HAPAG LLOYD;77405366;HLBU2574949;NA;;15/12/2021;19/12/2021;19/12/2021;50;HLCURIX211210640;CMA CGM JEAN GABRIEL 2202S;20/01/2022;11/02/2022;11/02/2022;6;NO;#¡REF!;#¡REF!;IMUPESA;AVM;160;15/01/2022;31/01/2022;118-2022-10-038577-01-1-00;Verde;12/02/2022;12/02/2022;18/02/2022;15/02/2022;22/02/2022;24/02/2022;AVM;25/02/2022;001-0110569;AGERSA;25/02/2022;25/02/2022;FUNDO ARMONÍA;28/02/2022;1/03/2022;9;0024-001881;014-0001936;24/05/2022;2021-3;UPS;1Z48V0570496779278;;Cargada en CP -  [21-266-HPER // 4700002317 // HLBU2574949]
2021-2022;LIQUIDADA;21-266-HPER;4700002317;RENE;PROJAR;SUSTRATOS;TURBA BLEND 1530F;RV11;FX21-00562;22;UN;EUR;9,725.06;20% AP;CIF;SEA;FCL/FCL;RIGA;CALLAO;1;40HC;22;;NA;DIRECTO;HAPAG LLOYD;77405366;FSCU8236455;NA;;15/12/2021;19/12/2021;19/12/2021;50;HLCURIX211210640;CMA CGM JEAN GABRIEL 2202S;20/01/2022;11/02/2022;11/02/2022;6;NO;#¡REF!;#¡REF!;IMUPESA;AVM;160;15/01/2022;31/01/2022;118-2022-10-038577-01-1-00;Verde;12/02/2022;12/02/2022;18/02/2022;15/02/2022;22/02/2022;24/02/2022;AVM;25/02/2022;001-0110570;AGERSA;25/02/2022;25/02/2022;FUNDO ARMONÍA;28/02/2022;1/03/2022;9;0022-002792;014-0001935;24/05/2022;2021-3;UPS;1Z48V0570496779278;;Cargada en CP - [21-266-HPER // 4700002317 // FSCU8236455]
2021-2022;LIQUIDADA;21-267-HPER;4700002318;RENE;PROJAR;SUSTRATOS;TURBA BLEND 1530F;RV11;FX21-00563;22;UN;EUR;9,725.06;20% AP;CIF;SEA;FCL/FCL;RIGA;CALLAO;1;40HC;22;;NA;DIRECTO;HAPAG LLOYD;78192030;HLXU8105756;NA;;15/12/2021;19/12/2021;19/12/2021;50;HLCURIX211210650;SANTOS EXPRESS 2204S;20/01/2022;24/02/2022;25/02/2022;8;NO;#¡REF!;#¡REF!;IMUPESA;AVM;161;15/01/2022;24/02/2022;118-2022-10-071228-01-2-00;Verde;26/02/2022;26/02/2022;25/02/2022;1/03/2022;9/03/2022;10/03/2022;AVM;10/03/2022;001-0111084;RVC;10/03/2022;10/03/2022;FUNDO ARMONIA;10/03/2022;11/03/2022;10;0030-000146;014-0001886;24/05/2022;2021-3;UPS;1Z48V0570496779278;;Cargada en CP - [21-267-HPER // 4700002318 // HLXU8105756]
2021-2022;LIQUIDADA;21-268-HPER;4700002277;RENE;PROJAR;SUSTRATOS;FIBRA DE COCO EN BIG BAG 5.5 M3;RV11;FE21-01223;24;BOLSAS;EUR;15,704.64;0;CIF;SEA;FCL/FCL;ALGECIRAS;CALLAO;1;40HC;24;;NA;DIRECTO;MSC;048ICA0100815;TRHU6511706;NA;;12/12/2021;12/12/2021;12/12/2021;49;MEDUCD520606;MSC DOMITILLE XA201A;9/01/2022;9/02/2022;8/02/2022;6;NO;#¡REF!;#¡REF!;IMUPESA;AVM;206;28/01/2022;4/02/2022;118-2022-10-046816-01-1-00;Verde;9/02/2022;9/02/2022;8/02/2022;11/02/2022;11/02/2022;;AVM;12/02/2022;001-0110284;JOSELITO;12/02/2022;12/02/2022;FUNDO ARMONIA;16/02/2022;17/02/2022;7;;;24/05/2022;2021-3;UPS;1Z48V0570492407999;;Cargada en CP - [21-268-HPER // 4700002277 // TRHU6511706]
2021-2022;LIQUIDADA;21-268-HPER;4700002277;RENE;PROJAR;SUSTRATOS;FIBRA DE COCO EN BIG BAG 5.5 M3;RV11;FE21-01223;24;BOLSAS;EUR;15,704.64;0;CIF;SEA;FCL/FCL;ALGECIRAS;CALLAO;1;40HC;24;;NA;DIRECTO;MSC;048ICA0100815;INKU6730965;NA;;12/12/2021;12/12/2021;12/12/2021;49;MEDUCD520606;MSC DOMITILLE XA201A;9/01/2022;9/02/2022;8/02/2022;6;NO;#¡REF!;#¡REF!;IMUPESA;AVM;206;28/01/2022;4/02/2022;118-2022-10-046816-01-1-00;Verde;9/02/2022;9/02/2022;8/02/2022;11/02/2022;11/02/2022;;AVM;12/02/2022;;RVC;12/02/2022;12/02/2022;FUNDO ARMONIA;13/02/2022;14/02/2022;7;0030-000136;014-0001868;24/05/2022;2021-3;UPS;1Z48V0570492407999;;Cargada en CP - [21-268-HPER // 4700002277 // INKU6730965]
2021-2022;LIQUIDADA;21-268-HPER;4700002277;RENE;PROJAR;SUSTRATOS;FIBRA DE COCO EN BIG BAG 5.5 M3;RV11;FE21-01223;24;BOLSAS;EUR;15,704.64;0;CIF;SEA;FCL/FCL;ALGECIRAS;CALLAO;1;40HC;24;;NA;DIRECTO;MSC;048ICA0100815;TRHU5531040;NA;;12/12/2021;12/12/2021;12/12/2021;49;MEDUCD520606;MSC DOMITILLE XA201A;9/01/2022;9/02/2022;8/02/2022;6;NO;#¡REF!;#¡REF!;IMUPESA;AVM;206;28/01/2022;4/02/2022;118-2022-10-046816-01-1-00;Verde;9/02/2022;9/02/2022;8/02/2022;11/02/2022;11/02/2022;;AVM;12/02/2022;;RVC;12/02/2022;12/02/2022;FUNDO ARMONIA;14/02/2022;15/02/2022;7;0008-001852;014-0001869;24/05/2022;2021-3;UPS;1Z48V0570492407999;;Cargada en CP - [21-268-HPER // 4700002277 // TRHU5531040]
2021-2022;LIQUIDADA;21-269-HPER;PEA2461101;GERMAN;TOPCONTROL GMBH SRL;MUESTRAS;PLACA DE CIRCUITO IMPRESO (GARANTÍA DE SERVICIO) ;-;NA;1;UN;USD;1.00;20% AP;DAP;AIR;AIR;GENOVA;LIMA;-;-;1;;NA;DHL;DHL;;NA;NA;;18/12/2021;18/12/2021;18/12/2021;50;4446838130;-;18/12/2021;18/12/2021;18/12/2021;50;NO;NA;NA;DHL;DHL;1106074;;18/12/2021;235-2021-28-1106074-41-0-00;;;;;;;;DHL;28/12/2021;;DHL;NA;NA;PACKING SALAVERRY;29/12/2021;30/12/2021;52;;;24/05/2022;2021-3;DHL;-;;No cargada por medio de transporte AIRE (25/02) [21-269-HPER // PEA2461101]
2021-2022;LIQUIDADA;21-270-HPER;PEA2H10101;RENE;COOLPACK;MUESTRAS;MUESTRAS;-;NA;1;UN;USD;1.00;0;DAP;AIR;AIR;MEXICO;LIMA;-;-;1;;NA;UPS;UPS;;-;NA;;17/12/2022;17/12/2022;17/12/2022;50;324858JXWWP;-;17/12/2021;17/12/2021;17/12/2021;50;NO;NA;NA;UPS;UPS;;;;2021-01108161;;;;;NA;NA;;UPS;28/12/2021;;OLVA;NA;NA;PACKING SALAVERRY;30/12/2021;31/12/2021;52;;;24/05/2022;2021-3;;-;;No cargada por medio de transporte AIRE (25/02) [21-270-HPER // PEA2H10101]
2021-2022;LIQUIDADA;21-271-HPER;4700002350;RENE;PROJAR;SUSTRATOS;EASY PLANTER 14.4L;RV11;FX21-00583;13,000;UN;USD;15,340.00;20% AP;FOB;SEA;FCL/FCL;COLOMBO;CALLAO;1;40HC;20;;;AIRSEALOG;WAN HAI;062B002341;WHLU5627530;NA;;23/12/2021;23/12/2021;23/12/2021;51;SALSE21120173-02;RDO ENDEAVOUR  E052;2/03/2022;5/03/2022;5/03/2022;9;SI;21-271-HPER;28/12/2021;IMUPESA;AVM;167;21/02/2022;4/03/2022;118-2022-10-083048-01-4-00;Verde;6/03/2022;7/03/2022;5/03/2022;9/03/2022;9/03/2022;12/03/2022;AVM;11/03/2022;001-0111088;AGERSA;11/03/2022;11/03/2022;FUNDO ARMONIA;13/03/2022;14/03/2022;11;0028-002767;014-0001478;24/05/2022;2021-3;UPS;1Z48V0570495113658;;Cargada en CP -  [21-271-HPER // 4700002350 // WHLU5627530]
2021-2022;LIQUIDADA;21-271-HPER;4700002350;RENE;PROJAR;SUSTRATOS;EASY PLANTER 14.4L;RV11;FX21-00583;13,000;UN;USD;15,340.00;20% AP;FOB;SEA;FCL/FCL;COLOMBO;CALLAO;1;40HC;20;;;AIRSEALOG;WAN HAI;062B002341;WHSU6260784;NA;;23/12/2021;23/12/2021;23/12/2021;51;SALSE21120173-02;RDO ENDEAVOUR  E052;2/03/2022;5/03/2022;5/03/2022;9;SI;21-271-HPER;28/12/2021;IMUPESA;AVM;167;21/02/2022;4/03/2022;118-2022-10-083048-01-4-00;Verde;6/03/2022;7/03/2022;5/03/2022;9/03/2022;9/03/2022;12/03/2022;AVM;11/03/2022;001-0111090;AGERSA;11/03/2022;11/03/2022;FUNDO ARMONIA;13/03/2022;14/03/2022;11;0023-002273;014-0001477;24/05/2022;2021-3;UPS;1Z48V0570495113658;;Cargada en CP -  [21-271-HPER // 4700002350 // WHSU6260784]
2021-2022;LIQUIDADA;21-271-HPER;4700002350;RENE;PROJAR;SUSTRATOS;EASY PLANTER 14.4L;RV11;FX21-00583;13,000;UN;USD;15,340.00;20% AP;FOB;SEA;FCL/FCL;COLOMBO;CALLAO;1;40HC;20;;;AIRSEALOG;WAN HAI;062B002341;WHSU6321370;NA;;23/12/2021;23/12/2021;23/12/2021;51;SALSE21120173-02;RDO ENDEAVOUR  E052;2/03/2022;5/03/2022;5/03/2022;9;SI;21-271-HPER;28/12/2021;IMUPESA;AVM;167;21/02/2022;4/03/2022;118-2022-10-083048-01-4-00;Verde;6/03/2022;7/03/2022;5/03/2022;9/03/2022;9/03/2022;12/03/2022;AVM;11/03/2022;001-0111089;AGERSA;11/03/2022;11/03/2022;FUNDO ARMONIA;13/03/2022;14/03/2022;11;0017-002584;014-0001950;24/05/2022;2021-3;UPS;1Z48V0570495113658;;Cargada en CP -  [21-271-HPER // 4700002350 // WHSU6321370]
2021-2022;LIQUIDADA;21-272-HPER;4700002351;RENE;PROJAR;SUSTRATOS;EASY PLANTER 14.4L;RV11;FX21-00582;13,000;UN;USD;15,340.00;20% AP;FOB;SEA;FCL/FCL;COLOMBO;CALLAO;1;40HC;20;;;AIRSEALOG;WAN HAI;062B002341;WHSU5763803;NA;;23/12/2021;23/12/2021;23/12/2021;51;SALSE21120173-01;RDO ENDEAVOUR  E052;2/03/2022;5/03/2022;5/03/2022;9;SI;21-272-HPER;28/12/2021;IMUPESA;AVM;168;21/02/2022;3/03/2022;118-2022-10-079598-01-3-00;Verde;6/03/2022;7/03/2022;5/03/2022;9/03/2022;9/03/2022;12/03/2022;AVM;11/03/2022;001-0111091;TRANSPESA;11/03/2022;11/03/2022;FUNDO ARMONIA;17/03/2022;18/03/2022;11;0008-000463;014-0001969;24/05/2022;2021-3;UPS;1Z48V0570495113658;;Cargada en CP -  [ 21-272-HPER // 4700002351 // WHSU5763803]
2021-2022;LIQUIDADA;21-272-HPER;4700002351;RENE;PROJAR;SUSTRATOS;EASY PLANTER 14.4L;RV11;FX21-00582;13,000;UN;USD;15,340.00;20% AP;FOB;SEA;FCL/FCL;COLOMBO;CALLAO;1;40HC;20;;;AIRSEALOG;WAN HAI;062B002341;WHSU5934594;NA;;23/12/2021;23/12/2021;23/12/2021;51;SALSE21120173-01;RDO ENDEAVOUR  E052;2/03/2022;5/03/2022;5/03/2022;9;SI;21-272-HPER;28/12/2021;IMUPESA;AVM;168;21/02/2022;3/03/2022;118-2022-10-079598-01-3-00;Verde;6/03/2022;7/03/2022;5/03/2022;9/03/2022;9/03/2022;12/03/2022;AVM;11/03/2022;001-0111092;TRANSPESA;11/03/2022;11/03/2022;FUNDO ARMONIA;16/03/2022;17/03/2022;11;Pendiente;014-0001968;24/05/2022;2021-3;UPS;1Z48V0570495113658;;Cargada en CP -  [ 21-272-HPER // 4700002351 // WHSU5934594]
2021-2022;LIQUIDADA;21-272-HPER;4700002351;RENE;PROJAR;SUSTRATOS;EASY PLANTER 14.4L;RV11;FX21-00582;13,000;UN;USD;15,340.00;20% AP;FOB;SEA;FCL/FCL;COLOMBO;CALLAO;1;40HC;20;;;AIRSEALOG;WAN HAI;062B002341;WHSU6372721;NA;;23/12/2021;23/12/2021;23/12/2021;51;SALSE21120173-01;RDO ENDEAVOUR  E052;2/03/2022;5/03/2022;5/03/2022;9;SI;21-272-HPER;28/12/2021;IMUPESA;AVM;168;21/02/2022;3/03/2022;118-2022-10-079598-01-3-00;Verde;6/03/2022;7/03/2022;5/03/2022;9/03/2022;9/03/2022;12/03/2022;AVM;11/03/2022;001-0111093;TRANSPESA;11/03/2022;11/03/2022;FUNDO ARMONIA;17/03/2022;18/03/2022;11;0013-002794;014-0001967;24/05/2022;2021-3;UPS;1Z48V0570495113658;;Cargada en CP -  [21-272-HPER // 4700002351 // WHSU6372721]
2021-2022;LIQUIDADA;21-273-HPER;PEA2H10101;RENE;SONOCO;MUESTRAS;MUESTRAS;-;NA;1;UN;USD;22.16;0;DAP;AIR;AIR;FLORIDA;LIMA;-;-;1/01/1900;;NA;UPS;UPS;;-;NA;;24/12/2021;24/12/2021;24/12/2021;51;75E78ENT94M;-;24/12/2021;24/12/2021;24/12/2021;51;NO;;;UPS;UPS;;;;;Verde;;;;;;;;5/01/2022;;OLVA;NA;NA;PACKING SALAVERRY;6/01/2022;7/01/2022;1;;;24/05/2022;2021-3;;-;;No cargada por medio de transporte AIRE (25/02) [21-273-HPER // PEA2H10101]
2021-2022;LIQUIDADA;21-274-HPER;;CORPORATIVO;HFMX;AGQ;LAVADORA Y SECADORAS;-;NA;2;UN;USD;0.00;0;FOB;SEA;FCL/FCL;CALLAO;MANZANILLO;1;40HC;;;;AIRSEALOG;PIL;LIM100148100;PCIU9496606;NA;;14/01/2021;6/02/2022;8/02/2022;6;S00013584;KOTA PUSAKA KPSK0016W;25/01/2022;15/02/2022;22/02/2022;8;SI;#¡REF!;;IMUPESA;LIP;;;;;;;;;;;;;;;;;;PACKING SALAVERRY;;1/01/1900;52;;;NA;NA;;-;;No cargada. ETA pasado y sin importe [21-274-HPER // PCIU9496606]
2021-2022;LIQUIDADA;21-275-HPER;LIM100152000;CORPORATIVO;HFMX;MAQUINARIAS ;LINEA DE EMPAQUE COSECHA DIRECTA;-;NA;1;UN;USD;0.00;0;FOB;SEA;FCL/FCL;CALLAO;MANZANILLO;1;40HC;;;;AIRSEALOG;PIL;LIM100152000;PCIU9227274;NA;;24/02/2022;24/02/2022;24/02/2022;8;ASLP001531;KOTA PUSAKA;12/03/2022;12/03/2022;12/03/2022;10;SI;#¡REF!;;IMUPESA;LIP;2530;;;;Rojo;;;;;;;AIRSEALOG;31/03/2022;;AGERSA;NA;2/04/2022;PACKING SALAVERRY;31/03/2022;1/04/2022;13;0052-001914;014-0001495;NA;NA;;-;;No cargada. ETA pasado y sin importe [21-275-HPER // PCIU9227274]
2021-2022;LIQUIDADA;21-276-HPER;PER6938996A;CORPORATIVO;HORTIFRUT IMPORTS INC;MAQUINARIAS ;HEAT SEALER;-;NA;1;UN;USD;0.00;0;CFR;SEA;FCL/FCL;CALLAO;PHILADELPHIA;1;40HC;8;14/12/2021;15/12/2021;AIRSEALOG;SEABOARD;PER6938996A;SMLU7958765;5/01/2022;6/01/2022;18/01/2022;31/01/2022;4/02/2022;5;SMLU6938996A002;SEABOARD EXPLORER;25/02/2022;25/02/2022;25/02/2022;8;SI;#¡REF!;;IMUPESA;LIP;101;;;;;;;;;;;NA;4/01/2022;;TEMBO;;;PACKING SALAVERRY;5/01/2022;6/01/2022;1;;;NA;NA;;-;;No cargada. ETA pasado - [21-276-HPER // PER6938996A // SMLU7958765]