CAMPAÑA,STATUS,OP,OC,BUYER,SUPPLIER,CATEGORIA,PRODUCTO,PROYECT,FACTURA,QTY,UM,CUR,AMOUNT,AMOUNT USD ,PAYMENT TERM,INCOTERM,MODE,TYPE,COUNTRY ORIGIN,POL,POD,CTNR QTY,CTNR TYPE,BULKS,CARGO READY,CP OPENNING,QUOTE REQUEST DATE,ASSIGMENT DATE,FFW,NAVIERA / AEROLINEA,BOOKING,CNTR NR,PICK UP DATE,ATD,WEEK ATD,B/L- AWB,NAVE,ATA,WEEK ATA,INSURANCE HPER,INSURANCE POLICY DATE,DEPOT,AG. ADUANA,Orden,FECHA IE,FECHA NUM DAM,DAM,FECHA DESCARGA,FECHA TARJA,FECHA LEVANTE,FECHA INSPECCION SENASA,FECHA LIBERACION SENASA,FECHA VCTO SOBRESTADIA,TRANSP LIMA (T1),FECHA RETIRO (T1),GR T1 ,TRANSP TRUX (T2),FECHA ENTREGA BASE T2 (T1),WEEK BASE LIMA,PUNTO DE LLEGADA,FECHA INICIO DE VIAJE  (T2),FECHA FIN DE VIAJE (T2),WEEK TRUX,FECHA CONFIRMACION RECEPCION,GR T2 ,GR HORTIFRUT,WEEK NECESIDAD,CP OBSERVACIONES,OC2,,
2022-2023,LIQUIDADO,22-264-HPER,4700002687-2,TATIANA,JCK,E & E,PUNNET PET 11OZ 5X7,-,795,"498,240.00",UN,USD,"81,412.42","81,412.42",90,FOB,SEA,FCL/FCL,CHILE,SAN ANTONIO,CALLAO,1,40 HC,692,12/12/2022,30/12/2022,,25/11/2022,AIRSEALOG,HAPAG,62532812,HLXU8377501,,2/1/2023,1,ASLCLS00023565 ,GSL MELINA 250W,6/1/2023,1,SI,30/12/2022,IMUPESA,PASOC,65169,30/12/2022,5/1/2023,118-2023-10-004301-01-9-00,7/1/2023,8/1/2023,6/1/2023,NA,NA,10/1/2023,PASOC,11/1/2023,001-0391651,AGERSA,12/1/2023,2,PACKING CHAO,22/1/2023,23/1/2023,4,,0057-002345 , EG07-00000030,,OK,4700002687-2,,
2022-2023,LIQUIDADO,22-264-HPER,4700002687-2,TATIANA,JCK,E & E,PUNNET PET 11OZ 5X7,-,795,"498,240.00",UN,USD,"81,412.42","81,412.42",90,FOB,SEA,FCL/FCL,CHILE,SAN ANTONIO,CALLAO,1,40 HC,692,12/12/2022,30/12/2022,,25/11/2022,AIRSEALOG,HAPAG,62532812,TCNU6261650,,2/1/2023,1,ASLCLS00023565 ,GSL MELINA 250W,6/1/2023,1,SI,30/12/2022,IMUPESA,PASOC,65169,30/12/2022,5/1/2023,118-2023-10-004301-01-9-00,7/1/2023,8/1/2023,6/1/2023,NA,NA,10/1/2023,PASOC,11/1/2023,001-0391652,AGERSA,12/1/2023,2,PACKING CHAO,22/1/2023,23/1/2023,4,,0032-002467, EG07-00000031,,OK,4700002687-2,,
2022-2023,LIQUIDADO,22-265-HPER,4700002660,GONZALO,AZUD,EQP & INST,"""FILTRO ANILLO 2 Y 3 """"HELIX AUTO DLP AZUD""",-,FVM22-001523,4.00,UN,USD,"1,770.64","1,770.64",90,FCA,SEA,LCL/LCL,ESPAÑA,BARCELONA,CALLAO,NA,NA,1,22/11/2022,17/11/2022,,25/11/2022,AIRSEALOG,CMA CGM,80E2022110674,SEKU5840738,30/11/2022,19/12/2022,51,802022110599,CMA CGM PUERTO ANTIOQUIA,15/1/2023,2,SI,19/12/2022,VILLAS OQUENDO,LIP,299,4/1/2023,13/1/2023,118-2023-10-016308-01-3-00,15/1/2023,16/1/2023,15/1/2023,NA,NA,NA,LIP,18/1/2023,0001-020040,AGERSA,18/1/2023,3,FUNDO ARMONIA,25/1/2023,26/1/2023,4,7/2/2023,0032-002469,EG07-00000033,,OK,4700002660,,
2022-2023,LIQUIDADO,22-266-HPER,4700002659,TATIANA,QUALIBIO,E & E,PUNNET CELULOSA EC 2843 Base,-,A-0869,"166,320.00",UN,USD,"21,787.92","21,787.92",0,EXW,SEA,FCL/FCL,PAISES BAJOS,ROTTERDAM,CALLAO,1,20 ST,11,9/12/2022,28/11/2022,,,FORBIS,OOCL,2711823710,OOLU0410255,6/1/2022,12/1/2023,2,FB001/SEXP/23/01/43,GUAYAQUIL EXPRESS,10/2/2023,6,SI,12/1/2023,IMUPESA,PASOC,68402,31/1/2023,8/2/2023,118-2023-10-050907-01-3-00,11/2/2023,12/2/2023,10/2/2023,NA,NA,25/2/2023,PASOC,15/2/2023,T001-1178,AGERSA,15/2/2023,7,PACKING CHAO,19/2/2023,20/2/2023,8,21/2/2023,EG03-00000006,EG07-00000038,,OK,4700002659,,
2022-2023,LIQUIDADO,22-269-HPER,4700002717,MELANIE,SMARTPACK,SPAREPARTS,RPTOS VARIOS PARA MAQUINA HEAT SEALER,-,123,1.00,UN,USD,"5,343.00","5,343.00",0,EXW,AIR,AIR,CHILE,SANTIAGO,LIMA,NA,NA,1,14/12/2022,NA,,,AIRSEALOG,DHL,-,-,,23/11/2022,47,6635388406,DHL COURIER,2/1/2023,1,NO,NA,DHL,LIP,19633,22/12/2022,23/12/2022," 235-2022-10-192143-01-0-00	",3/1/2023,3/1/2023,,NA,NA,NA,LIP,4/1/2023, 0001-019998,AGERSA,4/1/2023,1,PACKING CHAO,9/1/2023,10/1/2023,2,, 0051-002527,EG07-00000026,,NA,4700002717,,
2022-2023,LIQUIDADO,22-272-HPER,01-2122CPRD07-07-01-0001,GONZALO,WEBEE,EQP & INST,PIEZA DE HARDWARE,SAMPLE,10853,40.00,UN,USD,"4,523.32","4,523.32",0,EXW,AIR,AIR,USA,MIAMI,LIMA,-,-,1,,NA,,-,DHL,DHL,-,-,17/1/2023,22/1/2023,3,9301503061,DHL COURIER,23/1/2023,4,SI,19/1/2023,DHL,LIP,1315,19/1/2023,2/2/2023," 235-2023-10-014638-01-2-00	",23/1/2023,24/1/2023,2/2/2023,NA,NA,NA,LIP,4/2/2023,0001-020101,AGERSA,4/2/2023,5,FUNDO ARMONIA,2/2/2023,3/2/2023,5,,EG03-00000004, EG07-00000037,,NA,01-2122CPRD07-07-01-0001,,
2022-2023,LIQUIDADO,22-272-HPER,01-2122CPRD07-07-01-0001,GONZALO,WEBEE,EQP & INST,PIEZA DE HARDWARE,SAMPLE,10853,1.00,UN,USD,"4,523.32","4,523.32",0,EXW,AIR,AIR,USA,MIAMI,LIMA,-,-,1,,NA,,-,DHL,DHL,-,-,17/1/2023,22/1/2023,3,9301503061,DHL COURIER,23/1/2023,4,SI,19/1/2023,DHL,LIP,1360,19/1/2023,17/2/2023,235-2023-10-022323-01-7-00,24/1/2023,25/1/2023,17/2/2023,NA,NA,NA,LIP,18/2/2023,0001-020171,AGERSA,18/2/2023,7,FUNDO ARMONIA,19/2/2023,20/2/2023,8,20/2/2023,EG03-00000007,EG07-00000039,,NA,01-2122CPRD07-07-01-0001,,
2022-2023,LIQUIDADO,22-273-HPER,01-2122CPRD07-07-01-0001,GONZALO,WEBEE,EQP & INST,PIEZA DE HARDWARE,SAMPLE,10848,10.00,UN,USD,"1,994.00","1,994.00",0,EXW,AIR,AIR,CHINA,HONG KONG,LIMA,-,-,1,,NA,,-,DHL,DHL,-,-,18/1/2023,21/1/2023,3,7433080992,DHL COURIER,24/1/2023,4,NO,NA,DHL,DHL,NA,NA,24/1/2023,235-2023-28-00090320-10-7-00,24/1/2023,24/1/2023,24/1/2023,NA,NA,NA,,31/1/2023,,,1/2/2023,5,FUNDO ARMONIA,31/1/2023,1/2/2023,5,,,,,NA,01-2122CPRD07-07-01-0001,,
2022-2023,LIQUIDADO,22-274-HPER,01-2122CPRD07-07-01-0001,GONZALO,WEBEE,EQP & INST,PIEZA DE HARDWARE,SAMPLE,10847,1.00,UN,USD,"1,960.00","1,960.00",0,EXW,AIR,AIR,,VIRACOPOS,LIMA,-,-,1,,NA,,-,DHL,DHL,-,-,,31/3/2023,13,4387256716,DHL COURIER,3/4/2023,14,NO,NA,DHL,LIP,5102,3/4/2023,12/4/2023,235-2023-10-050056-01-1-00,3/4/2023,3/4/2023,12/4/2023,NA,NA,NA,NA,17/4/2023,NA,DHL,NA,#¡VALOR!,FUNDO ARMONIA,17/5/2023,18/5/2023,20,,FUNDO ARMONIA,,,NA,01-2122CPRD07-07-01-0001,,
2022-2023,LIQUIDADO,22-275-HPER,4700002686-2,TATIANA,JCK,E & E,PUNNET PET 18OZ 7X7 CESTA,-,792,"345,408.00",UN,USD,"29,137.83","29,137.83",90,FOB,SEA,FCL/FCL,CHILE,SAN ANTONIO,CALLAO,1,40 HC,658,20/12/2022,19/12/2022,,20/12/2022,AIRSEALOG,HAPAG,64203481,FANU1463217,,30/12/2022,52,ASLCLS00024386,VALPARAISO EXPRESS 2247N,2/1/2023,1,SI,29/12/2022,IMUPESA,PASOC,64649,29/12/2022,30/12/2022,118-2022-10-511663-01-5-00,3/1/2023,4/1/2023,2/1/2023,NA,NA,15/1/2023,PASOC,9/1/2023, 001-0391630,AGERSA,9/1/2023,2,PACKING CHAO,10/1/2023,11/1/2023,2,,0023-002428,036-0000723,,OK,4700002686-2,,
2022-2023,LIQUIDADO,22-275-HPER,4700002686-2,TATIANA,JCK,E & E,PUNNET PET 18OZ 7X7 CESTA,-,792,"157,836.00",UN,USD,"29,137.83","29,137.83",90,FOB,SEA,FCL/FCL,CHILE,SAN ANTONIO,CALLAO,1,40 HC,658,20/12/2022,19/12/2022,,20/12/2022,AIRSEALOG,HAPAG,64203481,UETU5145122,,30/12/2022,52,ASLCLS00024386,VALPARAISO EXPRESS 2247N,2/1/2023,1,SI,29/12/2022,IMUPESA,PASOC,64649,29/12/2022,30/12/2022,118-2022-10-511663-01-5-00,3/1/2023,4/1/2023,2/1/2023,NA,NA,15/1/2023,PASOC,9/1/2023, 001-0391631,AGERSA,9/1/2023,2,PACKING CHAO,10/1/2023,11/1/2023,2,,0042-002240 ,036-0000724 ,,OK,4700002686-2,,
2022-2023,LIQUIDADO,22-276-HPER,4700002653,GONZALO,A&B,SPAREPARTS,RPTOS VARIOS PARA MAQUINA PESADORA DE ARANDANOS A&B,-,w,40.00,UN,USD,"3,310.00","3,310.00",0,EXW,AIR,AIR,USA,MIAMI,LIMA,-,-,1,25/11/2022,NA,,20/12/2022,AIRSEALOG,NORTHERN,-,-,4/1/2023,15/1/2023,2,91AMIA23101 ,NC860,15/1/2023,2,SI,12/1/2023,ALFOSAC,LIP,832,12/1/2023,13/1/2023,235-2023-10-004722-01-0-00,15/1/2023,15/1/2023,16/1/2023,NA,NA,NA,LIP,17/1/2023,0001-020037,AGERSA,17/1/2023,3,PACKING SALAVERRY,26/1/2023,27/1/2023,4,,0032-002470,EG07-00000032,,NA,4700002653,,
2022-2023,LIQUIDADO,22-276-HPER,4700002662,GONZALO,A&B,SPAREPARTS,RPTOS VARIOS PARA MAQUINA PESADORA DE ARANDANOS A&B,-,20101,60.00,UN,USD,"21,215.00","21,215.00",0,EXW,AIR,AIR,USA,MIAMI,LIMA,-,-,2,25/11/2022,NA,,20/12/2022,AIRSEALOG,NORTHERN,-,-,4/1/2023,15/1/2023,2,91AMIA23101 ,NC860,15/1/2023,2,SI,12/1/2023,ALFOSAC,LIP,832,12/1/2023,13/1/2023,235-2023-10-004722-01-0-00,15/1/2023,15/1/2023,16/1/2023,NA,NA,NA,LIP,17/1/2023,0001-020037,AGERSA,17/1/2023,3,PACKING CHAO,26/1/2023,27/1/2023,4,,0032-002470,EG07-00000032,,NA,4700002662,,
2022-2023,LIQUIDADO,22-276-HPER,4700002730,MELANIE,A&B,SPAREPARTS,RPTOS VARIOS PARA MAQUINA PESADORA DE ARANDANOS A&B,-,20203,124.00,UN,USD,"5,477.04","5,477.04",0,EXW,AIR,AIR,USA,MIAMI,LIMA,-,-,1,25/11/2022,NA,,20/12/2022,AIRSEALOG,NORTHERN,-,-,4/1/2023,15/1/2023,2,91AMIA23101 ,NC860,15/1/2023,2,SI,12/1/2023,ALFOSAC,LIP,832,12/1/2023,13/1/2023,235-2023-10-004722-01-0-00,15/1/2023,15/1/2023,16/1/2023,NA,NA,NA,LIP,17/1/2023,0001-020037,AGERSA,17/1/2023,3,PACKING SALAVERRY,26/1/2023,27/1/2023,4,,0032-002470,EG07-00000032,,NA,4700002730,,
2022-2023,LIQUIDADO,22-279-HPER,4700002737,GONZALO,GUTTIS,EQP & INST,EQUIPOS Y REPUESTOS VARIOS,-,EI23800025,146.00,UN,USD,"26,120.65","26,120.65",50%AP,CIF,AIR,AIR,ISRAEL,HAIFA,LIMA,,-,3,23/1/2023,NA,,-,-,AIR FRANCE,,-,,28/1/2023,4,057-12822213,480,29/1/2023,4,NO,NA,SAASA,LIP,1762,28/1/2023,28/1/2023,235-2023-10-012847-01-3-00,29/1/2023,29/1/2023,31/1/2023,NA,NA,NA,LIP,2/2/2023,001-020089,AGERSA,2/2/2023,5,FUNDO ARMONIA,10/2/2023,11/2/2023,6,20/2/2023,EG03-00000003,EG07-00000036,,NA,4700002737,,
2022-2023,LIQUIDADO,22-280-HPER,4700002732,MELANIE,UNITEC,SPAREPARTS,RPTOS VARIOS PARA MAQUINA CALIBRADORA DE ARANDANOS,-,120,228.00,UN,EUR,"1,632.69","1,795.96",0,EXW,AIR,AIR,CHILE,SANTIAGO,LIMA,-,-,1,26/12/2022,NA,,27/12/2022,AIRSEALOG,KOREAN,,-,4/1/2023,6/1/2023,1,PELIM23001E,-,6/1/2023,1,SI,5/1/2023,ALFOSAC,LIP,335,5/1/2023,5/1/2023, 235-2023-10-001498-01-2-00,6/1/2023,6/1/2023,6/1/2023,NA,NA,NA,LIP,7/1/2023, 0001-020008,AGERSA,7/1/2023,1,PACKING SALAVERRY,10/1/2023,11/1/2023,2,, 0051-002528, EG07-00000025,,NA,4700002732,,
2023-2024,ENTREGADO,23-001-HFEB,4700002840-1,FIORELLA,JCK,E & E,PUNNET 250G H40 JCK,-,847,"601,560.00",UN,USD,"24,062.40","24,062.40",90,EXW,SEA,FCL/FCL,CHILE,SAN ANTONIO,CALLAO,1,40 HC,557,16/5/2023,NA,,16/5/2023,AIRSEALOG,HAPAG,,HLBU1323105,26/5/2023,29/5/2023,22,ASLCLS00028996,MAERSK BISCAYNE 319W,2/6/2023,22,NO,,TPP,AVM,23/000529,30/5/2023,31/5/2023,118-2023-10-200485-01-4-00,3/6/2023,4/6/2023,,NA,NA,,,,,,,52,,,12/6/2023,24,,,,,[23-001-HFEB/4700002840],4700002840-1,,
2023-2024,ENTREGADO,23-001-HFEB,4700002840-1,FIORELLA,JCK,E & E,PUNNET 250G H40 JCK,-,847,"601,560.00",UN,USD,"24,062.40","24,062.40",90,EXW,SEA,FCL/FCL,CHILE,SAN ANTONIO,CALLAO,1,40 HC,557,16/5/2023,NA,,16/5/2023,AIRSEALOG,HAPAG,,TCNU3702876,26/5/2023,29/5/2023,22,ASLCLS00028996,MAERSK BISCAYNE 319W,2/6/2023,22,NO,,TPP,AVM,23/000529,30/5/2023,31/5/2023,118-2023-10-200485-01-4-00,3/6/2023,4/6/2023,,NA,NA,,,,,,,52,,,12/6/2023,24,,,,,[23-001-HFEB/4700002840],4700002840-1,,
2023-2024,LIQUIDADO,23-001-HPER,4700002757,TATIANA,HF GENETICS,PLANTAS,MILAGRO #325 - REPOSICION ,-,7020000050,"34,775.00",UN,USD,"31,454.50","31,454.50",30,CFR,AIR,AIR,CHILE,SANTIAGO,LIMA,NA,NA,1,,NA,,-,DIRECTO,KOREAN,,-,,9/1/2023,2,180-48396191,KE 0274,9/1/2023,2,SI,9/1/2023,SAASA,AVM,106,9/1/2023,10/1/2023,235-2023-10-003045-01-5-00,9/1/2023,9/1/2023,10/1/2023,11/1/2023,11/1/2023,NA,AVM,12/1/2023,001-0120430,AVM,NA,#¡VALOR!,VIVERO ILUSION,12/1/2023,13/1/2023,2,17/1/2023,,,,NA,4700002757,,
2023-2024,LIQUIDADO,23-001-HPER,4700002757,TATIANA,HF GENETICS,PLANTAS,MILAGRO #360 - REPOSICION ,-,7020000050,"1,800.00",UN,USD,"31,454.50","31,454.50",30,CFR,AIR,AIR,CHILE,SANTIAGO,LIMA,NA,NA,1,,NA,,-,DIRECTO,KOREAN,,-,,9/1/2023,2,180-48396191,KE 0274,9/1/2023,2,SI,9/1/2023,SAASA,AVM,106,9/1/2023,10/1/2023,235-2023-10-003045-01-5-00,9/1/2023,9/1/2023,10/1/2023,11/1/2023,11/1/2023,NA,AVM,12/1/2023,001-0120430,AVM,NA,#¡VALOR!,VIVERO ILUSION,12/1/2023,13/1/2023,2,17/1/2023,,,,NA,4700002757,,
2023-2024,LIQUIDADO,23-001-HPER,4700002758,TATIANA,HF GENETICS,PLANTAS,IMPERIAL ,-,7020000051,"31,200.00",UN,USD,"61,776.00","61,776.00",30,CFR,AIR,AIR,CHILE,SANTIAGO,LIMA,NA,NA,1,,NA,,-,DIRECTO,KOREAN,,-,,9/1/2023,2,180-48396191,KE 0274,9/1/2023,2,SI,9/1/2023,SAASA,AVM,106,9/1/2023,10/1/2023,235-2023-10-003045-01-5-00,9/1/2023,9/1/2023,10/1/2023,11/1/2023,11/1/2023,NA,AVM,12/1/2023,001-0120430,AVM,NA,#¡VALOR!,VIVERO ILUSION,12/1/2023,13/1/2023,2,17/1/2023,,,,NA,4700002758,,
2023-2024,ENTREGADO,23-002-HFEB,4700002840-2,FIORELLA,JCK,E & E,PUNNET PET 18OZ 7X7 CESTA,,856,"90,024.00",UN,USD,"8,642.30","8,642.30",30,EXW,SEA,FCL/FCL,CHILE,SAN ANTONIO,CALLAO,0.3,40 HC,242,16/5/2023,NA,NA,16/5/2023,AIRSEALOG,HAPAG,,FANU1220665,5/7/2023,8/7/2023,27,ASLCLS00029251,DUBLIN EXPRESS 325W,13/7/2023,28,NO,NA,IMUPESA,PASOC,81752,7/7/2023,12/7/2023,118-2023-10-261639-01-1-00,14/7/2023,14/7/2023,13/7/2023,NA,NA,24/7/2023,PASOC,20/7/2023,NA,NA,NA,#¡VALOR!,OLMOS,20/7/2023,22/7/2023,29,,,,,[23-002-HFEB/4700002840],4700002840-2,,
2023-2024,ENTREGADO,23-002-HFEB,4700002840-2,FIORELLA,JCK,E & E,PUNNET PET 11OZ 5X7,,856,"311,040.00",UN,USD,"18,662.40","18,662.40",30,EXW,SEA,FCL/FCL,CHILE,SAN ANTONIO,CALLAO,0.7,40 HC,432,16/5/2023,NA,NA,16/5/2023,AIRSEALOG,HAPAG,,FANU1220665,5/7/2023,8/7/2023,27,ASLCLS00029251,DUBLIN EXPRESS 325W,13/7/2023,28,NO,NA,IMUPESA,PASOC,81752,7/7/2023,12/7/2023,118-2023-10-261639-01-1-00,14/7/2023,14/7/2023,13/7/2023,NA,NA,24/7/2023,PASOC,20/7/2023,NA,NA,NA,#¡VALOR!,OLMOS,20/7/2023,22/7/2023,29,,,,,[23-002-HFEB/4700002840],4700002840-2,,
2023-2024,LIQUIDADO,23-002-HPER,4700002765,OMAR,HFCH,PLANTAS,PLANTAS IN VITRO DE ARANDANO,-,13553,440.00,UN,USD,44.00,44.00,0,CFR,AIR,AIR,CHILE,SANTIAGO,LIMA,NA,NA,1,,NA,,-,DIRECTO,LATAM,,-,,10/1/2023,2,045-45009860,,10/1/2023,2,SI,10/1/2023,SAASA,AVM,107,11/1/2023,13/1/2023,235-2023-10-004770-01-5-00  ,10/1/2023,10/1/2023,13/1/2023,18/1/2023,18/1/2023,NA,AVM,19/1/2023,001-0120474,AVM,NA,#¡VALOR!,LABORATORIO GENETICA,24/1/2023,25/1/2023,4,30/1/2023,,,,NA,4700002765,,
2023-2024,ENTREGADO,23-003-HFEB,NA,CORPORATIVO,HFMX,MAQUINARIAS,LINEA DE EMPAQUE 4,-,2023-230506,9.00,UN,USD,"99,417.96","99,417.96",90,CIF,SEA,FCL/FCL,MEXICO,MANZANILLO,CALLAO,1,40 HC,9,,NA,NA,NA,DIRECTO,ONE,MEXD12709300 ,TCLU8492332,30/5/2023,7/6/2023,23,S00045406,SEASPAN BELIEF 2320E,15/6/2023,24,NO,NA,IMUPESA,LIP,8847,12/6/2023,23/6/2023,118-23-30-000096-01-0-00,16/6/2023,16/6/2023,28/6/2023,28/6/2023,29/6/2023,22/6/2023,NA,1/7/2023,,LIP,NA,#¡VALOR!,OLMOS,1/7/2023,3/7/2023,27,,,,,NA,NA,,
2023-2024,ENTREGADO,23-003-HFEB,NA,CORPORATIVO,HFMX,MAQUINARIAS,LINEA DE EMPAQUE 5,-,2023-230507,6.00,UN,USD,"119,108.28","119,108.28",90,CIF,SEA,FCL/FCL,MEXICO,MANZANILLO,CALLAO,1,40 HC,6,,NA,NA,NA,DIRECTO,ONE,MEXD12709300 ,NYKU4416850,30/5/2023,7/6/2023,23,S00045406,SEASPAN BELIEF 2320E,15/6/2023,24,NO,NA,IMUPESA,LIP,8847,12/6/2023,23/6/2023,118-23-30-000096-01-0-00,16/6/2023,16/6/2023,29/7/2023,NA,NA,22/6/2023,,,,,NA,#¡VALOR!,,,3/7/2023,27,,,,,NA,NA,,
2022-2023,LIQUIDADO,23-003-HPER,4700002641-1,TATIANA,FASTIK,E & E,FILM PUNNET PET 18OZ 7X7 CESTA,-,100938,"880,000.00",UN,USD,"65,375.20","65,375.20",0,EXW,AIR,AIR,USA,MIAMI,LIMA,-,-,5,,NA,,10/1/2023,AIRSEALOG,NORTHERN,,-,13/1/2023,29/1/2023,4,99AMIA23325,,29/1/2023,4,SI,26/1/2023,SHOHIN,PASOC,67369,26/1/2023,27/1/2023, 235-2023-10-011894-01-8-00,29/1/2023,30/1/2023,29/1/2023,NA,NA,NA,PASOC,31/1/2023, 001-0392335,AGERSA,NA,#¡VALOR!,PACKING SALAVERRY,9/2/2023,10/2/2023,6,13/2/2023,EG03-00000001,EG07-00000034,,NA,4700002641-1,,
2023-2024,ENTREGADO,23-004-HFEB,NA,CORPORATIVO,HFMX,MAQUINARIAS,LINEA DE EMPAQUE 1,-,2023-230503,9.00,UN,USD,"117,075.27","117,075.27",90,CIF,SEA,FCL/FCL,MEXICO,MANZANILLO,CALLAO,1,40 HC,9,,NA,NA,NA,DIRECTO,COSCO,6357644420,CSNU6114021,29/5/2023,15/6/2023,24,S00045421,CSCL WINTER 047E,24/6/2023,25,NO,NA,IMUPESA,LIP,9328,21/6/2023,28/6/2023,118-23-30-000104-01-0-00,24/6/2023,25/6/2023,5/7/2023,5/7/2023,5/7/2023,8/7/2023,NA,6/7/2023,NA,,NA,#¡VALOR!,OLMOS,6/7/2023,8/7/2023,27,,,,,NA,NA,,
2023-2024,ENTREGADO,23-004-HFEB,NA,CORPORATIVO,HFMX,MAQUINARIAS,LINEA DE EMPAQUE 2,-,2023-230504,10.00,UN,USD,"111,504.12","111,504.12",90,CIF,SEA,FCL/FCL,MEXICO,MANZANILLO,CALLAO,1,40 HC,10,,NA,NA,NA,DIRECTO,COSCO,6357644420,CSLU6249539,29/5/2023,15/6/2023,24,S00045421,CSCL WINTER 047E,24/6/2023,25,NO,NA,IMUPESA,LIP,9328,21/6/2023,28/6/2023,118-23-30-000104-01-0-00,24/6/2023,25/6/2023,5/7/2023,5/7/2023,5/7/2023,8/7/2023,NA,6/7/2023,NA,,NA,#¡VALOR!,OLMOS,6/7/2023,8/7/2023,27,,,,,NA,NA,,
2023-2024,ENTREGADO,23-004-HFEB,NA,CORPORATIVO,HFMX,MAQUINARIAS,LINEA DE EMPAQUE 3,-,2023-230505,6.00,UN,USD,"121,997.55","121,997.55",90,CIF,SEA,FCL/FCL,MEXICO,MANZANILLO,CALLAO,1,40 HC,6,,NA,NA,NA,DIRECTO,COSCO,6357644420,CSNU6973238,29/5/2023,15/6/2023,24,S00045421,CSCL WINTER 047E,24/6/2023,25,NO,NA,IMUPESA,LIP,9328,21/6/2023,28/6/2023,118-23-30-000104-01-0-00,24/6/2023,25/6/2023,5/7/2023,5/7/2023,5/7/2023,8/7/2023,NA,6/7/2023,NA,,NA,#¡VALOR!,OLMOS,6/7/2023,8/7/2023,27,,,,,NA,NA,,
2023-2024,ENTREGADO,23-004-HFEB,NA,CORPORATIVO,HFMX,MAQUINARIAS,LINEA DE EMPAQUE,-,,6.00,UN,USD,,0.00,90,CIF,SEA,FCL/FCL,MEXICO,MANZANILLO,CALLAO,1,40 HC,6,,NA,NA,NA,DIRECTO,COSCO,6357644420,CSNU6553359,29/5/2023,15/6/2023,24,S00045421,CSCL WINTER 047E,24/6/2023,25,NO,NA,IMUPESA,LIP,9328,21/6/2023,28/6/2023,118-23-30-000104-01-0-00,24/6/2023,25/6/2023,5/7/2023,5/7/2023,5/7/2023,8/7/2023,NA,6/7/2023,NA,,NA,#¡VALOR!,OLMOS,6/7/2023,8/7/2023,27,,,,,NA,NA,,
2023-2024,LIQUIDADO,23-004-HPER,PEA23W1901,TATIANA,NAMPLANTS,PLANTAS,PACIFIC CENTENNIAL (FRAMBUESA),-,,"27,800.00",UN,USD,"26,410.00","26,410.00",0,EXW,AIR,AIR,,,LIMA,,,,,NA,,,,,,-,,,52,,,,52,,,,AVM,,,,,,,,PENDIENTE,5/7/2023,NA,,,,,,52,,,,0,,,,,NA,PEA23W1901,,
2023-2024,ENTREGADO,23-005-HFEB,4700002866,FIORELLA,PROMISOL,AGQ,CYTOLAN,-,F/ 23229,"5,000.00",KG,EUR,"58,250.00","64,075.00",90,CIF,SEA,FCL/FCL,ESPAÑA,BARCELONA,CALLAO,0.3,40 HC,7,6/6/2023,NA,NA,NA,DIRECTO,CMA CGM,,FCIU8969052,6/6/2023,10/6/2023,23,IBC1080006,CMA CGM NEVA,9/7/2023,27,NO,NA,IMUPESA,AVM,627,22/6/2023,5/7/2023,118-2023-10-251120-01-3-00,9/7/2023,10/7/2023,9/7/2023,NA,23/7/2023,,AVM,15/7/2023,NA,,NA,#¡VALOR!,OLMOS,15/7/2023,17/7/2023,29,,,,,NA,4700002866,,
2023-2024,ENTREGADO,23-005-HFEB,4700002866,FIORELLA,PROMISOL,AGQ,MUCIGEL,-,F/ 23229,"10,000.00",LT,EUR,"91,500.00","100,650.00",90,CIF,SEA,FCL/FCL,ESPAÑA,BARCELONA,CALLAO,0.3,40 HC,10,6/6/2023,NA,NA,NA,DIRECTO,CMA CGM,,FCIU8969052,6/6/2023,10/6/2023,23,IBC1080006,CMA CGM NEVA,9/7/2023,27,NO,NA,IMUPESA,AVM,627,22/6/2023,5/7/2023,118-2023-10-251120-01-3-00,9/7/2023,10/7/2023,9/7/2023,NA,23/7/2023,,AVM,15/7/2023,NA,,NA,#¡VALOR!,OLMOS,15/7/2023,17/7/2023,29,,,,,NA,4700002866,,
2023-2024,ENTREGADO,23-005-HFEB,4700002866,FIORELLA,PROMISOL,AGQ,PROMI-FERTIL MIX,-,F/ 23229,"6,000.00",KG,EUR,"52,800.00","58,080.00",90,CIF,SEA,FCL/FCL,ESPAÑA,BARCELONA,CALLAO,0.3,40 HC,6,6/6/2023,NA,NA,NA,DIRECTO,CMA CGM,,FCIU8969052,6/6/2023,10/6/2023,23,IBC1080006,CMA CGM NEVA,9/7/2023,27,NO,NA,IMUPESA,AVM,627,22/6/2023,5/7/2023,118-2023-10-251120-01-3-00,9/7/2023,10/7/2023,9/7/2023,NA,23/7/2023,,AVM,15/7/2023,NA,,NA,#¡VALOR!,OLMOS,15/7/2023,17/7/2023,29,,,,,NA,4700002866,,
2023-2024,LIQUIDADO,23-005-HPER,4700002922,TATIANA,NAMPLANTS,PLANTAS,ZARZAMORA,-,INV23-00567,"16,000.00",UN,USD,"31,252.00","31,252.00",0,CPT,AIR,AIR,,LOS ANGELES,LIMA, - , - ,5,,NA,,,,PILOT AIR FREIGHT,,-,13/7/2023,15/7/2023,28,045-08950071,,15/7/2023,28,SI,13/7/2023,TALMA,AVM,695,13/7/2023,17/7/2023,235-2023-10-101117-01-7-00,15/7/2023,15/7/2023,,21/7/2023,31/7/2023,NA,,1/8/2023,T001-489,AVM,,52,1/8/2023,1/8/2023,2/8/2023,31,,,,,NA,4700002922,,
2023-2024,ENTREGADO,23-006-HFEB,4700002886,FIORELLA,PROINECO,AGQ,PROIN AMINO/CALCIMAX/ORG/PHOS,-,1-230051,"18,000.00",LT,EUR,"23,150.00","25,465.00",15,CIF,SEA,FCL/FCL,ESPAÑA,ALGECIRAS,CALLAO,1,20 ST,18,,NA,NA,NA,DIRECTO,MAERSK,,MRKU6824454,,4/7/2023,27,228715143,A.P.MOLLER,30/7/2023,30,NO,NA,IMUPESA,AVM,729,24/7/2023,26/7/2023,118-2023-10-281582-01-5-00,30/7/2023,1/8/2023,1/8/2023,NA,NA,,AVM,2/8/2023,,NA,NA,#¡VALOR!,OLMOS,2/8/2023,4/8/2023,31,,,,,NA,4700002886,,
2023-2024,ENTREGADO,23-006-HFEB,4700002887,FIORELLA,PROINECO,AGQ,PROIN AMINO/CALCIMAX/ORG/PHOS,-,1-230051,"18,000.00",LT,EUR,"23,150.00","25,465.00",15,CIF,SEA,FCL/FCL,ESPAÑA,ALGECIRAS,CALLAO,1,20 ST,18,,NA,NA,NA,DIRECTO,MAERSK,,MRKU8598546,,4/7/2023,27,228715143,LICA MAERSK 326W,30/7/2023,30,NO,NA,IMUPESA,AVM,729,24/7/2023,26/7/2023,118-2023-10-281582-01-5-00,30/7/2023,1/8/2023,1/8/2023,NA,NA,,AVM,2/8/2023,,NA,NA,#¡VALOR!,OLMOS,2/8/2023,4/8/2023,31,,,,,NA,4700002887,,
2022-2023,LIQUIDADO,23-006-HPER,4700002738,GONZALO,RITEC,EQP & INST,EQUIPOS Y REPUESTOS VARIOS,-,23/21,196.00,UN,USD,"2,677.92","2,677.92",0,EXW,AIR,AIR,ESPAÑA,MADRID,LIMA,-,-,1,13/1/2023,NA,,16/1/2023,FORBIS,PLUS ULTRA,,-,19/1/2023,27/1/2023,4,1284463,,27/1/2023,4,SI,26/1/2023,ALFOSAC,LIP,1645,26/1/2023,27/1/2023,235-2023-10-011626-01-3-00,27/1/2023,27/1/2023,28/1/2023,NA,NA,NA,LIP,31/1/2023, 0001-020088,AGERSA,31/1/2023,5,FUNDO ARMONIA,10/2/2023,11/2/2023,6,21/2/2023, EG03-00000002,EG07-00000035,,NA,4700002738,,
2023-2024,ENTREGADO,23-007-HFEB,4700002900,FIORELLA,PROINECO,AGQ,PROIN AMINO/CALCIMAX/ORG/PHOS,-,1 230054,"18,000.00",LT,EUR,"22,660.00","24,926.00",15,CIF,SEA,FCL/FCL,ESPAÑA,ALGECIRAS,CALLAO,1,20 ST,18,,NA,NA,NA,DIRECTO,MAERSK,228995719,MRKU8379070,7/7/2023,12/7/2023,28,228995719,CARSTEN MAERSK 331W,6/8/2023,31,NO,NA,IMUPESA,AVM,776,4/8/2023,4/8/2023,118-2023-10-295883-01-2-00,7/8/2023,7/8/2023,7/8/2023,NA,NA,,NA,,NA,AVM,NA,#¡VALOR!,OLMOS,,11/8/2023,32,,,,,NA,4700002900,,
2022-2023,LIQUIDADO,23-007-HPER,4700002755,GONZALO,NANO,EQP & INST,NANOPARTICULAS DE PLATA C/PVP 240 ML,-,3,480.00,UN,USD,131.00,131.00,0,DAP,AIR,AIR,MEXICO,MEXICO,LIMA,-,-,1,,NA,,-,DHL,DHL,,-,18/1/2023,22/1/2023,3,4411900301,DHL COURIER,23/1/2023,4,NO,NA,DHL,DHL,NA,NA,22/1/2023, 235-2023-28-00086778-10-2-00,23/1/2023,23/1/2023,23/1/2023,NA,NA,NA,DHL,23/1/2023,,DHL,11/7/2023,28,FUNDO ARMONIA,28/1/2023,29/1/2023,4,31/1/2023,,,,NA,4700002755,,
2023-2024,ENTREGADO,23-008-HFEB,4700002868,FIORELLA,FASTIK,E & E,PUNNET PET 11OZ 5X7,-,86465/102523,"2,000,000.00",UN,USD,"89,580.00","89,580.00",0,EXW,AIR,AIR,CANADA,VANCOUVER,LIMA, - , - ,5,,NA,14/8/2023,15/8/2023,AIRSEALOG,,,,,25/8/2023,34,MAE00106811,,28/8/2023,35,NO,NA,SHOHIN,PASOC,85874,24/8/2023,25/8/2023,235-2023-10-122754-01-6-00,28/8/2023,28/8/2023,28/8/2023,NA,NA,,PASOC,,,,,52,OLMOS,,13/9/2023,37,,11/9/2023,,,NA,4700002868,,
2023-2024,ENTREGADO,23-008-HFEB,4700002979,FIORELLA,FASTIK,E & E,PUNNET PET 11OZ 5X7,-,86465/102523,"220,000.00",UN,USD,"9,853.80","9,853.80",0,EXW,AIR,AIR,CANADA,VANCOUVER,LIMA, - , - ,1,,NA,14/8/2023,15/8/2023,AIRSEALOG,,,,,25/8/2023,34,MAE00106811,,28/8/2023,35,NO,NA,SHOHIN,PASOC,85874,24/8/2023,6/9/2023,235-2023-10-128288-01-7-00,28/8/2023,28/8/2023,28/8/2023,NA,NA,,PASOC,,,,,52,OLMOS,,13/9/2023,37,,11/9/2023,,,NA,4700002979,,
2023-2024,LIQUIDADO,23-008-HPER,4700002762,OMAR,PROMISOL,AGQ,PROMI CALFOR,-,F/23022,"20,000.00",KG,EUR,"78,800.00","86,680.00",90,FOB,SEA,FCL/FCL,ESPAÑA,BARCELONA,CALLAO,1,20 ST,17,24/1/2023,24/1/2023,,25/1/2023,AIRSEALOG,HAPAG,S00025548,TEMU1588527,,3/2/2023,5,PBEM046030,CMA CGM CARL ANTOINE,2/3/2023,9,SI,6/2/2023,IMUPESA,PASOC,70117,21/2/2023,27/2/2023,118-2023-10-075620-01-1-00,3/3/2023,3/3/2023,2/3/2023,NA,NA,15/3/2023,PASOC,7/3/2023,T1 T001-1923,AGERSA,11/7/2023,28,FUNDO ARMONIA,7/3/2023,8/3/2023,10,20/3/2023,EG03-00000009,EG07-00000041,,Carga completada. Quedó sin booking [23-008-HPER // 4700002762 // TEMU1588527],4700002762,,
2023-2024,ENTREGADO,23-009-HFEB,4700002907,FIORELLA,PROINECO,AGQ,PROIN PHOS ,-,1-230057,"18,000.00",LT,EUR,"37,440.00","41,184.00",15,CIF,SEA,FCL/FCL,ESPAÑA,ALGECIRAS,CALLAO,1,20 ST,18,,NA,NA,NA,DIRECTO,MAERSK,,TEMU1536863,,1/8/2023,31,229164235,MAERSK BULAN 329S,18/8/2023,33,NO,NA,IMUPESA,AVM,775,4/8/2023,11/8/2023,118-2023-10-306476-01-5-00,18/8/2023,19/8/2023,18/8/2023,NA,NA,,,,,,,52,OLMOS,22/8/2023,24/8/2023,34,,,,,NA,4700002907,,
2023-2024,LIQUIDADO,23-009-HPER,4700002761-1,OMAR,CODIAGRO,AGQ,FITOKONTROL-K,-,59,"17,000.00",LT,EUR,"41,126.40","45,239.04",0,EXW,SEA,FCL/FCL,ESPAÑA,VALENCIA,CALLAO,1,20 ST,17,3/2/2023,25/1/2023,,25/1/2023,AIRSEALOG,HAPAG,S00025549,GESU1218537,6/2/2023,10/2/2023,6,PVEM018802,SANTOS EXPRESS 3208S,24/3/2023,12,SI,16/2/2023,IMUPESA,PASOC,71346,5/3/2023,20/3/2023,118-2023-10-102230-01-5-00,25/3/2023,25/3/2023,23/3/2023,NA,NA,7/4/2023,PASOC,28/3/2023,T001-2591,AGERSA,28/3/2023,13,FUNDO ARMONIA,4/4/2023,5/4/2023,14,10/4/2023,EG03-00000064,EG07-00000050,,"Carga completada. Quedó sin Ag. Carga,sin booking, método de pago FOB y en BD es EXW[23-009-HPER // 4700002761-1 // GESU1218537]",4700002761-1,,
2023-2024,ENTREGADO,23-010-HFEB,4700002905,FIORELLA,PROINECO,AGQ,PROIN AMINO/CALCIMAX/ORG/PHOS,-,1-230058,"18,000.00",LT,EUR,"22,660.00","24,926.00",15,CIF,SEA,FCL/FCL,ESPAÑA,ALGECIRAS,CALLAO,1,20 ST,18,,NA,NA,NA,DIRECTO,MAERSK,,TTNU1145970,,2/8/2023,31,229394237,MAERSK BINTAN 331S,1/9/2023,35,NO,NA,ALCONSA,PASOC,85526,17/8/2023,31/8/2023,118-2023-10-331805-01-9-00,2/9/2023,3/9/2023,1/9/2023,NA,NA,,PASOC,,,,,52,OLMOS,6/9/2023,8/9/2023,36,,,,,NA,4700002905,,
2023-2024,LIQUIDADO,23-010-HPER,4700002761-2,OMAR,CODIAGRO,AGQ,FITOKONTROL-K,-,60,"1,000.00",LT,EUR,"2,419.20","2,661.12",0,EXW,SEA,LCL/LCL,ESPAÑA,VALENCIA,CALLAO,0,20 ST,1,3/2/2023,26/1/2023,,25/1/2023,FORBIS,CMA CGM,,TCNU3508412,6/2/2023,14/2/2023,7,12023020363,CALLAO EXPRESS,9/3/2023,10,SI,16/2/2023,IMUPESA,PASOC,71342,27/2/2023,8/3/2023,118-2023-10-088438-01-0-00,10/3/2023,10/3/2023,9/3/2023,NA,NA,NA,PASOC,14/3/2023, T001-2179,AGERSA,14/3/2023,11,FUNDO ARMONIA,19/3/2023,20/3/2023,12,20/3/2023,EG03-00000013,EG07-00000042,,"Carga completada. Quedo sin booking, método de pago FOB y en BD es EXW [23-010-HPER // 4700002761-2 // TCNU3508412]",4700002761-2,,
2023-2024,ENTREGADO,23-011-HFEB,4700002906,FIORELLA,PROINECO,AGQ,PROIN AMINO/CALCIMAX/ORG/PHOS,-,1-230066,"18,000.00",LT,EUR,"22,660.00","24,926.00",15,CIF,SEA,FCL/FCL,ESPAÑA,ALGECIRAS,CALLAO,1,,18,,NA,NA,NA,DIRECTO,MAERSK,,MRKU8625940,,22/8/2023,34,229606855,MAERSK BATAM 333S,15/9/2023,37,NO,NA,IMUPESA,PASOC,87557,6/9/2023,14/9/2023,118-2023-10-352735-01-1-00,15/9/2023,16/9/2023,15/9/2023,NA,NA,28/9/2023,,,,,,52,,,22/9/2023,38,,,,,NA,4700002906,,
2023-2024,LIQUIDADO,23-011-HPER,PEA23U0101,TATIANA,GREEN,E & E,MUESTRA,SAMPLE, ESB73477598,10.00,UN,EUR,1.00,1.10,DAP,DAP,AIR,AIR,ESPAÑA,MADRID,LIMA,-,-,1,,NA,,-,DHL,DHL,,-,6/2/2023,7/2/2023,6,4120835106,DHL COURIER,8/2/2023,6,NO,NA,DHL,DHL,NA,NA,7/2/2023,235-2023-28-00133097-10-9-00,8/2/2023,8/2/2023,8/2/2023,NA,NA,NA,NA,9/2/2023,,DHL,NA,#¡VALOR!,PACKING SALAVERRY,,9/2/2023,6,,8/2/2023,,,NA,PEA23U0101,,
2023-2024,ENTREGADO,23-012-HFEB,4700002901,FIORELLA,PROINECO,AGQ,PROIN AMINO/CALCIMAX/PHOS,-,1 230056,"18,000.00",LT,EUR,"26,340.00","28,974.00",15,CIF,SEA,FCL/FCL,ESPAÑA,ALGECIRAS,CALLAO,1,20 ST,18,,NA,NA,NA,DIRECTO,MAERSK,,TCLU9915697,11/7/2023,19/7/2023,29,229082585,SKAGEN MAERSK 332W,14/8/2023,33,NO,NA,IMUPESA,AVM,787,7/8/2023,9/8/2023,118-2023-10-301809-01-6-00,15/8/2023,,14/8/2023,NA,NA,,,,,,,52,,,21/8/2023,34,,19/8/2023,,,NA,4700002901,,
2023-2024,LIQUIDADO,23-012-HPER,PEA23U0101,TATIANA,PBINI,E & E,MUESTRA,SAMPLE,FE - 104/E,1.00,UN,EUR,8.95,9.85,DAP,DAP,AIR,AIR,ITALIA,LIVORNO ,LIMA,-,-,2,,NA,,-,DHL,DHL,,-,6/2/2023,8/2/2023,6,9459500584,DHL COURIER,10/2/2023,6,NO,NA,DHL,DHL,NA,NA,8/2/2023,235-2023-28-00136991-10-2-00,10/2/2023,10/2/2023,9/2/2023,NA,NA,NA,NA,10/2/2023,,DHL,NA,#¡VALOR!,PACKING SALAVERRY,,9/2/2023,6,,8/2/2023,,,NA,PEA23U0101,,
2023-2024,ENTREGADO,23-013-HFEB,4700002921,FIORELLA,HF IMPORTS,E & E,FILM PUNNET PET 11OZ ORG,-,4282026,"275,000.00",UN,USD,"18,394.75","18,394.75",30,EXW,AIR,AIR,USA,MIAMI,LIMA,NA,NA,2,,NA,26/7/2023,4/7/2023,AIRSEALOG,,,,23/8/2023,27/8/2023,34,96AMIA234048,NC0860,27/8/2023,34,NO,NA,ALFOSAC,PASOC,85929,25/8/2023,25/8/2023,"	 235-2023-10-122720-01-4-00",27/8/2023,27/8/2023,4/9/2023,NA,NA,,PASOC,,,,,52,OLMOS,,13/9/2023,37,,11/9/2023,,,NA,4700002921,,
2023-2024,ENTREGADO,23-014-HFEB,4700002919-1,FIORELLA,JCK,E & E,PUNNET PET 11OZ 5X7,,862,"498,240.00",UN,USD,"29,894.40","29,894.40",30,EXW,SEA,FCL/FCL,CHILE,SAN ANTONIO,CALLAO,1,40 HC,692,21/7/2023,NA,NA,21/7/2023,AIRSEALOG,HAPAG,,TCLU8232000,2/8/2023,7/8/2023,32,ASLCLS00030998,MAERSK EVERGLADES 329W,11/8/2023,32,NO,,IMUPESA,PASOC,84310,7/8/2023,9/8/2023,118-2023-10-302162-01-6-00,12/8/2023,13/8/2023,11/8/2023,NA,NA,24/8/2023,,,,,,52,,,17/8/2023,33,,15/8/2023,,,NA,4700002919-1,,
2023-2024,LIQUIDADO,23-014-HPER,4700002794,TATIANA,HFCH,PLANTAS,MUESTRA,SAMPLE,14040,149.00,UN,USD,329.90,329.90,0,CFR,AIR,AIR,CHILE,SANTIAGO,LIMA,-,-,1,,NA,,-,-,KOREAN,,-,,13/2/2023,7,180-12503260,KE0274,13/2/2023,7,SI,13/2/2023,SAASA,AVM,206,13/2/2023,13/2/2023,235-2023-10-019774-01-1-00,13/2/2023,13/2/2023,13/2/2023,15/2/2023,15/2/2023,NA,NA,16/2/2023,001-0120567,AVM,NA,#¡VALOR!,VIVERO ILUSION,,17/2/2023,7,24/2/2023,16/2/2023,,,NA,4700002794,,
2023-2024,ENTREGADO,23-015-HFEB,4700003051,FIORELLA,JCK,E & E,PUNNET PET 11OZ 5X7,-,877,"296,480.00",UN,USD,"17,788.80","17,788.80",30,EXW,SEA,FCL/FCL,CHILE,SAN ANTONIO,CALLAO,0.5,40 HC,412,,NA,NA,21/7/2023,AIRSEALOG,HAPAG,,HLXU8311778,5/10/2023,8/10/2023,40,ASLCLS00033297,SAN ANTONIO EXPRESS,12/10/2023,41,NO,NA,IMUPESA,AVM,967,9/10/2023,10/10/2023,118-2023-10-389686-01-2-00,,,,NA,NA,,,,,,,52,,,19/10/2023,42,,,,,NA,4700003051,,
2023-2024,ENTREGADO,23-015-HFEB,4700002919-2,FIORELLA,JCK,E & E,PUNNET PET 11OZ 5X7,-,877,#¡REF!,UN,USD,#¡REF!,#¡REF!,30,EXW,SEA,FCL/FCL,CHILE,SAN ANTONIO,CALLAO,0.5,40 HC,#¡REF!,,NA,NA,21/7/2023,AIRSEALOG,HAPAG,,HLXU8311778,5/10/2023,8/10/2023,40,ASLCLS00033297,SAN ANTONIO EXPRESS,12/10/2023,41,NO,NA,IMUPESA,AVM,967,9/10/2023,10/10/2023,118-2023-10-389686-01-2-00,,,,NA,NA,,,,,,,52,,,19/10/2023,42,,,,,NA,4700002919-2,,
2023-2024,LIQUIDADO,23-015-HPER,4700002780,TATIANA,HF GENETICS,PLANTAS,IMPERIAL - REPOSICION,,7020000059,"38,025.00",UN,USD,"74,148.75","74,148.75",0,CFR,AIR,AIR,CHILE,SANTIAGO,LIMA,NA,NA,2,,NA,,-,-,KOREAN,,-,,14/2/2023,7,180-12503072,KE0274,13/2/2023,7,SI,13/2/2023,SAASA,AVM,207,13/2/2023,13/2/2023,235-2023-10-020031-01-9-00,13/2/2023,13/2/2023,13/2/2023,15/2/2023,15/2/2023,NA,NA,16/2/2023,001-0120566,AVM,NA,#¡VALOR!,VIVERO ILUSION,,17/2/2023,7,20/2/2023,16/2/2023,,,NA,4700002780,,
2023-2024,ENTREGADO,23-016-HFEB,4700002936,FIORELLA,NOVATEC,E & E,TARIMA NOVAPAL 130,-,CF193206,380.00,UN,USD,"12,132.00","12,132.00",0,CFR,SEA,FCL/FCL,MEXICO,,CALLAO,,,,,NA,NA,NA,DIRECTO,HAPAG,66905751,TEMU4862436,,27/8/2023,34,HLCUME3230837397,SEASPAN BELIEF 2331E,3/9/2023,35,NO,NA,,AVM,857,31/8/2023,1/9/2023,118-2023-10-333913-01-3-00 ,4/9/2023,4/9/2023,4/9/2023,NA,NA,7/9/2023,AVM,,,,,52,OLMOS,8/9/2023,9/9/2023,36,,,,,NA,4700002936,,
2023-2024,LIQUIDADO,23-016-HPER,4700002763,GONZALO,GUTTIS,EQP & INST,ARROW ANG SHRT 2.30L/H 0.61GPH BLACK,-,EI23800034,"16,000.00",UN,USD,786.80,786.80,0,CIF,AIR,AIR,ISRAEL,HAIFA,LIMA,-,-,1,,NA,,-,-,AIR FRANCE,,-,,22/2/2023,8,057-0006 2941,,24/2/2023,8,NO,NA,SAASA,LIP,3035,20/2/2023,20/2/2023,235-2023-10-023590-01-9-00,24/2/2023,25/2/2023,27/2/2023,NA,NA,NA,LIP,28/2/2023,T001-11,AGERSA,28/2/2023,9,FUNDO ARMONIA,,2/3/2023,9,8/3/2023,1/3/2023,EG07-00000040,,NA,4700002763,,
2023-2024,ENTREGADO,23-017-HFEB,,FIORELLA,CRAWFORD,E & E,FILM,SAMPLE,,1.00,UN,MXN,1.00,1.00,0,DDP,SEA,AIR,MEXICO,QUERETARO ,LIMA, - , - ,1,,NA,NA,NA,DHL,DHL,,,13/9/2023,14/9/2023,37,7141085420,,18/9/2023,38,NO,NA,DHL,DHL,,,18/9/2023,235-2023-28-01171094-41-8-00,18/9/2023,18/9/2023,18/9/2023,NA,NA,7/9/2023,DHL,,,,,52,OLMOS,19/9/2023,20/9/2023,38,,,,,NA,0,,
2022-2023,LIQUIDADO,23-017-HPER,4700002641-2,TATIANA,FASTIK,E & E,FILM PUNNET PET 18OZ 7X7 CESTA,-,101095,"1,232,000.00",UN,USD,"91,525.28","91,525.28",0,EXW,SEA,LCL/LCL,USA,MIAMI,CALLAO,-,-,8,27/1/2023,27/2/2023,,16/2/2023,AIRSEALOG,SEABOARD,,WFHU5170760,27/2/2023,10/3/2023,10,MIA/CAL/10223,HANSA HORNEBURG 39,21/3/2023,12,SI,15/3/2023,DP WORLD,PASOC,72247,15/3/2023,17/3/2023,118-2023-10-100930-01-1-00,21/2/2023,22/2/2023,21/2/2023,NA,NA,NA,PASOC,25/3/2023,T001-2486,AGERSA,25/3/2023,12,PACKING SALAVERRY,,4/4/2023,14,10/4/2023,3/4/2023,EG07-00000047,,"Carga completada. Quedó sin BL, sin Factura  [23-017-HPER // 4700002641-2 // WFHU5170760]",4700002641-2,,
2023-2024,ENTREGADO,23-018-HFEB,4700002946,VICTOR,A&B,SPAREPARTS,REPUESTOS VARIOS,-,20457,175.00,UN,USD,"11,499.64","11,499.64",0,CPT,AIR,AIR,USA,MIAMI,LIMA,NA,NA,3,,NA,NA,NA,NA,FEDEX,,,,16/8/2023,33,646268975183,,19/8/2023,33,NO,NA,,LIP,12640,17/8/2023,17/8/2023,235-2023-10-117842-01-8-00,19/8/2023,19/8/2023,24/8/2023,NA,NA,,,,,,,52,,,4/9/2023,36,,,,,NA,4700002946,,
2023-2024,LIQUIDADO,23-018-HPER ,4700002878,CORPORATIVO,HFMX,PLANTAS,ARANDANO IN VITRO,HUB,1602,400.00,UN,USD,288.00,288.00,0,CFR,AIR,AIR,MEXICO,GUADALAJARA,LIMA,-,-,1,,NA,,,,AEROMEXICO,,,24/5/2023,25/5/2023,21,139-46295594,,28/5/2023,21,SI,26/5/2023,SAASA,AVM,519,26/5/2023,27/5/2023,235-2023-10-074827-01-6-00,28/5/2023,28/5/2023,27/5/2023,6/6/2023,6/6/2023,,,7/6/2023,T001-247,NA,NA,#¡VALOR!,VIVERO ILUSION,,7/6/2023,23,10/6/2023,7/6/2023,,,NA,4700002878,,
2023-2024,ENTREGADO,23-019-HFEB,,FIORELLA,HF IMPORTS,MAQUINARIAS,TOOLING PARA PUNNET 125G,-,20230718-2,1.00,UN,USD,60.00,60.00,0,EXW,AIR,AIR,USA,,,NA,NA,2,,NA,,,AIRSEALOG,,,,29/9/2023,14/10/2023,41,96AMIA234999,,14/10/2023,41,NO,NA,TALMA,LIP,16016,13/4/2023,13/4/2023,235-2023-10-149082-01-9-00,14/10/2023,14/10/2023,17/10/2023,NA,NA,,LIP,18/10/2023,,,,52,,,20/10/2023,42,,,,,NA,0,,
2023-2024,LIQUIDADO,23-019-HPER,4700002785,TATIANA,PROJAR,SUSTRATOS,FIBRA DE COCO,-,FE23-00194,17.00,BOL,EUR,"9,826.00","10,808.60",20%AP,CIF,SEA,FCL/FCL,ESPAÑA,ALGECIRAS,CALLAO,0.74,40 HC,17,,27/2/2023,,-,DIRECTO,MAERSK,,MRKU2233031,,22/3/2023,12,225637395,CAROLINE MAERSK,16/4/2023,15,NO,NA,IMUPESA,AVM,349,6/4/2023,14/4/2023,118-2023-10-133393-01-3-00,18/4/2023,18/4/2023,16/4/2023,20/4/2023,20/4/2023,,AVM,29/4/2023,T001-176,GUZMAN,29/4/2023,17,FUNDO ARMONIA,,17/5/2023,20,22/5/2023,16/5/2023,EG007-00000064,,Carga completada. Quedó sin booking[ 23-019-HPER // 4700002785],4700002785,,
2023-2024,LIQUIDADO,23-019-HPER,4700002785,TATIANA,PROJAR,SUSTRATOS,TURBA,-,FE23-00194,6.00,BOL,EUR,"3,270.00","3,597.00",20%AP,CIF,SEA,FCL/FCL,ESPAÑA,ALGECIRAS,CALLAO,0.26,40 HC,6,,27/2/2023,,-,DIRECTO,MAERSK,,MRKU2233031,,22/3/2023,12,225637395,CAROLINE MAERSK,16/4/2023,15,NO,NA,IMUPESA,AVM,349,6/4/2023,14/4/2023,118-2023-10-133393-01-3-00,18/4/2023,18/4/2023,16/4/2023,20/4/2023,27/4/2023,,AVM,29/4/2023,T001-176,GUZMAN,29/4/2023,17,FUNDO ARMONIA,,17/5/2023,20,22/5/2023,16/5/2023,EG007-00000064,,Carga completada. Quedó sin booking [ 23-019-HPER // 4700002785],4700002785,,
2023-2024,ENTREGADO,23-020-HFEB,4700003052,FIORELLA,PROMISOL,AGQ,MUCIGEL,-,F-23365,"2,000.00",LT,EUR,"17,800.00","19,580.00",120,EXW,SEA,LCL/LCL,ESPAÑA,BARCELONA,CALLAO,,,2,,NA,28/9/2023,3/10/2023,FORBIS,,,CMAU7639301,10/10/2023,21/10/2023,42,12023100783,KRISTINA 0DVHDS1MA,19/11/2023,46,,,VILLAS OQUENDO,AVM,1103,15/11/2023,21/11/2023,118-2023-10-446672-01-8-00,19/11/2023,20/11/2023,,NA,NA,,,,,,,52,,,29/11/2023,48,,,,,NA,4700003052,,
2023-2024,ENTREGADO,23-020-HFEB,4700003052,FIORELLA,PROMISOL,AGQ,PROMI-FERTIL MIX,-,F-23365,"5,000.00",KG,EUR,"39,250.00","43,175.00",120,EXW,SEA,LCL/LCL,ESPAÑA,BARCELONA,CALLAO,,,5,,NA,28/9/2023,3/10/2023,FORBIS,,,CMAU7639301,10/10/2023,21/10/2023,42,12023100783,KRISTINA 0DVHDS1MA,19/11/2023,46,,,VILLAS OQUENDO,AVM,1103,15/11/2023,21/11/2023,118-2023-10-446672-01-8-00,19/11/2023,20/11/2023,,NA,NA,,,,,,,52,,,29/11/2023,48,,,,,NA,4700003052,,
2023-2024,LIQUIDADO,23-020-HPER,4700002770,GONZALO,SMARTPACK,SPAREPARTS,RPTOS VARIOS PARA MAQUINA HEAT SEALER,-,127,4.00,UN,USD,"3,856.00","3,856.00",0,EXW,AIR,AIR,CHILE,SANTIAGO,LIMA,NA,NA,0.33,,NA,,7/3/2023,AIRSEALOG,KOREAN,,-,15/3/2023,17/3/2023,11,PELIM23044B,,17/3/2023,11,SI,16/3/2023,ALFOSAC,LIP,4204,16/3/2023,16/3/2023,235-2023-10-036774-01-6-00,16/3/2023,17/3/2023,20/3/2023,NA,NA,NA,LIP,21/3/2023,T001-94,AGERSA,29/4/2023,17,PACKING CHAO,,4/4/2023,14,11/4/2023,4/4/2023,EG07-00000046,,NA,4700002770,,
2023-2024,LIQUIDADO,23-020-HPER,4700002795,MELANIE,SMARTPACK,SPAREPARTS,RPTOS VARIOS PARA MAQUINA HEAT SEALER,-,129,37.00,UN,USD,"9,973.00","9,973.00",0,EXW,AIR,AIR,CHILE,SANTIAGO,LIMA,NA,NA,0.33,,NA,,7/3/2023,AIRSEALOG,KOREAN,,-,15/3/2023,17/3/2023,11,PELIM23044B,,17/3/2023,11,SI,16/3/2023,ALFOSAC,LIP,4204,16/3/2023,16/3/2023,235-2023-10-036774-01-6-00,16/3/2023,17/3/2023,20/3/2023,NA,NA,,LIP,21/3/2023,T001-94,AGERSA,21/3/2023,12,PACKING CHAO,,4/4/2023,14,11/4/2023,4/4/2023,EG07-00000046,18,NA,4700002795,,
2023-2024,LIQUIDADO,23-020-HPER,4700002804,MELANIE,SMARTPACK,SPAREPARTS,RPTOS VARIOS PARA MAQUINA HEAT SEALER,-,128,72.00,UN,USD,"1,224.00","1,224.00",30,EXW,AIR,AIR,CHILE,SANTIAGO,LIMA,NA,NA,0.33,,NA,,7/3/2023,AIRSEALOG,KOREAN,,-,15/3/2023,17/3/2023,11,PELIM23044B,,17/3/2023,11,SI,16/3/2023,ALFOSAC,LIP,4204,16/3/2023,16/3/2023,235-2023-10-036774-01-6-00,16/3/2023,17/3/2023,20/3/2023,NA,NA,,LIP,21/3/2023,T001-94,AGERSA,22/3/2023,12,,,4/4/2023,14,21/4/2023,4/4/2023,EG07-00000046,,NA,4700002804,,
2023-2024,ENTREGADO,23-021-HFEB,4700003050,FIORELLA,QUALIBIO,E & E,PUNNET CELULOSA EC 2843 Base,-,A-0950,"415,000.00",UN,EUR,"46,153.80","50,769.18",0,EXW,SEA,FCL/FCL,PAISES BAJOS,ROTTERDAM,CALLAO,1,40 HC,660,,NA,11/10/2023,16/10/2023,AIRSEALOG,HAPAG,,HLBU2190202,20/10/2023,27/10/2023,43,SBNLES00175531,CMA CGM CARL ANTOINE,30/11/2023,48,NO,,,AVM,1132,22/11/2023,27/11/2023,118-2023-10-449196-01-2-00,1/12/2023,2/12/2023,30/11/2023,NA,NA,11/12/2023,AVM,5/12/2023,,NA,NA,#¡VALOR!,OLMOS,5/12/2023,7/12/2023,49,,,,,NA,4700003050,,
2023-2024,LIQUIDADO,23-021-HPER,4700002787-1,TATIANA,PROJAR,SUSTRATOS,EASYPLANTER 25 LT,-,FX23-00122,"7,800.00",UN,USD,"15,132.00","15,132.00",20%AP,CIF,SEA,FCL/FCL,SRI LANKA,COLOMBO,CALLAO,1,40 HC,20,,20/2/2023,,-,DIRECTO,ONE,,TCLU6633323,,2/3/2023,9,ONEYCMBD02156500,SEASPAN RAPTOR,22/4/2023,16,NO,NA,IMUPESA,AVM,352,11/4/2023,18/4/2023,118-2023-10-139622-01-4-00,23/4/2023,24/4/2023,22/4/2023,25/4/2023,25/4/2023,,AVM,26/4/2023,T001-155,GUZMAN,26/4/2023,17,FUNDO ARMONIA,,3/5/2023,18,5/5/2023,2/5/2023,EG07-00000054,,"Carga completada.Quedó sin Agente de carga, booking,forma de pago 0 en cp 20%AP en excel[23-021-HPER // 4700002787-1 // TCLU6633323]",4700002787-1,,
2023-2024,LIQUIDADO,23-021-HPER,4700002787-1,TATIANA,PROJAR,SUSTRATOS,EASYPLANTER 25 LT,-,FX23-00122,"7,800.00",UN,USD,"15,132.00","15,132.00",20%AP,CIF,SEA,FCL/FCL,SRI LANKA,COLOMBO,CALLAO,1,40 HC,20,,20/2/2023,,-,DIRECTO,ONE,,TCNU5944009,,2/3/2023,9,ONEYCMBD02156500,SEASPAN RAPTOR,22/4/2023,16,NO,NA,IMUPESA,AVM,352,11/4/2023,18/4/2023,118-2023-10-139622-01-4-00,23/4/2023,24/4/2023,22/4/2023,25/4/2023,25/4/2023,,AVM,26/4/2023,T001-157,GUZMAN,26/4/2023,17,FUNDO ARMONIA,,3/5/2023,18,5/5/2023,2/5/2023,EG07-00000053,,"Carga completada. Quedó sin Agente de carga, booking,forma de pago 0 en cp 20%AP en excel [23-021-HPER // 4700002787-1 // TCNU5944009]",4700002787-1,,
2023-2024,ENTREGADO,23-022-HFEB,4700003031,FIORELLA,JCK,E & E,PUNNET 250G H40 JCK,-,882,"601,560.00",UN,USD,"24,062.40","24,062.40",30,EXW,SEA,FCL/FCL,CHILE,SAN ANTONIO,CALLAO,1,40 HC,557,,PENDIENTE,NA,10/10/2023,AIRSEALOG,HAPAG,,UASU1002500,18/10/2023,22/10/2023,42,ASLCLS00033635,MAERSK BISCAYNE 340W,27/10/2023,43,NO,NA,IMUPESA,AVM,1012,23/10/2023,24/10/2023,118-2023-10-409263-01-0-00,28/10/2023,29/10/2023,27/10/2023,NA,NA,,,,,,,52,,,2/11/2023,44,,,,,PENDIENTE,4700003031,,
2023-2024,LIQUIDADO,23-022-HPER,4700002787-2,TATIANA,PROJAR,SUSTRATOS,EASYPLANTER 25 LT,-,FX23-00124,"7,800.00",UN,USD,"15,132.00","15,132.00",20%AP,CIF,SEA,FCL/FCL,SRI LANKA,COLOMBO,CALLAO,1,40 HC,20,,20/2/2023,,-,DIRECTO,MAERSK,225610265,MSKU1231782,1/3/2023,9/3/2023,10,225610265,MAERSK STEPNICA 316W,23/4/2023,16,NO,NA,IMUPESA,AVM,354,14/4/2023,18/4/2023,118-2023-10-139663-01-2-00,24/4/2023,24/4/2023,23/4/2023,26/4/2023,26/4/2023,,AVM,28/4/2023,T001-175,GUZMAN,29/4/2023,17,FUNDO ARMONIA,,13/5/2023,19,15/5/2023,12/5/2023,EG07-00000062,,"Carga completada. Quedó en CP con Ag. Carga 0, sin booking,forma de pago 0 en cp 20%AP en excel [23-022-HPER // 4700002787-2]//MSKU1231782//]",4700002787-2,,
2023-2024,LIQUIDADO,23-022-HPER,4700002787-2,TATIANA,PROJAR,SUSTRATOS,EASYPLANTER 25 LT,-,FX23-00124,"7,800.00",UN,USD,"15,132.00","15,132.00",20%AP,CIF,SEA,FCL/FCL,SRI LANKA,COLOMBO,CALLAO,1,40 HC,20,,20/2/2023,,-,DIRECTO,MAERSK,225610265,MSKU0733641,1/3/2023,9/3/2023,10,225610265,MAERSK STEPNICA 316W,23/4/2023,16,NO,NA,IMUPESA,AVM,354,14/4/2023,18/4/2023,118-2023-10-139663-01-2-00,24/4/2023,24/4/2023,23/4/2023,26/4/2023,26/4/2023,,AVM,28/4/2023,T001-174,GUZMAN,29/4/2023,17,FUNDO ARMONIA,,13/5/2023,19,15/5/2023,12/5/2023,EG07-00000057,,"Carga completada. Quedó en CP con Ag. Carga 0, sin booking,forma de pago 0 en cp 20%AP en excel[23-022-HPER // 4700002787-2]//MSKU0733641//]",4700002787-2,,
2023-2024,LIQUIDADO,23-022-HPER,4700002787-2,TATIANA,PROJAR,SUSTRATOS,EASYPLANTER 25 LT,-,FX23-00124,"7,800.00",UN,USD,"15,132.00","15,132.00",20%AP,CIF,SEA,FCL/FCL,SRI LANKA,COLOMBO,CALLAO,1,40 HC,20,,20/2/2023,,,DIRECTO,MAERSK,225610265,MSKU9618103,,9/3/2023,10,225610265,MAERSK STEPNICA 316W,23/4/2023,16,NO,NA,IMUPESA,AVM,354,14/4/2023,18/4/2023,118-2023-10-139663-01-2-00,24/4/2023,24/4/2023,23/4/2023,26/4/2023,26/4/2023,,AVM,28/4/2023,T001-173,GUZMAN,29/4/2023,17,FUNDO ARMONIA,,13/5/2023,19,15/5/2023,12/5/2023,EG07-00000058,,"Carga completada. Quedó en CP con Ag. Carga 0, sin booking,forma de pago 0 en cp 20%AP en excel[23-022-HPER // 4700002787-2]//MSKU9618103]",4700002787-2,,
2023-2024,ENTREGADO,23-023-HFEB,4700003077,FIORELLA,HF IMPORTS,E & E,FILM PUNNET PET 11 OZ,-,4700003077,"403,684.00",UN,USD,"21,863.53","21,863.53",30,EXW,SEA,LCL/LCL,ESTADOS UNIDOS,MIAMI,CALLAO, - , - ,2,,NA,13/10/2023,16/10/2023,FORBIS,SEABOARD,,SMLU7934064,28/10/2023,3/11/2023,44,FBMIA23115519-20,SEABOARD EXPLORER 35,14/11/2023,46,NO,NA,ALFOSAC,AVM,1094,10/11/2023,10/11/2023,118-2023-10-435261-01-1-00 ,,,,NA,NA,,AVM,,,AVM,,52,OLMOS,18/11/2023,20/11/2023,47,,,,,NA,4700003077,,
2023-2024,LIQUIDADO,23-023-HPER,4700002787-3,TATIANA,PROJAR,SUSTRATOS,EASYPLANTER 25 LT,-,FX23-00123,"7,800.00",UN,USD,"15,132.00","15,132.00",20%AP,CIF,SEA,FCL/FCL,SRI LANKA,COLOMBO,CALLAO,1,40 HC,20,,20/2/2023,,-,DIRECTO,MAERSK,225610484,MRKU5723433,2/3/2023,9/3/2023,10,225610484,MAERSK STEPNICA 316W,23/4/2023,16,NO,NA,IMUPESA,AVM,353,14/4/2023,18/4/2023,118-2023-10-139647-01-7-00,24/4/2023,24/4/2023,23/4/2023,26/4/2023,26/4/2023,,AVM,28/4/2023,T001-166,GUZMAN,29/4/2023,17,FUNDO ARMONIA,,3/5/2023,18,5/5/2023,2/5/2023,EG07-00000056,,"Carga completada Quedó con Ag. Carga 0,forma de pago 0 en cp 20%AP en excel[23-023-HPER // 4700002787-3]//MRKU5723433]",4700002787-3,,
2023-2024,LIQUIDADO,23-023-HPER,4700002787-3,TATIANA,PROJAR,SUSTRATOS,EASYPLANTER 25 LT,-,FX23-00123,"7,800.00",UN,USD,"15,132.00","15,132.00",20%AP,CIF,SEA,FCL/FCL,SRI LANKA,COLOMBO,CALLAO,1,40 HC,20,,20/2/2023,,-,DIRECTO,MAERSK,225610484,MSKU0742089,2/3/2023,9/3/2023,10,225610484,MAERSK STEPNICA 316W,23/4/2023,16,NO,NA,IMUPESA,AVM,353,14/4/2023,18/4/2023,118-2023-10-139647-01-7-00,24/4/2023,24/4/2023,23/4/2023,26/4/2023,26/4/2023,,AVM,28/4/2023,T001-172,GUZMAN,29/4/2023,17,FUNDO ARMONIA,,13/5/2023,19,15/5/2023,12/5/2023,EG07-00000063,,"Carga completada. Quedó en CP con Ag. Carga 0,forma de pago 0 en cp 20%AP en excel [23-023-HPER // 4700002787-3]//MSKU0742089]",4700002787-3,,
2023-2024,ENTREGADO,23-024-HFEB,4700003097,FIORELLA,EDEN,AGQ,DISPER CHLOROPHYL,-,2023 - 1557,"1,500.00",KG,EUR,"40,950.00","45,045.00",60,CIF,SEA,LCL/LCL,ESPAÑA,VALENCIA,CALLAO,,,2,,NA,,,,CMA CGM,1371443,SEKU4327905,29/10/2023,31/10/2023,44,230103827/0302,CMA CGM PREGOLIA,11/12/2023,50,,,ALFOSAC,AVM,1163,1/12/2023,5/12/2023,118-2023-10-467174-01-7-00,,,,NA,NA,,,,,,,52,OLMOS/TRUJILLO,,18/12/2023,51,,,,,NA,4700003097,,
2023-2024,LIQUIDADO,23-024-HPER,4700002787-4,TATIANA,PROJAR,SUSTRATOS,EASYPLANTER 25 LT,,FX23-00153,"7,800.00",UN,USD,"15,132.00","15,132.00",20%AP,CIF,SEA,FCL/FCL,SRI LANKA,COLOMBO,CALLAO,1,40 HC,20,,20/2/2023,,-,DIRECTO,WAN HAI,,WHSU6374046,,16/3/2023,11,062D000466,WAN HAI 622 E011,25/5/2023,21,NO,NA,IMUPESA,AVM,355,12/5/2023,17/5/2023,118-2023-10-182138-01-3-00,26/5/2023,26/5/2023,25/5/2023,30/5/2023,31/5/2023,13/6/2023,AVM,2/6/2023,T001-227,GUZMAN,2/6/2023,22,FUNDO ARMONIA,,8/6/2023,23,9/6/2023,7/6/2023,EG07-00000074,,"Completado, quedo sin booking ,etiquetas[23-024-HPER // 4700002787-4 // WHSU6374046]",4700002787-4,,
2023-2024,LIQUIDADO,23-024-HPER,4700002787-4,TATIANA,PROJAR,SUSTRATOS,EASYPLANTER 25 LT,,FX23-00153,"7,800.00",UN,USD,"15,132.00","15,132.00",20%AP,CIF,SEA,FCL/FCL,SRI LANKA,COLOMBO,CALLAO,1,40 HC,20,,20/2/2023,,-,DIRECTO,WAN HAI,,WHSU5743005,,16/3/2023,11,062D000466,WAN HAI 622 E011,25/5/2023,21,NO,NA,IMUPESA,AVM,355,12/5/2023,17/5/2023,118-2023-10-182138-01-3-00,26/5/2023,26/5/2023,25/5/2023,30/5/2023,31/5/2023,13/6/2023,AVM,2/6/2023,T001-226,GUZMAN,2/6/2023,22,FUNDO ARMONIA,,8/6/2023,23,9/6/2023,7/6/2023,EG07-00000073,,"Completado, quedo sin booking ,etiquetas [23-024-HPER // 4700002787-4 // WHSU5743005]",4700002787-4,,
2023-2024,LIQUIDADO,23-024-HPER,4700002787-4,TATIANA,PROJAR,SUSTRATOS,EASYPLANTER 25 LT,,FX23-00153,"7,800.00",UN,USD,"15,132.00","15,132.00",20%AP,CIF,SEA,FCL/FCL,SRI LANKA,COLOMBO,CALLAO,1,40 HC,20,,20/2/2023,,-,DIRECTO,WAN HAI,,WHSU6812625,,16/3/2023,11,062D000466,WAN HAI 622 E011,25/5/2023,21,NO,NA,IMUPESA,AVM,355,12/5/2023,17/5/2023,118-2023-10-182138-01-3-00,26/5/2023,26/5/2023,25/5/2023,30/5/2023,31/5/2023,13/6/2023,AVM,2/6/2023,T001-228,GUZMAN,2/6/2023,22,FUNDO ARMONIA,,7/6/2023,23,8/6/2023,6/6/2023,EG07-00000069,,"Completado, quedo sin booking ,etiquetas [23-024-HPER // 4700002787-4 //WHSU6812625]",4700002787-4,,
2023-2024,LIQUIDADO,23-024-HPER,4700002787-4,TATIANA,PROJAR,SUSTRATOS,EASYPLANTER 25 LT,,FX23-00153,"7,800.00",UN,USD,"15,132.00","15,132.00",20%AP,CIF,SEA,FCL/FCL,SRI LANKA,COLOMBO,CALLAO,1,40 HC,20,,20/2/2023,,-,DIRECTO,WAN HAI,,WHSU5715127,,16/3/2023,11,062D000466,WAN HAI 622 E011,25/5/2023,21,NO,NA,IMUPESA,AVM,355,12/5/2023,17/5/2023,118-2023-10-182138-01-3-00,26/5/2023,26/5/2023,25/5/2023,30/5/2023,31/5/2023,13/6/2023,AVM,2/6/2023,T001-225,GUZMAN,2/6/2023,22,FUNDO ARMONIA,,7/6/2023,23,8/6/2023,6/6/2023,EG07-00000071,,"Completado, quedo sin booking ,etiquetas [23-024-HPER // 4700002787-4 // WHSU5715127]",4700002787-4,,
2023-2024,ENTREGADO,23-025-HFEB,4700003112,FIORELLA,SMARTPACK,SPAREPARTS,RPTOS VARIOS PARA MAQUINA HEAT SEALER,-,164,6.00,UN,USD,"3,289.20","3,289.20",30,EXW,AIR,AIR,CHILE,SANTIAGO,LIMA,NA,NA,1,,NA,14/11/2023,16/11/2023,AIRSEALOG,JETSMART,,,,23/11/2023,47,PELIM23181A,JA0400,23/11/2023,47,NO,NA,ALFOSAC,LIP,18109,22/11/2023,22/11/2023, 235-2023-10-170714-01-0-00,,,,NA,NA,,,,,,,52,,,27/11/2023,48,,,,,NA,4700003112,,
2023-2024,LIQUIDADO,23-025-HPER,4700002787-5,TATIANA,PROJAR,SUSTRATOS,EASYPLANTER 25 LT,-,FX23-00154,"7,800.00",UN,USD,"15,132.00","15,132.00",20%AP,CIF,SEA,FCL/FCL,SRI LANKA,COLOMBO,CALLAO,1,40 HC,20,,8/3/2023,,-,DIRECTO,ONE,CMBD03234300,DFSU6971162,18/3/2023,23/3/2023,12,ONEYCMBD03234300,CISNES 2317E,26/5/2023,21,NO,NA,IMUPESA,AVM,356,14/5/2023,16/5/2023,118-2023-10-180463-01-4-00,26/5/2023,26/5/2023,26/5/2023,30/5/2023,31/5/2023,1/6/2023,AVM,1/6/2023,T001-221,GUZMAN,1/6/2023,22,FUNDO ARMONIA,,6/6/2023,23,6/6/2023,5/6/2023,EG07-00000067,,"Completado, Quedó en cp  sin Ag. de carga,sin factura,sin booking [22-025-HPER // 4700002787-5//DFSU6971162]",4700002787-5,,
2023-2024,LIQUIDADO,23-025-HPER,4700002787-5,TATIANA,PROJAR,SUSTRATOS,EASYPLANTER 25 LT,-,FX23-00154,"7,800.00",UN,USD,"15,132.00","15,132.00",20%AP,CIF,SEA,FCL/FCL,SRI LANKA,COLOMBO,CALLAO,1,40 HC,20,,8/3/2023,NA,NA,DIRECTO,ONE,CMBD03234300,DRYU6016516,18/3/2023,23/3/2023,12,ONEYCMBD03234300,CISNES 2317E,26/5/2023,21,NO,NA,IMUPESA,AVM,356,14/5/2023,16/5/2023,118-2023-10-180463-01-4-00,26/5/2023,26/5/2023,26/5/2023,30/5/2023,31/5/2023,1/6/2023,AVM,1/6/2023,T001-222,GUZMAN,1/6/2023,22,FUNDO ARMONIA,,6/6/2023,23,6/6/2023,5/6/2023,EG07-00000066,,"Completado, Quedó en cp  sin Ag. de carga,sin factura,sin booking [22-025-HPER // 4700002787-5//DFSU6971162] [22-025-HPER // 4700002787-5//DRYU6016516]",4700002787-5,,
2023-2024,LIQUIDADO,23-025-HPER,4700002787-5,TATIANA,PROJAR,SUSTRATOS,EASYPLANTER 25 LT,-,FX23-00154,"7,800.00",UN,USD,"15,132.00","15,132.00",20%AP,CIF,SEA,FCL/FCL,SRI LANKA,COLOMBO,CALLAO,1,40 HC,20,,8/3/2023,NA,NA,DIRECTO,ONE,CMBD03234300,DRYU6068886,18/3/2023,23/3/2023,12,ONEYCMBD03234300,CISNES 2317E,26/5/2023,21,NO,NA,IMUPESA,AVM,356,14/5/2023,16/5/2023,118-2023-10-180463-01-4-00,26/5/2023,26/5/2023,26/5/2023,30/5/2023,31/5/2023,1/6/2023,AVM,1/6/2023,T001-223,GUZMAN,1/6/2023,22,FUNDO ARMONIA,,6/6/2023,23,6/6/2023,5/6/2023,EG07-00000068,,"Completado, Quedó en cp  sin Ag. de carga,sin factura,sin booking [22-025-HPER // 4700002787-5//DFSU6971162] [22-025-HPER // 4700002787-5//DRYU6068886]",4700002787-5,,
2023-2024,LIQUIDADO,23-025-HPER,4700002787-5,TATIANA,PROJAR,SUSTRATOS,EASYPLANTER 25 LT,-,FX23-00154,"7,800.00",UN,USD,"15,132.00","15,132.00",20%AP,CIF,SEA,FCL/FCL,SRI LANKA,COLOMBO,CALLAO,1,40 HC,20,,8/3/2023,NA,NA,DIRECTO,ONE,CMBD03234300,TLLU5666526,18/3/2023,23/3/2023,12,ONEYCMBD03234300,CISNES 2317E,26/5/2023,21,NO,NA,IMUPESA,AVM,356,14/5/2023,16/5/2023,118-2023-10-180463-01-4-00,26/5/2023,26/5/2023,26/5/2023,30/5/2023,31/5/2023,1/6/2023,AVM,1/6/2023,T001-224,GUZMAN,1/6/2023,22,FUNDO ARMONIA,,7/6/2023,23,8/6/2023,6/6/2023,EG07-00000070,,"Completado, Quedó en cp  sin Ag. de carga,sin factura,sin booking [22-025-HPER // 4700002787-5//DFSU6971162][22-025-HPER // 4700002787-5//TLLU5666526]",4700002787-5,,
2023-2024,LIQUIDADO,23-026-HPER,4700002769,GONZALO,GUTTIS,EQP & INST,"MALE NUT CONNECTOR 16;17 X 1/2"" FOR
DRIP TAPE ",-,EI23800047,"12,600.00",UN,USD,"3,816.54","3,816.54",0,CIF,AIR,AIR,ISRAEL,HAIFA,LIMA,-,-,0.5,,NA,,-,-,AIR FRANCE,,-,,4/3/2023,9,057-00121435,,6/3/2023,10,NO,NA,SAASA,LIP,3645,4/3/2023,4/3/2023,235-2023-10-030613-01-0-00,6/3/2023,6/3/2023,7/3/2023,NA,NA,,LIP,8/3/2023,T001-43,AGERSA,8/3/2023,10,FUNDO ARMONIA,,20/3/2023,12,28/3/2023,19/3/2023,EG07-00000045,,NA,4700002769,,
2023-2024,LIQUIDADO,23-026-HPER,4700002781,GONZALO,GUTTIS,EQP & INST,17 x 1/2 BARB MALE ADAPTOR,-,EI23800048,"9,600.00",UN,USD,"2,292.38","2,292.38",0,CIF,AIR,AIR,ISRAEL,HAIFA,LIMA,NA,NA,0.5,,NA,,-,-,AIR FRANCE,,-,,4/3/2023,9,057-00121435,,6/3/2023,10,NO,NA,SAASA,LIP,3645,4/3/2023,4/3/2023,235-2023-10-030613-01-0-00,6/3/2023,6/3/2023,7/3/2023,NA,NA,,LIP,8/3/2023,T001-43,AGERSA,9/3/2023,10,FUNDO ARMONIA,,20/3/2023,12,28/3/2023,19/3/2023,,,NA,4700002781,,
2023-2024,LIQUIDADO,23-027-HPER,4700002778,MELANIE,UNITEC,SPAREPARTS,RPTOS VARIOS PARA MAQUINA CALIBRADORA DE ARANDANOS,-,124,128.00,UN,EUR,"10,587.25","11,645.98",0,EXW,AIR,AIR,CHILE,SANTIAGO,LIMA,-,-,1,,NA,,3/4/2023,AIRSEALOG,KOREAN,,-,9/3/2023,12/3/2023,10,PELIM23042A,,12/3/2023,10,SI,10/3/2023,ALFOSAC,LIP,3928,10/3/2023,10/3/2023,235-2023-10-033869-01-6-00,12/3/2023,12/3/2023,14/3/2023,NA,NA,NA,LIP,14/3/2023, T001-65,AGERSA,15/3/2023,11,PACKING SALAVERRY,,14/3/2023,11,27/3/2023,13/3/2023,EG07-00000044,,NA,4700002778,,
2023-2024,LIQUIDADO,23-028-HPER,"01-2223CPRD08-03-03-0010,0013,15-0005,04-0008",GONZALO,GUTTIS,EQP & INST,MUESTRA,SAMPLE,T62,189.00,UN,USD,"1,058.35","1,058.35",0,DPU,AIR,AIR,ISRAEL,HAIFA,LIMA,NA,NA,1,,NA,,-,DHL,DHL,,-,5/3/2023,6/3/2023,10,8509389954,DHL COURIER,8/3/2023,10,NO,NA,DHL,DHL,NA,NA,6/3/2023,235-2023-28-00237562-10-6-00,8/3/2023,8/3/2023,8/3/2023,NA,NA,,NA,8/3/2023,NA,DHL,9/3/2023,10,PACKING SALAVERRY,,15/3/2023,11,,14/3/2023,,,NA,"01-2223CPRD08-03-03-0010,0013,15-0005,04-0008",,
2023-2024,LIQUIDADO,23-029-HPER,4700002767,MELANIE,A&B,SPAREPARTS,RPTOS VARIOS PARA MAQUINA PESADORA DE ARANDANOS A&B,-,20281,"2,748.00",UN,USD,"16,702.90","16,702.90",0,EXW,AIR,AIR,USA,MIAMI,LIMA,-,-,0.14,17/2/2023,NA,9/3/2023,15/3/2023,AIRSEALOG,AIRMAX,,-,20/3/2023,29/3/2023,13,89AMIA231321 ,,29/3/2023,13,SI,28/3/2023,ALFOSAC,LIP,4762,28/3/2023,28/3/2023,235-2023-10-043038-01-1-00,29/3/2023,29/3/2023,30/3/2023,NA,NA,NA,LIP,8/4/2023, T001-126,AGERSA,9/4/2023,14,,,4/4/2023,14,10/4/2023,3/4/2023,EG07-00000048,,NA,4700002767,,
2023-2024,LIQUIDADO,23-029-HPER,4700002766,GONZALO,A&B,SPAREPARTS,RPTOS VARIOS PARA MAQUINA PESADORA DE ARANDANOS A&B,-,20267,47.00,UN,USD,"11,999.90","11,999.90",0,EXW,AIR,AIR,USA,MIAMI,LIMA,-,-,0.14,,NA,9/3/2023,15/3/2023,AIRSEALOG,AIRMAX,,-,20/3/2023,29/3/2023,13,89AMIA231321 ,,29/3/2023,13,SI,28/3/2023,ALFOSAC,LIP,4762,28/3/2023,28/3/2023,235-2023-10-043038-01-1-00,29/3/2023,29/3/2023,30/3/2023,NA,NA,,LIP,8/4/2023, T001-126,AGERSA,9/4/2023,14,,,4/4/2023,14,10/4/2023,3/4/2023,EG07-00000048,,NA,4700002766,,
2023-2024,LIQUIDADO,23-029-HPER,4700002772,TATIANA,A&B,SPAREPARTS,RPTOS VARIOS PARA MAQUINA PESADORA DE ARANDANOS A&B,-,20297,1.00,UN,USD,250.53,250.53,0,EXW,AIR,AIR,USA,MIAMI,LIMA,-,-,0.14,,NA,9/3/2023,15/3/2023,AIRSEALOG,AIRMAX,,-,20/3/2023,29/3/2023,13,89AMIA231321 ,,29/3/2023,13,SI,28/3/2023,ALFOSAC,LIP,4762,28/3/2023,28/3/2023,235-2023-10-043038-01-1-00,29/3/2023,29/3/2023,30/3/2023,NA,NA,,LIP,8/4/2023, T001-126,AGERSA,9/4/2023,14,,,4/4/2023,14,10/4/2023,3/4/2023,EG07-00000048,,NA,4700002772,,
2023-2024,LIQUIDADO,23-029-HPER,4700002792,MELANIE,A&B,SPAREPARTS,RPTOS VARIOS PARA MAQUINA PESADORA DE ARANDANOS A&B,-,20296,234.00,UN,USD,"8,564.78","8,564.78",0,EXW,AIR,AIR,USA,MIAMI,LIMA,-,-,0.14,27/2/2023,NA,9/3/2023,15/3/2023,AIRSEALOG,AIRMAX,,-,20/3/2023,29/3/2023,13,89AMIA231321 ,,29/3/2023,13,SI,28/3/2023,ALFOSAC,LIP,4762,28/3/2023,28/3/2023,235-2023-10-043038-01-1-00,29/3/2023,29/3/2023,30/3/2023,NA,NA,,LIP,8/4/2023, T001-126,AGERSA,9/4/2023,14,,,4/4/2023,14,10/4/2023,3/4/2023,EG07-00000048,,NA,4700002792,,
2023-2024,LIQUIDADO,23-029-HPER,4700002783,JOHAN,A&B,SPAREPARTS,RPTOS VARIOS PARA MAQUINA PESADORA DE ARANDANOS A&B,-,20286,36.00,UN,USD,"1,562.63","1,562.63",0,EXW,AIR,AIR,USA,MIAMI,LIMA,-,-,0.14,,NA,16/3/2023,15/3/2023,AIRSEALOG,AIRMAX,,-,20/3/2023,29/3/2023,13,89AMIA231321 ,,29/3/2023,13,SI,28/3/2023,ALFOSAC,LIP,4762,28/3/2023,28/3/2023,235-2023-10-043038-01-1-00,29/3/2023,29/3/2023,30/3/2023,NA,NA,,LIP,8/4/2023, T001-126,AGERSA,9/4/2023,14,,,4/4/2023,14,10/4/2023,3/4/2023,EG07-00000048,,NA,4700002783,,
2023-2024,LIQUIDADO,23-029-HPER,4700002784,JOHAN,A&B,SPAREPARTS,RPTOS VARIOS PARA MAQUINA PESADORA DE ARANDANOS A&B,-,20287,18.00,UN,USD,"5,778.84","5,778.84",0,EXW,AIR,AIR,USA,MIAMI,LIMA,NA,NA,0.14,,NA,16/3/2023,15/3/2023,AIRSEALOG,AIRMAX,,-,20/3/2023,29/3/2023,13,89AMIA231321 ,,29/3/2023,13,SI,28/3/2023,ALFOSAC,LIP,4762,28/3/2023,28/3/2023,235-2023-10-043038-01-1-00,29/3/2023,29/3/2023,30/3/2023,NA,NA,,LIP,8/4/2023, T001-126,AGERSA,9/4/2023,14,,,4/4/2023,14,10/4/2023,3/4/2023,EG07-00000048,,NA,4700002784,,
2023-2024,LIQUIDADO,23-029-HPER,4700002786,GONZALO,A&B,SPAREPARTS,RPTOS VARIOS PARA MAQUINA PESADORA DE ARANDANOS A&B,-,20295,3.00,UN,USD,"1,794.99","1,794.99",0,EXW,AIR,AIR,USA,MIAMI,LIMA,NA,NA,0.14,,NA,16/3/2023,15/3/2023,AIRSEALOG,AIRMAX,,-,20/3/2023,29/3/2023,13,89AMIA231321 ,,29/3/2023,13,SI,28/3/2023,ALFOSAC,LIP,4762,28/3/2023,28/3/2023,235-2023-10-043038-01-1-00,29/3/2023,29/3/2023,30/3/2023,NA,NA,,LIP,8/4/2023, T001-126,AGERSA,9/4/2023,14,,,4/4/2023,14,10/4/2023,3/4/2023,EG07-00000048,,NA,4700002786,,
2023-2024,LIQUIDADO,23-030-HPER,4700002797,OMAR,PROMISOL,AGQ,CYTOFLOW,-,F/23061,"1,000.00",KG,EUR,"10,750.00","11,825.00",90,FOB,SEA,LCL/LCL,ESPAÑA,BARCELONA,CALLAO,,-,1.5,,6/3/2023,2/3/2023,3/3/2023,AIRSEALOG,CMA CGM, S00026682,-,6/3/2023,19/3/2023,11,12023030480,VALPARAISO EXPRESS 0WCEHS1MA,20/4/2023,16,SI,21/3/2023,VILLAS OQUENDO,PASOC,74336,10/4/2023,18/4/2023,118-2023-10-139654-01-3-01,22/4/2023,23/4/2023,20/4/2023,NA,NA,,PASOC,25/4/2023,T001-3850,AGERSA,25/4/2023,17,FUNDO ARMONIA,,26/4/2023,17,27/4/2023,25/4/2023,EG07-00000052,,"COMPLETADO.Quedó en CP Ag. Carga, Booking[ 22-030-HPER // 4700002797//BMOU5864580]",4700002797,,
2023-2024,LIQUIDADO,23-030-HPER,4700002797,OMAR,PROMISOL,AGQ,CYTOLAN,-,F/23061,"1,000.00",KG,EUR,"11,500.00","12,650.00",90,FOB,SEA,LCL/LCL,ESPAÑA,BARCELONA,CALLAO,,-,1.5,,6/3/2023,2/3/2023,3/3/2023,AIRSEALOG,CMA CGM, S00026682,-,6/3/2023,19/3/2023,11,12023030480,VALPARAISO EXPRESS 0WCEHS1MA,20/4/2023,16,SI,21/3/2023,VILLAS OQUENDO,PASOC,74336,10/4/2023,18/4/2023,118-2023-10-139654-01-3-01,22/4/2023,23/4/2023,20/4/2023,NA,NA,,PASOC,25/4/2023,T001-3850,AGERSA,25/4/2023,17,FUNDO ARMONIA,,26/4/2023,17,27/4/2023,25/4/2023,EG07-00000052,,"COMPLETADO.Quedó en CP Ag. Carga, Booking[ 22-030-HPER // 4700002797//BMOU5864580]",4700002797,,
2023-2024,LIQUIDADO,23-031-HPER,4700002800,OMAR,BIOCONSUL,AGQ,ORGANCAB K (ABONO ORGANICO),-,BE004/23,"20,000.00",KG,EUR,"16,560.90","18,216.99",60,FOB,SEA,FCL/FCL,ESPAÑA,VALENCIA,CALLAO,1,40 HC,20,,15/3/2023,7/3/2023,9/3/2023,AIRSEALOG,CMA CGM,S00026859 ,CMAU9098952,17/3/2023,27/3/2023,13,PAEM015218,MONTEVIDEO EXPRESS,10/5/2023,19,SI,27/3/2023,IMUPESA,PASOC,75596,5/5/2023,18/4/2023,118-2023-10-163257-01-0-00,12/5/2023,11/5/2023,10/5/2023,NA,NA,,PASOC,13/5/2023,T001-4621,AGERSA,13/5/2023,19,FUNDO ARMONIA,,18/5/2023,20,18/5/2023,17/5/2023,EG07-00000065,,"Carga completada. Quedó en CP sin booking,[ 23-031-HPER // 4700002800 // CMAU9098952]",4700002800,,
2023-2024,LIQUIDADO,23-032-HPER,4700002807,MELANIE,UNITEC,SPAREPARTS,RPTOS VARIOS PARA MAQUINA CALIBRADORA DE ARANDANOS,-,131,24.00,UN,EUR,"11,165.45","12,282.00",0,EXW,AIR,AIR,CHILE,SANTIAGO,LIMA,-,-,1,,NA,31/3/2023,4/4/2023,AIRSEALOG,KOREAN,,-,12/4/2023,14/4/2023,15,PELIM23058A,,14/4/2023,15,SI,13/4/2023,ALFOSAC,LIP,5575,13/4/2023,13/4/2023,235-2023-10-051131-01-5-00,14/4/2023,14/4/2023,,NA,NA,,LIP,18/4/2023,T001-179,AGERSA,18/4/2023,16,PACKING CHAO,,21/4/2023,16,24/4/2023,20/4/2023, EG07-00000051,,NA,4700002807,,
2023-2024,LIQUIDADO,23-033-HPER,4700002796,GONZALO,RITEC,EQP & INST,EQUIPOS Y REPUESTOS VARIOS,-,23/213,11.00,UN,USD,550.00,550.00,0,EXW,AIR,AIR,ESPAÑA,MADRID,LIMA,-,-,1,13/3/2023,NA,NA,NA,-,DHL,,-,20/3/2023,20/3/2023,12,5049604151,DHL COURIER,22/3/2023,12,NO,NA,DHL,DHL,NA,NA,21/3/2023,235-2023-28-00294743-10-6-00,22/3/2023,22/3/2023,22/3/2023,NA,NA,,NA,1/4/2023,NA,DHL,2/4/2023,13,PACKING SALAVERRY,,24/3/2023,12,24/4/2023,23/3/2023,,,NA,4700002796,,
2023-2024,LIQUIDADO,23-034-HPER,01-2223CPRD08-02-13-0001 ,TATIANA,HAYLEYS,SUSTRATOS,COCO PEAT MIXED,SAMPLE, 11-22,,,USD,28.00,28.00,0,DAP,AIR,AIR,SRI LANKA,COLOMBO,LIMA,-,-,3,,NA,,-,-,FEDEX,,-,15/4/2023,16/4/2023,15,771822926985,,20/4/2023,16,NO,NA,SCHARFF,SCHARFF - AVM,NA,NA,31/5/2023,235-2023-28-00588294-10-3-00,20/4/2023,20/4/2023,31/5/2023,22/6/2023,22/6/2023,,NA,22/6/2023,NA,,NA,#¡VALOR!,,,26/6/2023,26,NA,23/6/2023,,,NA,01-2223CPRD08-02-13-0001 ,,
2023-2024,LIQUIDADO,23-035-HPER,PEA2H10101,TATIANA,CARFIA,SUSTRATOS,COCO FIBRA SUSTRATO,SAMPLE,,1.00,UN,USD,1.60,1.60,0,DAP,AIR,AIR,INDIA,INDIA,LIMA,-,-,2,,NA,NA,NA,,DHL,,-,,24/3/2023,12,5762970802,,28/3/2023,13,NO,NA,DHL,DHL - AVM,NA,NA,30/3/2023,235-2023-28-331485-10-4-00,30/3/2023,30/3/2023,30/3/2023,17/4/2023,18/4/2023,,,28/4/2023,NA,,NA,#¡VALOR!,,,2/5/2023,18,,1/5/2023,,,NA,PEA2H10101,,
2023-2024,LIQUIDADO,23-036-HPER,4700002831,GONZALO,ARABLE,EQP & INST,ESTACION METEOROLOGICA,,SO85,1.00,UN,USD,999.00,999.00,0,EXW,AIR,AIR,USA,MIAMI,LIMA, - , - ,1,,NA,11/5/2023,30/5/2023,AIRSEALOG,NORTHERN,,,1/6/2023,2/7/2023,26,97AMIA232984,,3/7/2023,27,SI,30/6/2023,ALFOSAC,LIP,9791,30/6/2023,14/7/2023,235-2023-10-099673-01-2-00 ,3/7/2023,3/7/2023,14/7/2023,NA,NA,,LIP,15/7/2023,,AGERSA,,52,,,7/8/2023,32,,,,,NA,4700002831,,
2023-2024,LIQUIDADO,23-037-HPER,4700002806,OMAR,EDEN,AGQ,DISPER COMPLEX,-,2023-1511,"20,000.00",KG,EUR,"148,000.00","162,800.00",90,EXW,SEA,FCL/FCL,ESPAÑA,VALENCIA,CALLAO,1,40 HC,40,27/3/2023,15/3/2023,15/3/2023,16/3/2023,AIRSEALOG,CMA CGM,S00027098,TCNU6976612,,3/4/2023,14,PAEM015229,CMA CGM CARL ANTOINE,5/5/2023,18,SI,4/4/2023,IMUPESA,PASOC,75597,24/4/2023,3/5/2023,118-2023-10-158534-01-1-00,6/5/2023,5/5/2023,5/5/2023,NA,NA,,PASOC,10/5/2023,T001-4468,AGERSA,11/7/2023,28,FUNDO ARMONIA,,11/5/2023,19,15/5/2023,10/5/2023,EG07-00000061,,Carga completada. Quedó en CP sin booking [ 23-037-HPER //4700002806/TCNU6976612],4700002806,,
2023-2024,LIQUIDADO,23-038-HPER,4700002828,GONZALO,A&B,SPAREPARTS,RPTOS VARIOS PARA MAQUINA PESADORA DE ARANDANOS A&B,-,20366,10.00,UN,USD,155.80,155.80,0,EXW,AIR,AIR,USA,MIAMI,LIMA,NA,NA,0.5,,NA,NA,NA,-,DHL,,-,26/4/2023,27/4/2023,17,6556853181,,28/4/2023,17,SI,24/4/2023,DHL,DHL,,,28/4/2023,235-2023-28-00451610-10-0-00,28/4/2023,28/4/2023,28/4/2023,NA,NA,,NA,2/5/2023,,DHL,NA,#¡VALOR!,PACKING SALAVERRY,,9/5/2023,19,15/5/2023,9/5/2023,,,NA,4700002828,,
2023-2024,LIQUIDADO,23-039-HPER,4700002816,MELANIE,QINGDAO,SPAREPARTS,LLANTAS PARA CARRITO COSECHERO,-,2023-PERU-01,"9,200.00",UN,USD,"32,200.00","32,200.00",30%AP,FOB,SEA,FCL/FCL,CHINA,QINGDAO,CALLAO,0.5,40 HC,,25/5/2023,27/4/2023,24/4/2023,17/5/2023,FORBIS,WAN HAI,,WHSU5790007,,7/6/2023,23,FBTCQD2306109 ,KOTA CARUM,5/8/2023,31,SI,12/6/2023,IMUPESA,LIP,10916,18/7/2023,27/7/2023,118-2023-10-284348-01-3-02,5/8/2023,6/8/2023,5/8/2023,NA,NA,,LIP,8/8/2023,T001-838,AGERSA,8/8/2023,32,FUNDO ARMONIA,,10/8/2023,32,16/8/2023,9/8/2023,EG07-00000104,,carga completada.Quedó en CP. sin booking[23-039-HPER//4700002816/WHSU5790007],4700002816,,
2023-2024,LIQUIDADO,23-039-HPER,4700002835,MELANIE,QINGDAO,SPAREPARTS,LLANTAS PARA CARRITO COSECHERO,-,2023-PERU-02,"3,800.00",UN,USD,"14,400.00","14,400.00",30%AP,FOB,SEA,FCL/FCL,CHINA,QINGDAO,CALLAO,0.5,40 HC,,25/5/2023,27/4/2023,24/4/2023,17/5/2023,FORBIS,WAN HAI,,WHSU5790007,,7/6/2023,23,FBTCQD2306109 ,KOTA CARUM,5/8/2023,31,SI,12/6/2023,IMUPESA,LIP,10916,18/7/2023,27/7/2023,118-2023-10-284348-01-3-02,5/8/2023,6/8/2023,5/8/2023,NA,NA,,LIP,8/8/2023,T001-838,AGERSA,8/8/2023,32,FUNDO ARMONIA,,10/8/2023,32,16/8/2023,9/8/2023,EG07-00000104,, carga completada.Quedó en CP. sin booking[23-039-HPER//4700002835/WHSU5790007],4700002835,,
2023-2024,LIQUIDADO,23-040-HPER,4700002825,GONZALO,SMARTPACK,SPAREPARTS,RPTOS VARIOS PARA MAQUINA HEAT SEALER,-,130,10.00,UN,USD,740.00,740.00,30,EXW,AIR,AIR,CHILE,SANTIAGO,LIMA,NA,NA,1,,NA,NA,NA,-,DHL,,-,14/4/2023,14/4/2023,15,6651049823,,18/4/2023,16,NO,NA,DHL,DHL,NA,,18/4/2023,235-2023-28-00402133-10-8-00,18/4/2023,18/4/2023,9/7/2023,NA,NA,,NA,19/4/2023,,DHL,NA,#¡VALOR!,PACKING SALAVERRY,,21/4/2023,16,,20/4/2023,,,NA,4700002825,,
2023-2024,LIQUIDADO,23-041-HPER,4700002830,GONZALO,GUTTIS,EQP & INST,EQUIPOS Y REPUESTOS VARIOS,-,EI23800086,"11,400.00",UN,USD,"10,325.56","10,325.56",0,CIF,AIR,AIR,ISRAEL,HAIFA,LIMA,NA,NA,,1/5/2023,NA,NA,NA,,AIR FRANCE,,,4/5/2023,7/5/2023,18,057-01232744,,8/5/2023,19,NO,,SAASA,LIP,6759,3/5/2023,4/5/2023,235-2023-10-061804-01-2-00,8/5/2023,8/5/2023,9/7/2023,NA,NA,,LIP,10/5/2023,T001-241,AGERSA,10/5/2023,19,FUNDO ARMONIA,,12/5/2023,19,18/5/2023,11/5/2023,EG07-00000060,,NA,4700002830,,
2023-2024,LIQUIDADO,23-042-HPER,01-2122CPRD07-07-01-0001,GONZALO,WEBEE,EQP & INST,DATTALOGERS,SAMPLE,10881,8.00,UN,USD,552.00,552.00,0,DAP,AIR,AIR,CHINA,,LIMA,-,-,1,,NA,NA,NA,-,FEDEX,,-,17/4/2023,18/4/2023,16,771878927642,FEDEX,22/4/2023,16,NO,NA,DHL,FEDEX,NA,NA,28/4/2023,235-2023-28-452953-10-9-00,22/4/2023,22/4/2023,4/5/2023,NA,NA,NA,NA,8/5/2023,NA,DHL,9/5/2023,19,,,9/5/2023,19,,8/5/2023,,,NA,01-2122CPRD07-07-01-0001,,
2023-2024,LIQUIDADO,23-043-HPER,4700002833,MELANIE,UNITEC,SPAREPARTS,RPTOS VARIOS PARA MAQUINA CALIBRADORA DE ARANDANOS,-,133,20.00,UN,EUR,"2,027.27","2,230.00",0,EXW,AIR,AIR,CHILE,SANTIAGO,LIMA,-,,1,,NA,26/5/2023,1/6/2023,AIRSEALOG,KOREAN,,,2/6/2023,4/6/2023,22,PELIM23087A,,4/6/2023,22,SI,1/6/2023,ALFOSAC,LIP,8402,2/6/2023,3/6/2023,235-2023-10-078307-01-7-00,4/6/2023,4/6/2023,5/6/2023,NA,NA,,LIP,6/6/2023,T001-312,AGERSA,6/6/2023,23,PACKING SALAVERRY,,6/6/2023,23,12/6/2023,5/6/2023,EG07-00000072,,NA,4700002833,,
2023-2024,LIQUIDADO,23-043-HPER,4700002836,MELANIE,UNITEC,SPAREPARTS,RPTOS VARIOS PARA MAQUINA CALIBRADORA DE ARANDANOS,-,140,7.00,UN,EUR,"1,849.37","2,034.31",0,EXW,AIR,AIR,CHILE,SANTIAGO,LIMA,-,,2,,NA,26/5/2023,1/6/2023,AIRSEALOG,KOREAN,,,2/6/2023,4/6/2023,22,PELIM23087A,,4/6/2023,22,SI,1/6/2023,ALFOSAC,LIP,8402,2/6/2023,3/6/2023,235-2023-10-078307-01-7-00,4/6/2023,4/6/2023,5/6/2023,,,,LIP,6/6/2023,T001-312,AGERSA,6/6/2023,23,PACKING SALAVERRY,,6/6/2023,23,12/6/2023,5/6/2023,EG07-00000072,,NA,,,
2023-2024,LIQUIDADO,23-043-HPER,4700002834,GONZALO,UNITEC,SPAREPARTS,RPTOS VARIOS PARA MAQUINA CALIBRADORA DE ARANDANOS,-,138,1.00,UN,EUR,"6,075.00","6,682.50",0,EXW,AIR,AIR,CHILE,SANTIAGO,LIMA,-,,1,,NA,26/5/2023,1/6/2023,AIRSEALOG,KOREAN,,,2/6/2023,4/6/2023,22,PELIM23087A,,4/6/2023,22,SI,1/6/2023,ALFOSAC,LIP,8402,2/6/2023,3/6/2023,235-2023-10-078307-01-7-00,4/6/2023,4/6/2023,5/6/2023,NA,NA,,LIP,6/6/2023,T001-312,AGERSA,6/6/2023,23,PACKING SALAVERRY,,6/6/2023,23,12/6/2023,5/6/2023,EG07-00000072,,NA,4700002834,,
2023-2024,LIQUIDADO,23-043-HPER,4700002853,GERMAN,UNITEC,SPAREPARTS,RPTOS VARIOS PARA MAQUINA CALIBRADORA DE ARANDANOS,-,141,"18,097.00",UN,EUR,"72,084.87","79,293.36",0,EXW,AIR,AIR,CHILE,SANTIAGO,LIMA,-,,2,,NA,26/5/2023,1/6/2023,AIRSEALOG,KOREAN,,,2/6/2023,4/6/2023,22,PELIM23087A,,4/6/2023,22,SI,1/6/2023,ALFOSAC,LIP,8402,2/6/2023,3/6/2023,235-2023-10-078307-01-7-00,4/6/2023,4/6/2023,5/6/2023,NA,NA,,LIP,6/6/2023,T001-312,AGERSA,6/6/2023,23,PACKING SALAVERRY,,6/6/2023,23,12/6/2023,5/6/2023,EG07-00000072,,NA,4700002853,,
2023-2024,LIQUIDADO,23-043-HPER,4700002854,GERMAN,UNITEC,SPAREPARTS,RPTOS VARIOS PARA MAQUINA CALIBRADORA DE ARANDANOS,-,142,"16,097.00",UN,EUR,"57,742.47","63,516.72",0,EXW,AIR,AIR,CHILE,SANTIAGO,LIMA,-,,1,,NA,26/5/2023,1/6/2023,AIRSEALOG,KOREAN,,,2/6/2023,4/6/2023,22,PELIM23087A,,4/6/2023,22,SI,1/6/2023,ALFOSAC,LIP,8402,2/6/2023,3/6/2023,235-2023-10-078307-01-7-00,4/6/2023,4/6/2023,5/6/2023,NA,NA,,LIP,6/6/2023,T001-312,AGERSA,6/6/2023,23,PACKING SALAVERRY,,6/6/2023,23,12/6/2023,5/6/2023,EG07-00000072,,NA,4700002854,,
2023-2024,LIQUIDADO,23-044-HPER,PEA2H10101,TATIANA,MULTICOLOR,E & E,STICKERS LAVABLES,SAMPLE,,2.00,KG,USD,20.00,20.00,0,DDP,AIR,AIR,MEXICO,,LIMA,-,-,2,,NA,NA,NA,,DHL,,,17/4/2023,17/4/2023,16,4792160866,,19/4/2023,16,NO,NA,DHL,DHL,NA,NA,18/4/2023,235-2023-28-00407672-10-4-00,19/4/2023,19/4/2023,19/4/2023,NA,NA,,NA,19/4/2023,NA,DHL,NA,#¡VALOR!,PACKING SALAVERRY,,21/4/2023,16,NA,21/4/2023,,,NA,PEA2H10101,,
2023-2024,LIQUIDADO,23-045-HPER,PEA23W1901 ,TATIANA,BVB,SUSTRATOS,TURBA,SAMPLE,B697434,2.00,PKG,EUR,10.00,11.00,0,DAP,AIR,AIR,ESTONIA,TALLIN,LIMA,-,-,1,,NA,,,,FEDEX,,,,23/5/2023,21,128435005,,25/5/2023,21,NO,NA,SLI,AVM,NA,NA,23/5/2023,235-2023-28-00556838-10-8-00,25/5/2023,25/5/2023,25/5/2023,22/8/2023,22/8/2023,,NA,,NA,FEDEX,,52,FUNDO ARMONIA,3/10/2023,4/10/2023,40,NA,,,,NA,PEA23W1901 ,,
2023-2024,LIQUIDADO,23-046-HPER,01-2223CPRD08-02-13-0001,TATIANA,VERITAS,SUSTRATOS,COCO PITH/CHIPS MIX BLOCKS ,SAMPLE,INV-AR-202324/014,18.00,KG,USD,2.00,2.00,0,DAP,AIR,AIR,SRI LANKA,COLOMBO,LIMA,,,1,,NA,,,,DHL,,,29/4/2023,1/5/2023,18,8340114521,,4/5/2023,18,NO,NA,DHL,DHL - AVM,NA,NA,10/5/2023,235-2023-28-00502890-10-1-00,4/5/2023,4/5/2023,10/5/2023,30/5/2023,9/6/2023,,NA,14/6/2023,NA,DHL,NA,#¡VALOR!,PACKING SALAVERRY,,16/6/2023,24,NA,15/6/2023,,,NA,01-2223CPRD08-02-13-0001,,
2023-2024,LIQUIDADO,23-047-HPER,4700002839,OMAR,PROMISOL,AGQ,CYTOFLOW AMIN,-,F/23195,"3,000.00",KG,EUR,"32,250.00","35,475.00",90,FOB,SEA,LCL/LCL,ESPAÑA,BARCELONA,CALLAO,,,4,,27/4/2023,27/4/2023,4/5/2023,AIRSEALOG,CMA CGM,S00028530,CMAU4739544,5/5/2023,13/5/2023,19,12023050469,CMA CGM ARKANSAS,12/6/2023,24,SI,17/5/2023,VILLAS OQUENDO,PASOC,78659,31/5/2023,9/6/2023,118-2023-10-00217476-01-3-00,13/6/2023,15/6/2023,12/6/2023,NA,NA,,PASOC,16/6/2023,T001-5986,AGERSA,17/6/2023,24,FUNDO ARMONIA,,19/6/2023,25,20/6/2023,18/6/2023,EG07-00000075,,"Carga completada. Faltó en CP, deposito,booking,etiquetas,SKU [23-047-HPER // 4700002839/CMAU4739544//]",4700002839,,
2023-2024,LIQUIDADO,23-048-HPER,4700002838,GONZALO,RITEC,EQP & INST,EQUIPOS Y REPUESTOS VARIOS,-, 23/412,105.00,UN,USD,819.00,819.00,0,EXW,AIR,AIR,ESPAÑA,MADRID,LIMA,-,-,1,,NA,NA,NA,,DHL,,,4/5/2023,5/5/2023,18,3107368051,,6/5/2023,18,NO,NA,DHL,DHL,NA,NA,5/5/2023,235-2023-28-00481340-10-1-00,6/5/2023,4/6/2023,5/5/2023,NA,NA,,NA,8/5/2023,NA,DHL,NA,#¡VALOR!,FUNDO ARMONIA,,13/5/2023,19,17/5/2023,13/5/2023,,,NA,4700002838,,
2023-2024,LIQUIDADO,23-049-HPER,01-2223CPRD08-02-13-0001,TATIANA,VERITAS,SUSTRATOS,COCO PITH/CHIPS MIX BLOCKS ,SAMPLE,INV-ARSM-202324/004,19.00,KG,USD,3.50,3.50,0,DAP,AIR,AIR,SRI LANKA,COLOMBO,LIMA,,,1,,NA,NA,NA,,DHL,,,23/5/2023,24/5/2023,21,6751666180,,29/5/2023,22,NO,NA,DHL,DHL - AVM,NA,NA,28/5/2023,235-23-28-577588-10-4-00,29/5/2023,29/5/2023,29/5/2023,31/5/2023,6/6/2023,,NA,9/6/2023,NA,DHL,,52,PACKING SALAVERRY,,9/6/2023,23,NA,8/6/2023,,,NA,01-2223CPRD08-02-13-0001,,
2023-2024,LIQUIDADO,23-050-HPER,4700002813,TATIANA,HF GENETICS,PLANTAS,FRAMBUESA,,7020000088,"24,000.00",UN,USD,"44,400.00","44,400.00",30,CFR,AIR,AIR,CHILE,SANTIAGO,LIMA,NA,NA,10,,NA,NA,NA,DIRECTO,KOREAN,,-,,8/5/2023,19,180-12503223,KE0274,8/5/2023,19,SI,9/5/2023,SAASA,AVM,458,9/5/2023,9/5/2023,235-2023-10-064364-01-3-00,8/5/2023,4/6/2023,9/5/2023,11/5/2023,12/5/2023,,NA,12/5/2023,T001-186,AVM,NA,#¡VALOR!,VIVERO ILUSION,,13/5/2023,19,18/5/2023,12/5/2023,NA,,NA,4700002813,,
2023-2024,LIQUIDADO,23-051-HPER,4700002811,MELANIE,A&B,SPAREPARTS,RPTOS VARIOS PARA MAQUINA PESADORA DE ARANDANOS A&B,-,20344,336.00,UN,USD,"9,233.20","9,233.20",0,EXW,AIR,AIR,USA,MIAMI,LIMA,NA,NA,,8/5/2023,NA,5/6/2023,9/6/2023,AIRSEALOG,,,,13/6/2023,22/6/2023,25,94AMIA232851,,23/6/2023,25,SI,20/6/2023,ALFOSAC,LIP,9264,20/6/2023,20/6/2023,235-2023-10-087039-01-1-01,23/6/2023,23/6/2023,23/6/2023,NA,NA,,LIP,24/6/2023,,AGERSA,24/6/2023,25,FUNDO ARMONIA,,7/7/2023,27,7/7/2023,6/7/2023,EG07-00000079,,NA,4700002811,,
2023-2024,LIQUIDADO,23-051-HPER,4700002832,MELANIE,A&B,SPAREPARTS,RPTOS VARIOS PARA MAQUINA PESADORA DE ARANDANOS A&B,-,20368,"3,264.00",UN,USD,"15,203.24","15,203.24",0,EXW,AIR,AIR,USA,MIAMI,LIMA,NA,NA,,19/5/2023,NA,5/6/2023,9/6/2023,AIRSEALOG,,,,13/6/2023,22/6/2023,25,94AMIA232851,,23/6/2023,25,SI,20/6/2023,ALFOSAC,LIP,9264,20/6/2023,20/6/2023,235-2023-10-087039-01-1-01,23/6/2023,23/6/2023,23/6/2023,NA,NA,,LIP,24/6/2023,,AGERSA,24/6/2023,25,FUNDO ARMONIA,,13/7/2023,28,,3/7/2023,,,NA,4700002832,,
2023-2024,LIQUIDADO,23-052-HPER,4700002850,GONZALO,RITEC,EQP & INST,EQUIPOS Y REPUESTOS VARIOS,-,23-548 ,103.00,UN,USD,"29,999.56","29,999.56",0,CPT,AIR,AIR,ESPAÑA,ALICANTE,LIMA,,,1,25/6/2023,NA,NA,NA,NA,AIR EUROPA,,,,27/6/2023,26,996-12596065,,3/7/2023,27,SI,27/6/2023,TALMA,LIP,9585,27/6/2023,27/6/2023,235-2023-10-091049-01-8-00,3/7/2023,3/7/2023,6/7/2023,NA,NA,,LIP,8/7/2023,,AGERSA,8/7/2023,27,FUNDO ARMONIA,,14/7/2023,28,19/7/2023,13/7/2023,,,NA,4700002850,,
2023-2024,LIQUIDADO,23-053-HPER,01-2122CPRD07-07-01-0001,GONZALO,WEBEE,EQP & INST,GATEWAY (REPOSICION),SAMPLE,SEA23/012,1.00,UN,USD,"1,395.47","1,395.47",0,DAP,AIR,AIR,BRASIL,,LIMA,-,-,1,,NA,,,DHL,DHL,,,,19/5/2023,20,1663495061,DHL COURIER,30/5/2023,22,NO,NA,DHL,LIP,NA,NA,23/5/2023,235-2023-28-553894-10-4-00,23/5/2023,23/5/2023,24/5/2023,NA,NA,NA,NA,,NA,DHL,30/5/2023,22,PACKING SALAVERRY,,30/5/2023,22,,29/5/2023,,,NA,01-2122CPRD07-07-01-0001,,
2023-2024,LIQUIDADO,23-054-HPER,4700002865,MELANIE,SMARTPACK,SPAREPARTS,RPTOS VARIOS PARA MAQUINA HEAT SEALER,-,137,72.00,UN,USD,"1,388.00","1,388.00",30,EXW,AIR,AIR,CHILE,SANTIAGO,LIMA,NA,NA,1,,NA,30/6/2023,,,DHL,,,7/7/2023,9/7/2023,27,9061188345,,10/7/2023,28,SI,,DHL,DHL,,,7/7/2023,235-2023-28-00772246-10-0-00,7/7/2023,7/7/2023,10/7/2023,NA,NA,,NA,10/7/2023,,DHL,,52,,,12/7/2023,28,18/7/2023,11/7/2023,,,NA,4700002865,,
2023-2024,LIQUIDADO,23-055-HPER,4700002857,OMAR,EDEN,AGQ,DISPER COMPLEX,-,2023-1527,"20,000.00",KG,EUR,"145,000.00","159,500.00",90,EXW,SEA,FCL/FCL,ESPAÑA,VALENCIA,CALLAO,1,40 HC,40,27/3/2023,30/5/2023,,26/5/2023,FORBIS,CMA CGM,IBC1086999,TIIU4346146,21/6/2023,26/6/2023,26,FBME2307242/1,AS ANNE 0LISMS1MA,23/7/2023,29,SI,22/6/2023,IMUPESA,PASOC,82633,12/7/2023,21/7/2023,118-2023-10-275438-01-3-00,23/7/2023,24/7/2023,23/7/2023,NA,NA,27/7/2023,PASOC,26/7/2023,T001-8494,GUZMAN,26/7/2023,30,FUNDO ARMONIA,,4/8/2023,31,14/8/2023,3/8/2023,EG07-00000102,,Carga completada. Quedó en CP. sin booking [23-055-HPER/4700002857/TIIU4346146],4700002857,,
2023-2024,LIQUIDADO,23-056-HPER,4700002859-1,OMAR,CODIAGRO,AGQ,FITOKONTROL-K,-,482,"17,000.00",LT,EUR,"43,411.20","47,752.32",0,EXW,SEA,FCL/FCL,ESPAÑA,VALENCIA,CALLAO,1,20 ST,34,,30/5/2023,16/5/2023,26/5/2023,FORBIS,CMA CGM,IBC1090348,FCIU2735592,23/6/2023,3/7/2023,27,ME2307615/1,CALLAO EXPRESS,4/8/2023,31,SI,12/7/2023,IMUPESA,PASOC,83031,23/7/2023,2/8/2023,118-2023-10-290816-01-5-00,4/8/2023,5/8/2023,4/8/2023,NA,NA,17/8/2023,PASOC,8/8/2023,T001-9268,GUZMAN,8/8/2023,32,FUNDO ARMONIA,,19/8/2023,33,22/8/2023,18/8/2023,EG07-00000121,,"carga comlpetada. Quedó en CP. sin Factura,booking,etiquetas.[23-056-HPER/4700002859-1/FCIU2735592]",4700002859-1,,
2023-2024,LIQUIDADO,23-056-HPER,4700002859-1,OMAR,CODIAGRO,AGQ,FITOKONTROL-K,-,483,"17,000.00",LT,EUR,"43,411.20","47,752.32",0,EXW,SEA,FCL/FCL,ESPAÑA,VALENCIA,CALLAO,1,20 ST,34,,30/5/2023,16/5/2023,26/5/2023,FORBIS,CMA CGM,IBC1090348,CMAU0661875,23/6/2023,3/7/2023,27,ME2307615/1,CALLAO EXPRESS,4/8/2023,31,SI,12/7/2023,IMUPESA,PASOC,83031,23/7/2023,2/8/2023,118-2023-10-290816-01-5-00,4/8/2023,5/8/2023,4/8/2023,NA,NA,17/8/2023,PASOC,8/8/2023,T001-9267,AGERSA,8/8/2023,32,FUNDO ARMONIA,,11/8/2023,32,14/8/2023,10/8/2023,EG07-00000108,,"carga comlpetada. Quedó en CP. sin Factura,booking,etiquetas.[23-056-HPER/4700002859-1/CMAU0661875]",4700002859-1,,
2023-2024,LIQUIDADO,23-057-HPER,4700002860,MELANIE,EARIS,SPAREPARTS,CALIBRADOR DE BANDA PERFORADORA,-,2023-FV-0195,1.00,UN,EUR,"16,980.00","18,678.00",0,EXW,SEA,LCL/LCL,ESPAÑA,VALENCIA,CALLAO,NA,NA,,,2/8/2023,17/7/2023,26/7/2023,AIRSEALOG,CMA CGM,,CMAU4588875,2/8/2023,14/8/2023,33,230102722/0103,CMA CGM MALTA 0LIC6S1MA,10/9/2023,36,SI,23/8/2023,ALFOSAC,LIP,13816,5/9/2023,7/9/2023,118-2023-10-342789-01-1-00,10/9/2023,12/9/2023,11/9/2023,NA,NA,,LIP,14/9/2023,T001-1036,AGERSA,14/9/2023,37,PACKING SALAVERRY,27/9/2023,28/9/2023,39,16/10/2023,EG03-00000829,EG07-00000135,,"Carga completada. Quedó en CP sin etiquetas,booking,punto de llegada[23-057-HPER/4700002860/CMAU4588875]",4700002860,,
2023-2024,LIQUIDADO,23-058-HPER,4700002864,MELANIE,INTRALOX,SPAREPARTS,RPTOS VARIOS PARA FAJAS TRANSPORTADORAS ,-,2900627,1.00,UN,USD,"4,102.63","4,102.63",0,FCA,AIR,AIR,USA,LOS ANGELES,LIMA,NA,NA,1,9/6/2023,NA,9/6/2023,15/6/2023,AIRSEALOG,AIRMAX,,,22/6/2023,28/6/2023,26,HMIA23002630,,28/6/2023,26,SI,27/6/2023,SHOHIN,LIP,9643,27/6/2023,27/6/2023,235-2023-10-091035-01-7-00,28/6/2023,28/6/2023,30/6/2023,NA,NA,,LIP,1/7/2023,T001-482,AGERSA,1/7/2023,26,PACKING CHAO,,11/7/2023,28,12/7/2023,10/7/2023,EG07-00000081,,NA,4700002864,,
2023-2024,LIQUIDADO,23-059-HPER,4700002859-2,OMAR,CODIAGRO,AGQ,FITOKONTROL-K,-,481,"2,000.00",LT,EUR,"5,107.20","5,617.92",0,EXW,SEA,LCL/LCL,ESPAÑA,VALENCIA,CALLAO,0,NA,2,,26/5/2023,16/5/2023,26/5/2023,AIRSEALOG,CMA CGM,,BMOU5252732,24/6/2023,1/7/2023,26,012023053087-A,CMA CGM MALTA 0LIBUS1MA,30/7/2023,30,SI,4/7/2023,VILLAS OQUENDO,PASOC,82524,19/7/2023,27/7/2023,118-2023-10-283473-01-9-00,30/7/2023,31/7/2023,30/7/2023,NA,NA,,PASOC,3/8/2023,T001-8953,AGERSA,3/8/2023,31,FUNDO ARMONIA,,10/8/2023,32,14/8/2023,9/8/2023,EG03-00000391,,"Carga completada.Quedó en CP. con Depósito pendiente, sin booking, sin etiqueta[23-059-HPER/4700002859-2/BMOU5252732]",4700002859-2,,
2023-2024,LIQUIDADO,23-060-HPER,4700002841-1,TATIANA,JCK,E & E,PUNNET 250G H40 JCK,,846,"601,560.00",UN,USD,"24,062.40","24,062.40",90,EXW,SEA,FCL/FCL,CHILE,SAN ANTONIO,CALLAO,1,40 HC,557,16/5/2023,19/5/2023,NA,16/5/2023,AIRSEALOG,HAPAG,,UACU6010744,26/5/2023,29/5/2023,22,ASLCLS00028876,MAERSK BISCAYNE 319W,2/6/2023,22,SI,1/6/2023,IMUPESA,PASOC,,2/6/2023,1/6/2023,118-2023-10-203004-01-7-00,3/6/2023,4/6/2023,2/6/2023,NA,NA,13/6/2023,PASOC,8/6/2023,T001-5619,AGERSA,8/6/2023,23,,,20/6/2023,25,20/6/2023,19/6/2023,EG07-00000077,,"Carga completada. Quedó en CP sin Ag. de carga,depósito,factura,Inconterm,Booking,bL,etiquetas[23-060-HPER/4700002841/UACU6010744]",4700002841-1,,
2023-2024,LIQUIDADO,23-060-HPER,4700002841-1,TATIANA,JCK,E & E,PUNNET CESTA PET UK 150g,,846,"820,800.00",UN,USD,"23,803.20","23,803.20",90,EXW,SEA,FCL/FCL,CHILE,SAN ANTONIO,CALLAO,1,40 HC,675,16/5/2023,19/5/2023,NA,16/5/2023,AIRSEALOG,HAPAG,,UACU5383065,26/5/2023,29/5/2023,22,ASLCLS00028876,MAERSK BISCAYNE 319W,2/6/2023,22,SI,1/6/2023,IMUPESA,PASOC,,2/6/2023,1/6/2023,118-2023-10-203004-01-7-00,3/6/2023,4/6/2023,2/6/2023,NA,NA,13/6/2023,PASOC,8/6/2023,T001-5618,AGERSA,8/6/2023,23,,,24/6/2023,25,26/6/2023,23/6/2023,EG07-00000078,,"Carga completada. Quedó en CP sin Ag. de carga,depósito,factura,Inconterm,Booking,bL,etiquetas[23-060-HPER/4700002841/UACU5383065]",4700002841-1,,
2023-2024,LIQUIDADO,23-060-HPER,4700002841-1,TATIANA,JCK,E & E,PUNNET CESTA PET UK 150g,,846,"820,125.00",UN,USD,"23,783.63","23,783.63",90,EXW,SEA,FCL/FCL,CHILE,SAN ANTONIO,CALLAO,1,40 HC,675,16/5/2023,19/5/2023,NA,16/5/2023,AIRSEALOG,HAPAG,,TCLU6328905,26/5/2023,29/5/2023,22,ASLCLS00028876,MAERSK BISCAYNE 319W,2/6/2023,22,SI,1/6/2023,IMUPESA,PASOC,,2/6/2023,1/6/2023,118-2023-10-203004-01-7-00,3/6/2023,4/6/2023,2/6/2023,NA,NA,13/6/2023,PASOC,8/6/2023,T001-5617,AGERSA,9/6/2023,23,,,19/6/2023,25,19/6/2023,18/6/2023,EG07-00000076,,"Carga completada. Quedó en CP sin Ag. de carga,depósito,factura,Inconterm,Booking,bL,etiquetas[23-060-HPER/4700002841/TCLU6328905]",4700002841-1,,
2023-2024,LIQUIDADO,23-061-HPER,4700002841-2,TATIANA,JCK,E & E,PUNNET PET 11OZ 5X7,,853,"498,240.00",UN,USD,"29,894.40","29,894.40",90,EXW,SEA,FCL/FCL,CHILE,SAN ANTONIO,CALLAO,1,40 HC,692,16/5/2023,30/5/2023,NA,16/5/2023,AIRSEALOG,HAPAG,,FANU1642737,28/6/2023,2/7/2023,26,ASLCLS00029243,SAN ANTONIO EXPRESS,7/7/2023,27,SI,3/7/2023,IMUPESA,PASOC,81103,3/7/2003,6/7/2023,118-2023-10-253720-01-8-00,8/7/2023,9/7/2023,7/7/2023,NA,NA,,PASOC,11/7/2023,T001-7566,AGERSA,11/7/2023,28,PACKING CHAO,,20/7/2023,29,20/7/2023,19/7/2023,EG07-00000084,,"Carga completada. Quedó sin booking,etiquetas[23-061-HPER/4700002841-2/FANU1642737]",4700002841-2,,
2023-2024,LIQUIDADO,23-061-HPER,4700002841-2,TATIANA,JCK,E & E,PUNNET CESTA PET UK 150g,,853,"820,125.00",UN,USD,"23,783.63","23,783.63",90,EXW,SEA,FCL/FCL,CHILE,SAN ANTONIO,CALLAO,1,40 HC,675,16/5/2023,30/5/2023,NA,16/5/2023,AIRSEALOG,HAPAG,,UACU5862129,28/6/2023,2/7/2023,26,ASLCLS00029243,SAN ANTONIO EXPRESS,7/7/2023,27,SI,3/7/2023,IMUPESA,PASOC,81103,3/7/2003,6/7/2023,118-2023-10-253720-01-8-00,8/7/2023,9/7/2023,7/7/2023,NA,NA,,PASOC,11/7/2023,T001-7568,AGERSA,11/7/2023,28,PACKING CHAO,,26/7/2023,30,26/7/2023,25/7/2023,EG07-000000092,,"Carga completada. Quedó sin booking,etiquetas[23-061-HPER/4700002841-2/UACU5862129]",4700002841-2,,
2023-2024,LIQUIDADO,23-061-HPER,4700002841-2,TATIANA,JCK,E & E,PUNNET PET 11OZ 5X7,,853,"498,240.00",UN,USD,"29,894.40","29,894.40",90,EXW,SEA,FCL/FCL,CHILE,SAN ANTONIO,CALLAO,1,40 HC,692,16/5/2023,30/5/2023,NA,16/5/2023,AIRSEALOG,HAPAG,,HLBU2237953,28/6/2023,2/7/2023,26,ASLCLS00029243,SAN ANTONIO EXPRESS,7/7/2023,27,SI,3/7/2023,IMUPESA,PASOC,81103,3/7/2003,6/7/2023,118-2023-10-253720-01-8-00,8/7/2023,9/7/2023,7/7/2023,NA,NA,,PASOC,11/7/2023,T001-7567,AGERSA,11/7/2023,28,PACKING CHAO,,20/7/2023,29,20/7/2023,19/7/2023,EG07-00000085,,"Carga completada. Quedó sin booking,etiquetas[23-061-HPER/4700002841-2/HLBU2237953]",4700002841-2,,
2023-2024,LIQUIDADO,23-062-HPER,4700002841-3,TATIANA,JCK,E & E,PUNNET PET 18OZ 7X7 CESTA,,854,"244,776.00",UN,USD,"23,498.50","23,498.50",90,EXW,SEA,FCL/FCL,CHILE,SAN ANTONIO,CALLAO,1,40 HC,658,16/5/2023,3/7/2023,NA,16/5/2023,AIRSEALOG,HAPAG,,SEKU6285136,5/7/2023,8/7/2023,27,ASLCLS00029250,DUBLIN EXPRESS 325W,13/7/2023,28,SI,7/7/2023,IMUPESA,PASOC,81650,7/7/2023,12/7/2023,118-2023-10-261187-01-3-00,14/7/2023,14/7/2023,13/7/2023,NA,NA,24/7/2023,PASOC,20/7/2023,T001-8173,AGERSA,20/7/2023,29,PACKING SALAVERRY,,15/8/2023,33,15/8/2023,14/8/2023,EG07-00000115,,carga completada. Quedó en CP. sin booking[23-062-HPER/4700002841-3/SEKU6285136],4700002841-3,,
2023-2024,LIQUIDADO,23-062-HPER,4700002841-3,TATIANA,JCK,E & E,PUNNET PET 18OZ 7X7 CESTA,,854,"244,776.00",UN,USD,"23,498.50","23,498.50",90,EXW,SEA,FCL/FCL,CHILE,SAN ANTONIO,CALLAO,1,40 HC,658,16/5/2023,3/7/2023,NA,16/5/2023,AIRSEALOG,HAPAG,,HLBU1439712,5/7/2023,8/7/2023,27,ASLCLS00029250,DUBLIN EXPRESS 325W,13/7/2023,28,SI,7/7/2023,IMUPESA,PASOC,81650,7/7/2023,12/7/2023,118-2023-10-261187-01-3-00,14/7/2023,14/7/2023,13/7/2023,NA,NA,24/7/2023,PASOC,20/7/2023,T001-8172,AGERSA,20/7/2023,29,PACKING SALAVERRY,,15/8/2023,33,15/8/2023,14/8/2023,EG07-00000116,,carga completada. Quedó en CP. sin booking [23-062-HPER/4700002841-3/HLBU1439712],4700002841-3,,
2023-2024,LIQUIDADO,23-063-HPER,4700002841-4,TATIANA,JCK,E & E,PUNNET 250G H40 JCK,,858,"605,880.00",UN,USD,"24,235.20","24,235.20",90,EXW,SEA,FCL/FCL,CHILE,SAN ANTONIO,CALLAO,1,40 HC,748,16/5/2023,30/6/2023,NA,16/5/2023,AIRSEALOG,HAPAG,,TEMU7527350,25/7/2023,28/7/2023,30,ASLCLS00029253,MAERSK ACADIA 327W,1/8/2023,31,SI,20/7/2023,IMUPESA,PASOC,82649,20/7/2023,27/7/2023,118-2023-10-283900-01-4-00,2/8/2023,3/8/2023,31/7/2023,NA,NA,13/8/2023,PASOC,8/8/2023,T001-9305,AGERSA,8/8/2023,32,PACKING SALAVERRY,,11/8/2023,32,17/8/2023,10/8/2023,EG07-00000107,,"Carga completada. Quedó en CP. sin booking,punto de llegada[23-063-HPER/4700002841-4/TEMU7527350]",4700002841-4,,
2023-2024,LIQUIDADO,23-063-HPER,4700002841-4,TATIANA,JCK,E & E,PUNNET CESTA PET UK 150g,,858,"820,125.00",UN,USD,"23,783.63","23,783.63",90,EXW,SEA,FCL/FCL,CHILE,SAN ANTONIO,CALLAO,1,40 HC,675,16/5/2023,30/6/2023,NA,16/5/2023,AIRSEALOG,HAPAG,,TCNU7109410,25/7/2023,28/7/2023,30,ASLCLS00029253,MAERSK ACADIA 327W,1/8/2023,31,SI,20/7/2023,IMUPESA,PASOC,82649,20/7/2023,27/7/2023,118-2023-10-283900-01-4-00,2/8/2023,3/8/2023,31/7/2023,NA,NA,13/8/2023,PASOC,10/8/2023,T001-9478,AGERSA,10/8/2023,32,PACKING CHAO,,11/8/2023,32,29/8/2023,29/8/2023,EG07-00000125,,"Carga completada. Quedó en CP. sin booking,punto de llegada[23-063-HPER/4700002841-4/TCNU7109410]",4700002841-4,,
2023-2024,LIQUIDADO,23-063-HPER,4700002841-4,TATIANA,JCK,E & E,PUNNET PET 11OZ 5X7,,858,"497,520.00",UN,USD,"29,851.20","29,851.20",90,EXW,SEA,FCL/FCL,CHILE,SAN ANTONIO,CALLAO,1,40 HC,691,16/5/2023,30/6/2023,NA,16/5/2023,AIRSEALOG,HAPAG,,FANU1325310,25/7/2023,28/7/2023,30,ASLCLS00029253,MAERSK ACADIA 327W,1/8/2023,31,SI,20/7/2023,IMUPESA,PASOC,82649,20/7/2023,27/7/2023,118-2023-10-283900-01-4-00,2/8/2023,3/8/2023,31/7/2023,NA,NA,13/8/2023,PASOC,10/8/2023,T001-9477,AGERSA,10/8/2023,32,PACKING SALAVERRY,,27/9/2023,39,29/9/2023,26/9/2023,EG07-00000134,,"Carga completada. Quedó en CP. sin booking,punto de llegada[23-063-HPER/4700002841-4/FANU1325310]",4700002841-4,,
2023-2024,LIQUIDADO,23-063-HPER,4700002841-4,TATIANA,JCK,E & E,PUNNET PET 11OZ 5X7,,858,"498,240.00",UN,USD,"29,894.40","29,894.40",90,EXW,SEA,FCL/FCL,CHILE,SAN ANTONIO,CALLAO,1,40 HC,692,16/5/2023,30/6/2023,NA,16/5/2023,AIRSEALOG,HAPAG,,FANU1842550,25/7/2023,28/7/2023,30,ASLCLS00029253,MAERSK ACADIA 327W,1/8/2023,31,SI,20/7/2023,IMUPESA,PASOC,82649,20/7/2023,27/7/2023,118-2023-10-283900-01-4-00,2/8/2023,3/8/2023,31/7/2023,NA,NA,13/8/2023,PASOC,11/8/2023,T001-9546,AGERSA,11/8/2023,32,PACKING SALAVERRY,,27/9/2023,39,29/9/2023,26/9/2023,EG07-00000137,,"Carga completada. Quedó en CP. sin booking,punto de llegada[23-063-HPER/4700002841-4/FANU1842550]",4700002841-4,,
2023-2024,LIQUIDADO,23-064-HPER,4700002841-5,TATIANA,JCK,E & E,PUNNET PET 18OZ 7X7 CESTA,,857,"244,776.00",UN,USD,"23,498.50","23,498.50",90,EXW,SEA,FCL/FCL,CHILE,SAN ANTONIO,CALLAO,1,40 HC,658,16/5/2023,12/7/2023,NA,16/5/2023,AIRSEALOG,HAPAG,,FDCU0172885,13/7/2023,16/7/2023,28,ASLS00029254,MAERSK BISCAYNE 326W,20/7/2023,29,SI,18/7/2023,IMUPESA,PASOC,82414,18/7/2023,19/7/2023,118-2023-10-271635-01-9-00,21/7/2023,22/7/2023,21/7/2023,NA,NA,3/8/2023,PASOC,25/7/2023,T001-8428,AGERSA,25/7/2023,30,PACKING CHAO,,1/8/2023,31,1/8/2023,31/7/2023,EG07-00000097,,"Completado. Quedó en CP. sin Factura,booking,etiquetas[23-064-HPER/4700002841-5/FDCU0172885]",4700002841-5,,
2023-2024,LIQUIDADO,23-064-HPER,4700002841-5,TATIANA,JCK,E & E,PUNNET PET 18OZ 7X7 CESTA,,857,"244,776.00",UN,USD,"23,498.50","23,498.50",90,EXW,SEA,FCL/FCL,CHILE,SAN ANTONIO,CALLAO,1,40 HC,658,16/5/2023,12/7/2023,NA,16/5/2023,AIRSEALOG,HAPAG,,HLBU2765101,13/7/2023,16/7/2023,28,ASLS00029254,MAERSK BISCAYNE 326W,20/7/2023,29,SI,18/7/2023,IMUPESA,PASOC,82414,18/7/2023,19/7/2023,118-2023-10-271635-01-9-00,21/7/2023,22/7/2023,21/7/2023,NA,NA,3/8/2023,PASOC,25/7/2023,T001-8431,AGERSA,25/7/2023,30,PACKING CHAO,,11/9/2023,37,12/9/2023,10/9/2023,EG07-00000130,,"Completado. Quedó en CP. sin Factura,booking,etiquetas[23-064-HPER/4700002841-5/HLBU2765101]",4700002841-5,,
2023-2024,LIQUIDADO,23-064-HPER,4700002841-5,TATIANA,JCK,E & E,PUNNET PET 18OZ 7X7 CESTA,,857,"244,776.00",UN,USD,"23,498.50","23,498.50",90,EXW,SEA,FCL/FCL,CHILE,SAN ANTONIO,CALLAO,1,40 HC,658,16/5/2023,12/7/2023,NA,16/5/2023,AIRSEALOG,HAPAG,,HLBU1559512,13/7/2023,16/7/2023,28,ASLS00029254,MAERSK BISCAYNE 326W,20/7/2023,29,SI,18/7/2023,IMUPESA,PASOC,82414,18/7/2023,19/7/2023,118-2023-10-271635-01-9-00,21/7/2023,22/7/2023,21/7/2023,NA,NA,3/8/2023,PASOC,25/7/2023,T001-8430,AGERSA,25/7/2023,30,PACKING CHAO,,1/8/2023,31,1/8/2023,31/7/2023,EG07-00000098,,"Completado. Quedó en CP. sin Factura,booking,etiquetas[23-064-HPER/4700002841-5/HLBU1559512]",4700002841-5,,
2023-2024,LIQUIDADO,23-068-HPER,4700002861,TATIANA,PROJAR,SUSTRATOS,TURBA BLEND 1530F,,FX23-0028,22.00,BOL,EUR,"7,884.80","8,673.28",20%AP,CIF,SEA,FCL/FCL,ESPAÑA,RIGA,CALLAO,1,40 HC,22,,22/5/2023,NA,NA,DIRECTO,MSC,,TCNU2894964,,2/6/2023,22,MEDULY016452,MSC ATHENS,13/7/2023,28,NO,NA,IMUPESA,AVM,670,2/7/2023,9/7/2023,118-2023-10-252845-01-1-00,14/7/2023,15/7/2023,13/7/2023,18/7/2023,21/7/2023,27/7/2023,AVM,25/7/2023,T001-466,GUZMAN,25/7/2023,30,FUNDO ARMONIA,,3/8/2023,31,7/8/2023,2/8/2023,EG07-00000099,,"Carga completada. Quedó en CP. sin Factura,booking,etiquetas[23-068-HPER/4700002861/TCNU2894964]",4700002861,,
2023-2024,LIQUIDADO,23-068-HPER,4700002861,TATIANA,PROJAR,SUSTRATOS,TURBA BLEND 1530F,,FX23-0028,22.00,BOL,EUR,"7,884.80","8,673.28",20%AP,CIF,SEA,FCL/FCL,ESPAÑA,RIGA,CALLAO,1,40 HC,22,,22/5/2023,NA,NA,DIRECTO,MSC,,MSMU4717505,,2/6/2023,22,MEDULY016452,MSC ATHENS,13/7/2023,28,NO,NA,IMUPESA,AVM,670,2/7/2023,9/7/2023,118-2023-10-252845-01-1-00,14/7/2023,15/7/2023,13/7/2023,18/7/2023,21/7/2023,27/7/2023,AVM,25/7/2023,T001-465,GUZMAN,25/7/2023,30,FUNDO ARMONIA,,3/8/2023,31,7/8/2023,2/8/2023,EG07-00000101,,"Carga completada. Quedó en CP. sin Factura,booking,etiquetas[23-068-HPER/4700002861/MSMU4717505]",4700002861,,
2023-2024,LIQUIDADO,23-068-HPER,4700002861,TATIANA,PROJAR,SUSTRATOS,TURBA BLEND 1530F,,FX23-0028,22.00,BOL,EUR,"7,884.80","8,673.28",20%AP,CIF,SEA,FCL/FCL,ESPAÑA,RIGA,CALLAO,1,40 HC,22,,22/5/2023,NA,NA,DIRECTO,MSC,,MEDU4836250,,2/6/2023,22,MEDULY016452,MSC ATHENS,13/7/2023,28,NO,NA,IMUPESA,AVM,670,2/7/2023,9/7/2023,118-2023-10-252845-01-1-00,14/7/2023,15/7/2023,13/7/2023,18/7/2023,21/7/2023,27/7/2023,AVM,25/7/2023,T001-464,GUZMAN,25/7/2023,30,FUNDO ARMONIA,,3/8/2023,31,7/8/2023,2/8/2023,EG07-00000100,,"Carga completada. Quedó en CP. sin Factura,booking,etiquetas[23-068-HPER/4700002861/MEDU4836250]",4700002861,,
2023-2024,LIQUIDADO,23-069-HPER,4700002856,TATIANA,SJP,E & E,BOLSA DE POLIETILENO PARA ENVASAR ARANDANO,,110-76,"1,350,000.00",UN,USD,"236,250.00","236,250.00",60,EXW,SEA,FCL/FCL,CHILE,SAN ANTONIO,CALLAO,1,40 HC,17,,30/5/2023,26/5/2023,29/5/2023,AIRSEALOG,HAPAG,,UACU6015725,,20/6/2023,25,ASLCLS00029309,MSC ELISA XIII,1/7/2023,26,SI,19/6/2023,IMUPESA,PASOC,79969,19/6/2023,30/6/2023, 118-2023-10-245600-01-7-00,1/7/2023,1/7/2023,1/7/2023,NA,NA,,PASOC,4/7/2023,T001-7193,GUZMAN,5/7/2023,27,FUNDO ARMONIA,,7/7/2023,27,7/7/2023,,EG07-00000080,,"carga completada.Faltó en CP. etiquetas,booking[23-069-HPER/4700002856/UACU6015725]",4700002856,,
2023-2024,LIQUIDADO,23-070-HPER,PEA23W1901 ,TATIANA,BVB,SUSTRATOS,TURBA,SAMPLE,B697894,1.00,PKG,EUR,"4,478.00","4,925.80",,FCA,AIR,AIR,ESTONIA,TALLIN,LIMA, - , - ,1,,NA,,,NA,AIR CANADA,,,,10/6/2023,23,TA20047462,,19/6/2023,25,NO,NA,TALMA,AVM,594,14/6/2023,16/6/2023,235-2023-10-085191-01-0-00,16/6/2023,16/6/2023,19/6/2023,5/7/2023,12/7/2023,,NA,12/7/2023,NA,AGERSA,NA,#¡VALOR!,,,18/6/2023,24,,17/6/2023,,,,PEA23W1901 ,,
2023-2024,LIQUIDADO,23-071-HPER,4700002846,TATIANA,LEGRO,SUSTRATOS,SUSTRATO FINO OPTIMA YP,,23HOR7477,24.00,BOL,EUR,"10,792.80","11,872.08",0,CFR,SEA,FCL/FCL,PAISES BAJOS,ROTTERDAM,CALLAO,1,40 HC,24,,9/6/2023,NA,NA,DIRECTO,HAPAG,,CAIU9034301,,24/6/2023,25,HLCURTM230601965,CMA CGM JACQUES JOSEPH,28/7/2023,30,SI,30/6/2023,IMUPESA,AVM,682,16/7/2023,24/7/2023,118-2023-10-277299-01-0-00,29/7/2023,30/7/2023,28/7/2023,2/8/2023,8/8/2023,18/8/2023,AVM,9/8/2023,T001-541,GUZMAN,9/8/2023,32,FUNDO ARMONIA,,14/8/2023,33,22/8/2023,13/8/2023,EG07-00000110,,"Carga completada.Quedó en CP sin Ag. de carga,factura,booking,diferencia en forma de pago en CP 30 en planilla 0[23-071-HPER/4700002846/CAIU9034301]",4700002846,,
2023-2024,LIQUIDADO,23-071-HPER,4700002862-1,TATIANA,LEGRO,SUSTRATOS,SUSTRATO LEGRO LB 07PFINE,,23HOR7477,24.00,BOL,EUR,"9,987.00","10,985.70",0,CFR,SEA,FCL/FCL,PAISES BAJOS,ROTTERDAM,CALLAO,1,40 HC,24,,1/6/2023,NA,NA,DIRECTO,HAPAG,,TGBU6912937,,24/6/2023,25,HLCURTM230601965,CMA CGM JACQUES JOSEPH,28/7/2023,30,SI,30/6/2023,IMUPESA,AVM,682,16/7/2023,24/7/2023,118-2023-10-277299-01-0-00,29/7/2023,30/7/2023,28/7/2023,2/8/2023,8/8/2023,18/8/2023,AVM,9/8/2023,T001-543,GUZMAN,9/8/2023,32,FUNDO ARMONIA,,14/8/2023,33,22/8/2023,13/8/2023,EG07-00000111,,Carga completada.Quedó en CP. sin booking  [23-077-HPER/4700002862-1/TGBU6912937],4700002862-1,,
2023-2024,LIQUIDADO,23-071-HPER,4700002862-1,TATIANA,LEGRO,SUSTRATOS,SUSTRATO LEGRO LB 07PFINE,,23HOR7477,24.00,BOL,EUR,"9,987.00","10,985.70",0,CFR,SEA,FCL/FCL,PAISES BAJOS,ROTTERDAM,CALLAO,1,40 HC,24,,1/6/2023,NA,NA,DIRECTO,HAPAG,,BMOU4610446,,24/6/2023,25,HLCURTM230601965,CMA CGM JACQUES JOSEPH,28/7/2023,30,SI,30/6/2023,IMUPESA,AVM,682,16/7/2023,24/7/2023,118-2023-10-277299-01-0-00,29/7/2023,30/7/2023,28/7/2023,2/8/2023,8/8/2023,18/8/2023,AVM,9/8/2023,T001-548,GUZMAN,9/8/2023,32,FUNDO ARMONIA,,14/8/2023,33,22/8/2023,13/8/2023,EG07-00000109,,Carga completada.Quedó en CP. sin booking [23-077-HPER/4700002862-1/BMOU4610446],4700002862-1,,
2023-2024,LIQUIDADO,23-071-HPER,4700002862-1,TATIANA,LEGRO,SUSTRATOS,SUSTRATO LEGRO LB 07PFINE,,23HOR7477,24.00,BOL,EUR,"9,987.00","10,985.70",0,CFR,SEA,FCL/FCL,PAISES BAJOS,ROTTERDAM,CALLAO,1,40 HC,24,,1/6/2023,NA,NA,DIRECTO,HAPAG,,TCNU7713307,,24/6/2023,25,HLCURTM230601965,CMA CGM JACQUES JOSEPH,28/7/2023,30,SI,30/6/2023,IMUPESA,AVM,682,16/7/2023,24/7/2023,118-2023-10-277299-01-0-00,29/7/2023,30/7/2023,28/7/2023,2/8/2023,8/8/2023,18/8/2023,AVM,9/8/2023,T001-549,GUZMAN,9/8/2023,32,FUNDO ARMONIA,,14/8/2023,33,22/8/2023,13/8/2023,EG07-00000112,,Carga completada.Quedó en CP. sin booking [23-077-HPER/4700002862-1/TCNU7713307],4700002862-1,,
2023-2024,LIQUIDADO,23-072-HPER,4700002862-2,TATIANA,LEGRO,SUSTRATOS,SUSTRATO LEGRO LB 07PFINE,,23HOR6872,24.00,BOL,EUR,"9,987.00","10,985.70",0,CFR,SEA,FCL/FCL,PAISES BAJOS,ROTTERDAM,CALLAO,1,40 HC,24,,1/6/2023,NA,NA,DIRECTO,HAPAG,,CAIU9420834,,24/6/2023,25,HLCURTM230641704,CMA CGM JACQUES JOSEPH,28/7/2023,30,SI,30/6/2023,IMUPESA,AVM,683,16/7/2023,24/7/2023,118-2023-10-277966-01-7-00,29/7/2023,30/7/2023,28/7/2023,2/8/2023,8/8/2023,18/8/2023,AVM,10/8/2023,T001-550,GUZMAN,10/8/2023,32,FUNDO ARMONIA,,15/8/2023,33,22/8/2023,14/8/2023,EG07-00000114,,Carga completada. Faltó en CP Booking.[23-077-HPER/4700002862-2/CAIU9420834],4700002862-2,,
2023-2024,LIQUIDADO,23-072-HPER,4700002862-2,TATIANA,LEGRO,SUSTRATOS,SUSTRATO LEGRO LB 07PFINE,,23HOR6872,24.00,BOL,EUR,"9,987.00","10,985.70",0,CFR,SEA,FCL/FCL,PAISES BAJOS,ROTTERDAM,CALLAO,1,40 HC,24,,1/6/2023,NA,NA,DIRECTO,HAPAG,,TLLU5279358,,24/6/2023,25,HLCURTM230641704,CMA CGM JACQUES JOSEPH,28/7/2023,30,SI,30/6/2023,IMUPESA,AVM,683,16/7/2023,24/7/2023,118-2023-10-277966-01-7-00,29/7/2023,30/7/2023,28/7/2023,2/8/2023,8/8/2023,18/8/2023,AVM,10/8/2023,T001-553,GUZMAN,10/8/2023,32,FUNDO ARMONIA,,15/8/2023,33,22/8/2023,14/8/2023,EG07-00000113,,Carga completada. Faltó en CP Booking [23-077-HPER/4700002862-2/TLLU5279358],4700002862-2,,
2023-2024,LIQUIDADO,23-072-HPER,4700002862-2,TATIANA,LEGRO,SUSTRATOS,SUSTRATO LEGRO LB 07PFINE,,23HOR6872,24.00,BOL,EUR,"9,987.00","10,985.70",0,CFR,SEA,FCL/FCL,PAISES BAJOS,ROTTERDAM,CALLAO,1,40 HC,24,,1/6/2023,NA,NA,DIRECTO,HAPAG,,HLBU2533235,,24/6/2023,25,HLCURTM230641704,CMA CGM JACQUES JOSEPH,28/7/2023,30,SI,30/6/2023,IMUPESA,AVM,683,16/7/2023,24/7/2023,118-2023-10-277966-01-7-00,29/7/2023,30/7/2023,28/7/2023,2/8/2023,8/8/2023,18/8/2023,AVM,10/8/2023,T001-551,GUZMAN,10/8/2023,32,FUNDO ARMONIA,,15/8/2023,33,22/8/2023,14/8/2023,EG07-00000117,,Carga completada. Faltó en CP Booking [23-077-HPER/4700002862-2/HLBU2533235],4700002862-2,,
2023-2024,LIQUIDADO,23-072-HPER,4700002862-2,TATIANA,LEGRO,SUSTRATOS,SUSTRATO LEGRO LB 07PFINE,,23HOR6872,24.00,BOL,EUR,"9,987.00","10,985.70",0,CFR,SEA,FCL/FCL,PAISES BAJOS,ROTTERDAM,CALLAO,1,40 HC,24,,1/6/2023,NA,NA,DIRECTO,HAPAG,,HLXU8337140,,24/6/2023,25,HLCURTM230641704,CMA CGM JACQUES JOSEPH,28/7/2023,30,SI,30/6/2023,IMUPESA,AVM,683,16/7/2023,24/7/2023,118-2023-10-277966-01-7-00,29/7/2023,30/7/2023,28/7/2023,2/8/2023,8/8/2023,18/8/2023,AVM,10/8/2023,T001-552,GUZMAN,10/8/2023,32,FUNDO ARMONIA,,15/8/2023,33,22/8/2023,14/8/2023,EG07-00000118,,Carga completada. Faltó en CP Booking [23-077-HPER/4700002862-2/HLXU8337140],4700002862-2,,
2023-2024,LIQUIDADO,23-073-HPER,4700002858-1,OMAR,PROMISOL,AGQ,PROMI CALFOR,-,F/23225,"40,000.00",KG,EUR,"149,380.00","164,318.00",90,EXW,SEA,FCL/FCL,ESPAÑA,BARCELONA,CALLAO,1,20 ST,20,,29/5/2023,24/5/2023,26/5/2023,FORBIS,CMA CGM,,TEMU5400480,,10/6/2023,23,FBME2306477/1,CMA CGM NEVA,9/7/2023,27,SI,12/6/2023,IMUPESA,PASOC,81285,28/6/2023,7/7/2023,118-2023-10-255449-01-1-00,9/7/2023,9/7/2023,9/7/2023,NA,NA,,PASOC,13/7/2023,T001-7768,GUZMAN,13/7/2023,28,FUNDO ARMONIA,,25/7/2023,30,27/7/2023,24/7/2023,EG07-00000089,,"carga completada.Quedó en cp sin etiquetas,BOOKING, diferencia de Incoterm en cp fcl en planilla EXW.[23-073-HPER/4700002858/TEMU5400480]",4700002858-1,,
2023-2024,LIQUIDADO,23-073-HPER,4700002858-1,OMAR,PROMISOL,AGQ,CYTOLAN,-,F/ 23225,"2,000.00",KG,EUR,"22,116.00","24,327.60",90,EXW,SEA,FCL/FCL,ESPAÑA,BARCELONA,CALLAO,1,20 ST,17,,29/5/2023,24/5/2023,26/5/2023,FORBIS,CMA CGM,,FCIU6239040,,10/6/2023,23,FBME2306477/1,CMA CGM NEVA,9/7/2023,27,SI,12/6/2023,IMUPESA,PASOC,81285,28/6/2023,7/7/2023,118-2023-10-255449-01-1-00,9/7/2023,9/7/2023,9/7/2023,NA,NA,,PASOC,13/7/2023,T001-7768,GUZMAN,13/7/2023,28,FUNDO ARMONIA,,25/7/2023,30,27/7/2023,24/7/2023,EG07-00000091,,"carga completada.Quedó en cp sin etiquetas,BOOKING, diferencia de Incoterm en cp fcl en planilla EXW.[23-073-HPER/4700002858/FCIU6239040]",4700002858-1,,
2023-2024,LIQUIDADO,23-074-HPER,PEA23W1901,TATIANA,HFCH,PLANTAS,PLANTAS DE ARANDANO,-,,,,,,,,,PENDIENTE,,,,,,,,,,,,,,,,,,52,,,,52,,,,AVM,,,,,,,,PENDIENTE,PENDIENTE,,,,,,,52,,,,0,,,,,PENDIENTE,PEA23W1901,,
2023-2024,LIQUIDADO,23-075-HPER,PEA2710101,CORPORATIVO,HFMX,MAQUINARIAS,LINEA COSECHA DIRECTA 1 (CHAO),-,2023-230501,6.00,UN,USD,"53,566.99","53,566.99",90,CIF,SEA,FCL/FCL,MEXICO,MANZANILLO,CALLAO,1,40 HC,6,,NA,NA,NA,DIRECTO,COSCO,6357644421,TGBU9306131,27/5/2023,15/6/2023,24,S00045425,CSCL WINTER 047E,24/6/2023,25,NO,4/10/2023,IMUPESA,LIP,9319,20/6/2023,26/6/2023,118-23-30-000099-01-0-00,24/6/2023,25/6/2023,5/7/2023,5/7/2023,5/7/2023,8/7/2023,NA,6/7/2023,NA,,NA,#¡VALOR!,FUNDO ARMONIA,,7/7/2023,27,,6/7/2023,,,,PEA2710101,,
2023-2024,LIQUIDADO,23-075-HPER,PEA2710101,CORPORATIVO,HFMX,MAQUINARIAS,LINEA COSECHA DIRECTA 2 (CHAO),-,2023-230502,5.00,UN,USD,"50,320.41","50,320.41",90,CIF,SEA,FCL/FCL,MEXICO,MANZANILLO,CALLAO,1,40 HC,5,,NA,NA,NA,DIRECTO,COSCO,6357644421,CSNU6921804,27/5/2023,15/6/2023,24,S00045425,CSCL WINTER 047E,24/6/2023,25,NO,NA,IMUPESA,LIP,9319,20/6/2023,26/6/2023,118-23-30-000099-01-0-00,24/6/2023,25/6/2023,5/7/2023,5/7/2023,5/7/2023,8/7/2023,NA,6/7/2023,NA,,NA,#¡VALOR!,FUNDO ARMONIA,,7/7/2023,27,,6/7/2023,,,,PEA2710101,,
2023-2024,LIQUIDADO,23-076-HPER,4700002863,MELANIE,AGROGENIUS,EQP & INST,BAXLOS,-,2023052501,14.00,UN,USD,"16,974.59","16,974.59",0,DDP,AIR,AIR,,,LIMA,-,-,1,,NA,NA,NA,NA,UPS,,NA,5/6/2023,9/6/2023,23,1ZW012W90436308167 ,,9/6/2023,23,NO,,,UPS,NA,,13/6/2023,235-2023-10-082902-01-3-00,9/6/2023,9/6/2023,13/6/2023,NA,NA,,NA,,,,NA,#¡VALOR!,,,3/7/2023,27,7/7/2023,2/7/2023,,,NA,4700002863,,
2023-2024,LIQUIDADO,23-077-HPER,4700002875,MELANIE,INTRALOX,SPAREPARTS,RPTOS VARIOS PARA FAJAS TRANSPORTADORAS ,-,2941399,51.00,UN,USD,"5,948.93","5,948.93",0,FCA,AIR,AIR,USA,MIAMI,LIMA,NA,NA,1,18/7/2023,NA,19/7/2023,26/7/2023,AIRSEALOG,NORTHERN,,,31/7/2023,9/8/2023,32,HMIA23003098,,9/8/2023,32,SI,8/8/2023,SHOHIN,LIP,12038,8/8/2023,8/8/2023,235-2023-10-112761-01-1-00,9/8/2023,9/8/2023,10/8/2023,NA,NA,,LIP,11/8/2023,T001-869,AGERSA,11/8/2023,32,PACKING SALAVERRY,,19/8/2023,33,21/8/2023,18/8/2023,EG07-00000119,,NA,4700002875,,
2023-2024,LIQUIDADO,23-078-HPER,4700002869,OMAR,PROINECO,AGQ,PROIN ORGANIC,-,1-230046,"18,000.00",LT,EUR,"16,200.00","17,820.00",60,EXW,SEA,FCL/FCL,ESPAÑA,ALGECIRAS,CALLAO,1,20 ST,18,16/6/2023,1/6/2023,9/6/2023,9/6/2023,FORBIS,CMA CGM,IBC1086279,TEMU1082457,22/6/2023,29/6/2023,26,ME2307165/1,CMA CGM PREGOLIA 0LIBWS1MA,7/8/2023,32,SI,6/7/2023,IMUPESA,PASOC,83794,26/7/2023,4/8/2023,118-2023-10-295440-01-3-00,8/8/2023,8/8/2023,7/8/2023,NA,NA,21/8/2023,PASOC,11/8/2023,T001-9555,GUZMAN,11/8/2023,32,FUNDO ARMONIA,,22/8/2023,34,28/8/2023,21/8/2023,EG07-00000123,,"Carga completada. Falta en CP. booking,etiquetas[23-078-HPER/4700002869/BEAU2182370]",4700002869,,
2023-2024,LIQUIDADO,23-078-HPER,4700002877,OMAR,PROINECO,AGQ,PROIN ORGANIC,-,1-230046,"18,000.00",LT,EUR,"16,200.00","17,820.00",60,EXW,SEA,FCL/FCL,ESPAÑA,ALGECIRAS,CALLAO,1,20 ST,18,16/6/2023,9/6/2023,9/6/2023,9/6/2023,FORBIS,CMA CGM,IBC1086279,BEAU2182370,22/6/2023,29/6/2023,26,ME2307165/1,CMA CGM PREGOLIA 0LIBWS1MA,7/8/2023,32,SI,6/7/2023,IMUPESA,PASOC,83794,26/7/2023,4/8/2023,118-2023-10-295440-01-3-00,8/8/2023,8/8/2023,7/8/2023,NA,NA,21/8/2023,PASOC,11/8/2023,T001-9553,GUZMAN,11/8/2023,32,FUNDO ARMONIA,,21/8/2023,34,22/8/2023,20/8/2023,EG07-00000122,,"Carga completada.Quedó en CP. sin booking,etiquetas[23-078-HPER/4700002877/TEMU1082457]",4700002877,,
2023-2024,LIQUIDADO,23-079-HPER,4700002871,OMAR,PROMISOL,AGQ,CYTO FLOW,-,F-23242,"1,000.00",KG,EUR,"10,600.00","11,660.00",90,EXW,SEA,LCL/LCL,ESPAÑA,BARCELONA,CALLAO, - ,,2,1/6/2023,1/6/2023,6/6/2023,9/6/2023,AIRSEALOG,CMA CGM,,TCLU6271311,13/6/2023,24/6/2023,25,012023061181,AS ANNE 0LISMS1MA,23/7/2023,29,SI,26/6/2023,VILLAS OQUENDO,PASOC,82635,13/7/2023,21/7/2023,118-2023-10-275945-01-2-00,23/7/2023,24/7/2023,23/7/2023,NA,NA,,PASOC,31/7/2023,T001-8676,AGERSA,31/7/2023,31,FUNDO ARMONIA,,10/8/2023,32,14/8/2023,9/8/2023,EG07-00000105,,carga completada. Quedó en CP. sin booking [23-079-HPER/4700002871/TCLU6271311],4700002871,,
2023-2024,LIQUIDADO,23-080-HPER,4700002870,OMAR,BIOCONSUL,AGQ,ORGANCAB K (ABONO ORGANICO),-,BE015/23,"20,000.00",KG,EUR,"15,500.00","17,050.00",60,EXW,SEA,FCL/FCL,ESPAÑA,VALENCIA,CALLAO,1,40 HC,20,16/6/2023,1/6/2023,2/6/2023,9/6/2023,FORBIS,CMA CGM,,TCNU3101767,22/6/2023,28/6/2023,26,FBME2307380/1,CAPE CITIUS,28/7/2023,30,SI,23/6/2023,IMUPESA,PASOC,82645,16/7/2023,26/7/2023,118-2023-10-281827-01-8-00,29/7/2023,29/7/2023,28/7/2023,NA,NA,10/8/2023,PASOC,3/8/2023,T001-8934,GUZMAN,3/8/2023,31,,,5/8/2023,31,7/8/2023,4/8/2023,EG07-00000103,,"Carga completada. Quedó en CP. sin Ag. de Carga, sin booking[23-080-HPER/4700002870/TCNU3101767]",4700002870,,
2023-2024,LIQUIDADO,23-081-HPER,4700002867,OMAR,EDEN,AGQ,DISPER CHLOROPHYL,-,2023-1525,280.00,KG,EUR,"7,340.00","8,074.00",90,EXW,SEA,LCL/LCL,ESPAÑA,VALENCIA,CALLAO, - ,NA,1,8/6/2023,9/6/2023,6/6/2023,9/6/2023,FORBIS,CMA CGM,,TCNU6993991,13/6/2023,19/6/2023,25,FB2301019520111,CMA CGM VOLTAIRE,16/7/2023,28,SI,19/6/2023,ALFOSAC,PASOC,81524,6/7/2023,14/7/2023,118-2023-10-266442-01-1-00,16/7/2023,17/7/2023,16/7/2023,NA,NA,3/8/2023,PASOC,25/7/2023,T001-8407,AGERSA,25/7/2023,30,FUNDO ARMONIA,,10/8/2023,32,10/8/2023,9/8/2023,EG07-00000093,,carga completada.Quedó en CP. sin booking[23-081-HPER/4700002867/TCNU6993991],4700002867,,
2023-2024,LIQUIDADO,23-082-HPER,PEA2710101,CORPORATIVO,HFMX,MAQUINARIAS,HEAT SEALER (TERMOSELLADORA),-,2023-070601,7.00,UN,USD,"356,352.92","356,352.92",90,CIF,SEA,FCL/FCL,MEXICO,MANZANILLO,CALLAO,1,40 HC,7,,NA,NA,NA,DIRECTO,ONE,MEXD13773500,GCXU5424920,,7/7/2023,27,S00045592,MANZANILLO EXPRESS 2324 ,14/7/2023,28,NO,NA,IMUPESA,LIP,9574,26/6/2023,13/7/2023, 118-2023-20-000181-01-5-00,15/7/2023,16/7/2023,25/5/2023,NA,NA,21/7/2023,NA,26/7/2023,,LIP,NA,#¡VALOR!,PACKING SALAVERRY,,31/7/2023,31,,31/7/2023,,,NA,PEA2710101,,
2023-2024,LIQUIDADO,23-083-HPER,4700002882,GONZALO,MARVAR,SPAREPARTS,PROBETA CILINDRICA,-,658,1.00,UN,USD,367.00,367.00,0,DAP,AIR,AIR,COLOMBIA,LONDON,LIMA, - , - ,1,,NA,,,DIRECTO,DHL,,,21/6/2023,21/6/2023,25,3206954096,,22/6/2023,25,NO,NA,DHL,DHL,NA,,22/2/2023,235-23-28-690448-10-4-00,22/2/2023,22/2/2023,22/2/2023,NA,NA,,NA,23/6/2023,,DHL,NA,#¡VALOR!,,,26/6/2023,26,17/7/2023,25/6/2023,,,NA,4700002882,,
2023-2024,LIQUIDADO,23-084-HPER,4700002884,MELANIE,AAMS,SPAREPARTS,KIT DE CALIBRACION,,VD2023-06-0039,9.00,UN,EUR,"11,054.50","12,159.95",0,DAP,AIR,AIR,BELGICA,LIMA,LIMA,-,NA,1,3/7/2023,NA,,,NA,DHL,,,3/7/2023,4/7/2023,27,4176128003,,7/7/2023,27,NO,NA,DHL,LIP,9973,4/7/2023,4/7/2023,235-2023-10-094158-01-2-00,4/7/2023,4/7/2023,5/7/2023,NA,NA,,,7/7/2023,NA,DHL,NA,#¡VALOR!,,,11/7/2023,28,18/7/2023,10/7/2023,,,NA,4700002884,,
2023-2024,LIQUIDADO,23-085-HPER,4700002893,MELANIE,UNITEC,SPAREPARTS,RPTOS VARIOS PARA MAQUINA CALIBRADORA DE ARANDANOS,-,158,6.00,UN,EUR,412.40,453.64,0,EXW,AIR,AIR,CHILE,SANTIAGO,LIMA,-,,1,,NA,4/7/2023,7/7/2023,AIRSEALOG,KOREAN,,,20/7/2023,23/7/2023,29,180-12551733,KE8274,23/7/2023,29,SI,21/7/2023,SHOHIN,LIP,11046,21/7/2023,21/7/2023,235-2023-10-104224-01-9-00,23/7/2023,23/7/2023,24/7/2023,NA,NA,,LIP,25/7/2023,T001-729,AGERSA,25/7/2023,30,PACKING CHAO,,26/7/2023,30,27/7/2023,25/7/2023,EG07-00000094,,NA,4700002893,,
2023-2024,LIQUIDADO,23-085-HPER,4700002898,MELANIE,UNITEC,SPAREPARTS,RPTOS VARIOS PARA MAQUINA CALIBRADORA DE ARANDANOS,,157,9.00,UN,EUR,"4,480.41","4,928.45",0,EXW,AIR,AIR,CHILE,SANTIAGO,LIMA,,,1,,NA,4/7/2023,7/7/2023,AIRSEALOG,KOREAN,,,20/7/2023,23/7/2023,29,180-12551733,KE8274,23/7/2023,29,SI,21/7/2023,SHOHIN,LIP,11046,21/7/2023,21/7/2023,235-2023-10-104224-01-9-00,23/7/2023,23/7/2023,24/7/2023,NA,NA,,LIP,25/7/2023,T001-729,AGERSA,25/7/2023,30,PACKING SALAVERRY,,26/7/2023,30,27/7/2023,25/7/2023,EG07-00000095,,NA,4700002898,,
2023-2024,LIQUIDADO,23-086-HPER,4700002853,GERMAN,UNITEC,SPAREPARTS,REPOSICION,-,,42.00,UN,USD,42.00,42.00,0,DDP,AIR,AIR,CHILE,,LIMA,,,1,,NA,NA,NA,FEDEX,FEDEX,772530300117,,,22/6/2023,25,772530300117,,1/7/2023,26,NO,NA,SCHARFF,SCHARFF,,,,,,,,NA,5/7/2023,,,,,FEDEX,,52,,,3/7/2023,27,,6/7/2023,,,NA,4700002853,,
2023-2024,LIQUIDADO,23-087-HPER,4700002837-1,MELANIE,SMARTPACK,SPAREPARTS,RPTOS VARIOS PARA MAQUINA HEAT SEALER,-,136,34.00,UN,USD,"9,976.80","9,976.80",30,EXW,AIR,AIR,CHILE,SANTIAGO,LIMA,NA,NA,1,,NA,30/6/2023,,FORBIS,JETSMART,,,11/7/2023,13/7/2023,28,PELIM23116B,,13/7/2023,28,SI,12/7/2023,ALFOSAC,LIP,10470,12/7/2023,12/7/2023,235-2023-10-098799-01-2-00,13/7/2023,13/7/2023,13/7/2023,NA,NA,,LIP,15/7/2023,T001-652,AGERSA,15/7/2023,28,PACKING SALAVERRY,,26/7/2023,30,26/7/2023,25/7/2023,EG07-00000086,,NA,4700002837-1,,
2023-2024,LIQUIDADO,23-088-HPER,4700002913,MELANIE,BELLPARK,SPAREPARTS,RESORTE INOX VTF 2x18x210mm,-,8258,4.00,UN,USD,512.14,512.14,0,DPU,AIR,AIR,CANADA,BRITISH COLUMBI,LIMA,-,NA,1,,NA,NA,NA,,DHL,,,24/7/2023,25/7/2023,30,2041830206,DHL COURIER,26/7/2023,30,NO,,DHL,DHL,NA,NA,26/7/2023,235-2023-28-00864610-10-7-00,26/7/2023,26/7/2023,26/7/2023,NA,NA,,,,,,,52,,,27/7/2023,30,,26/7/2023,,,NA,4700002913,,
2023-2024,LIQUIDADO,23-089-HPER,4700002912,MELANIE,UNITEC,SPAREPARTS,VENTILADOR FILTRO,-,162,3.00,UN,EUR,227.81,250.59,0,EXW,AIR,AIR,CHILE,SANTIAGO,LIMA,,,1,27/9/2023,NA,27/9/2023,3/10/2023,FORBIS,JETSMART,,,23/10/2023,24/10/2023,43,S2310102172,,24/10/2023,43,SI,23/10/2023,SHOHIN,LIP,16521,23/10/2023,23/10/2023,235-2023-10-153890-01-9-00,,,,NA,NA,,LIP,25/10/2023,T001-1328,GUZMAN,25/10/2023,43,PACKING SALAVERRY,13/11/2023,14/11/2023,46,15/11/2023,,EG07-00000166,,NA,4700002912,,
2023-2024,LIQUIDADO,23-089-HPER,4700002959,MELANIE,UNITEC,SPAREPARTS,RPTOS VARIOS PARA MAQUINA CALIBRADORA DE ARANDANOS,-,161,21.00,UN,EUR,"2,905.20","3,195.72",0,EXW,AIR,AIR,CHILE,SANTIAGO,LIMA,,,-,27/9/2023,NA,27/9/2023,3/10/2023,FORBIS,JETSMART,,,23/10/2023,24/10/2023,43,S2310102172,,24/10/2023,43,SI,23/10/2023,SHOHIN,LIP,16521,23/10/2023,23/10/2023,235-2023-10-153890-01-9-00,,,,NA,NA,,LIP,25/10/2023,,GUZMAN,,52,,,14/11/2023,46,,,,,NA,4700002959,,
2023-2024,LIQUIDADO,23-089-HPER,4700002973,GONZALO,UNITEC,SPAREPARTS,CABLE USB ADAPTADOR,-,167,1.00,UN,EUR,20.25,22.28,0,EXW,AIR,AIR,CHILE,SANTIAGO,LIMA,,,1,27/9/2023,NA,27/9/2023,3/10/2023,FORBIS,JETSMART,,,23/10/2023,24/10/2023,43,S2310102172,,24/10/2023,43,SI,23/10/2023,SHOHIN,LIP,16521,23/10/2023,23/10/2023,235-2023-10-153890-01-9-00,,,,NA,NA,,LIP,25/10/2023,,GUZMAN,,52,,,14/11/2023,46,,,,,NA,4700002973,,
2023-2024,LIQUIDADO,23-089-HPER,4700003151,TATIANA,UNITEC,SPAREPARTS,BIDON ACEITE LUBRICANTE,-,166,2.00,UN,EUR,293.76,323.14,0,EXW,AIR,AIR,CHILE,SANTIAGO,LIMA,,,-,27/9/2023,NA,27/9/2023,3/10/2023,FORBIS,JETSMART,,,23/10/2023,24/10/2023,43,S2310102172,,24/10/2023,43,SI,23/10/2023,SHOHIN,LIP,16521,23/10/2023,23/10/2023,235-2023-10-153890-01-9-00,,,,NA,NA,,LIP,25/10/2023,,GUZMAN,,52,,,14/11/2023,46,,,,,NA,4700003151,,
2023-2024,LIQUIDADO,23-090-HPER,4700002888,MELANIE,EARIS,SPAREPARTS,REEMP. ETIQUETADORA DOBLE,-,2023FV-0206,1.00,UN,EUR,"51,672.00","56,839.20",0,EXW,AIR,AIR,ESPAÑA,MADRID,LIMA,,,,,NA,23/8/2023,6/9/2023,FORBIS,AIR CANADA,,,12/9/2023,23/9/2023,38,MAD224467,,25/9/2023,39,SI,22/3/2023,TALMA,LIP,14962,22/9/2023,22/9/2023,235-2023-10-137674-01-3-00,25/9/2023,25/9/2023,,NA,NA,,LIP,28/9/2023,T001-1154,AGERSA,28/9/2023,39,PACKING CHAO,29/9/2023,30/9/2023,39,16/10/2023,,EG07-00000144,,NA,4700002888,,
2023-2024,LIQUIDADO,23-091-HPER,4700002920,OMAR,BIOCONSUL,AGQ,ORGANCAB K (ABONO ORGANICO),-,BE017/23,"20,000.00",KG,EUR,"15,000.00","16,500.00",60,EXW,SEA,FCL/FCL,ESPAÑA,VALENCIA,CALLAO,1,40 HC,20,,26/7/2023,19/7/2023,20/7/2023,AIRSEALOG,CMA CGM,IBC1101054,RFCU4051104,,2/8/2023,31,PAEM015674,CMA CGM BEIRA 0LIC2S1MA,27/8/2023,34,SI,3/8/2023,IMUPESA,PASOC,85096,16/7/2023,24/8/2023,118-2023-10-322473-01-7-00,27/8/2023,28/8/2023,27/8/2023,NA,NA,9/9/2023,PASOC,31/8/2023,T001-10581,GUZMAN,31/8/2023,35,FUNDO ARMONIA,,6/9/2023,36,6/9/2023,#¡VALOR!,EG07-00000128,,Carga completada. ok[23-091-HPER/4700002920/RFCU4051104],4700002920,,
2023-2024,LIQUIDADO,23-092-HPER,4700002891,TATIANA,HF GENETICS,PLANTAS,IMPERIAL,-,7020000087 / 7020000123,"165,100.00",UN,USD,"321,945.00","321,945.00",30,CFR,AIR,AIR,CHILE,SANTIAGO,LIMA,NA,NA,6,,NA,,,DIRECTO,KOREAN,,,,31/7/2023,31,180-12553881,,31/7/2023,31,SI,1/8/2023,SAASA,AVM,752,1/8/2023,3/8/2023,235-2023-10-110203-01-1-00,31/7/2023,31/7/2023,3/8/2023,9/8/2023,9/8/2023,,AVM,10/8/2023,T001-557,,NA,#¡VALOR!,VIVERO ILUSION,,11/8/2023,32,4/9/2023,10/8/2023,,,NA,4700002891,,
2022-2023,LIQUIDADO,23-093-HPER,4700002926,GONZALO,AZUD,EQP & INST,CONTROLADOR + HELIX AUTOM,-,FVM23-001008,1.00,UN,USD,"5,646.22","5,646.22",90,EXW,AIR,AIR,ESPAÑA,MADRID,LIMA,NA,NA,1,,NA,31/7/2023,7/8/2023,FORBIS,LAN,,,11/8/2023,17/8/2023,33,P23PM0826085,,17/8/2023,33,SI,16/8/2023,SHOHIN,LIP,12582,16/8/2023,16/8/2023,235-2023-10-117388-01-5-00,17/8/2023,17/8/2023,18/8/2023,NA,NA,,LIP,21/8/2023,T001-902,AGERSA,21/8/2023,34,FUNDO ARMONIA,,1/9/2023,35,,31/8/2023,EG07-00000126,,NA,4700002926,,
2022-2023,LIQUIDADO,23-094-HPER,,,ONETHIRD,EQP & INST,SPECTROFOTOMETRO,SAMPLE,NA,1.00,UN,EUR,500.00,550.00,0,DDP,AIR,AIR,PAISES BAJOS,AMSTERDAM,LIMA,-,-,1,,NA,,,DHL,,,,25/7/2023,25/7/2023,30,2891607983,,27/7/2023,30,NO,NA,DHL,LIP,,,27/7/2023,235-2023-28-00877064-10-6-00,27/7/2023,27/7/2023,27/7/2023,NA,NA,,,29/7/2023,,DHL,,52,PACKING SALAVERRY,,1/8/2023,31,,29/7/2023,,,NA,0,,
2023-2024,LIQUIDADO,23-095-HPER,4700002933,GONZALO,RITEC,EQP & INST,EQUIPOS Y REPUESTOS VARIOS,-,23-681,6.00,UN,USD,"3,499.98","3,499.98",0,EXW,AIR,AIR,ESPAÑA,MADRID,LIMA,NA,NA,1,7/8/2023,NA,1/8/2023,4/8/2023,AIRSEALOG,PLUS ULTRA,,,9/8/2023,21/8/2023,34,1346532,,21/8/2023,34,SI,17/8/2023,ALFOSAC,LIP,12648,17/8/2023,17/8/2023,235-2023-10-118045-01-4-00,21/8/2023,21/8/2023,,NA,NA,,LIP,23/8/2023,T001-924,AGERSA,23/8/2023,34,FUNDO ARMONIA,,1/9/2023,35,5/9/2023,31/8/2023,EG07-00000127,,NA,4700002933,,
2023-2024,LIQUIDADO,23-096-HPER,4700002923,MELANIE,BELLPARK,SPAREPARTS,REPUESTOS VARIOS,-,8265,10.00,UN,USD,372.93,372.93,0,DPU,AIR,AIR,CANADA,BRITISH COLUMBI,LIMA,-,NA,,,NA,NA,NA,,DHL,,,,3/8/2023,31,1903401743,DHL COURIER,7/8/2023,32,NO,,DHL,DHL,NA,NA,6/8/2023,235-2023-28-00935870-10-2-00,7/8/2023,7/8/2023,7/8/2023,NA,NA,,N,7/8/2023,,DHL,NA,#¡VALOR!,PACKING SALAVERRY,,8/8/2023,32,17/8/2023,7/8/2023,,,NA,4700002923,,
2023-2024,LIQUIDADO,23-097-HPER,4700002849-1,TATIANA,FASTIK,E & E,FILM PUNNET PET/PEELABLE 11OZ 5X7,-,86410/102435,"1,120,000.00",UN,USD,"51,956.80","51,956.80",30,EXW,AIR,AIR,CANADA,VANCOUVER,LIMA,-,-,3,,NA,21/7/2023,27/7/2023,FORBIS,,,,4/8/2023,13/8/2023,32,SAE08935,,14/8/2023,33,SI,10/8/2023,TALMA,PASOC,84416,10/8/2023,10/8/2023,235-2023-10-114303-01-9-00,14/8/2023,14/8/2023,15/8/2023,NA,NA,,PASOC,16/8/2023,T001-9786,AGERSA,16/8/2023,33,PCK CHAO Y PCK SALAVERRY,,17/8/2023,33,21/9/2023,16/8/2023,EG07-00000120,,NA,4700002849-1,,
2023-2024,LIQUIDADO,23-098-HPER,4700002791,TATIANA,HF GENETICS,PLANTAS,MILAGRO,,7020000081 / 7020000138,"218,400.00",UN,USD,"218,401.95","218,401.95",30,CFR,AIR,AIR,CHILE,SANTIAGO,LIMA,NA,NA,,,NA,,,DIRECTO,KOREAN,,,,28/8/2023,35,180-12559573,,28/8/2023,35,SI,1/9/2023,SAASA,AVM,841,1/9/2023,4/9/2023,235-2023-10-126846-01-2-00,28/8/2023,28/8/2023,28/8/2023,5/9/2023,5/9/2023,,AVM,6/9/2023,T001-676,,,52,VIVERO ILUSION,,7/9/2023,36,22/9/2023,6/9/2023,,,NA,4700002791,,
2023-2024,LIQUIDADO,23-099-HPER,4700002940,OMAR,EDEN,AGQ,DISPER COMPLEX,-,2023-1545,"20,000.00",KG,EUR,"148,000.00","162,800.00",90,EXW,SEA,FCL/FCL,ESPAÑA,VALENCIA,CALLAO,1,40 HC,40,19/9/2023,5/9/2023,24/8/2023,31/8/2023,AIRSEALOG,CMA CGM,,TCLU6281773,19/9/2023,27/9/2023,39,PAEM015795,KATHERINE 0DVH5S1MA,22/10/2023,42,SI,27/9/2023,IMUPESA,PASOC,90575,12/10/2023,18/10/2023,118-2023-10-400126-01-0-00,22/10/2023,24/10/2023,22/10/2023,NA,NA,4/11/2023,PASOC,27/10/2023,T001-13630,GUZMAN,27/10/2023,43,FUNDO ARMONIA,,6/11/2023,45,2/11/2023,V001-00016287,EG07-00000161,,Carga completada. Quedó en CP Booking[ 23-099-HPER/4700002940/TCLU6281773],4700002940,,
2023-2024,LIQUIDADO,23-100-HPER,4700002879-1,TATIANA,PROJAR,SUSTRATOS,TURBA BLEND 1530F,RV,FX23-00331,22.00,BOL,EUR,"7,806.04","8,586.64",60,CIF,SEA,FCL/FCL,LETONIA,RIGA,CALLAO,1,40 HC,22,,21/6/2023,NA,NA,DIRECTO,MSC,,MSMU7301569,1/7/2023,8/7/2023,27,MEDULY022070,MSC ROMANE BC326R,24/8/2023,34,NO,NA,IMUPESA,AVM,757,8/8/2023,22/8/2023,118-2023-10-318074-01-4-00,25/8/2023,26/8/2023,24/8/2023,4/9/2023,7/9/2023,7/9/2023,AVM,8/9/2023,T001-697,AGERSA,8/9/2023,36,FUNDO ARMONIA,25/9/2023,26/9/2023,39,3/10/2023,EG03-00000808,EG07-00000132,,Carga completada.Quedó en CP sin Booking[23-100-HPER/4700002879-1/MSMU7301569],4700002879-1,,
2023-2024,LIQUIDADO,23-100-HPER,4700002879-1,TATIANA,PROJAR,SUSTRATOS,TURBA BLEND 1530F,RV,FX23-00331,22.00,BOL,EUR,"7,806.04","8,586.64",60,CIF,SEA,FCL/FCL,LETONIA,RIGA,CALLAO,1,40 HC,22,,21/6/2023,NA,NA,DIRECTO,MSC,,MSDU5506476,1/7/2023,8/7/2023,27,MEDULY022070,MSC ROMANE BC326R,24/8/2023,34,NO,NA,IMUPESA,AVM,757,8/8/2023,22/8/2023,118-2023-10-318074-01-4-00,25/8/2023,26/8/2023,24/8/2023,4/9/2023,7/9/2023,7/9/2023,AVM,8/9/2023,T001-696,AGERSA,8/9/2023,36,FUNDO ARMONIA,25/9/2023,26/9/2023,39,3/10/2023,25/9/2023,EG07-00000131,,Carga completada.Quedó en CP sin Booking[23-100-HPER/4700002879-1/MSDU5506476],4700002879-1,,
2023-2024,LIQUIDADO,23-100-HPER,4700002879-1,TATIANA,PROJAR,SUSTRATOS,TURBA BLEND 1530F,RV,FX23-00331,22.00,BOL,EUR,"7,806.04","8,586.64",60,CIF,SEA,FCL/FCL,LETONIA,RIGA,CALLAO,1,40 HC,22,,21/6/2023,NA,NA,DIRECTO,MSC,,TCNU1429680,1/7/2023,8/7/2023,27,MEDULY022070,MSC ROMANE BC326R,24/8/2023,34,NO,NA,IMUPESA,AVM,757,8/8/2023,22/8/2023,118-2023-10-318074-01-4-00,25/8/2023,26/8/2023,24/8/2023,4/9/2023,7/9/2023,7/9/2023,AVM,8/9/2023,T001-698,AGERSA,8/9/2023,36,FUNDO ARMONIA,25/9/2023,26/9/2023,39,3/10/2023,25/9/2023,EG07-00000133,,Carga completada.Quedó en CP sin Booking[23-100-HPER/4700002879-1/TCNU1429680],4700002879-1,,
2023-2024,LIQUIDADO,23-100-HPER,4700002879-1,TATIANA,PROJAR,SUSTRATOS,TURBA BLEND 1530F,RV,FX23-00331,22.00,BOL,EUR,"7,806.04","8,586.64",60,CIF,SEA,FCL/FCL,LETONIA,RIGA,CALLAO,1,40 HC,22,,21/6/2023,NA,NA,DIRECTO,MSC,,TGHU9400812,1/7/2023,8/7/2023,27,MEDULY022070,MSC ROMANE BC326R,24/8/2023,34,NO,NA,IMUPESA,AVM,757,8/8/2023,22/8/2023,118-2023-10-318074-01-4-00,25/8/2023,26/8/2023,24/8/2023,4/9/2023,7/9/2023,7/9/2023,AVM,8/9/2023,T001-699,AGERSA,8/9/2023,36,FUNDO ARMONIA,27/9/2023,28/9/2023,39,3/10/2023,27/9/2023,EG07-00000138,,Carga completada.Quedó en CP sin Booking[23-100-HPER/4700002879-1/TGHU9400812],4700002879-1,,
2023-2024,LIQUIDADO,23-101-HPER,4700002879-2,TATIANA,PROJAR,SUSTRATOS,TURBA BLEND 1530F,RV,FX23-00332,22.00,BOL,EUR,"7,806.04","8,586.64",60,CIF,SEA,FCL/FCL,LETONIA,RIGA,CALLAO,1,40 HC,22,,21/6/2023,NA,NA,DIRECTO,MSC,,MSDU5441204,1/7/2023,8/7/2023,27,MEDULY022096,MSC ROMANE BC326R,24/8/2023,34,NO,NA,IMUPESA,AVM,758,8/8/2023,22/8/2023,118-2023-10-318159-01-1-00,25/8/2023,26/8/2023,24/8/2023,4/9/2023,7/9/2023,7/9/2023,AVM,8/9/2023,T001-702,GUZMAN,8/9/2023,36,FUNDO ARMONIA,4/10/2023,5/10/2023,40,10/10/2023,4/10/2023,EG07-00000146,,"Carga completada.Quedó en CP sin booking, sin etiquetas [23-101-HPER/4700002879-2/MSDU5441204]",4700002879-2,,
2023-2024,LIQUIDADO,23-101-HPER,4700002879-2,TATIANA,PROJAR,SUSTRATOS,TURBA BLEND 1530F,RV,FX23-00332,22.00,BOL,EUR,"7,806.04","8,586.64",60,CIF,SEA,FCL/FCL,LETONIA,RIGA,CALLAO,1,40 HC,22,,21/6/2023,NA,NA,DIRECTO,MSC,,MSMU4454585,1/7/2023,8/7/2023,27,MEDULY022096,MSC ROMANE BC326R,24/8/2023,34,NO,NA,IMUPESA,AVM,758,8/8/2023,22/8/2023,118-2023-10-318159-01-1-00,25/8/2023,26/8/2023,24/8/2023,4/9/2023,7/9/2023,7/9/2023,AVM,8/9/2023,T001-783,GUZMAN,8/9/2023,36,FUNDO ARMONIA,4/10/2023,5/10/2023,40,10/10/2023,4/10/2023,EG07-00000150,,"Carga completada.Quedó en CP sin booking, sin etiquetas [23-101-HPER/4700002879-2/MSMU4454585]",4700002879-2,,
2023-2024,LIQUIDADO,23-101-HPER,4700002879-2,TATIANA,PROJAR,SUSTRATOS,TURBA BLEND 1530F,RV,FX23-00332,22.00,BOL,EUR,"7,806.04","8,586.64",60,CIF,SEA,FCL/FCL,LETONIA,RIGA,CALLAO,1,40 HC,22,,21/6/2023,NA,NA,DIRECTO,MSC,,BMOU5914119,1/7/2023,8/7/2023,27,MEDULY022096,MSC ROMANE BC326R,24/8/2023,34,NO,NA,IMUPESA,AVM,758,8/8/2023,22/8/2023,118-2023-10-318159-01-1-00,25/8/2023,26/8/2023,24/8/2023,4/9/2023,7/9/2023,7/9/2023,AVM,8/9/2023,T001-700,GUZMAN,8/9/2023,36,FUNDO ARMONIA,4/10/2023,5/10/2023,40,10/10/2023,4/10/2023,EG07-00000147,,"Carga completada.Quedó en CP sin booking, sin etiquetas [23-101-HPER/4700002879-2/BMOU5914119]",4700002879-2,,
2023-2024,LIQUIDADO,23-101-HPER,4700002879-2,TATIANA,PROJAR,SUSTRATOS,TURBA BLEND 1530F,RV,FX23-00332,22.00,BOL,EUR,"7,806.04","8,586.64",60,CIF,SEA,FCL/FCL,LETONIA,RIGA,CALLAO,1,40 HC,22,,21/6/2023,NA,NA,DIRECTO,MSC,,BMOU5920852,1/7/2023,8/7/2023,27,MEDULY022096,MSC ROMANE BC326R,24/8/2023,34,NO,NA,IMUPESA,AVM,758,8/8/2023,22/8/2023,118-2023-10-318159-01-1-00,25/8/2023,26/8/2023,24/8/2023,4/9/2023,7/9/2023,7/9/2023,AVM,8/9/2023,T001-701,GUZMAN,8/9/2023,36,FUNDO ARMONIA,4/10/2023,5/10/2023,40,10/10/2023,4/10/2023,EG07-00000149,,"Carga completada.Quedó en CP sin booking, sin etiquetas [23-101-HPER/4700002879-2/BMOU5920852]",4700002879-2,,
2023-2024,LIQUIDADO,23-102-HPER,4700002879-3,TATIANA,PROJAR,SUSTRATOS,TURBA BLEND 1530F,RV,FX23-00334,22.00,BOL,EUR,"7,806.04","8,586.64",60,CIF,SEA,FCL/FCL,LETONIA,RIGA,CALLAO,1,40 HC,22,,21/6/2023,NA,NA,DIRECTO,MSC,,MSDU8830154,1/7/2023,8/7/2023,27,MEDULY022088,MSC ROMANE BC326R,24/8/2023,34,NO,NA,IMUPESA,AVM,797,8/8/2023,22/8/2023,118-2023-10-317911-01-1-00,25/8/2023,26/8/2023,24/8/2023,4/9/2023,7/9/2023,7/9/2023,AVM,8/9/2023,T001-695,GUZMAN,8/9/2023,36,FUNDO ARMONIA,4/10/2023,5/10/2023,40,10/10/2023,4/10/2023,EG07-00000148,,"Carga completada.Faltó en CP Booking,etiquetas[23-102-HPER/4700002879-3/MSDU8830154]",4700002879-3,,
2023-2024,LIQUIDADO,23-102-HPER,4700002879-3,TATIANA,PROJAR,SUSTRATOS,TURBA BLEND 1530F,RV,FX23-00334,22.00,BOL,EUR,"7,806.04","8,586.64",60,CIF,SEA,FCL/FCL,LETONIA,RIGA,CALLAO,1,40 HC,22,,21/6/2023,NA,NA,DIRECTO,MSC,,MEDU7940247,1/7/2023,8/7/2023,27,MEDULY022088,MSC ROMANE BC326R,24/8/2023,34,NO,NA,IMUPESA,AVM,797,8/8/2023,22/8/2023,118-2023-10-317911-01-1-00,25/8/2023,26/8/2023,24/8/2023,4/9/2023,7/9/2023,7/9/2023,AVM,8/9/2023,T001-693,GUZMAN,8/9/2023,36,FUNDO ARMONIA,4/10/2023,5/10/2023,40,10/10/2023,4/10/2023,EG07-00000145,,"Carga completada.Faltó en CP Booking,etiquetas[23-102-HPER/4700002879-3/MEDU7940247]",4700002879-3,,
2023-2024,LIQUIDADO,23-103-HPER,4700002879-4,TATIANA,PROJAR,SUSTRATOS,TURBA BLEND 1530F,RV,FX23-00341,22.00,BOL,EUR,"7,806.04","8,586.64",60,CIF,SEA,FCL/FCL,LETONIA,RIGA,CALLAO,1,40 HC,22,,6/7/2023,NA,NA,DIRECTO,MSC,,FFAU2853469,8/7/2023,13/7/2023,28,MEDULY023250,CAPE TAINARO NX331A,1/9/2023,35,NO,NA,IMUPESA,AVM,806,15/8/2023,23/8/2023, 118-2023-10-320630-01-8-00,4/9/2023,1/9/2023,1/9/2023,7/9/2023,12/9/2023,15/9/2023,AVM,14/9/2023,T001-697,AGERSA,14/9/2023,37,FUNDO ARMONIA,27/9/2023,28/9/2023,39,3/10/2023,EG03-00000808,EG07-00000132,,Carga completada. Quedó sin booking[23-103-HPER/4700002879-4/FFAU2853469],4700002879-4,,
2023-2024,LIQUIDADO,23-103-HPER,4700002879-4,TATIANA,PROJAR,SUSTRATOS,TURBA BLEND 1530F,RV,FX23-00341,22.00,BOL,EUR,"7,806.04","8,586.64",60,CIF,SEA,FCL/FCL,LETONIA,RIGA,CALLAO,1,40 HC,22,,6/7/2023,NA,NA,DIRECTO,MSC,,GLDU7344014,8/7/2023,13/7/2023,28,MEDULY023250,CAPE TAINARO NX331A,1/9/2023,35,NO,NA,IMUPESA,AVM,806,15/8/2023,23/8/2023, 118-2023-10-320630-01-8-00,4/9/2023,1/9/2023,1/9/2023,7/9/2023,12/9/2023,15/9/2023,AVM,14/9/2023,T001-696,AGERSA,14/9/2023,37,FUNDO ARMONIA,27/9/2023,28/9/2023,39,3/10/2023,EG03-00000807,EG07-00000131,,Carga completada. Quedó sin booking.[23-103-HPER/4700002879-4/GLDU7344014],4700002879-4,,
2023-2024,LIQUIDADO,23-103-HPER,4700002879-4,TATIANA,PROJAR,SUSTRATOS,TURBA BLEND 1530F,RV,FX23-00341,22.00,BOL,EUR,"7,806.04","8,586.64",60,CIF,SEA,FCL/FCL,LETONIA,RIGA,CALLAO,1,40 HC,22,,6/7/2023,NA,NA,DIRECTO,MSC,,MSDU6097201,8/7/2023,13/7/2023,28,MEDULY023250,CAPE TAINARO NX331A,1/9/2023,35,NO,NA,IMUPESA,AVM,806,15/8/2023,23/8/2023, 118-2023-10-320630-01-8-00,4/9/2023,1/9/2023,1/9/2023,7/9/2023,12/9/2023,15/9/2023,AVM,14/9/2023,T001-698,AGERSA,14/9/2023,37,FUNDO ARMONIA,27/9/2023,28/9/2023,39,3/10/2023,EG03-00000809,EG07-00000133,,Carga completada. Quedó en CP sin booking[23-103-HPER/4700002879-4/MSDU6097201],4700002879-4,,
2023-2024,LIQUIDADO,23-103-HPER,4700002879-4,TATIANA,PROJAR,SUSTRATOS,TURBA BLEND 1530F,RV,FX23-00341,22.00,BOL,EUR,"7,806.04","8,586.64",60,CIF,SEA,FCL/FCL,LETONIA,RIGA,CALLAO,1,40 HC,22,,6/7/2023,NA,NA,DIRECTO,MSC,,MSDU5096617,8/7/2023,13/7/2023,28,MEDULY023250,CAPE TAINARO NX331A,1/9/2023,35,NO,NA,IMUPESA,AVM,806,15/8/2023,23/8/2023, 118-2023-10-320630-01-8-00,4/9/2023,1/9/2023,1/9/2023,7/9/2023,12/9/2023,15/9/2023,AVM,14/9/2023,T001-699,AGERSA,14/9/2023,37,FUNDO ARMONIA,27/9/2023,28/9/2023,39,3/10/2023,EG03-00000838,EG07-00000138,,Carga completada. Quedó en CP sin booking[23-103-HPER/4700002879-4/MSDU5096617],4700002879-4,,
2023-2024,LIQUIDADO,23-104-HPER,4700002879-5,TATIANA,PROJAR,SUSTRATOS,TURBA BLEND 1530F,RV,FX23-00342,22.00,BOL,EUR,"7,806.04","8,586.64",60,CIF,SEA,FCL/FCL,LETONIA,RIGA,CALLAO,1,40 HC,22,,6/7/2023,NA,NA,DIRECTO,MSC,,TGBU6988742,8/7/2023,14/7/2023,28,MEDULY023292,CAPE TAINARO NX331A,1/9/2023,35,NO,NA,IMUPESA,AVM,807,15/8/2023,24/8/2023,118-2023-10-321164-01-0-00,2/9/2023,3/9/2023,1/9/2023,7/9/2023,12/9/2023,15/9/2023,AVM,14/9/2023,T001-739,GUZMAN,14/9/2023,37,FUNDO ARMONIA,5/10/2023,6/10/2023,40,7/10/2023,V001-00018221,EG07-00000152,,Carga completada. Quedó en CP sin Booking[23-104-HPER/4700002879-5/TGBU6988742],4700002879-5,,
2023-2024,LIQUIDADO,23-104-HPER,4700002879-5,TATIANA,PROJAR,SUSTRATOS,TURBA BLEND 1530F,RV,FX23-00342,22.00,BOL,EUR,"7,806.04","8,586.64",60,CIF,SEA,FCL/FCL,LETONIA,RIGA,CALLAO,1,40 HC,22,,6/7/2023,NA,NA,DIRECTO,MSC,,MSMU6906690,8/7/2023,14/7/2023,28,MEDULY023292,CAPE TAINARO NX331A,1/9/2023,35,NO,NA,IMUPESA,AVM,807,15/8/2023,24/8/2023,118-2023-10-321164-01-0-00,2/9/2023,3/9/2023,1/9/2023,7/9/2023,12/9/2023,15/9/2023,AVM,14/9/2023,T001-737,GUZMAN,14/9/2023,37,FUNDO ARMONIA,5/10/2023,6/10/2023,40,10/10/2023,V001-00014162,EG07-00000151,,Carga completada. Quedó en CP sin Booking[23-104-HPER/4700002879-5/MSMU6906690],4700002879-5,,
2023-2024,LIQUIDADO,23-104-HPER,4700002879-5,TATIANA,PROJAR,SUSTRATOS,TURBA BLEND 1530F,RV,FX23-00342,22.00,BOL,EUR,"7,806.04","8,586.64",60,CIF,SEA,FCL/FCL,LETONIA,RIGA,CALLAO,1,40 HC,22,,6/7/2023,NA,NA,DIRECTO,MSC,,MEDU4833097,8/7/2023,14/7/2023,28,MEDULY023292,CAPE TAINARO NX331A,1/9/2023,35,NO,NA,IMUPESA,AVM,807,15/8/2023,24/8/2023,118-2023-10-321164-01-0-00,2/9/2023,3/9/2023,1/9/2023,7/9/2023,12/9/2023,15/9/2023,AVM,14/9/2023,T001-736,GUZMAN,14/9/2023,37,FUNDO ARMONIA,5/10/2023,6/10/2023,40,11/10/2023,V001-00014374,EG07-00000158,,Carga completada. Quedó en CP sin Booking[23-104-HPER/4700002879-5/MEDU4833097],4700002879-5,,
2023-2024,LIQUIDADO,23-104-HPER,4700002879-5,TATIANA,PROJAR,SUSTRATOS,TURBA BLEND 1530F,RV,FX23-00342,22.00,BOL,EUR,"7,806.04","8,586.64",60,CIF,SEA,FCL/FCL,LETONIA,RIGA,CALLAO,1,40 HC,22,,6/7/2023,NA,NA,DIRECTO,MSC,,MSMU7772430,8/7/2023,14/7/2023,28,MEDULY023292,CAPE TAINARO NX331A,1/9/2023,35,NO,NA,IMUPESA,AVM,807,15/8/2023,24/8/2023,118-2023-10-321164-01-0-00,2/9/2023,3/9/2023,1/9/2023,7/9/2023,12/9/2023,15/9/2023,AVM,14/9/2023,T001-738,GUZMAN,14/9/2023,37,FUNDO ARMONIA,5/10/2023,6/10/2023,40,7/10/2023,V001-00018224,EG07-00000153,,Carga completada. Quedó en CP sin Booking[23-104-HPER/4700002879-5/MSMU7772430],4700002879-5,,
2023-2024,LIQUIDADO,23-105-HPER,4700002879-6,TATIANA,PROJAR,SUSTRATOS,TURBA BLEND 1530F,RV,FX23-00343,22.00,BOL,EUR,"7,806.04","8,586.64",60,CIF,SEA,FCL/FCL,LETONIA,RIGA,CALLAO,1,40 HC,22,,6/7/2023,NA,NA,DIRECTO,MSC,,MSMU8616827,8/7/2023,14/7/2023,28,MEDULY023268,CAPE TAINARO NX331A,1/9/2023,35,NO,NA,IMUPESA,AVM,804,15/8/2023,22/8/2023,118-2023-10-318365-01-9-00,4/9/2023,5/9/2023,1/9/2023,7/9/2023,12/9/2023,15/9/2023,AVM,14/9/2023,T001-734,GUZMAN,14/9/2023,37,FUNDO ARMONIA,9/10/2023,10/10/2023,41,11/10/2023,V001-00014373,EG07-00000157,,Carga completada. Quedó en CP sin Booking[23-105-HPER/4700002879-6/MSMU8616827],4700002879-6,,
2023-2024,LIQUIDADO,23-105-HPER,4700002879-6,TATIANA,PROJAR,SUSTRATOS,TURBA BLEND 1530F,RV,FX23-00343,22.00,BOL,EUR,"7,806.04","8,586.64",60,CIF,SEA,FCL/FCL,LETONIA,RIGA,CALLAO,1,40 HC,22,,6/7/2023,NA,NA,DIRECTO,MSC,,TGBU5567878,8/7/2023,14/7/2023,28,MEDULY023268,CAPE TAINARO NX331A,1/9/2023,35,NO,NA,IMUPESA,AVM,804,15/8/2023,22/8/2023,118-2023-10-318365-01-9-00,4/9/2023,5/9/2023,1/9/2023,7/9/2023,12/9/2023,15/9/2023,AVM,14/9/2023,T001-735,GUZMAN,14/9/2023,37,FUNDO ARMONIA,5/10/2023,6/10/2023,40,7/10/2023,V001-00018223,EG07-00000154,,Carga completada. Quedó en CP sin Booking [23-105-HPER/4700002879-6/TGBU5567878],4700002879-6,,
2023-2024,LIQUIDADO,23-106-HPER,4700002879-7,TATIANA,PROJAR,SUSTRATOS,TURBA BLEND 1530F,RV,FX23-00355,22.00,BOL,EUR,"7,806.04","8,586.64",60,CIF,SEA,FCL/FCL,LETONIA,RIGA,CALLAO,1,40 HC,22,,17/7/2023,NA,NA,DIRECTO,MAERSK,,MSKU8504699,15/7/2023,22/7/2023,29,229179079,VILNIA MAERSK 329W,1/9/2023,35,NO,NA,IMUPESA,AVM,805,21/8/2023,28/8/2023,118-2023-10-327980-01-4-00,2/9/2023,3/9/2023,1/9/2023,5/9/2023,12/9/2023,15/9/2023,AVM,14/9/2023,T001-740,GUZMAN,14/9/2023,37,FUNDO ARMONIA,9/10/2023,10/10/2023,41,11/10/2023,V001-00014372,EG07-00000156,,Carga completada. Quedó en CP sin booking[23-106-HPER/4700002879-7/MSKU8504699],4700002879-7,,
2023-2024,LIQUIDADO,23-113-HPER,PEA23W1901 ,TATIANA,COCOGREEN,SUSTRATOS,FIBRA DE COCO,SAMPLE,CG/SAMPLE 020/2023,16.00,UN,USD,16.00,16.00,0,DAP,AIR,AIR,SRI LANKA,BANDARANAYAKE,LIMA, - , - ,4,,NA,,,,AMERICAN AIRLINES,,,,10/7/2023,28,0001084CMB,,17/7/2023,29,SI,12/7/2023,AQP,AVM,686,11/7/2023,20/7/2023,235-2023-10-102984-01-6-00,17/7/2023,17/7/2023,20/7/2023,27/7/2023,26/7/2023,,AVM,27/7/2023,,AGERSA,27/7/2023,30,,,10/8/2023,32,,,,,NA,PEA23W1901 ,,
2023-2024,LIQUIDADO,23-114-HPER,PEA23W1901 ,TATIANA,PROFILE,SUSTRATOS,FIBRA DE COCO,SAMPLE,465892,,,USD,"9,649.91","9,649.91",0,DAP,PENDIENTE,LCL/LCL,ESTADOS UNIDOS,MIAMI,CALLAO,,,7,,NA,,,CH ROBINSON,SEABOARD,,SMLU7867747,,2/12/2023,48,454425304CLT,,13/12/2023,50,NO,NA,,LIP,18298,27/11/2023,11/12/2023,118-2023-10-474801-01-3-00,,,,18/12/2023,25/12/2023,,,,,,,52,,,2/1/2024,1,,,,,NA,PEA23W1901 ,,
2023-2024,LIQUIDADO,23-116-HPER,4700002890,TATIANA,HF GENETICS,PLANTAS,BONITA,,7020000115,"35,750.00",UN,USD,"115,472.50","115,472.50",30,CFR,AIR,AIR,CHILE,SANTIAGO,LIMA, - , - ,2,,NA,,,DIRECTO,KOREAN,,,,24/7/2023,30,180-12553892,,24/7/2023,30,SI,24/7/2023,SAASA,AVM,725,24/7/2023,25/7/2023,235-2023-10-105485-01-0-00,24/7/2023,24/7/2023,25/5/2023,28/7/2023,31/7/2023,,AVM,1/8/2023,T001-488,,,52,VIVERO ILUSION,1/8/2023,2/8/2023,31,4/8/2023,,,,NA,4700002890,,
2023-2024,LIQUIDADO,23-117-HPER,4700002908,OMAR,PROMISOL,AGQ,MUCIGEL,-,23290,"18,000.00",LT,EUR,"160,200.00","176,220.00",90,EXW,SEA,FCL/FCL,ESPAÑA,BARCELONA,CALLAO,1,20 ST,17,20/7/2023,13/7/2023,10/7/2023,17/7/2023,AIRSEALOG,CMA CGM,IBC1098867 ,TRHU3770283,19/7/2003,22/7/2023,29,PBEM049493,VALPARAISO EXPRESS,25/8/2023,34,SI,24/7/2023,IMUPESA,PASOC,84823,9/8/2023,18/8/2023,118-2023-10-314970-01-5-00,25/8/2023,26/8/2023,25/8/2023,NA,NA,8/9/2023,PASOC,31/8/2023,T001-10579,GUZMAN,31/8/2023,35,FUNDO ARMONIA,4/9/2023,5/9/2023,36,19/10/2023,EG03-00000289,EG07-00000129,,Carga completada. Quedó en CP sin Booking[23-117-HPER/4700002908/TRHU3770283],4700002908,,
2023-2024,LIQUIDADO,23-118-HPER,PEA2H10101,TATIANA,MULTICOLOR,E & E,STICKERS LAVABLES,SAMPLE,,2.00,KG,USD,20.00,20.00,0,DDP,AIR,AIR,MEXICO,,LIMA,-,-,1,,NA,NA,NA,,DHL,,,5/7/2023,6/7/2023,27,6102890942,,10/7/2023,28,NO,NA,DHL,DHL,NA,NA,9/7/2023,235-2023-28-772096-10-4-0,10/7/2023,10/7/2023,10/7/2023,NA,NA,,,,,,,52,PACKING SALAVERRY,,11/7/2023,28,,,,,NA,PEA2H10101,,
2023-2024,LIQUIDADO,23-121-HPER,4700003047,GONZALO,AZUD,EQP & INST,FILTRO ANILLO,-,FV23-004009,8.00,UN,USD,"3,932.08","3,932.08",90,FCA,AIR,AIR,ESPAÑA,MADRID,LIMA,NA,NA,1,,NA,27/9/2023,3/10/2023,FORBIS,PLUS ULTRA,,,5/10/2023,11/10/2023,41,P23PM1027095,,11/10/2023,41,SI,10/10/2023,SHOHIN,LIP,15843,10/10/2023,10/10/2023,235-2023-10-146726-01-2-00,11/10/2023,11/10/2023,12/10/2023,NA,NA,,LIP,13/10/2023,T001-1251,GUZMAN,13/10/2023,41,FUNDO ARMONIA,13/10/2023,14/10/2023,41,19/10/2023,V001-00014756,EG07-00000160,,NA,4700003047,,
2023-2024,LIQUIDADO,23-122-HPER,PEA2H10101,TATIANA,CONTAINER,E & E,BANDEJA DE ARÁNDANOS 18oz,SAMPLE,16890,100.00,UN,USD,0.45,0.45,0,DAP,AIR,AIR,MEXICO,TIJUANA,LIMA, - , - ,1,,NA,NA,NA,,FEDEX,773101142492,,18/8/2023,18/8/2023,33,773101142492,,24/8/2023,34,NO,NA,SCHARFF,SCHARFF,NA,NA,21/8/2023,235-2023-28-01019213-41-7-00,24/8/2023,24/8/2023,22/8/2023,NA,NA,,,24/8/2023,,,,52,,28/8/2023,29/8/2023,35,29/8/2023,,,,NA,PEA2H10101,,
2023-2024,LIQUIDADO,23-123-HPER,4700002855,MELANIE,A&B,SPAREPARTS,RPTOS VARIOS PARA MAQUINA PESADORA DE ARANDANOS A&B,-,52031,2.00,UN,USD,"36,155.00","36,155.00",0,EXW,SEA,FCL/FCL,USA,NEWARK,CALLAO,0.5,20 ST,2,,15/9/2023,31/7/2023,4/7/2023,AIRSEALOG,MAERSK,230838084,SUDU7536057,6/9/2023,22/9/2023,38,ASLUSS00031471,MAERSK BULAN 337S,13/10/2023,41,SI,4/10/2023,IMUPESA,LIP,15900,4/10/2023,11/10/2023,118-2023-10-392137-01-6-00,14/10/2023,15/10/2023,13/10/2023,NA,NA,26/10/2023,LIP,18/10/2023,T001-1278,GUZMAN,19/10/2023,42,PACKING SALAVERRY,,23/10/2023,43,,,,,Carga completada. Quedó en CP sin booking[23-123-HPER/4700002855/SUDU7536057],4700002855,,
2023-2024,LIQUIDADO,23-123-HPER,4700002824,MELANIE,A&B,SPAREPARTS,RPTOS VARIOS PARA MAQUINA PESADORA DE ARANDANOS A&B,-,20357,15.00,UN,USD,139.39,139.39,0,EXW,SEA,FCL/FCL,USA,NEWARK,CALLAO,0.5,20 ST,1,,15/9/2023,31/7/2023,4/7/2023,AIRSEALOG,MAERSK,230838084,SUDU7536057,6/9/2023,22/9/2023,38,ASLUSS00031471,MAERSK BULAN 337S,13/10/2023,41,27/10/2023,4/10/2023,IMUPESA,LIP,15900,4/10/2023,27/10/2023,118-2023-10-392137-01-6-00,14/10/2023,28/10/2023,13/10/2023,NA,NA,26/10/2023,LIP,18/10/2023,T001-1278,GUZMAN,19/10/2023,42,PACKING SALAVERRY,,23/10/2023,43,15/11/2023,,EG07-00000163,,Carga completada. Quedó en CP sin booking[23-123-HPER/4700002824/SUDU7536057],4700002824,,
2023-2024,LIQUIDADO,23-124-HPER,4700002952,OMAR,PROMISOL,AGQ,PROMI CALFOR,-,23316,"24,000.00",KG,EUR,"88,800.00","97,680.00",90,FOB,SEA,FCL/FCL,ESPAÑA,BARCELONA,CALLAO,1,20 ST,20,21/8/2023,10/8/2023,7/8/2023,7/8/2023,AIRSEALOG,CMA CGM,,CMAU1189845,,26/8/2023,34,PBEM050033,CAPE SCOTT 0LISPS1MA,24/9/2023,38,SI,28/8/2023,IMUPESA,PASOC,87978,13/9/2023,22/9/2023,"118-2023-10-362909-01-0-00

118-2023-10-362909-01-0-00",25/9/2023,25/9/2023,24/9/2023,NA,NA,7/10/2023,PASOC,29/9/2023,T001-12225,GUZMAN,29/9/2023,39,FUNDO ARMONIA,13/10/2023,14/10/2023,41,16/10/2023,V001-00014718,EG07-00000159,,Carga completada.Quedó en CP sin booking[23-124-HPER/4700002952/CMAU1189845],4700002952,,
2023-2024,LIQUIDADO,23-125-HPER,4700002963,GONZALO,A&B,SPAREPARTS,RPTOS VARIOS PARA MAQUINA PESADORA DE ARANDANOS A&B,-,20459,2.00,UN,USD,583.22,583.22,0,EXW,AIR,AIR,USA,MIAMI,LIMA,NA,NA,1,,NA,4/10/2023,10/10/2023,NOATUM,,,,19/1/2023,28/10/2023,43,MIQMIA06075,,28/10/2023,43,27/10/2023,27/10/2023,SHOHIN,LIP,16752,27/10/2023,27/10/2023,235-2023-10-156809-01-8-00,28/10/2023,28/10/2023,30/10/2023,NA,NA,NA,LIP,31/10/2023,T001-1371,GUZMAN,31/10/2023,44,,13/11/2023,14/11/2023,46,,,,,NA,4700002963,,
2023-2024,LIQUIDADO,23-125-HPER,4700002980,MELANIE,A&B,SPAREPARTS,RPTOS VARIOS PARA MAQUINA PESADORA DE ARANDANOS A&B,-,20472,2.00,UN,USD,"1,120.00","1,120.00",0,EXW,AIR,AIR,USA,MIAMI,LIMA,NA,NA,1,,NA,4/10/2023,10/10/2023,NOATUM,,,,19/1/2023,28/10/2023,43,MIQMIA06075,,28/10/2023,43,27/10/2023,27/10/2023,SHOHIN,LIP,16752,27/10/2023,27/10/2023,235-2023-10-156809-01-8-00,28/10/2023,28/10/2023,30/10/2023,NA,NA,NA,LIP,31/10/2023,T001-1371,GUZMAN,31/10/2023,44,,13/11/2023,14/11/2023,46,,,,,NA,4700002980,,
2023-2024,LIQUIDADO,23-125-HPER,4700003013,GONZALO,A&B,SPAREPARTS,RPTOS VARIOS PARA MAQUINA PESADORA DE ARANDANOS A&B,-,20499,22.00,UN,USD,"2,378.62","2,378.62",0,EXW,AIR,AIR,USA,MIAMI,LIMA,NA,NA,1,,NA,4/10/2023,10/10/2023,NOATUM,,,,19/1/2023,28/10/2023,43,MIQMIA06075,,28/10/2023,43,27/10/2023,27/10/2023,SHOHIN,LIP,16752,27/10/2023,27/10/2023,235-2023-10-156809-01-8-00,28/10/2023,28/10/2023,30/10/2023,NA,NA,NA,LIP,31/10/2023,T001-1371,GUZMAN,31/10/2023,44,,13/11/2023,14/11/2023,46,,,,,NA,4700003013,,
2023-2024,LIQUIDADO,23-125-HPER,4700003015,MELANIE,A&B,SPAREPARTS,RPTOS VARIOS PARA MAQUINA PESADORA DE ARANDANOS A&B,-,20495,6.00,UN,USD,"22,875.00","22,875.00",0,EXW,AIR,AIR,USA,MIAMI,LIMA,NA,NA,1,,NA,4/10/2023,10/10/2023,NOATUM,,,,19/1/2023,28/10/2023,43,MIQMIA06075,,28/10/2023,43,27/10/2023,27/10/2023,SHOHIN,LIP,16752,27/10/2023,27/10/2023,235-2023-10-156809-01-8-00,28/10/2023,28/10/2023,30/10/2023,NA,NA,NA,LIP,31/10/2023,T001-1371,GUZMAN,31/10/2023,44,,13/11/2023,14/11/2023,46,,,,,NA,4700003015,,
2023-2024,LIQUIDADO,23-125-HPER,4700003023,MELANIE,A&B,SPAREPARTS,RPTOS VARIOS PARA MAQUINA PESADORA DE ARANDANOS A&B,-,20506,85.00,UN,USD,"2,582.14","2,582.14",0,EXW,AIR,AIR,USA,MIAMI,LIMA,NA,NA,1,,NA,4/10/2023,10/10/2023,NOATUM,,,,19/1/2023,28/10/2023,43,MIQMIA06075,,28/10/2023,43,27/10/2023,27/10/2023,SHOHIN,LIP,16752,27/10/2023,27/10/2023,235-2023-10-156809-01-8-00,28/10/2023,28/10/2023,30/10/2023,NA,NA,NA,LIP,31/10/2023,T001-1371,GUZMAN,31/10/2023,44,PACKING SALAVERRY,13/11/2023,14/11/2023,46,16/11/2023,,,,NA,4700003023,,
2023-2024,LIQUIDADO,23-125-HPER,4700003072,MELANIE,A&B,SPAREPARTS,RPTOS VARIOS PARA MAQUINA PESADORA DE ARANDANOS A&B,-,20512,"3,115.00",UN,USD,"15,016.10","15,016.10",0,EXW,AIR,AIR,USA,MIAMI,LIMA,NA,NA,1,,NA,4/10/2023,10/10/2023,NOATUM,,,,19/1/2023,28/10/2023,43,MIQMIA06075,,28/10/2023,43,27/10/2023,27/10/2023,SHOHIN,LIP,16752,27/10/2023,27/10/2023,235-2023-10-156809-01-8-00,28/10/2023,28/10/2023,30/10/2023,NA,NA,NA,LIP,31/10/2023,T001-1371,GUZMAN,31/10/2023,44,,13/11/2023,14/11/2023,46,,,,,NA,4700003072,,
2023-2024,LIQUIDADO,23-126-HPER,4700002837-2,MELANIE,SMARTPACK,SPAREPARTS,RPTOS VARIOS PARA MAQUINA HEAT SEALER,-,140,7.00,UN,USD,"2,276.50","2,276.50",30,EXW,AIR,AIR,CHILE,SANTIAGO,LIMA,NA,NA,,,NA,31/8/2023,6/9/2023,AIRSEALOG,,,,13/9/2023,14/9/2023,37,PELIM23147A,,14/9/2023,37,SI,13/9/2023,,LIP,12484,13/9/2023,13/9/2023,235-2023-10-131975-01-1-00,14/9/2023,14/9/2023,14/9/2023,NA,NA,,LIP,15/9/2023,T001-1049,AGERSA,15/9/2023,37,PACKING SALAVERRY,26/9/2023,27/9/2023,39,7/10/2023,EG03-00000830,EG07-00000136,,NA,4700002837-2,,
2023-2024,LIQUIDADO,23-126-HPER,4700002958,TATIANA,SMARTPACK,SPAREPARTS,RPTOS VARIOS PARA MAQUINA HEAT SEALER,-,141,1.00,UN,USD,308.63,308.63,30,EXW,AIR,AIR,CHILE,SANTIAGO,LIMA,NA,NA,,,NA,31/8/2023,6/9/2023,AIRSEALOG,,,,13/9/2023,14/9/2023,37,PELIM23147A,,14/9/2023,37,SI,13/9/2023,,LIP,12484,13/9/2023,13/9/2023,235-2023-10-131975-01-1-00,14/9/2023,14/9/2023,14/9/2023,NA,NA,,LIP,15/9/2023,,AGERSA,15/9/2023,37,PACKING SALAVERRY,,24/9/2023,38,,,,,NA,4700002958,,
2023-2024,LIQUIDADO,23-126-HPER,4700002988-1,MELANIE,SMARTPACK,SPAREPARTS,RPTOS VARIOS PARA MAQUINA HEAT SEALER,-,142,1.00,UN,USD,"1,929.00","1,929.00",30,EXW,AIR,AIR,CHILE,SANTIAGO,LIMA,NA,NA,,,NA,31/8/2023,6/9/2023,AIRSEALOG,,,,13/9/2023,14/9/2023,37,PELIM23147A,,14/9/2023,37,SI,13/9/2023,,LIP,12484,13/9/2023,13/9/2023,235-2023-10-131975-01-1-00,14/9/2023,14/9/2023,14/9/2023,NA,NA,,LIP,15/9/2023,,AGERSA,15/9/2023,37,PACKING SALAVERRY,,24/9/2023,38,,,,,NA,4700002988-1,,
2023-2024,LIQUIDADO,23-127-HPER,PEA27MA410,TATIANA,HF GENETICS,PLANTAS,ARANDANOS,SAMPLE,7020000196,471.00,UN,USD,942.00,942.00,30,CPT,AIR,AIR,ESTADOS UNIDOS,PORTLAND,LIMA,,,,,NA,,,,MAERSK,,,,20/10/2023,42,014-67931500,,23/10/2023,43,NO,,TALMA,AVM,999,20/10/2023,20/10/2023,235-2023-10-152723-01-1-00 ,23/10/2023,23/10/2023,23/10/2023,24/10/2023,24/10/2023,,,25/10/2023,T001-891,AVM,,52,VIVERO ILUSION,,26/10/2023,43,,,,,NA,PEA27MA410,,
2023-2024,LIQUIDADO,23-128-HPER,PEA23U1301,OMAR,PACIFIC PCKG,E & E,MALLA PLASTICA PARA AGRICULTURA,SAMPLE,ENE-3W6XNH,1.00,UN,USD,5.00,5.00,0,DAP,AIR,AIR,CHILE,SANTIAGO,LIMA, - , - ,1,,NA,,,DHL,DHL,,,25/8/2023,26/8/2023,34,1089736793,,28/8/2023,35,NO,NA,DHL,DHL,NA,NA,28/8/2023,235-2023-28-01055166-41-5-00,28/8/2023,28/8/2023,28/8/2023,NA,NA,,,28/8/2023,,,,52,,,7/9/2023,36,,,,,NA,PEA23U1301,,
2023-2024,LIQUIDADO,23-129-HPER,PEA23Z9901,CORPORATIVO,UPAJ,E & E,CLAMSHELL,SAMPLE,125,1.00,UN,USD,"2,200.00","2,200.00",0,DAP,AIR,AIR,INDIA,BOMBAY,LIMA,,,1,,NA,,,FEDEX,FEDEX,,,21/8/2023,23/8/2023,34,782654992207,FEDEX COURIER,26/8/2023,34,NO,NA,,SCHARFF,,,24/8/2023,235-2023-28-01033048-41-1-00,26/8/2023,26/8/2023,25/8/2023,NA,NA,,,,,,,52,PACKING SALAVERRY,3/9/2023,1/9/2023,35,19/10/2023,,,,NA,PEA23Z9901,,
2023-2024,LIQUIDADO,23-130-HPER,4700002964,GONZALO,GUTTIS,EQP & INST,TAPON P/GOTERO,-,EI23800135,"24,000.00",UN,USD,"1,776.80","1,776.80",30,DAP,AIR,AIR,ISRAEL,HAIFA,LIMA,NA,NA,1,3/9/2023,NA,NA,NA,DHL,DHL,,,,5/9/2023,36,3441079364,DHL COURIER,8/9/2023,36,NO,NA,DHL,DHL,NA,NA,6/9/2023,235-2023-28-01111747-41-0-00,8/9/2023,8/9/2023,7/9/2023,NA,NA,,,14/9/2023,,,,52,PACKING SALAVERRY,,19/9/2023,38,2/10/2023,18/9/2023,,,NA,4700002964,,
2023-2024,LIQUIDADO,23-131-HPER,4700002805,TATIANA,HF GENETICS,PLANTAS,IMPERIAL,,7020000147,"240,000.00",UN,USD,"468,000.00","468,000.00",30,CFR,AIR,AIR,CHILE,SANTIAGO,LIMA,NA,NA,3.3,,NA,,,DIRECTO,KOREAN,,,,4/9/2023,36,180-47126531,,4/9/2023,36,SI,4/9/2023,SAASA,AVM,862,4/9/2023,4/9/2023,235-2023-10-127067-01-7-00 ,4/9/2023,4/9/2023,4/9/2023,6/9/2023,7/9/2023,,,7/9/2023,T001-686,7/9/2023,,52,VIVERO ILUSION,,8/9/2023,36,22/9/2023,7/9/2023,,,NA,4700002805,,
2023-2024,LIQUIDADO,23-131-HPER,4700002891,TATIANA,HF GENETICS,PLANTAS,IMPERIAL,,7020000147,"34,900.00",UN,USD,"68,055.00","68,055.00",30,CFR,AIR,AIR,CHILE,SANTIAGO,LIMA,NA,NA,3.3,,NA,,,DIRECTO,KOREAN,,,,4/9/2023,36,180-47126531,,4/9/2023,36,SI,4/9/2023,SAASA,AVM,862,4/9/2023,4/9/2023,235-2023-10-127067-01-7-00 ,4/9/2023,4/9/2023,4/9/2023,6/9/2023,7/9/2023,,,7/9/2023,T001-686,7/9/2023,,52,VIVERO ILUSION,,8/9/2023,36,22/9/2023,7/9/2023,,,NA,4700002891,,
2023-2024,LIQUIDADO,23-131-HPER,4700003059,TATIANA,HF GENETICS,PLANTAS,IMPERIAL,,7020000147,"37,100.00",UN,USD,"72,345.00","72,345.00",30,CFR,AIR,AIR,CHILE,SANTIAGO,LIMA,NA,NA,3.3,,NA,,,DIRECTO,KOREAN,,,,4/9/2023,36,180-47126531,,4/9/2023,36,SI,4/9/2023,SAASA,AVM,862,4/9/2023,4/9/2023,235-2023-10-127067-01-7-00 ,4/9/2023,4/9/2023,4/9/2023,6/9/2023,7/9/2023,,,7/9/2023,T001-686,7/9/2023,,52,VIVERO ILUSION,,8/9/2023,36,22/9/2023,7/9/2023,,,NA,4700003059,,
2023-2024,LIQUIDADO,23-132-HPER,01-2122CPRD07-07-01-0001,GONZALO,WEBEE,EQP & INST,GATEWAY (REPOSICION 2),SAMPLE,4282026,1.00,PCS,USD,"1,760.00","1,760.00",0,DAP,AIR,AIR,CANADA,ALBERTA,LIMA,-,-,1,,NA,,,DHL,DHL,,,5/9/2023,6/9/2023,36,2195474805 / 4010817123,DHL COURIER,7/9/2023,36,,,DHL,LIP,,8/9/2023,22/9/2023,235-2023-28-01198852-41-6-00,7/9/2023,7/9/2023,22/9/2023,NA,NA,NA,NA,,NA,DHL,NA,#¡VALOR!,FUNDO ARMONIA,5/10/2023,6/10/2023,40,,,,,NA,01-2122CPRD07-07-01-0001,,
2023-2024,LIQUIDADO,23-133-HPER,4700003060,TATIANA,HF GENETICS,PLANTAS,IMPERIAL,-,7020000150,"312,000.00",UN,USD,"608,400.00","608,400.00",90,CFR,AIR,AIR,CHILE,SANTIAGO,LIMA,NA,NA,10,,NA,NA,NA,DIRECTO,KOREAN,,-,,11/9/2023,37,180-12575673,,11/9/2023,37,SI,11/9/2023,SAASA,AVM,877,11/9/2023,11/9/2023,235-2023-10-130639-01-8-00 ,11/9/2023,11/9/2023,11/9/2023,13/9/2023,13/9/2023,,,14/9/2023, T001-747,,,52,,14/9/2023,15/9/2023,37,19/10/2023,,,,NA,4700003060,,
2023-2024,LIQUIDADO,23-134-HPER,PEA2D60606,MELANIE,AGROGENIUS,EQP & INST,DUROMETRO (REPOSICION),-,INV-2023090501,1.00,UN,USD,824.99,824.99,0,DDP,AIR,AIR,,,LIMA,-,-,,,NA,NA,NA,NA,DHL/UPS,6006100085(DHL),,,12/9/2023,37,W012W98MQDR ,,9/9/2023,36,,,,LIP,NA,NA,10/9/2023,235-2023-28-01125135-41-2-00,9/9/2023,9/9/2023,10/9/2023,NA,NA,,,14/9/2023,,,,52,,13/9/2023,14/9/2023,37,,,,,NA,PEA2D60606,,
2023-2024,LIQUIDADO,23-135-HPER,4700003053,MELANIE,AGROGENIUS,EQP & INST,BAXLOS,-,INV-2023100201,2.00,UN,USD,"2,170.51","2,170.51",0,DDP,AIR,AIR,ESTADOS UNIDOS,MIAMI,LIMA,-,-,,,NA,NA,NA,NA,UPS,,,,12/10/2023,41,W012W978RT3,,13/10/2023,41,NO,,SCHARFF,LIP,NA,NA,13/10/2023,235-2023-10-148803-01-4-00,13/10/2023,13/10/2023,17/10/2023,NA,NA,,,18/10/2023,,FEDEX,,52,PACKING SALAVERRY,22/10/2023,23/10/2023,43,24/10/2023,,,,NA,4700003053,,
2023-2024,LIQUIDADO,23-136-HPER,4700002984,OMAR,EDEN,AGQ,DISPER CHLOROPHYL,-,2023-1548,"1,200.00",KG,EUR,"31,452.00","34,597.20",90,EXW,SEA,LCL/LCL,ESPAÑA,VALENCIA,CALLAO,-,NA,3,13/9/2023,27/9/2023,13/9/2023,18/9/2023,NOATUM,CMA CGM,,TGBU5080072,26/9/2023,30/9/2023,39,EM2CL-1210383A,CMA CGM PREGOLIA,29/10/2023,43,SI,2/10/2023,VILLAS OQUENDO,PASOC,91125,18/10/2023,27/10/2023,118-2023-10-415625-01-8-00,29/10/2023,29/10/2023,29/10/2023,NA,NA,,PASOC,3/11/2023,T001-13955,GUZMAN,3/11/2023,44,FUNDO ARMONIA,9/11/2023,10/11/2023,45,13/11/2023,0010-035344,EG07-00000167,,"Carga completada. Quedó en CP sin booking,depósito pendiente.[23-136-HPER/4700002984/TGBU5080072] ",4700002984,,
2023-2024,LIQUIDADO,23-137-HPER,4700002803,TATIANA,HF GENETICS,PLANTAS,COSMICA,-,7020000154,"156,000.00",UN,USD,"304,200.00","3,178,500.00",90,CFR,AIR,AIR,CHILE,SANTIAGO,LIMA,NA,NA,5,,NA,NA,NA,DIRECTO,KOREAN,,-,,22/9/2023,38,180-12575861,,22/9/2023,38,SI,19/9/2023,SAASA,AVM,898 ,21/9/2023,21/9/2023,235-2023-10-136445-01-0-00,22/9/2023,22/9/2023,22/9/2023,25/9/2023,25/9/2023,,,26/9/2023,T001-790,,,52,VIVERO ILUSION,26/9/2023,27/9/2023,39,19/10/2023,,,,NA,4700002803,,
2023-2024,LIQUIDADO,23-137-HPER,4700003065,TATIANA,HF GENETICS,PLANTAS,IMPERIAL,-,7020000153,"156,000.00",UN,USD,"304,200.00","304,200.00",90,CFR,AIR,AIR,CHILE,SANTIAGO,LIMA,NA,NA,5,,NA,NA,NA,DIRECTO,KOREAN,,-,,22/9/2023,38,180-12575861,,22/9/2023,38,SI,19/9/2023,SAASA,AVM,898 ,21/9/2023,21/9/2023,235-2023-10-136445-01-0-00,22/9/2023,22/9/2023,22/9/2023,25/9/2023,25/9/2023,,,5/10/2023,T001-790,,18/10/2023,42,VIVERO ILUSION,26/9/2023,27/9/2023,39,19/10/2023,,,,NA,4700003065,,
2023-2024,LIQUIDADO,23-138-HPER,4700003049,TATIANA,HF GENETICS,PLANTAS,MILAGRO,-,7020000166,"15,000.00",UN,USD,"29,250.00","29,250.00",90,CFR,AIR,AIR,CHILE,SANTIAGO,LIMA,NA,NA,1,,NA,NA,NA,DIRECTO,KOREAN,,-,,25/9/2023,39,180-12354801,,25/9/2023,39,SI,29/9/2023,SAASA,AVM,923,25/9/2023,29/9/2023,235-2023-10-141071-01-8-00,25/9/2023,25/9/2023,,28/9/2023,28/9/2023,,AVM,5/10/2023,T001-817,,,52,VIVERO ILUSION,2/10/2023,3/10/2023,40,19/10/2023,,,,NA,4700003049,,
2023-2024,LIQUIDADO,23-138-HPER,4700002791,TATIANA,HF GENETICS,PLANTAS,MILAGRO,-,7020000081 / 7020000138,"281,600.00",UN,USD,"549,120.00","549,120.00",90,CFR,AIR,AIR,CHILE,SANTIAGO,LIMA,NA,NA,19,,NA,NA,NA,DIRECTO,KOREAN,,-,,25/9/2023,39,180-12354801,,25/9/2023,39,SI,29/9/2023,SAASA,AVM,923,25/9/2023,29/9/2023,235-2023-10-141071-01-8-00,25/9/2023,25/9/2023,,28/9/2023,28/9/2023,,AVM,28/9/2023,T001-817,,,52,VIVERO ILUSION,2/10/2023,3/10/2023,40,19/10/2023,,,,NA,4700002791,,
2023-2024,LIQUIDADO,23-138-HPER,4700002803,TATIANA,HF GENETICS,PLANTAS,MILAGRO,-,7020000080 / 7020000140,"218,400.00",UN,USD,"425,880.00","425,880.00",90,CFR,AIR,AIR,CHILE,SANTIAGO,LIMA,NA,NA,12,,NA,NA,NA,DIRECTO,KOREAN,,-,,25/9/2023,39,180-12354801,,25/9/2023,39,SI,29/9/2023,SAASA,AVM,924,25/9/2023,29/9/2023,235-2023-10-141127-01-3-00,25/9/2023,25/9/2023,,28/9/2023,28/9/2023,,AVM,28/9/2023,T001-818,,,52,VIVERO ILUSION,2/10/2023,3/10/2023,40,19/10/2023,,,,NA,4700002803,,
2023-2024,LIQUIDADO,23-139-HPER,4700003065,TATIANA,HF GENETICS,PLANTAS,IMPERIAL,-,7020000174,"161,200.00",UN,USD,"314,340.00","314,340.00",90,CFR,AIR,AIR,CHILE,SANTIAGO,LIMA,NA,NA,6,,NA,NA,NA,DIRECTO,KOREAN,,-,,2/10/2023,40,180-12578300,,2/10/2023,40,SI,4/10/2023,SAASA,AVM,945,4/10/2023,4/10/2023,235-2023-10-143451-01-2-00,25/9/2023,25/9/2023,,5/10/2023,5/10/2023,,,5/10/2023,T001-832,,,52,VIVERO ILUSION,5/10/2023,6/10/2023,40,19/10/2023,,,,NA,4700003065,,
2023-2024,LIQUIDADO,23-139-HPER,4700002803,TATIANA,HF GENETICS,PLANTAS,MILAGRO,-,7020000080 / 7020000140,"436,800.00",UN,USD,"851,760.00","851,760.00",90,CFR,AIR,AIR,CHILE,SANTIAGO,LIMA,NA,NA,14,,NA,NA,NA,DIRECTO,KOREAN,,-,,2/10/2023,40,180-12578300,,2/10/2023,40,SI,4/10/2023,SAASA,AVM,945,4/10/2023,4/10/2023,235-2023-10-143451-01-2-00,25/9/2023,25/9/2023,,5/10/2023,5/10/2023,,,5/10/2023,T001-832,,,52,VIVERO ILUSION,5/10/2023,6/10/2023,40,19/10/2023,,,,NA,4700002803,,
2023-2024,LIQUIDADO,23-140-HPER,PEA23W1501,GONZALO,AZUD,EQP & INST,PARTES SISTEMA FILTRACION DE AGUA,SAMPLE,FVC23-000072,30.00,UN,USD,"1,200.00","1,200.00",0,DAP,AIR,AIR,ESPAÑA,ALICANTE,LIMA,NA,NA,3,,NA,NA,NA,NA,DHL,3073354060,,,5/10/2023,40,3073354060,DHL COURIER,7/10/2023,40,NO,NA,DHL,LIP,NA,NA,11/10/2023,235-2023-28-01307114-41-3-00,7/10/2023,7/10/2023,11/10/2023,NA,NA,,,12/10/2023,,,,52,,19/10/2023,20/10/2023,42,,,,,NA,PEA23W1501,,
2023-2024,LIQUIDADO,23-141-HPER,4700002803,TATIANA,HF GENETICS,PLANTAS,MILAGRO,,7020000080 / 7020000140,"144,800.00",UN,USD,"282,360.00","282,360.00",30,CFR,AIR,AIR,CHILE,SANTIAGO,LIMA,NA,NA,5,,NA,NA,NA,DIRECTO,KOREAN,,,,9/10/2023,41,180-12578462,,9/10/2023,41,SI,9/9/2023,SAASA,AVM,966,9/9/2023,9/9/2023,235-2023-10-146182-01-2-00,9/9/2023,9/9/2023,9/9/2023,11/10/2023,11/10/2023,,AVM,11/10/2023,T001-850,,,52,VIVERO ILUSION,11/10/2023,12/10/2023,41,19/10/2023,,,,NA,4700002803,,
2023-2024,LIQUIDADO,23-141-HPER,4700002803,TATIANA,HF GENETICS,PLANTAS,COSMICA,,7020000178,"218,400.00",UN,USD,"425,880.00","425,880.00",90,CFR,AIR,AIR,CHILE,SANTIAGO,LIMA,NA,NA,7,,NA,NA,NA,DIRECTO,KOREAN,,,,9/10/2023,41,180-12578462,,9/10/2023,41,SI,9/9/2023,SAASA,AVM,966,9/9/2023,9/9/2023,235-2023-10-146182-01-2-00,9/9/2023,9/9/2023,9/9/2023,11/10/2023,11/10/2023,,AVM,11/10/2023,T001-850,,,52,VIVERO ILUSION,11/10/2023,12/10/2023,41,19/10/2023,,,,NA,4700002803,,
2023-2024,LIQUIDADO,23-141-HPER,4700003084,TATIANA,HF GENETICS,PLANTAS,IMPERIAL,,7020000175,"164,086.00",UN,USD,"319,967.70","319,967.70",30,CFR,AIR,AIR,CHILE,SANTIAGO,LIMA,NA,NA,7,,NA,NA,NA,DIRECTO,KOREAN,,,,9/10/2023,41,180-12578462,,9/10/2023,41,SI,9/9/2023,SAASA,AVM,966,9/9/2023,9/9/2023,235-2023-10-146182-01-2-00,9/9/2023,9/9/2023,9/9/2023,11/10/2023,11/10/2023,,AVM,11/10/2023,T001-850,,,52,VIVERO ILUSION,11/10/2023,12/10/2023,41,19/10/2023,,,,NA,4700003084,,
2023-2024,LIQUIDADO,23-142-HPER,4700003067,OMAR,BIOCONSUL,AGQ,ORGANCAB K (ABONO ORGANICO),-,BE026/23,"20,000.00",KG,EUR,"15,000.00","16,500.00",60,EXW,SEA,FCL/FCL,ESPAÑA,VALENCIA,CALLAO,1,40 HC,20,,16/10/2023,3/10/2023,9/10/2023,AIRSEALOG,CMA CGM,,UETU5549309,17/10/2023,23/10/2023,43,PAEM015975,KRISTINA 0DVHDS1MA,19/11/2023,46,SI,23/10/2023,IMUPESA,PASOC,,8/11/2023,,,,,,NA,NA,2/12/2023,PASOC,22/11/2023,T001-14922,GUZMAN,22/11/2023,47,FUNDO ARMONIA,30/11/2023,1/12/2023,48,2/12/2023,V001-00020430,EG07-00000169,,"Carga completada. Quedó en CP. sin etiquetas,booking[ 23-142-HPER/4700003067/UETU5549309]",4700003067,,
2023-2024,LIQUIDADO,23-143-HPER,4700003036,MELANIE,SMARTPACK,SPAREPARTS,RPTOS VARIOS PARA MAQUINA HEAT SEALER,-,154,93.00,UN,USD,"6,258.00","6,258.00",30,EXW,AIR,AIR,CHILE,SANTIAGO,LIMA,NA,NA,0.33,12/10/2023,NA,12/10/2023,16/10/2023,AIRSEALOG,JETSMART,,,,26/10/2023,43,PELIM23165A,,26/10/2023,43,27/10/2023,25/10/2023,ALFOSAC,LIP,16653,25/10/2023,27/10/2023,235-2023-10-155274-01-3-00,26/10/2023,28/10/2023,,NA,NA,NA,LIP,28/10/2023,T001-1343,GUZMAN,28/10/2023,43,PACKING SALAVERRY,,5/11/2023,44,15/11/2023,,EG07-00000164,,NA,4700003036,,
2023-2024,LIQUIDADO,23-143-HPER,4700002837-3,MELANIE,SMARTPACK,SPAREPARTS,RPTOS VARIOS PARA MAQUINA HEAT SEALER,-,156,1.00,UN,USD,11.19,11.19,30,EXW,AIR,AIR,CHILE,SANTIAGO,LIMA,NA,NA,0.33,12/10/2023,NA,12/10/2023,16/10/2023,AIRSEALOG,JETSMART,,,,26/10/2023,43,PELIM23165A,,26/10/2023,43,27/10/2023,25/10/2023,ALFOSAC,LIP,16653,25/10/2023,27/10/2023,235-2023-10-155274-01-3-00,26/10/2023,28/10/2023,,NA,NA,NA,LIP,28/10/2023,T001-1343,GUZMAN,28/10/2023,43,PACKING SALAVERRY,,5/11/2023,44,15/11/2023,,EG07-00000164,,NA,4700002837-3,,
2023-2024,LIQUIDADO,23-143-HPER,4700002988-2,MELANIE,SMARTPACK,SPAREPARTS,RPTOS VARIOS PARA MAQUINA HEAT SEALER,-,153,1.00,UN,USD,"1,140.00","1,140.00",30,EXW,AIR,AIR,CHILE,SANTIAGO,LIMA,NA,NA,0.33,12/10/2023,NA,12/10/2023,16/10/2023,AIRSEALOG,JETSMART,,,,26/10/2023,43,PELIM23165A,,26/10/2023,43,27/10/2023,25/10/2023,ALFOSAC,LIP,16653,25/10/2023,27/10/2023,235-2023-10-155274-01-3-00,26/10/2023,28/10/2023,,NA,NA,NA,LIP,28/10/2023,T001-1343,GUZMAN,28/10/2023,43,PACKING SALAVERRY,,5/11/2023,44,15/11/2023,,EG07-00000164,,NA,4700002988-2,,
2023-2024,LIQUIDADO,23-144-HPER,4700003066-1,OMAR,CODIAGRO,AGQ,FITOKONTROL-K,-,801,"17,000.00",LT,EUR,"43,411.20","47,752.32",0,EXW,SEA,FCL/FCL,ESPAÑA,VALENCIA,CALLAO,1,20 ST,17,,31/10/232,18/10/2023,19/10/2023,AIRSEALOG,CMA CGM,,CMAU1080617,25/10/2023,30/10/2023,44,PVEM020324,ALEXIS 0DVHFS1MA,26/11/2023,47,SI,31/10/232,IMUPESA,PASOC,93910,15/11/2023,24/11/2023,118-2023-10-452093-01-6-00,26/11/2023,27/11/2023,26/11/2023,NA,NA,,PASOC,30/11/2023,T001-15295,GUZMAN,30/11/2023,48,FUNDO ARMONIA,30/11/2023,1/12/2023,48,2/12/2023,V001-00020434,EG07-00000170,,"Carga completa. Quedó en CP sin etiquetas,booking[23-144-HPER/4700003066-1/CMAU1080617]",4700003066-1,,
2023-2024,LIQUIDADO,23-145-HPER,4700003083 / 4700003104,TATIANA,HF GENETICS,PLANTAS,IMPERIAL,,7020000191,"19,825.00",UN,USD,"38,658.75","38,658.75",30,CFR,AIR,AIR,CHILE,SANTIAGO,LIMA,-,,1,,NA,NA,NA,DIRECTO,KOREAN,,,,20/10/2023,42,180-12578650,,20/10/2023,42,SI,20/10/2023,SAASA,AVM,1002,20/10/2023,20/10/2023,235-2023-10-152203-01-8-00,20/10/2023,20/10/2023,20/10/2023,23/10/2023,24/10/2023,,NA,11/10/2023,T001-884,AVM,,52,VIVERO ILUSION,24/10/2023,25/10/2023,43,,,,,NA,4700003083 / 4700003104,,
2023-2024,LIQUIDADO,23-145-HPER,4700003103,TATIANA,HF GENETICS,PLANTAS,IMPERIAL - REPOSICION,,7020000192,"45,175.00",UN,USD,"88,091.25","88,091.25",30,CFR,AIR,AIR,CHILE,SANTIAGO,LIMA,-,,2,,NA,NA,NA,DIRECTO,KOREAN,,,,23/10/2023,43,180-12578650,,20/10/2023,42,SI,23/10/2023,SAASA,AVM,1002,20/10/2023,23/10/2023,235-2023-10-152203-01-8-00,20/10/2023,20/10/2023,20/10/2023,23/10/2023,24/10/2023,,NA,11/10/2023,T001-884,AVM,,52,VIVERO ILUSION,24/10/2023,25/10/2023,43,14/11/2023,,,,NA,4700003103,,
2023-2024,LIQUIDADO,23-145-HPER,4700003130 ,TATIANA,HF GENETICS,PLANTAS,SEEDLING Y BREEDING,,7020000194,"1,572.00",UN,USD,"3,065.40","3,065.40",30,CFR,AIR,AIR,CHILE,SANTIAGO,LIMA,-,,3,,NA,NA,NA,DIRECTO,KOREAN,,,,20/10/2023,42,180-12578650,,20/10/2023,42,SI,20/10/2023,SAASA,AVM,1002,20/10/2023,20/10/2023,235-2023-10-152203-01-8-00,20/10/2023,20/10/2023,20/10/2023,23/10/2023,24/10/2023,,NA,11/10/2023,T001-884,AVM,,52,VIVERO ILUSION,24/10/2023,25/10/2023,43,,,,,NA,4700003130 ,,
2023-2024,LIQUIDADO,23-146-HPER,4700003066-2,OMAR,CODIAGRO,AGQ,FITOKONTROL-K,-,852,"1,000.00",LT,EUR,"2,553.60","2,808.96",0,EXW,SEA,LCL/LCL,ESPAÑA,VALENCIA,CALLAO,NA,NA,1,,27/10/2023,27/10/2023,10/11/2023,AIRSEALOG,CMA CGM,,TCNU4466369,,25/11/2023,47,12023111670,CMA CGM NEVA,24/12/2023,51,SI,27/11/2023,VILLAS OQUENDO,PASOC,97261,15/12/2023,21/12/2023,118-2023-10-490790-01-2-00,24/12/2023,26/12/2023,27/12/2023,NA,NA,,PASOC,29/12/2023,T001-16994,GUZMAN,29/12/2023,52,,25/1/2024,26/1/2024,4,29/1/2024,0010-035565,EG07-00000178,,"Carga completa. Quedó en CP sin Depósito,booking[23-146-HPER/4700003066-2/TCNU4466369/]",4700003066-2,,
2023-2024,LIQUIDADO,23-147-HPER,4700003086,GONZALO,A&B,SPAREPARTS,RPTOS VARIOS PARA MAQUINA PESADORA DE ARANDANOS A&B,-,20525,11.00,UN,USD,543.80,543.80,0,EXW,AIR,AIR,USA,MIAMI,LIMA,NA,NA,1,,NA,28/11/2023,13/12/2023,AIRSEALOG,NORTHERN AIR CARGO ,,,22/12/2023,30/12/2023,52,83AMIA236466,,30/12/2023,52,SI,29/12/2023,ALFOSAC,LIP,20219,30/12/2023,30/12/2023,235-2023-10-191706-01-7-00,30/12/2023,30/12/2023,5/1/2024,NA,NA,,,6/1/2024,,GUZMAN,6/1/2024,1,PACKING SALAVERRY,2/2/2024,3/2/2024,5,6/2/2024,,,,NA,4700003086,,
2023-2024,LIQUIDADO,23-147-HPER,4700003102,MELANIE,A&B,SPAREPARTS,RPTOS VARIOS PARA MAQUINA PESADORA DE ARANDANOS A&B,-,20529,14.00,UN,USD,"1,096.72","1,096.72",0,EXW,AIR,AIR,USA,MIAMI,LIMA,NA,NA,1,,NA,28/11/2023,13/12/2023,AIRSEALOG,NORTHERN AIR CARGO ,,,22/12/2023,30/12/2023,52,83AMIA236466,,30/12/2023,52,SI,29/12/2023,ALFOSAC,LIP,20219,30/12/2023,30/12/2023,235-2023-10-191706-01-7-00,30/12/2023,30/12/2023,5/1/2024,NA,NA,,,6/1/2024,,GUZMAN,6/1/2024,1,PACKING SALAVERRY,2/2/2024,3/2/2024,5,6/2/2024,,,,NA,4700003102,,
2023-2024,LIQUIDADO,23-147-HPER,4700003121,MELANIE,A&B,SPAREPARTS,RPTOS VARIOS PARA MAQUINA PESADORA DE ARANDANOS A&B,-,20535,200.00,UN,USD,669.75,669.75,0,EXW,AIR,AIR,USA,MIAMI,LIMA,NA,NA,1,,NA,28/11/2023,13/12/2023,AIRSEALOG,NORTHERN AIR CARGO ,,,22/12/2023,30/12/2023,52,83AMIA236466,,30/12/2023,52,SI,29/12/2023,ALFOSAC,LIP,20219,30/12/2023,30/12/2023,235-2023-10-191706-01-7-00,30/12/2023,30/12/2023,5/1/2024,NA,NA,,,6/1/2024,,GUZMAN,6/1/2024,1,PACKING SALAVERRY,2/2/2024,3/2/2024,5,6/2/2024,,,,NA,4700003121,,
2023-2024,LIQUIDADO,23-148-HPER,4700003090,GONZALO,BBC,SPAREPARTS,RPTOS VARIOS PARA MAQUINA LLENADORA Y PESADORA DE ARANDANOS MARCA CURO,-,1023000771,48.00,UN,USD,"1,334.40","1,334.40",0,EXW,AIR,AIR,NUEVA ZELANDA,AUCKLAND,LIMA,NA,NA,1,,NA,8/11/2023,13/11/2023,AIRSEALOG,DELTA AIRLINES,,,,12/12/2023,50,S01096001,,13/12/2023,50,SI,7/12/2023,ALFOSAC,LIP,18828,7/12/2023,7/12/2023,235-2023-10-179726-00,13/12/2023,13/12/2023,14/12/2023,NA,NA,,LIP,15/12/2023,T001-1722,GUZMAN,15/12/2023,50,PACKING SALAVERRY,29/12/2023,30/12/2023,52,2/1/2023,0010-035500,EG07-00000171,,NA,4700003090,,
2023-2024,LIQUIDADO,23-148-HPER,4700003107,MELANIE,BBC,SPAREPARTS,RPTOS VARIOS PARA MAQUINA LLENADORA Y PESADORA DE ARANDANOS MARCA CURO,-,1023000773,10.00,UN,USD,"1,779.90","1,779.90",30,EXW,AIR,AIR,NUEVA ZELANDA,AUCKLAND,LIMA,NA,NA,-,,NA,8/11/2023,13/11/2023,AIRSEALOG,DELTA AIRLINES,,,,12/12/2023,50,S01096001,,14/12/2023,50,SI,7/12/2023,ALFOSAC,LIP,18828,7/12/2023,7/12/2023,235-2023-10-179726-00,,,,NA,NA,,LIP,15/12/2023,,GUZMAN,15/12/2023,50,,,19/12/2023,51,,,,,NA,4700003107,,
2023-2024,LIQUIDADO,23-149-HPER,4700003092,MELANIE,INTRALOX,SPAREPARTS,RPTOS VARIOS PARA FAJAS TRANSPORTADORAS ,-,41986939,12.00,UN,USD,381.00,381.00,0,FCA,AIR,AIR,USA,LOS ANGELES,LIMA,NA,NA,1,,NA,NA,NA,DHL,DHL,,,31/10/2023,1/11/2023,44,3011817922,DHL COURIER,2/11/2023,44,NO,,,DHL,,,2/11/2023,235-23-28-1427441-10-4-00,2/11/2023,2/11/2023,,NA,NA,,,2/11/2023,,,,52,,,12/11/2023,45,,,,,NA,4700003092,,
2023-2024,LIQUIDADO,23-150-HPER,4700003040,GONZALO,UNITEC,SPAREPARTS,ALIMENTADOR SWITCHING,-,172,1.00,UN,EUR,911.79,"1,002.97",30,EXW,AIR,AIR,CHILE,SANTIAGO,LIMA,,,,,NA,NA,NA,DHL,DHL,,,3/11/2023,4/11/2023,44,5742825130,,8/11/2023,45,NO,NA,DHL,DHL,,,7/11/2023,235-23-28-1466308-10-4-00,8/11/2023,8/11/2023,8/11/2023,NA,NA,,,8/11/2023,,,,52,,,15/11/2023,46,,,,,NA,4700003040,,
2023-2024,TRANSITO,23-151-HPER,01-2122CPRD07-07-01-0001,GONZALO,WEBEE,EQP & INST,DEVOLUCION (EXPO),SAMPLE,4196286194-10848,1.00,UN,USD,522.00,522.00,0,DAP,AIR,AIR,USA,LIMA,CALIFORNIA,,,1,,NA,,,DHL,DHL,4196286194,,,16/11/2023,46,4196286194,DHL COURIER,20/11/2023,47,,,,LIP,,,,,,,,NA,NA,,,,,,,52,,,,0,,,,,NA,01-2122CPRD07-07-01-0001,,
2023-2024,LIQUIDADO,23-156-HPER,4700003120,MELANIE,SMARTPACK,SPAREPARTS,RPTOS VARIOS PARA MAQUINA HEAT SEALER,-,161,2.00,UN,USD,"1,185.00","1,185.00",30,EXW,AIR,AIR,CHILE,SANTIAGO,LIMA,NA,NA,1,,NA,NA,NA,DHL,DHL,,,,15/11/2023,46,3446164245,DHL COURIER,17/11/2023,46,NO,NA,DHL,DHL,,,16/11/2023,235-23-28-1517471-10-4-00,17/11/2023,17/11/2023,17/11/2023,NA,NA,,,,,,,52,PACKING SALAVERRY,23/11/2023,24/11/2023,47,27/11/2023,,,,NA,4700003120,,
2023-2024,LIQUIDADO,23-158-HPER,4700003141,MELANIE,SMARTPACK,SPAREPARTS,RPTOS VARIOS PARA MAQUINA HEAT SEALER,-,168,2.00,UN,USD,805.00,805.00,30,EXW,AIR,AIR,CHILE,SANTIAGO,LIMA,NA,NA,1,,NA,29/11/2023,,AIRSEALOG,JETSMART,,,20/12/2023,21/12/2023,51,PELIM23205B,,21/12/2023,51,SI,20/12/2023,ALFOSAC,LIP,19599,20/12/2023,20/12/2023,235-2023-10-186892-01-0-00,,,,NA,NA,,LIP,23/12/2023,,GUZMAN,23/12/2023,51,,,28/12/2023,52,,,,,NA,4700003141,,
2023-2024,LIQUIDADO,23-158-HPER,4700003142,MELANIE,SMARTPACK,SPAREPARTS,RPTOS VARIOS PARA MAQUINA HEAT SEALER,-,167,88.00,UN,USD,"2,921.08","2,921.08",30,EXW,AIR,AIR,CHILE,SANTIAGO,LIMA,NA,NA,-,,NA,29/11/2023,,AIRSEALOG,JETSMART,,,20/12/2023,21/12/2023,51,PELIM23205B,,21/12/2023,51,SI,20/12/2023,ALFOSAC,LIP,19599,20/12/2023,20/12/2023,235-2023-10-186892-01-0-00,,,,NA,NA,,LIP,23/12/2023,T001-1780,GUZMAN,23/12/2023,51,PACKING SALAVERRY,,28/12/2023,52,2/1/2024,,EG07-00000172,,NA,4700003142,,
2023-2024,LIQUIDADO,23-159-HPER,4700002803,TATIANA,HF GENETICS,PLANTAS,COSMICA,,7020000203,"156,000.00",UN,USD,"304,200.00","304,200.00",30,CFR,AIR,AIR,CHILE,SANTIAGO,LIMA,-,-,5,,NA,NA,NA,DIRECTO,KOREAN,,,,20/11/2023,47,180-12582743,,20/11/2023,47,SI,16/11/2023,SAASA,AVM,1115,16/11/2023,17/11/2023,235-2023-10-167684-01-7-00,20/11/2023,20/11/2023,20/11/2023,21/11/2023,21/11/2023,,NA,22/11/2023,T001-977,AVM,,52,VIVERO ILUSION,,22/11/2023,47,29/11/2023,,,,NA,4700002803,,
2023-2024,LIQUIDADO,23-160-HPER,PEA23Z9901,CORPORATIVO,SOFRUPAK,E & E,PAPER BOX ,SAMPLE,FPF/000333/2023,92.00,PCS,USD,3.00,3.00,0,DDP,AIR,AIR,POLONIA,WARSAW,LIMA,-,-,1,,NA,,,DHL,DHL,,,,17/11/2023,46,8240594493,DHL COURIER,20/11/2023,47,NO,,DHL,DHL,,,20/11/2023,235-23-28-1540494-10-4-00,20/11/2023,20/11/2023,20/11/2023,NA,NA,,,,,,,52,,,24/11/2023,47,,,,,NA,PEA23Z9901,,
2023-2024,LIQUIDADO,23-161-HPER,PEA23Z9901,CORPORATIVO,GUILLIN,E & E,PUNNETS,SAMPLE,231211-1,300.00,UN,EUR,6.00,6.60,0,DDP,AIR,AIR,ESPAÑA,BARCELONA,LIMA,NA,NA,,,NA,,,,UPS,,,23/11/2023,24/11/2023,47,1Z1WX4450496806501,UPS COURIER,28/11/2023,48,NO,NA,,UPS,,,,,,,,NA,NA,,,,,,,52,,,30/11/2023,48,,,,,NA,PEA23Z9901,,
2023-2024,LIQUIDADO,23-162-HPER,PEA23Z9901,CORPORATIVO,GUILLIN,E & E,PUNNETS,SAMPLE,231123-2,200.00,UN,EUR,6.00,6.60,0,DDP,AIR,AIR,ESPAÑA,BARCELONA,LIMA,NA,NA,,,NA,,,,UPS,,,23/11/2023,24/11/2023,47,1Z1WX4450499936124 ,UPS COURIER,28/11/2023,48,NO,NA,,UPS,,,,,,,,NA,NA,,,,,,,52,,,30/11/2023,48,,,,,NA,PEA23Z9901,,
2023-2024,LIQUIDADO,23-163-HPER,4700003156,MELANIE,UNITEC,SPAREPARTS,ANILLOS ELASTICOS,,178,400.00,UN,EUR,59.40,65.34,0,EXW,AIR,AIR,CHILE,SANTIAGO,LIMA,,,1,,NA,,,,DHL,,,4/12/2023,5/12/2023,49,2589364293,DHL COURIER,7/12/2023,49,NO,NA,DHL,DHL,,,7/12/2023,235-2023-28-1685174-10-4-00,,,,NA,NA,,,,,,,52,,,17/12/2023,50,15/12/2023,,,,NA,4700003156,,
2023-2024,LIQUIDADO,23-164-HPER,PEA23Z9901,CORPORATIVO,INFIA,E & E,PUNNETS,SAMPLE,281123,"4,450.00",UN,EUR,0.01,0.01,0,DDP,AIR,AIR,ITALIA,,LIMA,NA,NA,4,,NA,,,NA,UPS,W89816TG3Z9,,,28/11/2023,48,1ZW898160492983585 ,UPS COURIER,30/11/2023,48,,,,UPS,,,,,,,,NA,NA,,,,,,,52,,,6/12/2023,49,,,,,NA,PEA23Z9901,,
2023-2024,LIQUIDADO,23-165-HPER,4700003149,FIORELLA,PARSYL,SPAREPARTS,TERMOGRAFOS,-,1328,315.00,UN,USD,"3,780.00","3,780.00",30,DDP,AIR,AIR,USA,,LIMA,NA,NA,1,,NA,,,,FEDEX,788232857591,,,18/12/2023,51,788232857591,FEDEX COURIER,26/12/2023,52,NO,NA,,FEDEX,,,20/12/2023,235-23-10-186795-01-5-00,,,,NA,NA,,,,,NA,NA,#¡VALOR!,,,2/1/2024,1,,,,,NA,4700003149,,
2023-2024,LIQUIDADO,23-167-HPER,4700002890,TATIANA,HF GENETICS,PLANTAS,BONITA,,7020000115,"24,250.00",UN,USD,"47,287.50","47,287.50",30,CFR,AIR,AIR,CHILE,SANTIAGO,LIMA,-,-,1,,NA,NA,NA,DIRECTO,KOREAN,,,,11/12/2023,50,180-12630715,,11/12/2023,50,SI,11/12/2023,SAASA,AVM,1195,11/12/2023,12/12/2023,235-2023-10-181170-01-7-00,11/12/2023,11/12/2023,,13/12/2023,13/12/2023,,AVM,13/12/2023,T001 - 1066,,,52,,13/12/2023,14/12/2023,50,26/12/2023,,,,NA,4700002890,,
2023-2024,LIQUIDADO,23-168-HPER,PEA23Z9901,CORPORATIVO,INFIA,E & E,PUNNETS,SAMPLE,281123,"4,450.00",UN,EUR,20.00,22.00,0,DAP,AIR,AIR,ESPAÑA,BARCELONA,LIMA,NA,NA,1,,NA,,,NA,FEDEX,774308996230,,,1/12/2023,48,774308996230,FEDEX COURIER,12/12/2023,50,,,,FEDEX,,,,,,,,NA,NA,,,,,NA,NA,#¡VALOR!,,,21/12/2023,51,,,,,NA,PEA23Z9901,,
2023-2024,LIQUIDADO,23-170-HPER,4700003188,TATIANA,HF GENETICS,PLANTAS,PLANTAS IN VITRO DE ARANDANO,,7020000244,180.00,UN,USD,810.00,810.00,30,CFR,AIR,AIR,CHILE,SANTIAGO,LIMA,,,1,,NA,NA,NA,DIRECTO,LATAM,,,,15/12/2023,50,045-44038934,,16/12/2023,50,SI,15/12/2023,TALMA,AVM,1223,15/12/2023,18/12/2023,235-2023-10-185127-00,16/12/2023,16/12/2023,16/12/2023,20/12/2023,20/12/2023,,,,GR T001-1097,NA,NA,#¡VALOR!,VIVERO ILUSION,,21/12/2023,51,28/12/2023,,,,NA,4700003188,,
2023-2024,LIQUIDADO,23-171-HPER,4700002803,TATIANA,HF GENETICS,PLANTAS,COSMICA,,7020000242,"156,000.00",UN,USD,"304,200.00","304,200.00",30,CFR,AIR,AIR,CHILE,SANTIAGO,LIMA,,,5,,NA,NA,NA,DIRECTO,KOREAN,,,,18/12/2023,51,180-12631813,,18/12/2023,51,SI,18/12/2023,SAASA,AVM,1233,18/12/2023,18/12/2023,235-2023-10-185502-01-4-00,18/12/2023,18/12/2023,18/12/2023,20/12/2023,20/12/2023,,,,GR T001-1098,NA,NA,#¡VALOR!,,,21/12/2023,51,27/12/2023,,,,NA,4700002803,,
2023-2024,LIQUIDADO,23-171-HPER,4700003158,TATIANA,HF GENETICS,PLANTAS,IMPERIAL - REPOSICION,,7020000243,"20,150.00",UN,USD,"39,292.50","39,292.50",30,CFR,AIR,AIR,CHILE,SANTIAGO,LIMA,,,1,,NA,NA,NA,DIRECTO,KOREAN,,,,18/12/2023,51,180-12631813,,18/12/2023,51,SI,18/12/2023,SAASA,AVM,1233,18/12/2023,18/12/2023,235-2023-10-185502-01-4-00,18/12/2023,18/12/2023,18/12/2023,20/12/2023,20/12/2023,,,,GR T001-1098,NA,NA,#¡VALOR!,,,21/12/2023,51,27/12/2023,,,,NA,4700003158,,
2023-2024,LIQUIDADO,23-172-HPER,4700003168,GONZALO,RITEC,EQP & INST,EQUIPOS Y REPUESTOS VARIOS,-,23/1126,26.00,UN,USD,"42,770.00","42,770.00",0,CPT,AIR,AIR,ESPAÑA,MADRID,LIMA,NA,NA,1,,NA,NA,NA,DIRECTO,IBERIA,,,21/12/2023,25/12/2023,52,075-63054961,IB6653,25/12/2023,52,SI,28/12/2023,,LIP,20098,28/12/2023,28/12/2023,235-2023-10-190678-01-1-01,25/12/2023,25/12/2023,,NA,NA,,LIP,30/12/2023,T001-1834,GUZMAN,30/12/2023,52,FUNDO ARMONIA,3/1/2024,4/1/2024,1,17/1/2024,,,,NA,4700003168,,
2023-2024,LIQUIDADO,23-172-HPER,4700003182,GONZALO,RITEC,EQP & INST,EQUIPOS Y REPUESTOS VARIOS,-,23/1126,2.00,UN,USD,"1,670.00","1,670.00",0,CPT,AIR,AIR,ESPAÑA,MADRID,LIMA,NA,NA,1,,NA,NA,NA,DIRECTO,IBERIA,,,21/12/2023,25/12/2023,52,075-63054961,IB6653,25/12/2023,52,SI,28/12/2023,,LIP,20098,28/12/2023,28/12/2023,235-2023-10-190678-01-1-01,25/12/2023,25/12/2023,,NA,NA,,LIP,30/12/2023,T001-1834,GUZMAN,30/12/2023,52,FUNDO ARMONIA,3/1/2024,4/1/2024,1,17/1/2024,,,,NA,4700003182,,
2023-2024,LIQUIDADO,23-173-HPER,4700003170,GONZALO,SMARTPACK,SPAREPARTS,RPTOS VARIOS PARA MAQUINA HEAT SEALER,-,172,3.00,UN,USD,660.00,660.00,30,EXW,AIR,AIR,CHILE,SANTIAGO,LIMA,NA,NA,,,NA,NA,NA,DHL,DHL,9167455323,,,26/12/2023,52,9167455323,DHL COURIER,28/12/2023,52,NO,NA,DHL,DHL,,,27/12/2023,235-23-28-1865098-10-4-00,28/12/2023,28/12/2023,,NA,NA,,,,,,,52,,,4/1/2024,0,,,,,NA,4700003170,,
2023-2024,ENTREGADO,23-026-HFEB,4700003212,FIORELLA,JCK,E & E,PUNNET 250G H40 JCK,-,900,"249,480.00",UN,USD,"9,979.20","9,979.20",30,EXW,SEA,FCL/FCL,CHILE,SAN ANTONIO,CALLAO,1,40 HC,325,,NA,,,AIRSEALOG,,,FANU1356245,3/1/2024,8/1/2024,2,ASLCLS00036524,AMSTERDAM EXPRESS 351,14/1/2024,2,NO,NA,,AVM,82,5/1/2024,8/1/2024, 118-2024-10-007586-01-1-00,12/1/2024,12/1/2024,12/1/2024,NA,NA,,,,,AVM,NA,0,OLMOS,15/1/2024,17/1/2024,3,,,,,NA,4700003212,,

