SEASON,STATUS,IMPORTER,OP REFERENCE,OC,BUYER,SUPPLIER,CATEGORY,PRODUCT,PROYECT,INVOICE,QTY,UM,CUR,AMOUNT,AMOUNT USD ,PAYMENT TERM,INCOTERM,MODE,TYPE,COUNTRY ORIGIN,POL,POD,CTNR QTY,CTNR TYPE,BULKS,BULKS TYPE,CP OPENNING,QUOTE REQUEST DATE,ASSIGMENT DATE,FFW,FFW REFERENCE,SHIPPING LINE,BOOKING,CNTR NR,SEAL, PESO BRUTO ,ATD,WEEK ATD,B/L- AWB,VESSEL,ATA,WEEK ATA,INSURANCE HPER,INSURANCE POLICY DATE,DEPOT,CUSTOMS AGENT,ORDER,IE DATE,FECHA NUM DAM,DAM,SENASA INSPECTION DATE,SENASA RELEASE DATE,CUSTOMS RELEASE DATE,DEMURRAGE EXPIRATION DATE,DELIVERY TYPE,TRANSP LIMA (T1),WITHDRAWL DATE,GR T1 ,TRANSP TRUX (T2),DELIVERY DATE BASE T2 (T1),WEEK BASE T2,FINAL DELIVERY POINT,FINAL ARRIVAL DATE,ARRIVAL WEEK,RECEIPT CONFIRMATION DATE,GR T2,GR HORTIFRUT,CP OBSERVATIONS,OC2,FECHA ENVIO LIQUIDACIÓN,FECHA DE REGISTRO DE GASTOS
2025-2026,LIQUIDADO,HF PERU,24-127-HPER,4700003500-1,FIORELLA,FASTIK,E & E,FILM PUNNET PET 18OZ 7X7,-,89838,"176,000.00",UN,USD,"12,453.76","12,453.76",0,EXW,AIR,AIR,USA,MIAMI,LIMA,NA,NA,1,PALLET,NA,2/12/2024,3/12/2024,AIRSEALOG,,NORTHERN,658-30824743,NA,,,12/1/2025,2, 92EAMIA2582 ,NORTHERN AIR CARGO,12/1/2025,2,SI,9/1/2025,ALFOSAC,LIP,498,9/1/2025,9/1/2025,235-2025-10-003465-01-5-00,NA,NA,13/1/2025,NA,ALMACEN LIMA,LIP,14/1/2025,T001-5039,GUZMAN,14/1/2025,3,MAQ0,18/1/2025,3,19/1/2025,EG03-00004383,EG07-00001973,,4700003500-1,31/1/2025,
2025-2026,LIQUIDADO,HF PERU,24-157-HPER,4700003682,GONZALO,RITEC,EQP & INST,APARATOS DE RIEGO,-,24/1029,10.00,UN,USD,"3,810.00","3,810.00",30,EXW,AIR,AIR,ESPAÑA,MADRID,LIMA,NA,NA,1,CAJA,NA,17/12/2024,18/12/2024,AIRSEALOG,,AIR EUROPA,996-12838453,NA,NA,,10/1/2025,2,B24106201,AIR EUROPA,12/1/2025,2,SI,31/12/2024,SHOHIN,LIP,502,9/1/2025,10/1/2025,235-2025-10-003816-01-2-00,NA,NA,13/1/2025,,ALMACEN LIMA,LIP,15/1/2025,T001-5060,GUZMAN,15/1/2025,3,ALMC,17/1/2025,3,30/1/2025,EG03-00004382,EG07-00001974,NA,4700003682,30/1/2025,
2025-2026,LIQUIDADO,HF PERU,24-157-HPER,4700003713,GONZALO,RITEC,EQP & INST,APARATOS DE RIEGO,-,24/1029,"4,000.00",UN,USD,"6,480.00","6,480.00",30,EXW,AIR,AIR,ESPAÑA,MADRID,LIMA,NA,NA,2,CAJA,NA,17/12/2024,18/12/2024,AIRSEALOG,,AIR EUROPA,996-12838453,NA,NA,,10/1/2025,2,B24106201,AIR EUROPA,12/1/2025,2,SI,31/12/2024,SHOHIN,LIP,502,9/1/2025,10/1/2025,235-2025-10-003816-01-2-00,NA,NA,13/1/2025,,ALMACEN LIMA,LIP,15/1/2025,T001-5060,GUZMAN,15/1/2025,3,ALMC,17/1/2025,3,30/1/2025,EG03-00004382,EG07-00001974,NA,4700003713,30/1/2025,
2025-2026,LIQUIDADO,HF PERU,24-157-HPER,4700003669,GONZALO,RITEC,EQP & INST,APARATOS DE RIEGO,-,24/1029,"6,958.00",UN,USD,"113,778.00","113,778.00",30,EXW,AIR,AIR,ESPAÑA,MADRID,LIMA,NA,NA,4,CAJA,NA,17/12/2024,18/12/2024,AIRSEALOG,,AIR EUROPA,996-12838453,NA,NA,,10/1/2025,2,B24106201,AIR EUROPA,12/1/2025,2,SI,31/12/2024,SHOHIN,LIP,502,9/1/2025,10/1/2025,235-2025-10-003816-01-2-00,NA,NA,13/1/2025,,ALMACEN LIMA,LIP,15/1/2025,T001-5060,GUZMAN,15/1/2025,3,ALMC,18/1/2025,3,30/1/2025,EG03-00005636,EG07-00001974,NA,4700003669,30/1/2025,
2025-2026,LIQUIDADO,HF PERU,24-159-HPER,4700002841-8,FIORELLA,JCK,E & E,PUNNET PET 18OZ 7X7 CESTA,-,1054,"244,776.00",UN,USD,"23,498.50","23,498.50",90,EXW,SEA,FCL,CHILE,SAN ANTONIO,CALLAO,1,40 HC,658,CAJA,NA,19/12/2024,19/12/2024,AIRSEALOG,S00048548,HAPAG,,HAMU2086158,,,18/1/2025,3,ASLCLS00048548,MALIAKOS 501W,23/1/2025,4,SI,20/1/2025,IMUPESA,PASOC,136882,20/1/2025,22/1/2025,118-2025-10-032490-01-8-00,NA,NA,4/2/2025,,ALMACEN LIMA,PASOC,5/2/2025,T001-25588069,LIP,5/2/2025,6,PLSA,11/2/2025,7,12/2/2025,EG03-00013717,EG07-00002376,,4700002841-8,31/1/2025,
2025-2026,LIQUIDADO,HF PERU,24-159-HPER,4700002841-8,FIORELLA,JCK,E & E,PUNNET PET 18OZ 7X7 CESTA,-,1054,"244,776.00",UN,USD,"23,498.50","23,498.50",90,EXW,SEA,FCL,CHILE,SAN ANTONIO,CALLAO,1,40 HC,658,CAJA,NA,19/12/2024,19/12/2024,AIRSEALOG,S00048548,HAPAG,,HAMU2509115,,,18/1/2025,3,ASLCLS00048548,MALIAKOS 501W,23/1/2025,4,SI,20/1/2025,IMUPESA,PASOC,136882,20/1/2025,22/1/2025,118-2025-10-032490-01-8-00,NA,NA,4/2/2025,,ALMACEN LIMA,PASOC,5/2/2025,T001-25588070,LIP,5/2/2025,6,PLSA,11/2/2025,7,12/2/2025,EG03-00013716,EG07-00002375,,4700002841-8,31/1/2025,
2025-2026,LIQUIDADO,HF PERU,24-183-HPER,4700003640,FIORELLA,SIRANE,E & E,PADS ABSORBENTES,-,4793,"420,000.00",UN,USD,"2,730.00","2,730.00",0,EXW,SEA,LCL,MEXICO,MANZANILLO,CALLAO,NA,NA,1,PALLET,NA,30/11/2024,2/12/2024,AIRSEALOG,S00047889,YANG MING,,BEAU2615681,,,19/1/2025,3,INTERZLOCLL864238,WAN HAI 623,1/2/2025,5,SI,21/1/2025,VILLAS OQUENDO,PASOC,137013,21/1/2025,12/2/2025,118-2025-10-047673-01-6-00,NA,NA,10/2/2025,,ALMACEN LIMA,PASOC,14/2/2025,T001-25588987,GUZMAN,14/2/2025,7,MAQ0,20/2/2025,8,21/2/2025,EG03-00004885,EG07-00002578,NA,4700003640,20/2/2025,
2024-2025,LIQUIDADO,HF PERU,24-184-HPER,4700003566-6,GONZALO,DIDIHU,E & E,MACETA PLASTICA 27 L,M&S,C6313C38-FCDA-42FF-BEBD-11271301CAEB,"30,180.00",UN,USD,"52,145.00","52,145.00",0,CIF,SEA,FCL,MEXICO,MANZANILLO,CALLAO,1,40 HC,1040,CAJA,15/1/2025,NA,NA,DIRECTO,,COSCO,6406329420, CSNU8621750,,,19/1/2025,3,IMKO25-01003,WAN HAI 623 018E,1/2/2025,5,NO,NA,DINET,PASOC,136800,16/1/2025,12/2/2025,118-2025-10-047343-01-6-00,NA,NA,13/2/2025,,DIRECTO,NA,14/2/2025,T001-25588832,PASOC,15/2/2025,7,ALMC,15/2/2025,7,27/2/2025,EG04-00006671,EG07-00002449,Falta en CP BL(12/2)[4700003566-6/24-184-HPER/ CSNU8621750],4700003566-6,20/2/2025,
2024-2025,LIQUIDADO,HF PERU,24-185-HPER,4700003566-7,GONZALO,DIDIHU,E & E,MACETA PLASTICA 27 L,M&S,C93ADE23-443D-4937-872F-11AE41AA83E2,"16,800.00",UN,USD,"29,027.04","29,027.04",0,CIF,SEA,LCL,MEXICO,MANZANILLO,CALLAO,NA,NA,12,PALLET,15/1/2025,NA,NA,DIRECTO,,COSCO,6406329500,FFAU3569251,,,19/1/2025,3,IMKO25-01004,WAN HAI 623 018E,1/2/2025,5,NO,NA,ALFOSAC,PASOC,137021,16/1/2025,31/1/2025,118-2025-10-046887-01-2-00,NA,NA,17/2/2025,,DIRECTO,NA,18/2/2025,T001-25589517,RANSA,19/2/2025,8,ALMC,19/2/2025,8,27/2/2025,EG03-00001741,EG07-00002590,Falta en CP BL(12/2)[4700003566-7/24-185-HPER/FFAU3569251 ],4700003566-7,20/2/2025,
2025-2026,LIQUIDADO,HF PERU,24-235-HPER,5400000738,HUB,HF GENETICS,PLANTAS,VARIEDADES SELECCIONADAS,SAMPLE,7020000502,"1,257.00",UN,USD,"3,612.00","3,612.00",30,CPT,AIR,AIR,CHILE,SANTIAGO,LIMA,NA,NA,1,PALLET,NA,NA,NA,DIRECTO,NA,KOREAN,180-13845366,NA,NA,,10/2/2025,7,180-13845366,KOREAN AIRLINES,10/2/2025,7,SI,10/2/2025,SAASA,AVM,25/000188,,11/2/2025,235-2025-10-021851-01-0-00,12/2/2025,12/2/2025,12/2/2025,NA,DIRECTO,NA,13/2/2025,NA,AVM,14/2/2025,7,ALMC,14/2/2025,7,2/5/2025,T001-2956,NA,,5400000738,20/2/2025,
2024-2025,LIQUIDADO,HF PERU,24-181-HPER,4700003565-12,GONZALO,DEHUAN,E & E,MACETA PLASTICA 30 L,M&S,TLD24052DW-12,"23,100.00",UN,USD,"33,379.50","33,379.50",0,CIF,SEA,FCL,CHINA,NINGBO,CALLAO,1,40 HC,20,PALLET,31/1/2025,NA,NA,DIRECTO,NA,ONE,,TXGU4211490,,,8/1/2025,2,ONEYNB4JJM223400,MSC GENOVA FA451A,15/2/2025,7,NO,NA,IMUPESA,PASOC,138915,31/1/2025,13/2/2025,118-2025-10-066795-01-6-00 ,NA,NA,19/2/2025,,DIRECTO,NA,20/2/2025,T001-25589577,RANSA,21/2/2025,8,ALMC,21/2/2025,8,11/3/2025,EG03-00001747,EG07-00002623,Falta bk en CP(12/2)[4700003565-12/24-181-HPER/TXGU4211490 ],4700003565-12,20/2/2025,
2024-2025,LIQUIDADO,HF PERU,24-181-HPER,4700003565-12,GONZALO,DEHUAN,E & E,MACETA PLASTICA 30 L,SAMPLE,TLD24052DW-00,896.00,UN,USD,"1,294.72","1,294.72",0,CIF,SEA,FCL,CHINA,NINGBO,CALLAO,1,40 HC,20,PALLET,31/1/2025,NA,NA,DIRECTO,NA,ONE,,TXGU4215480,,,8/1/2025,2,ONEYNB4JJM223400,MSC GENOVA FA451A,15/2/2025,7,NO,NA,IMUPESA,PASOC,138915,31/1/2025,13/2/2025,118-2025-10-066795-01-6-00 ,NA,NA,19/2/2025,,DIRECTO,NA,20/2/2025,T001-25589579,RANSA,21/2/2025,8,ALMC,21/2/2025,8,11/3/2025,EG03-00001749,EG07-00002625,Falta bk en CP(12/2)[4700003565-12/24-181-HPER/TXGU4215480 ],4700003565-12,20/2/2025,
2024-2025,LIQUIDADO,HF PERU,24-181-HPER,4700003565-12,GONZALO,DEHUAN,E & E,MACETA PLASTICA 30 L,M&S,TLD24052DW-12,"22,974.00",UN,USD,"33,197.43","33,197.43",0,CIF,SEA,FCL,CHINA,NINGBO,CALLAO,1,40 HC,20,PALLET,31/1/2025,NA,NA,DIRECTO,NA,ONE,,TXGU4215480,,,8/1/2025,2,ONEYNB4JJM223400,MSC GENOVA FA451A,15/2/2025,7,NO,NA,IMUPESA,PASOC,138915,31/1/2025,13/2/2025,118-2025-10-066795-01-6-00 ,NA,NA,19/2/2025,,DIRECTO,NA,20/2/2025,T001-25589579,RANSA,21/2/2025,8,ALMC,21/2/2025,8,11/3/2025,EG03-00001749,EG07-00002625,Falta bk en CP(12/2)[4700003565-12/24-181-HPER/TXGU4215480 ],4700003565-12,20/2/2025,
2024-2025,LIQUIDADO,HF PERU,24-181-HPER,4700003565-12,GONZALO,DEHUAN,E & E,MACETA PLASTICA 30 L,M&S,TLD24052DW-12,"21,430.00",UN,USD,"30,966.35","30,966.35",0,CIF,SEA,FCL,CHINA,NINGBO,CALLAO,1,40 HC,20,PALLET,31/1/2025,NA,NA,DIRECTO,NA,ONE,,TXGU4211890,,,8/1/2025,2,ONEYNB4JJM223400,MSC GENOVA FA451A,15/2/2025,7,NO,NA,IMUPESA,PASOC,138915,31/1/2025,13/2/2025,118-2025-10-066795-01-6-00 ,NA,NA,19/2/2025,,DIRECTO,NA,20/2/2025,T001-25589578,RANSA,21/2/2025,8,ALMC,21/2/2025,8,11/3/2025,EG03-00001748,EG07-00002626,Falta bk en CP(12/2)[4700003565-12/24-181-HPER/TXGU4211890 ],4700003565-12,20/2/2025,
2025-2026,LIQUIDADO,HF PERU,24-238-HPER,PEA2H10101,ZANDER,LIVA BIO,E & E,STICKERS,SAMPLE,002,"1,000.00",UN,USD,0.10,0.10,0,DAP,AIR,AIR,ISRAEL,NESS ZIONA,LIMA,NA,NA,1,CAJA,NA,NA,NA,COURIER,NA,DHL,4064585125,NA,,,5/2/2025,6,4064585125,DHL COURIER,20/2/2025,8,NO,NA,NA,DHL,NA,NA,7/2/2025,235-2025-28-862317-10-4-00,NA,NA,18/2/2025,,COURIER,NA,NA,,NA,20/2/2025,8,PLSA,20/2/2025,8,,,,,PEA2H10101,13/3/2025,
2025-2026,LIQUIDADO,HF PERU,24-241-HPER,5400000718,HUB,HF GENETICS,PLANTAS,PLANTAS IN VITRO ,SAMPLE,7020000505,400.00,UN,USD,"1,700.00","1,700.00",30,CPT,AIR,AIR,USA,PORTLAND,LIMA,NA,NA,1,PALLET,NA,NA,NA,DIRECTO,NA,DELTA,006-67545015,NA,NA,,20/2/2025,8,006-67545015,DELTA AIRLINES,21/2/2025,8,SI,20/2/2025,TALMA,AVM,25/000371,20/2/2025,21/2/2025,235-2025-10-027752-01-4-00,25/2/2025,25/2/2025,25/2/2025,NA,DIRECTO,NA,25/2/2025,NA,AVM,26/2/2025,9,ALMC,26/2/2025,9,13/3/2025,T001-2976,NA,,5400000718,28/2/2025,
2025-2026,LIQUIDADO,HF PERU,24-154-HPER,4700003508-3,FIORELLA,FASTIK,E & E,FILM PUNNET PET 18OZ 7X7,-,89838A,"1,424,500.00",UN,USD,"100,797.62","100,797.62",0,EXW,SEA,LCL,USA,LOS ANGELES,CALLAO,NA,NA,8,PALLET,13/2/2025,2/12/2024,3/12/2024,AIRSEALOG,,ONE,S00047939,TCLU5407337,,,30/1/2025,5,LAX/CAL/16026,MANZANILLO EXPRESS 2503E,23/2/2025,8,SI,13/2/2025,,LIP,2756,18/2/2025,21/2/2025,118-2025-10-077364-01-1-00,NA,NA,25/2/2025,,ALMACEN LIMA,LIP,27/2/2025,T001-5289,GUZMAN,27/2/2025,9,PLSA,5/3/2025,10,10/3/2025,EG03-00005322,EG07-00002772,,4700003508-3,28/2/2025,
2025-2026,LIQUIDADO,HF PERU,24-154-HPER,4700003500-2,FIORELLA,FASTIK,E & E,FILM PUNNET PET 18OZ 7X7,-,89838A,"159,500.00",UN,USD,"11,286.22","11,286.22",0,EXW,SEA,LCL,USA,LOS ANGELES,CALLAO,NA,NA,1,PALLET,13/2/2025,2/12/2024,3/12/2024,AIRSEALOG,,ONE,S00047939,TCLU5407337,,,30/1/2025,5,LAX/CAL/16026,MANZANILLO EXPRESS 2503E,23/2/2025,8,SI,13/2/2025,,LIP,2756,18/2/2025,21/2/2025,118-2025-10-077364-01-1-00,NA,NA,25/2/2025,,ALMACEN LIMA,LIP,27/2/2025,T001-5289,GUZMAN,27/2/2025,9,PLSA,14/3/2025,11,17/3/2025,EG03-00006283,EG07-00002885,,4700003500-2,28/2/2025,
2025-2026,LIQUIDADO,HF PERU,24-242-HPER,4700003814,FIORELLA,JCK,E & E,PUNNET PET 11OZ 5X7,-,1069,"400,000.00",UN,USD,"20,400.00","20,400.00",90,EXW,SEA,FCL,CHILE,SAN ANTONIO,CALLAO,0.5,40 HC,494,CAJA,19/2/2025,4/2/2025,4/2/2025,AIRSEALOG,,HAPAG,S00049796,HLBU2846100,,,21/2/2025,8,ASLCLS00049796,CMA CGM JACQUES JOSEPH 5202N,24/2/2025,9,SI,19/2/2025,IMUPESA,LIP,2805,20/2/2025,21/2/2025,118-2025-10-079009-01-4-00,NA,NA,28/2/2025,,ALMACEN LIMA,LIP,1/3/2025,T001-5295,GUZMAN,1/3/2025,9,PLSA,22/4/2025,17,8/5/2025,EG03-00006558,EG07-00003378,"Falta en CP, BL, BO(27/2)[24-242-HPER / 4700003814 /HLBU2846100 ]",4700003814,28/2/2025,
2025-2026,LIQUIDADO,HF PERU,24-242-HPER,4700003959,FIORELLA,JCK,E & E,PUNNET PET 11OZ 5X7,-,1069,"105,440.00",UN,USD,"5,377.44","5,377.44",90,EXW,SEA,FCL,CHILE,SAN ANTONIO,CALLAO,0.5,40 HC,130,CAJA,19/2/2025,4/2/2025,4/2/2025,AIRSEALOG,,HAPAG,S00049796,HLBU2846100,,,21/2/2025,8,ASLCLS00049796,CMA CGM JACQUES JOSEPH 5202N,24/2/2025,9,SI,19/2/2025,IMUPESA,LIP,2805,20/2/2025,21/2/2025,118-2025-10-079009-01-4-00,NA,NA,28/2/2025,,ALMACEN LIMA,LIP,1/3/2025,T001-5295,GUZMAN,1/3/2025,9,PLSA,22/4/2025,17,8/5/2025,EG03-00006558,EG07-00003378,"Falta en CP, BL, BO(27/2)[24-242-HPER / 4700003814 /HLBU2846100 ]",4700003959,28/2/2025,
2025-2026,LIQUIDADO,HF PERU,24-240-HPER,PEA2H10101,FIORELLA,KIHADAA,E & E,FILM RESELLABLE,SAMPLE,F-001,1.00,UN,USD,10.00,10.00,0,DAP,AIR,AIR,CANADA,BRITISH COLUMBIA,LIMA,NA,NA,1,CAJA,NA,NA,NA,COURIER,NA,DHL,8304996405,NA,,,18/2/2025,8,8304996405,DHL COURIER,25/2/2025,9,NO,NA,NA,DHL,NA,NA,19/2/2025,235-2025-28-1201361-10-41-1-00,NA,NA,23/2/2025,,COURIER,NA,NA,,NA,25/2/2025,9,PLSA,25/2/2025,9,,,,,PEA2H10101,13/3/2025,
2025-2026,ENTREGADO,HFE BERRIES,24-037-HFEB,N/A,ZANDER,ARIES,E & E,BANDEJAS DE PLASTICO,SAMPLE,-,15.00,UN,EUR,1.00,1.18,,,AIR,AIR,ESPAÑA,,LIMA,NA,NA,1,CAJA,NA,NA,NA,COURIER,NA,UPS,1ZJ241750431751136,,,,19/2/2025,8,1ZJ241750431751136,UPS COURIER,3/3/2025,10,NO,NA,NA,UPS,,,,,NA,NA,24/2/2025,,COURIER,NA,NA,NA,NA,26/2/2025,9,OLMOS,26/2/2025,9,NA,NA,NA,,N/A,,
2025-2026,ENTREGADO,HFE BERRIES,24-034-HFEB,4700003725,OMAR,PROMISOL,AGQ,CYTOLAN,-,F/25001,"2,000.00",KG,EUR,"21,700.00","25,606.00",90,EXW,SEA,LCL,ESPAÑA,BARCELONA,CALLAO,NA,NA,3,PALLET,NA,19/12/2024,19/12/2024,AIRSEALOG,S00048506,CMA CGM,,TCNU3593841,,,20/1/2025,4,BCN/CAL/07622,COSCO SHIPPING VOLGA 0WCK7S1MA,7/3/2025,10,NO,NA,DPW,AVM,25/000407,4/3/2025,6/3/2025,118-2025-10-094560-01-1-00,NA,NA,12/3/2025,,DIRECTO,NA,13/3/2025,NA,AVM,14/3/2025,11,OLMOS,14/3/2025,11,NA,NA,NA,,4700003725,,
2025-2026,LIQUIDADO,HF PERU,24-244-HPER,4700003821-1,MELANIE,UNITEC,SPAREPARTS,REPUESTOS VARIOS,-,285,15.00,UN,EUR,572.95,676.08,30,EXW,AIR,AIR,CHILE,SANTIAGO,LIMA,NA,NA,1,CAJA,NA,26/2/2025,27/2/2025,FORBIS,PE-25050712,KOREAN,180-13992473,NA,,,7/3/2025,10,PELIM25034E,KOREAN AIRLINES,7/3/2025,10,SI,6/3/2025,ALFOSAC,LIP,3427,6/3/2025,6/3/2025,235-2025-10-035813-01-9-00,NA,NA,10/3/2025,NA,ALMACEN LIMA,LIP,11/3/2025,T001-5329,GUZMAN,11/3/2025,11,PLSA,14/3/2025,11,17/3/2025,EG03-00005378,EG07-00002886,,4700003821-1,25/3/2025,
2025-2026,LIQUIDADO,HF PERU,24-244-HPER,4700003811,MELANIE,UNITEC,SPAREPARTS,REPUESTOS VARIOS,-,283,173.00,UN,EUR,"5,519.75","6,513.31",30,EXW,AIR,AIR,CHILE,SANTIAGO,LIMA,NA,NA,1,CAJA,NA,26/2/2025,27/2/2025,FORBIS,PE-25050712,KOREAN,180-13992473,NA,,,7/3/2025,10,PELIM25034E,KOREAN AIRLINES,7/3/2025,10,SI,6/3/2025,ALFOSAC,LIP,3427,6/3/2025,6/3/2025,235-2025-10-035813-01-9-00,NA,NA,10/3/2025,NA,ALMACEN LIMA,LIP,11/3/2025,T001-5329,GUZMAN,11/3/2025,11,PLSA,14/3/2025,11,17/3/2025,EG03-00005378,EG07-00002886,,4700003811,25/3/2025,
2025-2026,SIN GASTOS,HF PERU,25-110-HPER,4700003821-2,MELANIE,UNITEC,SPAREPARTS,REPUESTOS VARIOS,REP.,334,30.00,UN,EUR,"1,158.57","1,367.11",30,EXW,AIR,AIR,CHILE,SANTIAGO,LIMA,NA,NA,1,CAJA,NA,NA,NA,,NA,,,NA,,,7/3/2025,10,PELIM25034E,KOREAN AIRLINES,7/3/2025,10,SI,6/3/2025,ALFOSAC,LIP,3427,6/3/2025,6/3/2025,235-2025-10-035813-01-9-00,NA,NA,28/6/2025,NA,ALMACEN LIMA,LIP,,,GUZMAN,30/6/2025,27,PLSA,30/6/2025,27,27/8/2025,,,,4700003821-2,,
2025-2026,LIQUIDADO,HF PERU,24-229-HPER,4700003726,GONZALO,GUANGDONG,EQP & INST,CABLE + LAMPARAS,-,24520241209,440.00,UN,USD,"140,042.05","140,042.05",0,CFR,SEA,FCL,CHINA,GUANGDONG,CALLAO,1,40 HC,20,PALLET,13/2/2025,NA,NA,DIRECTO,,YANG MING,,MAGU5579564,,,4/2/2025,6,SZN25011406,WAN HAI A06 E006,8/3/2025,10,SI,26/2/2025,IMUPESA,LIP,3076,26/2/2025,7/3/2025,118-2025-10-097348-01-1-00,NA,NA,13/3/2025,29/3/2025,DIRECTO,NA,14/3/2025,T001-5350,CITITRANS,15/3/2025,11,ALMC,15/3/2025,11,21/3/2025,EG03-00006126,EG07-00002948,"Falta en CP,  BO(27/2)[24-229-HPER/4700003726 /MAGU5579564 ]",4700003726,21/3/2025,
2025-2026,LIQUIDADO,HF PERU,24-229-HPER,4700003726,GONZALO,GUANGDONG,EQP & INST,CABLE + LAMPARAS,-,24520241209,424.00,UN,USD,"134,949.61","134,949.61",0,CFR,SEA,FCL,CHINA,GUANGDONG,CALLAO,1,40 HC,20,PALLET,13/2/2025,NA,NA,DIRECTO,,YANG MING,,GCXU5077456,,,4/2/2025,6,SZN25011406,WAN HAI A06 E006,8/3/2025,10,SI,26/2/2025,IMUPESA,LIP,3076,26/2/2025,7/3/2025,118-2025-10-097348-01-1-00,NA,NA,13/3/2025,29/3/2025,DIRECTO,NA,14/3/2025,T001-5349,CITITRANS,15/3/2025,11,ALMC,15/3/2025,11,21/3/2025,EG03-00006127,EG07-00002950,"Falta en CP, BO(27/2)[24-229-HPER / 4700003726/GCXU5077456 ]",4700003726,21/3/2025,
2025-2026,LIQUIDADO,HF PERU,24-229-HPER,4700003726,GONZALO,GUANGDONG,EQP & INST,CABLE + LAMPARAS,-,24520241209,114.00,UN,USD,"36,283.62","36,283.62",0,CFR,SEA,FCL,CHINA,GUANGDONG,CALLAO,1,40 HC,14,PALLET,13/2/2025,NA,NA,DIRECTO,,YANG MING,,YMMU6477873,,,4/2/2025,6,SZN25011406,WAN HAI A06 E006,8/3/2025,10,SI,26/2/2025,IMUPESA,LIP,3076,26/2/2025,7/3/2025,118-2025-10-097348-01-1-00,NA,NA,13/3/2025,29/3/2025,DIRECTO,NA,14/3/2025,T001-5351,CITITRANS,15/3/2025,11,ALMC,15/3/2025,11,21/3/2025,EG03-00000273,EG07-00002951,"Falta en CP, BO(27/2)[24-229-HPER / 4700003726 /YMMU6477873 ]",4700003726,21/3/2025,
2025-2026,LIQUIDADO,HF PERU,24-236-HPER,4700003563-4,OMAR,PROMISOL,AGQ,PROMI-CALFOR,-,F/25043,"24,000.00",KG,EUR,"86,400.00","101,952.00",90,EXW,SEA,FCL,ESPAÑA,BARCELONA,CALLAO,1,20 ST,20,PALLET,13/2/2025,4/2/2025,4/2/2025,AIRSEALOG,S00049945,HAPAG,,NIDU2302926,,,24/2/2025,9,PBEM059939,CARTAGENA EXPRESS 5206S,21/3/2025,12,SI,13/2/2025,IMUPESA,AVM,25/000453,18/3/2025,20/3/2025,118-2025-10-117301-01-1-00,NA,NA,24/3/2025,,ALMACEN LIMA,AVM,25/3/2025,T001-3112,GUZMAN,25/3/2025,13,ALES,29/3/2025,13,31/3/2025,EG03-00005657,EG07-00003126,PENDIENTE,4700003563-4,28/3/2025,
2025-2026,LIQUIDADO,HF PERU,24-239-HPER,4700003561-3,OMAR,BIOCONSUL,AGQ,ORGANCAB K (ABONO ORGANICO),-,BE003/25,"20,000.00",LT,EUR,"15,000.00","17,700.00",60,EXW,SEA,FCL,ESPAÑA,VALENCIA,CALLAO,1,40 HC,20,PALLET,13/2/2025,4/2/2025,4/2/2025,AIRSEALOG,,HAPAG,S00049799,HAMU3143946,,,16/2/2025,7,PAEM019568,CARTAGENA EXPRESS 5206S,21/3/2025,12,SI,17/2/2025,IMUPESA,AVM,25/000454,18/3/2025,20/3/2025,118-2025-10-117823-01-8-00,NA,NA,24/3/2025,,ALMACEN LIMA,AVM,25/3/2025,T001-3111,GUZMAN,25/3/2025,13,ALES,29/3/2025,13,31/3/2025,EG03-00005656,EG07-00003124,,4700003561-3,3/4/2025,
2025-2026,LIQUIDADO,HF PERU,25-001-HPER,4700003697,MELANIE,KOPLOW,EQP & INST,MODULO DE CRIANZA,-,2,1.00,UN,USD,"9,728.00","9,728.00",0,EXW,AIR,AIR,CHILE,SANTIAGO,LIMA,NA,NA,4,CAJA,NA,NA,NA,CRISAL,,SKY,605-00569295,NA,,,22/3/2025,12,RSM202019,SKY AIRLINES,22/3/2025,12,SI,20/3/2025,NA,RUSEM,441,NA,21/3/2025,235-2025-10-045290-01-9-00,NA,NA,23/3/2025,,DIRECTO,NA,NA,NA,RUSEM,25/3/2025,13,ALMC,25/3/2025,13,25/3/2025,EG03-00000279,NA,,4700003697,,
2025-2026,LIQUIDADO,HF PERU,25-007-HPER,5400000841,HUB,HF MEXICO,PLANTAS,PLANTAS IN VITRO,SAMPLE,MX25-001-PE,187.00,UN,USD,"2,682.80","2,682.80",0,CPT,AIR,AIR,MEXICO,GUADALAJARA,LIMA,NA,NA,1,CAJA,NA,NA,NA,DIRECTO,NA,AEROMEXICO,139-46871086,NA,NA,,23/3/2025,12,139-46871086,AEROMEXICO,24/3/2025,13,SI,24/3/2025,SAASA,AVM,25/000476,24/3/2025,24/3/2025,235-2025-10-046616-01-5-00,25/3/2025,25/3/2025,25/3/2025,NA,DIRECTO,NA,26/3/2025,NA,AVM,27/3/2025,13,ALMC,27/3/2025,13,4/4/2025,T001-3115,NA,,5400000841,28/3/2025,
2025-2026,LIQUIDADO,HF PERU,25-003-HPER,4700003664,GONZALO,A&B,SPAREPARTS,REPUESTOS VARIOS,-,381,21.00,UN,USD,"1,950.86","1,950.86",0,EXW,AIR,AIR,USA,MIAMI,LIMA,NA,NA,1,CAJA,NA,,,FORBIS,,LAN,045-10846566,NA,,,26/3/2025,13,FOR70370899,LAN CARGO,26/3/2025,13,SI,25/3/2025,TALMA,LIP,4260,25/3/2025,25/3/2025,235-2025-10-047487-01-4-00,NA,NA,26/3/2025,,ALMACEN LIMA,LIP,28/3/2025,T001-5411,GUZMAN,28/3/2025,13,PLSA,9/4/2025,15,10/4/2025,EG03-00006054,EG07-00003235,NA,4700003664,,
2025-2026,LIQUIDADO,HF PERU,25-003-HPER,4700003858,MELANIE,A&B,SPAREPARTS,REPUESTOS VARIOS,-,430,"5,158.00",UN,USD,"22,756.46","22,756.46",0,EXW,AIR,AIR,USA,MIAMI,LIMA,NA,NA,3,CAJA,NA,,,FORBIS,,LAN,045-10846566,NA,,,26/3/2025,13,FOR70370899,LAN CARGO,26/3/2025,13,SI,25/3/2025,TALMA,LIP,4260,25/3/2025,25/3/2025,235-2025-10-047487-01-4-00,NA,NA,26/3/2025,,ALMACEN LIMA,LIP,28/3/2025,T001-5411,GUZMAN,28/3/2025,13,PLSA,9/4/2025,15,10/4/2025,EG03-00006054,EG07-00003235,NA,4700003858,,
2025-2026,ENTREGADO,HFE BERRIES,25-005-HFEB,4700003777,VICTOR,SMARTPACK,SPAREPARTS,REPUESTOS VARIOS,-,239,120.00,UN,USD,"7,539.00","7,539.00",30,EXW,AIR,AIR,CHILE,SANTIAGO,LIMA,NA,NA,1,CAJA,NA,21/3/2025,24/3/2025,AIRSEALOG,,SKY,605-00552145,,,,29/3/2025,13,S2503542163,SKY AIRLINES,29/3/2025,13,NO,NA,SHOHIN,LIP,4448,,28/3/2025,235-2025-10-050126-01-9-00,NA,NA,5/4/2025,,DIRECTO,NA,,NA,LIP,7/4/2025,15,OLMOS,7/4/2025,15,NA,NA,NA,,4700003777,14/1/2026,
2024-2025,LIQUIDADO,HF PERU,25-004-HPER,4700003819,GONZALO,AVIBIOL,SUSTRATOS,FIBRA DE COCO,-,F001-00002619,"23,600.00",KG,USD,"15,799.20","15,799.20",0,CIF,SEA,FCL,ESPAÑA,VALENCIA,CALLAO,1,40 HC,24,PALLET,18/3/2025,NA,NA,DIRECTO,NA,CMA CGM,ALC0140439,SEGU4964010,,,1/3/2025,9,ALC0140439,SANTOS EXPRESS 0WCKHS1MA,30/3/2025,13,NO,NA,NEW AGE,AVM,25/000452,20/3/2025,25/3/2025,118-2025-10-125495-01-6-00,2/4/2025,2/4/2025,2/4/2025,,ALMACEN LIMA,AVM,3/4/2025,T001-3124,GUZMAN,3/4/2025,14,ALMC,15/4/2025,16,15/4/2025,EG03-00006106,EG07-00003295,,4700003819,28/3/2025,
2024-2025,LIQUIDADO,HF PERU,24-151-HPER,4700003575-22,GONZALO,VERITAS,SUSTRATOS,EASY PLANTER 15 L,M&S,INV-AR-202425/180D,"20,000.00",KG,USD,"11,902.00","11,902.00",0,CIF,SEA,FCL,SRI LANKA,COLOMBO,CALLAO,1,40 HC,20,PALLET,2/1/2025,NA,NA,DIRECTO,,WAN HAI,,DFSU7758948,,,7/12/2024,49,062E004194,CSCL SPRING E061,5/4/2025,14,NO,NA,NEW AGE,AVM,25/000250,25/3/2025,3/4/2025,118-2025-10-139313-01-2-00,9/4/2025,9/4/2025,9/4/2025,26/4/2025,DIRECTO,NA,25/4/2025,T001-3185,NA,25/4/2025,17,ALMC,,52,,,,Falta bl en CP(27/2)[ 4700003575-22/24-151-HPER/DFSU7758948],4700003575-22,27/5/2025,
2024-2025,LIQUIDADO,HF PERU,24-151-HPER,4700003575-22,GONZALO,VERITAS,SUSTRATOS,EASY PLANTER 15 L,M&S,INV-AR-202425/180D,"20,000.00",KG,USD,"11,902.00","11,902.00",0,CIF,SEA,FCL,SRI LANKA,COLOMBO,CALLAO,1,40 HC,20,PALLET,2/1/2025,NA,NA,DIRECTO,,WAN HAI,,WHSU6676489,,,7/12/2024,49,062E004194,CSCL SPRING E061,5/4/2025,14,NO,NA,NEW AGE,AVM,25/000250,25/3/2025,3/4/2025,118-2025-10-139313-01-2-00,9/4/2025,9/4/2025,9/4/2025,26/4/2025,DIRECTO,NA,25/4/2025,T001-3186,NA,25/4/2025,17,ALMC,,52,,,,Falta bl en CP(27/2)[ 4700003575-22/24-151-HPER/WHSU6676489],4700003575-22,27/5/2025,
2024-2025,LIQUIDADO,HF PERU,24-151-HPER,4700003575-22,GONZALO,VERITAS,SUSTRATOS,EASY PLANTER 15 L,M&S,INV-AR-202425/180D,"20,000.00",KG,USD,"11,902.00","11,902.00",0,CIF,SEA,FCL,SRI LANKA,COLOMBO,CALLAO,1,40 HC,20,PALLET,2/1/2025,NA,NA,DIRECTO,,WAN HAI,,WHSU5223106,,,7/12/2024,49,062E004194,CSCL SPRING E061,5/4/2025,14,NO,NA,NEW AGE,AVM,25/000250,25/3/2025,3/4/2025,118-2025-10-139313-01-2-00,9/4/2025,9/4/2025,9/4/2025,26/4/2025,DIRECTO,NA,25/4/2025,T001-3187,NA,25/4/2025,17,ALMC,,52,,,,Falta bl en CP(27/2)[ 4700003575-22/24-151-HPER/WHSU5223106],4700003575-22,27/5/2025,
2025-2026,LIQUIDADO,HF PERU,25-005-HPER,PEA2H10101,ZANDER,QD XEKS,E & E,ETIQUETAS,SAMPLE,F-0003,,,USD,,0.00,0,DAP,AIR,AIR,CHINA,QINGDAO,LIMA,NA,NA,1,CAJA,NA,NA,NA,COURIER,NA,FEDEX,286038527255,,,,4/3/2025,10,286038527255,FEDEX COURIER,5/4/2025,14,NO,NA,NA,FEDEX,NA,NA,5/3/2025,235-2025-28-1566204-41-2-00,NA,NA,3/4/2025,,COURIER,NA,,,NA,5/4/2025,14,PLSA,5/4/2025,14,10/4/2025,,,,PEA2H10101,13/5/2025,
2025-2026,LIQUIDADO,HF PERU,25-006-HPER,4700003857,MELANIE,INTRALOX,SPAREPARTS,REPUESTOS VARIOS,-,43138538,40.00,UN,USD,953.20,953.20,0,FCA,AIR,AIR,USA,MIAMI,LIMA,NA,NA,1,CAJA,NA,21/3/2025,24/3/2025,AIRSEALOG,,AIRMAX,658-30838382,,,,5/4/2025,14,AEMIA25002568,AIRMAX CARGO,5/4/2025,14,NO,NA,SHOHIN,LIP,4598,1/4/2025,2/4/2025,235-2025-10-051972-01-0-00,NA,NA,6/4/2025,,ALMACEN LIMA,LIP,8/4/2025,T001-5477,GUZMAN,8/4/2025,15,PLSA,30/4/2025,18,2/5/2025,EG03-00006783,EG07-00003470,,4700003857,31/12/2025,
2025-2026,LIQUIDADO,HF PERU,25-006-HPER,4700003853,MELANIE,INTRALOX,SPAREPARTS,REPUESTOS VARIOS,-,43153765,1.00,UN,USD,"5,504.79","5,504.79",0,FCA,AIR,AIR,USA,MIAMI,LIMA,NA,NA,1,CAJA,NA,21/3/2025,24/3/2025,AIRSEALOG,,AIRMAX,658-30838382,,,,5/4/2025,14,AEMIA25002568,AIRMAX CARGO,5/4/2025,14,NO,NA,SHOHIN,LIP,4598,1/4/2025,2/4/2025,235-2025-10-051972-01-0-00,NA,NA,6/4/2025,,ALMACEN LIMA,LIP,8/4/2025,T001-5477,GUZMAN,8/4/2025,15,PLSA,30/4/2025,18,2/5/2025,EG03-00006783,EG07-00003470,,4700003853,31/12/2025,
2025-2026,LIQUIDADO,HF PERU,25-009-HPER,4700003847,MELANIE,INTRALOX,SPAREPARTS,REPUESTOS VARIOS,-,43181447,90.00,UN,USD,"7,715.49","7,715.49",0,FCA,AIR,AIR,USA,MIAMI,LIMA,NA,NA,2,CAJA,NA,1/4/2025,2/4/2025,GASTALDI,RO-2506000300,NORTHERN,658-30836212,NA,,,16/4/2025,16,77EAMIA251877,NORTHERN AIR CARGO,16/4/2025,16,SI,11/4/2025,ALFOSAC,LIP,5076,11/4/2025,11/4/2025,235-2025-10-058790-01-5-00,NA,NA,20/4/2025,,ALMACEN LIMA,LIP,22/4/2025,T001-5577,GUZMAN,22/4/2025,17,PLSA,30/4/2025,18,26/5/2025,EG03-00006783,EG07-00003470,,4700003847,31/12/2025,
2025-2026,LIQUIDADO,HF PERU,24-237-HPER,4700003775,OMAR,CODIAGRO,AGQ,FITOKONTROL-K,-,120,"15,000.00",LT,EUR,"38,592.00","45,538.56",0,EXW,SEA,FCL,ESPAÑA,VALENCIA,CALLAO,1,20 ST,15,PALLET,14/3/2025,14/2/2025,14/2/2025,AIRSEALOG,S00050181 ,HAPAG,,GESU3971576,,,11/3/2025,11,VEM25015189,GUAYAQUIL EXPRESS 5210S,17/4/2025,16,SI,14/3/2025,IMUPESA,AVM,25/000530,7/4/2025,16/4/2025,118-2025-10-159007-01-4-00,NA,NA,21/4/2025,,ALMACEN LIMA,AVM,22/4/2025,T001-3162,GUZMAN,22/4/2025,17,ALMC,30/4/2025,18,2/5/2025,EG03-00006785,EG07-00003475,,4700003775,7/5/2025,
2025-2026,ENTREGADO,HFE BERRIES,24-035-HFEB,4700003805,OMAR,PROMISOL,AGQ,CYTOFLOW AMIN,-,F-25077,"1,800.00",KG,EUR,"18,540.00","21,877.20",90,EXW,SEA,LCL,ESPAÑA,BARCELONA,CALLAO,NA,NA,3,PALLET,NA,24/2/2025,25/2/2025,AIRSEALOG,S00050574 ,CMA CGM,,ECMU7587598,,,14/3/2025,11,012025023229,GUAYAQUIL EXPRESS 0WCKLS1MA,18/4/2025,16,NO,NA,VILLAS OQUENDO,AVM,25/000543,11/4/2025,16/4/2025,118-2025-10-157939-01-7-00,NA,NA,23/4/2025,,DIRECTO,NA,,NA,AVM,25/4/2025,17,OLMOS,25/4/2025,17,NA,NA,NA,,4700003805,,
2025-2026,ENTREGADO,HFE BERRIES,24-035-HFEB,4700003805,OMAR,PROMISOL,AGQ,MUCIGEL,-,F-25077,"2,000.00",LT,EUR,"16,800.00","19,824.00",90,EXW,SEA,LCL,ESPAÑA,BARCELONA,CALLAO,NA,NA,2,PALLET,NA,24/2/2025,25/2/2025,AIRSEALOG,S00050574 ,CMA CGM,,ECMU7587598,,,14/3/2025,11,012025023229,GUAYAQUIL EXPRESS 0WCKLS1MA,18/4/2025,16,NO,NA,VILLAS OQUENDO,AVM,25/000543,11/4/2025,16/4/2025,118-2025-10-157939-01-7-00,NA,NA,23/4/2025,,DIRECTO,NA,,NA,AVM,25/4/2025,17,OLMOS,25/4/2025,17,NA,NA,NA,,4700003805,,
2025-2026,LIQUIDADO,HF PERU,24-243-HPER,4700003852,OMAR,PROMISOL,AGQ,CYTOFLOW AMIN,-,F-25078,"2,000.00",KG,EUR,"20,600.00","24,308.00",90,EXW,SEA,LCL,ESPAÑA,VALENCIA,CALLAO,NA,NA,3,PALLET,16/3/2025,24/2/2025,25/2/2025,FORBIS,,CMA CGM,,ECMU7587598,,,14/3/2025,11,012025023399,GUAYAQUIL EXPRESS 0WCKLS1MA,18/4/2025,16,SI,14/3/2025,VILLAS OQUENDO,AVM,25/000545,11/4/2025,16/4/2025,118-2025-10-157631-01-2-00,NA,NA,21/4/2025,,ALMACEN LIMA,AVM,22/4/2025,T001-3163,GUZMAN,22/4/2025,17,ALMC,30/5/2025,22,5/5/2025,EG03-00006785,EG07-00003476,,4700003852,6/5/2025,
2025-2026,LIQUIDADO,HF PERU,24-243-HPER,4700003852,OMAR,PROMISOL,AGQ,CYTOLAN,-,F-25078,"1,000.00",KG,EUR,"10,850.00","12,803.00",90,EXW,SEA,LCL,ESPAÑA,VALENCIA,CALLAO,NA,NA,2,PALLET,16/3/2025,24/2/2025,25/2/2025,FORBIS,,CMA CGM,,ECMU7587598,,,14/3/2025,11,012025023399,GUAYAQUIL EXPRESS 0WCKLS1MA,18/4/2025,16,SI,14/3/2025,VILLAS OQUENDO,AVM,25/000545,11/4/2025,16/4/2025,118-2025-10-157631-01-2-00,NA,NA,21/4/2025,,ALMACEN LIMA,AVM,22/4/2025,T001-3163,GUZMAN,22/4/2025,17,ALMC,30/5/2025,22,5/5/2025,EG03-00006785,EG07-00003476,,4700003852,6/5/2025,
2025-2026,LIQUIDADO,HF PERU,25-010-HPER,4700003894,MELANIE,INTRALOX,SPAREPARTS,REPUESTOS VARIOS,-,43216568,97.00,UN,USD,"6,597.91","6,597.91",0,FCA,AIR,AIR,USA,MIAMI,LIMA,NA,NA,2,CAJA,NA,8/4/2025,9/4/2025,AIRSEALOG,S00052166,AIRMAX,,,,,20/4/2025,16,AEMIA25002859,AIRMAX CARGO,20/4/2025,16,SI,16/4/2025,SHOHIN,LIP,5383,16/4/2025,16/4/2025,235-2025-10-061599-01-0-00,NA,NA,23/4/2025,,ALMACEN LIMA,LIP,25/4/2025,T001-5578,GUZMAN,25/4/2025,17,MAQ0,30/4/2025,18,8/5/2025,EG03-00006782,EG07-00003469,,4700003894,22/12/2025,
2025-2026,ENTREGADO,HFE BERRIES,24-036-HFEB,4700003806,OMAR,EDEN,AGQ,DISPER CHLOROPHYL,-,2025-1707,"1,000.00",KG,EUR,"26,200.00","30,916.00",90,EXW,SEA,LCL,ESPAÑA,BARCELONA,CALLAO,NA,NA,3,PALLET,NA,13/2/2025,14/2/2025,AIRSEALOG,S00050182,MSC,,MSNU2015545,,,9/3/2025,10,BCN/CAL/07719,MSC ALANYA XA514A,25/4/2025,17,NO,NA,DPW,AVM,25/000557,16/4/2025,22/4/2025,118-2025-10-164498-01-2-00,NA,NA,27/4/2025,,DIRECTO,NA,,NA,AVM,29/4/2025,18,OLMOS,29/4/2025,18,NA,NA,NA,,4700003806,,
2025-2026,LIQUIDADO,HF PERU,25-008-HPER,4700003613,MIGUEL,A&B,SPAREPARTS,REPUESTOS VARIOS,-,20847,3.00,UN,USD,122.99,122.99,0,EXW,AIR,AIR,USA,MIAMI,LIMA,NA,NA,1,CAJA,NA,31/3/2025,1/4/2025,GASTALDI,RO-2506000292,AIRMAX,658-30836256,NA,,,26/4/2025,17,93EAMIA252143,AIRMAX CARGO,26/4/2025,17,SI,22/4/2025,ALFOSAC,LIP,5649,22/4/2025,22/4/2025,235-2025-10-063660-01-9-00,NA,NA,27/4/2025,,ALMACEN LIMA,LIP,29/4/2025,T001-5613,GUZMAN,29/4/2025,18,MAQ0,13/5/2025,20,15/5/2025,EG03-00007030,EG07-00003604,,4700003613,26/12/2025,
2025-2026,LIQUIDADO,HF PERU,25-008-HPER,4700003889,MELANIE,A&B,SPAREPARTS,REPUESTOS VARIOS,-,498,52.00,UN,USD,"2,721.80","2,721.80",0,EXW,AIR,AIR,USA,MIAMI,LIMA,NA,NA,1,CAJA,NA,31/3/2025,1/4/2025,GASTALDI,RO-2506000292,AIRMAX,658-30836256,NA,,,26/4/2025,17,93EAMIA252143,AIRMAX CARGO,26/4/2025,17,SI,22/4/2025,ALFOSAC,LIP,5649,22/4/2025,22/4/2025,235-2025-10-063660-01-9-00,NA,NA,27/4/2025,,ALMACEN LIMA,LIP,29/4/2025,T001-5613,GUZMAN,29/4/2025,18,PLSA,13/5/2025,20,15/5/2025,EG03-00007030,EG07-00003604,,4700003889,26/12/2025,
2025-2026,LIQUIDADO,HF PERU,25-008-HPER,4700003897,GONZALO,A&B,SPAREPARTS,REPUESTOS VARIOS,-,512,6.00,UN,USD,282.28,282.28,0,EXW,AIR,AIR,USA,MIAMI,LIMA,NA,NA,1,CAJA,NA,31/3/2025,1/4/2025,GASTALDI,RO-2506000292,AIRMAX,658-30836256,NA,,,26/4/2025,17,93EAMIA252143,AIRMAX CARGO,26/4/2025,17,SI,22/4/2025,ALFOSAC,LIP,5649,22/4/2025,22/4/2025,235-2025-10-063660-01-9-00,NA,NA,27/4/2025,,ALMACEN LIMA,LIP,29/4/2025,T001-5613,GUZMAN,29/4/2025,18,PLSA,13/5/2025,20,15/5/2025,EG03-00007030,EG07-00003604,,4700003897,26/12/2025,
2025-2026,LIQUIDADO,HF PERU,25-002-HPER,4700003859,OMAR,EDEN,AGQ,DISPER CHLOROPHYL,-,2025-1718,"1,000.00",KG,EUR,"26,200.00","30,916.00",90,EXW,SEA,LCL,ESPAÑA,VALENCIA,CALLAO,NA,NA,2,PALLET,27/3/2025,14/3/2025,14/3/2025,GASTALDI,RO-2504000021,CMA CGM,,TIIU6274955,,,31/3/2025,14,250100802/0113, CALLAO EXPRESS 0WCKPS1MA ,2/5/2025,18,SI,27/3/2025,ALFOSAC,AVM,25/000584,25/4/2025,29/4/2025,118-2025-10-175665-01-2-00,NA,NA,5/5/2025,,ALMACEN LIMA,AVM,6/5/2025,T001-3215,GUZMAN,6/5/2025,19,ALMC,13/5/2025,20,14/5/2025,EG03-00007030,EG07-00003604,,4700003859,19/2/2025,
2025-2026,ENTREGADO,HFE BERRIES,25-008-HFEB,5400000366,HUB,HF GENETICS,PLANTAS,PLANTAS DE ARANDANO,-,90875138,"112,734.00",UN,USD,"367,512.84","367,512.84",30,CPT,AIR,AIR,CHILE,SANTIAGO,LIMA,NA,NA,4,PALLET,NA,NA,NA,DIRECTO,NA,KOREAN,180-13996522,NA,NA,,5/5/2025,19,180-13996522,KOREAN AIRLINES,5/5/2025,19,NO,NA,SAASA,AVM,25/000621,5/5/2025,5/5/2025,235-2025-10-071035-01-2-00,13/5/2025,13/5/2025,13/5/2025,NA,DIRECTO,NA,13/5/2025,NA,AVM,14/5/2025,20,OLMOS,14/5/2025,20,NA,NA,NA,,5400000366,,
2025-2026,LIQUIDADO,HF PERU,25-017-HPER,PEA2H10101,ZANDER,SHANGHAI YQ,E & E,CAJAS DE PLASTICO,SAMPLE,880710153716,"1,000.00",UN,USD,20.00,20.00,0,DAP,AIR,AIR,CHINA,SHANGHAI,LIMA,NA,NA,1,CAJA,NA,NA,NA,COURIER,NA,FEDEX,880710153716,NA,,,22/4/2025,17,880710153716,FEDEX COURIER,6/5/2025,19,NO,NA,NA,FEDEX,NA,NA,23/4/2025,235-2025-28-02881493-42-4-00,NA,NA,4/5/2025,,COURIER,NA,,,NA,6/5/2025,19,PLSA,6/5/2025,19,,,,,PEA2H10101,8/5/2025,
2025-2026,LIQUIDADO,HF PERU,25-019-HPER,PEA23W1901,OSCAR,KLASMANN,EQP & INST,GROWCOON,SAMPLE,5250135,"3,000.00",UN,EUR,74.36,87.74,0,DAP,AIR,AIR,PAISES BAJOS,ZWOLLE,LIMA,NA,NA,3,CAJA,NA,NA,NA,COURIER,NA,FEDEX,147375176,NA,,,29/4/2025,18,147375176,FEDEX COURIER,8/5/2025,19,NO,NA,NA,FEDEX,NA,NA,29/4/2025,235-2025-28-03048162-43-5-00,NA,NA,6/5/2025,,COURIER,NA,,,NA,8/5/2025,19,PLSA,8/5/2025,19,8/5/2025,NA,NA,,PEA23W1901,26/12/2025,
2025-2026,LIQUIDADO,HF PERU,25-023-HPER,PEA2H10101,ZANDER,HF CHILE,E & E,ENVASES,SAMPLE,001,100.00,UN,USD,100.00,100.00,0,DAP,AIR,AIR,CHILE,SANTIAGO,LIMA,NA,NA,1,CAJA,NA,NA,NA,COURIER,NA,DHL,2446148515,,,,9/5/2025,19,2446148515,DHL COURIER,16/5/2025,20,NO,NA,NA,DHL,NA,NA,11/5/2025,235-2025-28-03508762-43-2-00,NA,NA,14/5/2025,,COURIER,NA,,,NA,16/5/2025,20,PLSA,16/5/2025,20,16/5/2025,,,,PEA2H10101,20/5/2025,
2025-2026,LIQUIDADO,HF PERU,25-024-HPER,PEA2H10101,ZANDER,HF CHILE,E & E,ENVASES,SAMPLE,2446161432,200.00,UN,USD,200.00,200.00,0,DAP,AIR,AIR,CHILE,SANTIAGO,LIMA,NA,NA,1,CAJA,NA,NA,NA,COURIER,NA,DHL,2446161432,,,,9/5/2025,19,2446161432,DHL COURIER,16/5/2025,20,NO,NA,NA,DHL,NA,NA,11/5/2025,235-2025-28-03508763-43-9-00,NA,NA,14/5/2025,,COURIER,NA,,,NA,16/5/2025,20,PLSA,16/5/2025,20,16/5/2025,,,,PEA2H10101,20/5/2025,
2025-2026,LIQUIDADO,HF PERU,25-020-HPER,4700003898,MELANIE,A&B,SPAREPARTS,REPUESTOS VARIOS,-,529,84.00,UN,USD,"7,837.24","7,837.24",0,EXW,AIR,AIR,USA,MIAMI,LIMA,NA,NA,1,CAJA,NA,2/1/2025,6/5/2025,GASTALDI,RO-2506000388,LAN,045-15715265,NA,,,17/5/2025,20,MIA2501360,LAN CARGO,17/5/2025,20,SI,16/5/2025,TALMA,LIP,6847,16/5/2025,16/5/2025,235-2025-10-078246-01-9-00 ,NA,NA,18/5/2025,,ALMACEN LIMA,LIP,20/5/2025,T001-5825,GUZMAN,20/5/2025,21,PLSA,29/5/2025,22,30/5/2025,EG03-00007478,EG07-00003803,,4700003898,26/12/2025,
2025-2026,LIQUIDADO,HF PERU,25-020-HPER,4700003909,MELANIE,A&B,SPAREPARTS,REPUESTOS VARIOS,-,660,112.00,UN,USD,"5,014.33","5,014.33",0,EXW,AIR,AIR,USA,MIAMI,LIMA,NA,NA,1,CAJA,NA,2/1/2025,6/5/2025,GASTALDI,RO-2506000388,LAN,045-15715265,NA,,,17/5/2025,20,MIA2501360,LAN CARGO,17/5/2025,20,SI,16/5/2025,TALMA,LIP,6847,16/5/2025,16/5/2025,235-2025-10-078246-01-9-00 ,NA,NA,18/5/2025,,ALMACEN LIMA,LIP,20/5/2025,T001-5825,GUZMAN,20/5/2025,21,PLSA,29/5/2025,22,30/5/2025,EG03-00007478,EG07-00003803,,4700003909,26/12/2025,
2025-2026,LIQUIDADO,HF PERU,25-020-HPER,4700003919,MELANIE,A&B,SPAREPARTS,REPUESTOS VARIOS,-,675,190.00,UN,USD,654.50,654.50,0,EXW,AIR,AIR,USA,MIAMI,LIMA,NA,NA,1,CAJA,NA,2/1/2025,6/5/2025,GASTALDI,RO-2506000388,LAN,045-15715265,NA,,,17/5/2025,20,MIA2501360,LAN CARGO,17/5/2025,20,SI,16/5/2025,TALMA,LIP,6847,16/5/2025,16/5/2025,235-2025-10-078246-01-9-00 ,NA,NA,18/5/2025,,ALMACEN LIMA,LIP,20/5/2025,T001-5825,GUZMAN,20/5/2025,21,PLSA,29/5/2025,22,30/5/2025,EG03-00007478,EG07-00003803,,4700003919,26/12/2025,
2025-2026,LIQUIDADO,HF PERU,25-025-HPER,N/A,ZANDER,HF CHILE,E & E,ENVASES,SAMPLE,4696695544,200.00,UN,USD,200.00,200.00,0,DDP,AIR,AIR,CHILE,SANTIAGO,LIMA,NA,NA,1,CAJA,NA,NA,NA,COURIER,NA,DHL,4696695544,,,,13/5/2025,20,4696695544,DHL COURIER,20/5/2025,21,NO,NA,NA,DHL,NA,NA,14/5/2025,235-2025-28-03627923-43-6-01,NA,NA,18/5/2025,,COURIER,NA,,,NA,20/5/2025,21,PLSA,20/5/2025,21,,,,,N/A,,
2025-2026,LIQUIDADO,HF PERU,25-026-HPER,N/A,ZANDER,HF CHILE,E & E,ENVASES,SAMPLE,8200514825,100.00,UN,USD,100.00,100.00,0,DDP,AIR,AIR,CHILE,SANTIAGO,LIMA,NA,NA,1,CAJA,NA,NA,NA,COURIER,NA,DHL,8200514825,,,,13/5/2025,20,8200514825,DHL COURIER,20/5/2025,21,NO,NA,NA,DHL,NA,NA,14/5/2025,235-2025-28-03627967-43-3-01,NA,NA,18/5/2025,,COURIER,NA,,,NA,20/5/2025,21,PLSA,20/5/2025,21,,,,,N/A,,
2025-2026,LIQUIDADO,HF PERU,25-022-HPER,PEA2H10101,ZANDER,HF CHILE,E & E,ENVASES,SAMPLE,1656934333,250.00,UN,USD,250.00,250.00,0,DAP,AIR,AIR,CHILE,SANTIAGO,LIMA,NA,NA,1,CAJA,NA,NA,NA,COURIER,NA,DHL,1656934333,,,,9/5/2025,19,1656934333,DHL COURIER,21/5/2025,21,NO,NA,NA,DHL,NA,NA,11/5/2025,235-2025-28-03508746-43-7-00,NA,NA,19/5/2025,,COURIER,NA,,,NA,21/5/2025,21,PLSA,21/5/2025,21,,,,,PEA2H10101,29/5/2025,
2025-2026,LIQUIDADO,HF PERU,25-027-HPER,4700003812,GONZALO,SMARTPACK,SPAREPARTS,REPUESTOS VARIOS,-,240,2.00,UN,USD,966.00,966.00,30,EXW,AIR,AIR,CHILE,SANTIAGO,LIMA,NA,NA,0.5,CAJA,NA,16/5/2025,19/5/2025,FORBIS,PE-25050631,SKY,605-00586596,NA,,,27/5/2025,22,PELIM25076C,SKY AIRLINES,27/5/2025,22,SI,26/5/2025,ALFOSAC,LIP,7103,26/5/2025,26/5/2025,235-2025-10-083861-01-1-00,NA,NA,27/5/2025,,ALMACEN LIMA,LIP,29/5/2025,T001-5893,GUZMAN,29/5/2025,22,PLSA,16/6/2025,25,18/6/2025,EG03-00008011,EG07-00004014,,4700003812,26/12/2025,
2025-2026,LIQUIDADO,HF PERU,25-027-HPER,4700003856,MELANIE,SMARTPACK,SPAREPARTS,REPUESTOS VARIOS,-,243,1.00,UN,USD,"4,038.64","4,038.64",30,EXW,AIR,AIR,CHILE,SANTIAGO,LIMA,NA,NA,0.5,CAJA,NA,16/5/2025,19/5/2025,FORBIS,PE-25050631,SKY,605-00586596,NA,,,27/5/2025,22,PELIM25076C,SKY AIRLINES,27/5/2025,22,SI,26/5/2025,ALFOSAC,LIP,7103,26/5/2025,26/5/2025,235-2025-10-083861-01-1-00,NA,NA,27/5/2025,,ALMACEN LIMA,LIP,29/5/2025,T001-5893,GUZMAN,29/5/2025,22,PLSA,16/6/2025,25,18/6/2025,EG03-00008011,EG07-00004014,,4700003856,21/11/2025,
2025-2026,ENTREGADO,HFE BERRIES,25-001-HFEB,4700003851-1,GONZALO,CARFIA,SUSTRATOS,FIBRA DE COCO,-,A/25003,"20,000.00",KG,USD,"11,956.32","11,956.32",0,FOB,SEA,FCL,INDIA,TUTICORIN,CALLAO,1,40 HC,20,PALLET,NA,4/3/2025,6/3/2025,AIRSEALOG,S00050942,MSC,EBKG12156456 ,GLDU7334490,,,23/3/2025,12,CTLTTU0000824695,MSC SASHA NX518A,30/5/2025,22,NO,NA,IMUPESA,AVM,25/000564,21/4/2025,28/5/2025,118-2025-10-221343-01-5-00,3/6/2025,3/6/2025,3/6/2025,20/6/2025,DIRECTO,NA,5/6/2025,NA,RANSA,6/6/2025,23,OLMOS,6/6/2025,23,NA,NA,NA,,4700003851-1,21/11/2025,
2025-2026,ENTREGADO,HFE BERRIES,25-001-HFEB,4700003851-1,GONZALO,CARFIA,SUSTRATOS,FIBRA DE COCO,-,A/25003,"20,000.00",KG,USD,"11,956.32","11,956.32",0,FOB,SEA,FCL,INDIA,TUTICORIN,CALLAO,1,40 HC,20,PALLET,NA,4/3/2025,6/3/2025,AIRSEALOG,S00050942,MSC,EBKG12156456 ,TCNU7011091,,,23/3/2025,12,CTLTTU0000824695,MSC SASHA NX518A,30/5/2025,22,NO,NA,IMUPESA,AVM,25/000564,21/4/2025,28/5/2025,118-2025-10-221343-01-5-00,3/6/2025,3/6/2025,3/6/2025,20/6/2025,DIRECTO,NA,5/6/2025,NA,RANSA,6/6/2025,23,OLMOS,6/6/2025,23,NA,NA,NA,,4700003851-1,17/12/2025,
2025-2026,LIQUIDADO,HF PERU,25-028-HPER,4700003907,MELANIE,UNITEC,SPAREPARTS,REPUESTOS VARIOS,-,Ag,40.00,UN,EUR,"4,609.61","5,439.34",30,EXW,AIR,AIR,CHILE,SANTIAGO,LIMA,NA,NA,0.17,CAJA,NA,20/5/2025,21/5/2025,FORBIS,PE-25050712,KOREAN,180-13995682,NA,,,30/5/2025,22,PELIM25078D,KOREAN AIRLINES,30/5/2025,22,SI,28/5/2025,ALFOSAC,LIP,7402,29/5/2025,29/5/2025,235-2025-10-085736-01-8-00,NA,NA,1/6/2025,NA,ALMACEN LIMA,LIP,3/6/2025,T001-5934,GUZMAN,3/6/2025,23,PLSA,23/6/2025,26,23/6/2025,EG03-00008012,EG07-00004013,,4700003907,28/11/2025,
2025-2026,LIQUIDADO,HF PERU,25-028-HPER,4700003915,MELANIE,UNITEC,SPAREPARTS,REPUESTOS VARIOS,-,336,59.00,UN,EUR,"3,423.60","4,039.85",30,EXW,AIR,AIR,CHILE,SANTIAGO,LIMA,NA,NA,0.17,CAJA,NA,20/5/2025,21/5/2025,FORBIS,PE-25050712,KOREAN,180-13995682,NA,,,30/5/2025,22,PELIM25078D,KOREAN AIRLINES,30/5/2025,22,SI,28/5/2025,ALFOSAC,LIP,7402,29/5/2025,29/5/2025,235-2025-10-085736-01-8-00,NA,NA,1/6/2025,NA,ALMACEN LIMA,LIP,3/6/2025,T001-5934,GUZMAN,3/6/2025,23,PLSA,12/6/2025,24,18/6/2025,EG03-00008012,EG07-00004013,,4700003915,,
2025-2026,LIQUIDADO,HF PERU,25-028-HPER,4700003915,MELANIE,UNITEC,SPAREPARTS,REPUESTOS VARIOS,-,337,159.00,UN,EUR,"3,853.31","4,546.91",30,EXW,AIR,AIR,CHILE,SANTIAGO,LIMA,NA,NA,0.17,CAJA,NA,20/5/2025,21/5/2025,FORBIS,PE-25050712,KOREAN,180-13995682,NA,,,30/5/2025,22,PELIM25078D,KOREAN AIRLINES,30/5/2025,22,SI,28/5/2025,ALFOSAC,LIP,7402,29/5/2025,29/5/2025,235-2025-10-085736-01-8-00,NA,NA,1/6/2025,NA,ALMACEN LIMA,LIP,3/6/2025,T001-5934,GUZMAN,3/6/2025,23,MAQ0,12/6/2025,24,18/6/2025,EG03-00008012,EG07-00004013,,4700003915,,
2025-2026,LIQUIDADO,HF PERU,25-028-HPER,4700003915,MELANIE,UNITEC,SPAREPARTS,REPUESTOS VARIOS,-,338,64.00,UN,EUR,"16,950.97","20,002.14",30,EXW,AIR,AIR,CHILE,SANTIAGO,LIMA,NA,NA,0.17,CAJA,NA,20/5/2025,21/5/2025,FORBIS,PE-25050712,KOREAN,180-13995682,NA,,,30/5/2025,22,PELIM25078D,KOREAN AIRLINES,30/5/2025,22,SI,28/5/2025,ALFOSAC,LIP,7402,29/5/2025,29/5/2025,235-2025-10-085736-01-8-00,NA,NA,1/6/2025,NA,ALMACEN LIMA,LIP,3/6/2025,T001-5934,GUZMAN,3/6/2025,23,MAQ0,12/6/2025,24,18/6/2025,EG03-00008012,EG07-00004013,,4700003915,31/10/2025,
2025-2026,LIQUIDADO,HF PERU,25-028-HPER,4700003935,MELANIE,UNITEC,SPAREPARTS,REPUESTOS VARIOS,-,339,215.00,UN,EUR,863.53,"1,018.97",30,EXW,AIR,AIR,CHILE,SANTIAGO,LIMA,NA,NA,0.17,CAJA,NA,20/5/2025,21/5/2025,FORBIS,PE-25050712,KOREAN,180-13995682,NA,,,30/5/2025,22,PELIM25078D,KOREAN AIRLINES,30/5/2025,22,SI,28/5/2025,ALFOSAC,LIP,7402,29/5/2025,29/5/2025,235-2025-10-085736-01-8-00,NA,NA,1/6/2025,NA,ALMACEN LIMA,LIP,3/6/2025,T001-5934,GUZMAN,3/6/2025,23,MAQ0,12/6/2025,24,18/6/2025,EG03-00008012,EG07-00004013,,4700003935,31/10/2025,
2025-2026,LIQUIDADO,HF PERU,25-028-HPER,4700003947,MELANIE,UNITEC,SPAREPARTS,REPUESTOS VARIOS,-,340,11.00,UN,EUR,"5,922.05","6,988.02",30,EXW,AIR,AIR,CHILE,SANTIAGO,LIMA,NA,NA,0.17,CAJA,NA,20/5/2025,21/5/2025,FORBIS,PE-25050712,KOREAN,180-13995682,NA,,,30/5/2025,22,PELIM25078D,KOREAN AIRLINES,30/5/2025,22,SI,28/5/2025,ALFOSAC,LIP,7402,29/5/2025,29/5/2025,235-2025-10-085736-01-8-00,NA,NA,1/6/2025,NA,ALMACEN LIMA,LIP,3/6/2025,T001-5934,GUZMAN,3/6/2025,23,PLSA,23/6/2025,26,23/6/2025,EG03-00008012,EG07-00004013,,4700003947,31/10/2025,
2025-2026,ENTREGADO,HFE BERRIES,25-011-HFEB,4700003879,VICTOR,SMARTPACK,SPAREPARTS,REPUESTOS VARIOS,-,247,29.00,UN,USD,"27,537.07","27,537.07",30,EXW,AIR,AIR,CHILE,SANTIAGO,LIMA,NA,NA,1,CAJA,NA,16/5/2025,19/5/2025,GASTALDI,RO-2506000423,KOREAN,180-13995693,NA,,,30/5/2025,22,PELIM25079,KOREAN AIRLINES,30/5/2025,22,NO,NA,SAASA,LIP,7401,29/5/2025,29/5/2025,235-2025-10-085565-01-9-00,NA,NA,3/6/2025,,DIRECTO,NA,2/6/2025,NA,LIP,5/6/2025,23,OLMOS,5/6/2025,23,NA,NA,NA,,4700003879,31/10/2025,
2025-2026,ENTREGADO,HFE BERRIES,25-011-HFEB,4700003892,VICTOR,SMARTPACK,SPAREPARTS,REPUESTOS VARIOS,-,244,3.00,UN,USD,318.00,318.00,30,EXW,AIR,AIR,CHILE,SANTIAGO,LIMA,NA,NA,0.5,CAJA,NA,16/5/2025,19/5/2025,GASTALDI,RO-2506000423,KOREAN,180-13995693,NA,,,30/5/2025,22,PELIM25079,KOREAN AIRLINES,30/5/2025,22,NO,NA,SAASA,LIP,7401,29/5/2025,29/5/2025,235-2025-10-085565-01-9-00,NA,NA,3/6/2025,,DIRECTO,NA,2/6/2025,NA,LIP,5/6/2025,23,OLMOS,5/6/2025,23,NA,NA,NA,,4700003892,31/10/2025,
2025-2026,ENTREGADO,HFE BERRIES,25-011-HFEB,4700003904,VICTOR,SMARTPACK,SPAREPARTS,REPUESTOS VARIOS,-,245,6.00,UN,USD,579.04,579.04,30,EXW,AIR,AIR,CHILE,SANTIAGO,LIMA,NA,NA,0.5,CAJA,NA,16/5/2025,19/5/2025,GASTALDI,RO-2506000423,KOREAN,180-13995693,NA,,,30/5/2025,22,PELIM25079,KOREAN AIRLINES,30/5/2025,22,NO,NA,SAASA,LIP,7401,29/5/2025,29/5/2025,235-2025-10-085565-01-9-00,NA,NA,3/6/2025,,DIRECTO,NA,2/6/2025,NA,LIP,5/6/2025,23,OLMOS,5/6/2025,23,NA,NA,NA,,4700003904,20/11/2025,
2025-2026,ENTREGADO,HFE BERRIES,25-002-HFEB,4700003860,GONZALO,ORGANIA,SUSTRATOS,FIBRA DE COCO,-,REM/2425/D157,"7,533.00",UN,USD,"12,094.98","12,094.98",0,FOB,SEA,FCL,INDIA,TUTICORIN,CALLAO,1,40 HC,24,PALLET,NA,7/3/2025,7/3/2025,GASTALDI,RO-2500000058,ONE,TUTF03265600,BSIU9697784,,,29/3/2025,13,DEL24251348,RIO DE JANEIRO EXPRESS 2517E,2/6/2025,23,NO,NA,IMUPESA,AVM,25/000745,21/5/2025,30/5/2025,118-2025-10-225223-01-4-00,5/6/2025,5/6/2025,5/6/2025,23/6/2025,DIRECTO,NA,9/6/2025,NA,RANSA,11/6/2025,24,OLMOS,11/6/2025,24,NA,NA,NA,,4700003860,,
2025-2026,ENTREGADO,HFE BERRIES,25-002-HFEB,4700003860,GONZALO,ORGANIA,SUSTRATOS,FIBRA DE COCO,-,REM/2425/D157,"7,533.00",UN,USD,"12,094.98","12,094.98",0,FOB,SEA,FCL,INDIA,TUTICORIN,CALLAO,1,40 HC,24,PALLET,NA,7/3/2025,7/3/2025,GASTALDI,RO-2500000058,ONE,TUTF03265600,TCLU9623041,,,29/3/2025,13,DEL24251348,RIO DE JANEIRO EXPRESS 2517E,2/6/2025,23,NO,NA,IMUPESA,AVM,25/000745,21/5/2025,30/5/2025,118-2025-10-225223-01-4-00,5/6/2025,5/6/2025,5/6/2025,23/6/2025,DIRECTO,NA,9/6/2025,NA,RANSA,11/6/2025,24,OLMOS,11/6/2025,24,NA,NA,NA,,4700003860,,
2025-2026,ENTREGADO,HFE BERRIES,25-002-HFEB,4700003860,GONZALO,ORGANIA,SUSTRATOS,FIBRA DE COCO,-,REM/2425/D157,"7,533.00",UN,USD,"12,094.98","12,094.98",0,FOB,SEA,FCL,INDIA,TUTICORIN,CALLAO,1,40 HC,24,PALLET,NA,7/3/2025,7/3/2025,GASTALDI,RO-2500000058,ONE,TUTF03265600,TCNU6671526,,,29/3/2025,13,DEL24251348,RIO DE JANEIRO EXPRESS 2517E,2/6/2025,23,NO,NA,IMUPESA,AVM,25/000745,21/5/2025,30/5/2025,118-2025-10-225223-01-4-00,5/6/2025,5/6/2025,5/6/2025,23/6/2025,DIRECTO,NA,9/6/2025,NA,RANSA,11/6/2025,24,OLMOS,11/6/2025,24,NA,NA,NA,,4700003860,,
2025-2026,ENTREGADO,HFE BERRIES,25-003-HFEB,4700003851-2,GONZALO,CARFIA,SUSTRATOS,FIBRA DE COCO,-,A/25004,"20,000.00",KG,USD,"11,956.32","11,956.32",0,FOB,SEA,FCL,INDIA,TUTICORIN,CALLAO,1,40 HC,20,PALLET,NA,4/3/2025,6/3/2025,AIRSEALOG,S00051239,MSC,EBKG12162085,CAAU5866281,,,7/4/2025,15,CTLTTU0000837798,ANTHEA Y NX519A,6/6/2025,23,NO,NA,IMUPESA,AVM,25/000599,,4/6/2025,118-2025-10-230718-01-8-00,10/6/2025,10/6/2025,10/6/2025,27/6/2025,DIRECTO,NA,11/6/2025,NA,RANSA,13/6/2025,24,OLMOS,13/6/2025,24,NA,NA,NA,,4700003851-2,,
2025-2026,ENTREGADO,HFE BERRIES,25-003-HFEB,4700003851-2,GONZALO,CARFIA,SUSTRATOS,FIBRA DE COCO,-,A/25004,"20,000.00",KG,USD,"11,956.32","11,956.32",0,FOB,SEA,FCL,INDIA,TUTICORIN,CALLAO,1,40 HC,20,PALLET,NA,4/3/2025,6/3/2025,AIRSEALOG,S00051239,MSC,EBKG12162085,MSDU7647616,,,7/4/2025,15,CTLTTU0000837798,ANTHEA Y NX519A,6/6/2025,23,NO,NA,IMUPESA,AVM,25/000599,,4/6/2025,118-2025-10-230718-01-8-00,10/6/2025,10/6/2025,10/6/2025,27/6/2025,DIRECTO,NA,11/6/2025,NA,RANSA,13/6/2025,24,OLMOS,13/6/2025,24,NA,NA,NA,,4700003851-2,,
2025-2026,ENTREGADO,HFE BERRIES,25-003-HFEB,4700003851-2,GONZALO,CARFIA,SUSTRATOS,FIBRA DE COCO,-,A/25004,"20,000.00",KG,USD,"11,956.32","11,956.32",0,FOB,SEA,FCL,INDIA,TUTICORIN,CALLAO,1,40 HC,20,PALLET,NA,4/3/2025,6/3/2025,AIRSEALOG,S00051239,MSC,EBKG12162085,MSDU5620637,,,7/4/2025,15,CTLTTU0000837798,ANTHEA Y NX519A,6/6/2025,23,NO,NA,IMUPESA,AVM,25/000599,,4/6/2025,118-2025-10-230718-01-8-00,10/6/2025,10/6/2025,10/6/2025,27/6/2025,DIRECTO,NA,11/6/2025,NA,RANSA,14/6/2025,24,OLMOS,14/6/2025,24,NA,NA,NA,,4700003851-2,,
2025-2026,LIQUIDADO,HF PERU,25-012-HPER,4700003921-1,OMAR,PROMISOL,AGQ,MUCIGEL,-,F/25200,"14,000.00",LT,EUR,"117,600.00","138,768.00",90,EXW,SEA,FCL,ESPAÑA,BARCELONA,CALLAO,1,20 ST,14,PALLET,14/5/2025,21/4/2025,22/4/2025,AIRSEALOG,S00052981,MSC,048IBC0381058,MSMU2047723,,,9/5/2025,19,PBCN25079718,ANTHEA Y NX519A,6/6/2025,23,SI,14/5/2025,IMUPESA,AVM,25/000802,3/6/2025,5/6/2025,118-2025-10-232353-01-7-00,NA,NA,9/6/2025,,ALMACEN LIMA,AVM,10/6/2025,T001-3318,GUZMAN,10/6/2025,24,ALMC,12/6/2025,24,14/6/2025,EG03-00008009,EG07-00004016,,4700003921-1,26/8/2025,
2025-2026,LIQUIDADO,HF PERU,25-014-HPER,4700003922,OMAR,EDEN,AGQ,DISPER COMPLEX,-,2025-1729,"10,000.00",KG,EUR,"74,000.00","87,320.00",90,EXW,SEA,FCL,ESPAÑA,BARCELONA,CALLAO,1,20 ST,20,PALLET,6/5/2025,25/4/2025,28/4/2025,AIRSEALOG,S00052710,MSC,EBKG12664689,MSBU1174442,,,11/5/2025,19,PVAL25084636,ANTHEA Y NX519A,6/6/2025,23,SI,6/5/2025,IMUPESA,AVM,25/000801,3/6/2025,5/6/2025,118-2025-10-232374-01-4-00,NA,NA,9/6/2025,,ALMACEN LIMA,AVM,10/6/2025,T001-3320,GUZMAN,10/6/2025,24,ALMC,11/6/2025,24,12/6/2025,EG03-00007996,EG07-00003995,,4700003922,17/6/2025,
2025-2026,LIQUIDADO,HF PERU,25-014-HPER,4700003926,OMAR,EDEN,AGQ,DISPER COMPLEX,-,2025-1730,"24,000.00",KG,EUR,"177,600.00","209,568.00",90,EXW,SEA,FCL,ESPAÑA,BARCELONA,CALLAO,1,40 HC,40,PALLET,6/5/2025,25/4/2025,28/4/2025,AIRSEALOG,S00052710,MSC,EBKG12664689,CAAU5117811,,,11/5/2025,19,PVAL25084636,ANTHEA Y NX519A,6/6/2025,23,SI,6/5/2025,IMUPESA,AVM,25/000801,3/6/2025,5/6/2025,118-2025-10-232374-01-4-00,NA,NA,9/6/2025,,ALMACEN LIMA,AVM,10/6/2025,T001-3319,GUZMAN,10/6/2025,24,ALMC,11/6/2025,24,12/6/2025,EG03-00007997,EG07-00003999,,4700003926,17/6/2025,
2025-2026,LIQUIDADO,HF PERU,25-018-HPER,4700003808,GONZALO,PROJAR,SUSTRATOS,FIBRA DE COCO,-,FE25-00386,24.00,BB,EUR,"8,105.69","9,564.71",20% PE - 80% BL,CIF,SEA,FCL,ESPAÑA,VALENCIA,CALLAO,1,40 HC,24,PALLET,2/5/2025,NA,NA,DIRECTO,NA,MSC,EBKG12324230,UETU6140763,,,27/4/2025,17,MEDUVS624421,ANTHEA Y NX519A,6/6/2025,23,NO,NA,IMUPESA,AVM,25/000528,1/10/2025,4/6/2025,118-2025-10-230536-01-7-00,10/6/2025,12/6/2025,12/6/2025,27/6/2025,ALMACEN LIMA,AVM,13/6/2025,T001-3329,GUZMAN,13/6/2025,24,ALES,18/6/2025,25,25/6/2025,EG03-00008233,EG07-00004055,,4700003808,26/6/2025,
2025-2026,LIQUIDADO,HF PERU,25-018-HPER,4700003808,GONZALO,PROJAR,SUSTRATOS,FIBRA DE COCO,-,FE25-00386,24.00,BB,EUR,"8,105.69","9,564.71",20% PE - 80% BL,CIF,SEA,FCL,ESPAÑA,VALENCIA,CALLAO,1,40 HC,24,PALLET,2/5/2025,NA,NA,DIRECTO,NA,MSC,EBKG12324230,MSMU4940890,,,27/4/2025,17,MEDUVS624421,ANTHEA Y NX519A,6/6/2025,23,NO,NA,IMUPESA,AVM,25/000528,1/10/2025,4/6/2025,118-2025-10-230536-01-7-00,10/6/2025,12/6/2025,12/6/2025,27/6/2025,ALMACEN LIMA,AVM,13/6/2025,T001-3328,GUZMAN,13/6/2025,24,ALES,18/6/2025,25,25/6/2025,EG03-00008237,EG07-00004054,,4700003808,26/6/2025,
2025-2026,LIQUIDADO,HF PERU,25-018-HPER,4700003808,GONZALO,PROJAR,SUSTRATOS,FIBRA DE COCO,-,FE25-00386,24.00,BB,EUR,"8,105.69","9,564.71",20% PE - 80% BL,CIF,SEA,FCL,ESPAÑA,VALENCIA,CALLAO,1,40 HC,24,PALLET,2/5/2025,NA,NA,DIRECTO,NA,MSC,EBKG12324230,CAIU4710698,,,27/4/2025,17,MEDUVS624421,ANTHEA Y NX519A,6/6/2025,23,NO,NA,IMUPESA,AVM,25/000528,1/10/2025,4/6/2025,118-2025-10-230536-01-7-00,10/6/2025,12/6/2025,12/6/2025,27/6/2025,ALMACEN LIMA,AVM,13/6/2025,T001-3326,GUZMAN,13/6/2025,24,ALES,18/6/2025,25,25/6/2025,EG03-00008236,EG07-00004056,,4700003808,26/6/2025,
2025-2026,LIQUIDADO,HF PERU,25-018-HPER,4700003808,GONZALO,PROJAR,SUSTRATOS,FIBRA DE COCO,-,FE25-00386,24.00,BB,EUR,"8,105.69","9,564.71",20% PE - 80% BL,CIF,SEA,FCL,ESPAÑA,VALENCIA,CALLAO,1,40 HC,24,PALLET,2/5/2025,NA,NA,DIRECTO,NA,MSC,EBKG12324230,MSDU6714221,,,27/4/2025,17,MEDUVS624421,ANTHEA Y NX519A,6/6/2025,23,NO,NA,IMUPESA,AVM,25/000528,1/10/2025,4/6/2025,118-2025-10-230536-01-7-00,10/6/2025,12/6/2025,12/6/2025,27/6/2025,ALMACEN LIMA,AVM,13/6/2025,T001-3327,GUZMAN,13/6/2025,24,ALES,18/6/2025,25,25/6/2025,EG03-00008239,EG07-00004062,,4700003808,26/6/2025,
2025-2026,LIQUIDADO,HF PERU,25-018-HPER,4700003808,GONZALO,PROJAR,SUSTRATOS,MACETAS BERRYPOT,-,FE25-00386,16.00,BB,EUR,"18,034.78","21,281.04",20% PE - 80% BL,CIF,SEA,FCL,ESPAÑA,VALENCIA,CALLAO,0.5,40 HC,16,PALLET,2/5/2025,NA,NA,DIRECTO,NA,MSC,EBKG12324230,FFAU2228409,,,27/4/2025,17,MEDUVS624421,ANTHEA Y NX519A,6/6/2025,23,NO,NA,IMUPESA,AVM,25/000528,1/10/2025,4/6/2025,118-2025-10-230536-01-7-00,10/6/2025,18/6/2025,18/6/2025,27/6/2025,ALMACEN LIMA,AVM,19/6/2025,T001-3383,GUZMAN,19/6/2025,25,ALES,26/6/2025,26,27/6/2025,EG03-00008348,EG07-00004190,,4700003808,26/6/2025,
2025-2026,LIQUIDADO,HF PERU,25-018-HPER,4700003808,GONZALO,PROJAR,SUSTRATOS,TURBA,-,FE25-00386,6.00,BB,EUR,"1,837.98","2,168.82",20% PE - 80% BL,CIF,SEA,FCL,ESPAÑA,VALENCIA,CALLAO,0.5,40 HC,6,PALLET,2/5/2025,NA,NA,DIRECTO,NA,MSC,EBKG12324230,FFAU2228409,,,27/4/2025,17,MEDUVS624421,ANTHEA Y NX519A,6/6/2025,23,NO,NA,IMUPESA,AVM,25/000528,1/10/2025,4/6/2025,118-2025-10-230536-01-7-00,10/6/2025,18/6/2025,18/6/2025,27/6/2025,ALMACEN LIMA,AVM,19/6/2025,T001-3383,GUZMAN,19/6/2025,25,ALES,26/6/2025,26,27/6/2025,EG03-00008348,EG07-00004190,,4700003808,26/6/2025,
2025-2026,LIQUIDADO,HF PERU,25-042-HPER,4700004028,HUB,NAM PLANTS,PLANTAS,PLANTAS IN VITRO,-,12682a,500.00,UN,USD,"1,784.20","1,784.20",30,CPT,AIR,AIR,USA,PORTLAND,LIMA,NA,NA,1,PALLET,NA,NA,NA,DIRECTO,NA,AIR CANADA,014-37644261,NA,NA,,5/6/2025,23,014-37644261,AIR CANADA CARGO,7/6/2025,23,SI,5/6/2025,TALMA,AVM,25/000796,3/6/2025,6/6/2025,235-2025-10-090832-01-1-00,10/6/2025,10/6/2025,10/6/2025,NA,DIRECTO,NA,10/6/2025,NA,AVM,11/6/2025,24,ALMC,11/6/2025,24,26/6/2025,T001-3321,NA,,4700004028,20/11/2025,
2025-2026,LIQUIDADO,HF PERU,25-040-HPER,4700004014,THALIA,SMARTPACK,SPAREPARTS,REPUESTOS VARIOS,-,250,2.00,UN,USD,476.49,476.49,30,EXW,AIR,AIR,CHILE,SANTIAGO,LIMA,NA,NA,1,CAJA,NA,2/6/2025,2/6/2025,AIRSEALOG,S00054132,SKY,605-00570684,NA,,,7/6/2025,23,S2506611544,SKY AIRLINES,7/6/2025,23,SI,6/6/2025,SHOHIN,LIP,7799,6/6/2025,6/6/2025,235-2025-10-091000-01-1-00,NA,NA,8/6/2025,,ALMACEN LIMA,LIP,10/6/2025,T001-6001,GUZMAN,10/6/2025,24,PLSA,23/6/2025,26,23/6/2025,EG03-00008012,EG07-00004013,,4700004014,26/11/2025,
2025-2026,LIQUIDADO,HF PERU,25-040-HPER,4700003967,MELANIE,SMARTPACK,SPAREPARTS,REPUESTOS VARIOS,-,249,12.00,UN,USD,"5,162.00","5,162.00",30,EXW,AIR,AIR,CHILE,SANTIAGO,LIMA,NA,NA,1,CAJA,NA,2/6/2025,2/6/2025,AIRSEALOG,S00054132,SKY,605-00570684,NA,,,7/6/2025,23,S2506611544,SKY AIRLINES,7/6/2025,23,SI,6/6/2025,SHOHIN,LIP,7799,6/6/2025,6/6/2025,235-2025-10-091000-01-1-00,NA,NA,8/6/2025,,ALMACEN LIMA,LIP,10/6/2025,T001-6001,GUZMAN,10/6/2025,24,MAQ0,18/6/2025,25,18/6/2025,EG03-00008012,EG07-00004013,,4700003967,26/6/2025,
2025-2026,LIQUIDADO,HF PERU,25-037-HPER,4700003931,GONZALO,RITEC,EQP & INST,APARATOS DE RIEGO,-,25/401,8.00,UN,USD,123.52,123.52,0,EXW,AIR,AIR,ESPAÑA,MADRID,LIMA,NA,NA,1,CAJA,NA,NA,NA,COURIER,NA,DHL,1214640825,NA,NA,,2/6/2025,23,1214640825,DHL COURIER,11/6/2025,24,NO,NA,NA,DHL,NA,NA,3/6/2025,235-2025-28-04418816-44-8-00,NA,NA,9/6/2025,,COURIER,NA,NA,NA,NA,11/6/2025,24,PLSA,11/6/2025,24,1/8/2025,NA,NA,,4700003931,31/10/2025,
2025-2026,LIQUIDADO,HF PERU,25-013-HPER,4700003921-2,OMAR,PROMISOL,AGQ,MUCIGEL,-,F/25211,"4,000.00",LT,EUR,"33,600.00","39,648.00",90,EXW,SEA,FCL,ESPAÑA,BARCELONA,CALLAO,0.5,20 ST,4,PALLET,8/5/2025,25/4/2025,28/4/2025,AIRSEALOG,S00052549,MSC,048IBC0381845,UETU2627096,,,14/5/2025,20,PBCN25087726,MSC CHLOE NX520A,13/6/2025,24,SI,11/6/2025,IMUPESA,AVM,25/000821,9/6/2025,11/6/2025,118-2025-10-242423-01-8-00,NA,NA,15/6/2025,,ALMACEN LIMA,AVM,17/6/2025,T001-3354,GUZMAN,17/6/2025,25,ALMC,24/6/2025,26,24/6/2025,EG03-00008303,EG07-00004149,,4700003921-2,26/6/2025,
2025-2026,LIQUIDADO,HF PERU,25-013-HPER,4700003921-2,OMAR,PROMISOL,AGQ,PROMI-CALFOR,-,F/25211,"19,200.00",KG,EUR,"69,120.00","81,561.60",90,EXW,SEA,FCL,ESPAÑA,BARCELONA,CALLAO,0.5,20 ST,16,PALLET,8/5/2025,25/4/2025,28/4/2025,AIRSEALOG,S00052549,MSC,048IBC0381845,UETU2627096,,,14/5/2025,20,PBCN25087726,MSC CHLOE NX520A,13/6/2025,24,SI,11/6/2025,IMUPESA,AVM,25/000821,9/6/2025,11/6/2025,118-2025-10-242423-01-8-00,NA,NA,15/6/2025,,ALMACEN LIMA,AVM,17/6/2025,T001-3354,GUZMAN,17/6/2025,25,ALMC,24/6/2025,26,24/6/2025,EG03-00008303,EG07-00004149,,4700003921-2,26/6/2025,
2025-2026,LIQUIDADO,HF PERU,25-015-HPER,4700003927,OMAR,BIOCONSUL,AGQ,ORGANCAB K (ABONO ORGANICO),-,BE008/25,"20,000.00",LT,EUR,"15,000.00","17,700.00",60,EXW,SEA,FCL,ESPAÑA,VALENCIA,CALLAO,1,40 HC,20,PALLET,8/5/2025,28/4/2025,2/5/2025,AIRSEALOG,S00052977,MSC,EBKG12712440,MSMU5878124,,,17/5/2025,20,PAEM020406,MSC CHLOE NX520A,13/6/2025,24,SI,19/5/2025,IMUPESA,AVM,25/000822,9/6/2025,11/6/2025,118-2025-10-242460-01-0-00,NA,NA,15/6/2025,,ALMACEN LIMA,AVM,17/6/2025,T001-3355,GUZMAN,17/6/2025,25,ALMC,24/6/2025,26,24/6/2025,EG03-00008302,EG07-00004148,,4700003927,26/8/2025,
2025-2026,ENTREGADO,HFE BERRIES,25-013-HFEB,4700003880,VICTOR,A&B,SPAREPARTS,REPUESTOS VARIOS,-,511,162.00,UN,USD,"17,624.53","17,624.53",0,EXW,AIR,AIR,USA,MIAMI,LIMA,NA,NA,2,CAJA,NA,28/5/2025,28/5/2025,GASTALDI,RO-2506000451,AIRMAX,658-30845511,NA,,,14/6/2025,24,25-12535,AIRMAX CARGO,14/6/2025,24,NO,NA,SHOHIN,LIP,7891,9/6/2025,10/6/2025,235-2025-10-95292-01-8-00,NA,NA,18/6/2025,,DIRECTO,NA,17/6/2025,NA,LIP,20/6/2025,25,OLMOS,20/6/2025,25,NA,NA,NA,,4700003880,31/10/2025,
2025-2026,LIQUIDADO,HF PERU,25-039-HPER,4700003913,MELANIE,A&B,SPAREPARTS,REPUESTOS VARIOS,-,658,452.00,UN,USD,"26,252.99","26,252.99",0,EXW,AIR,AIR,USA,MIAMI,LIMA,NA,NA,1,CAJA,NA,2/6/2025,2/6/2025,GASTALDI,RO-2506000460,AIRMAX,658-30846631,NA,,,15/6/2025,24,80EAMIA253013,AIRMAX CARGO,15/6/2025,24,SI,12/6/2025,ALFOSAC,LIP,8060,12/6/2025,12/6/2025,235-2025-10-094302-01-7-00,NA,NA,15/6/2025,,ALMACEN LIMA,LIP,17/6/2025,T001-6076,GUZMAN,17/6/2025,25,MAQ0,23/6/2025,26,25/7/2025,EG03-00008298,EG07-00004132,,4700003913,31/10/2025,
2025-2026,ENTREGADO,HFE BERRIES,25-007-HFEB,4700003939,OMAR,PROMISOL,AGQ,CYTOLAN,-,F/25210,"2,000.00",KG,EUR,"21,700.00","25,606.00",90,EXW,SEA,LCL,ESPAÑA,BARCELONA,CALLAO,NA,NA,3,PALLET,NA,29/4/2025,2/5/2025,AIRSEALOG,S00052957,MSC,,MSMU5445633,,,21/5/2025,21,012025050346,MSC PANTERA NX521A,19/6/2025,25,NO,NA,VILLAS OQUENDO,AVM,25/000847,13/6/2025,17/6/2025,118-2025-10-251190-01-2-00,NA,NA,28/6/2025,,DIRECTO,NA,27/6/2025,NA,AVM,30/6/2025,27,OLMOS,30/6/2025,27,NA,NA,NA,,4700003939,,
2025-2026,ENTREGADO,HFE BERRIES,25-007-HFEB,4700003939,OMAR,PROMISOL,AGQ,MUCIGEL,-,F/25210,"2,000.00",LT,EUR,"16,800.00","19,824.00",90,EXW,SEA,LCL,ESPAÑA,BARCELONA,CALLAO,NA,NA,2,PALLET,NA,29/4/2025,2/5/2025,AIRSEALOG,S00052957,MSC,,MSMU5445633,,,21/5/2025,21,012025050346,MSC PANTERA NX521A,19/6/2025,25,NO,NA,VILLAS OQUENDO,AVM,25/000847,13/6/2025,17/6/2025,118-2025-10-251190-01-2-00,NA,NA,28/6/2025,,DIRECTO,NA,27/6/2025,NA,AVM,30/6/2025,27,OLMOS,30/6/2025,27,NA,NA,NA,,4700003939,,
2025-2026,ENTREGADO,HFE BERRIES,25-007-HFEB,4700003573-3,OMAR,PROMISOL,AGQ,PROMI FERTIL MIX,-,F/25210,"3,000.00",KG,EUR,"22,650.00","26,727.00",90,EXW,SEA,LCL,ESPAÑA,BARCELONA,CALLAO,NA,NA,3,PALLET,NA,29/4/2025,2/5/2025,AIRSEALOG,S00052957,MSC,,MSMU5445633,,,21/5/2025,21,012025050346,MSC PANTERA NX521A,19/6/2025,25,NO,NA,VILLAS OQUENDO,AVM,25/000847,13/6/2025,17/6/2025,118-2025-10-251190-01-2-00,NA,NA,28/6/2025,,DIRECTO,NA,27/6/2025,NA,AVM,30/6/2025,27,OLMOS,30/6/2025,27,NA,NA,NA,,4700003573-3,,
2025-2026,ENTREGADO,HFE BERRIES,25-006-HFEB,4700003938,OMAR,BIOCONSUL,AGQ,ORGANCAB K (ABONO ORGANICO),-,BE007/25,"2,000.00",LT,EUR,"1,500.00","1,770.00",60,EXW,SEA,LCL,ESPAÑA,BARCELONA,CALLAO,NA,NA,2,PALLET,NA,25/4/2025,25/4/2025,AIRSEALOG,S00052727,CMA CGM,,TGBU6210680,,,14/5/2025,20,EM2CL-1289490,CMA CGM CARL ANTOINE 0WCL3S1MA,20/6/2025,25,NO,NA,VILLAS OQUENDO,AVM,25/000845,13/6/2025,17/6/2025,118-2025-10-250959-01-0-00,NA,NA,28/6/2025,,DIRECTO,NA,27/6/2025,NA,AVM,30/6/2025,27,OLMOS,30/6/2025,27,NA,NA,NA,,4700003938,,
2025-2026,ENTREGADO,HFE BERRIES,25-006-HFEB,4700003603-2,OMAR,BIOCONSUL,AGQ,ALGACAB 100,-,BE007/25,440.00,KG,EUR,"3,938.00","4,646.84",60,EXW,SEA,FCL,ESPAÑA,BARCELONA,CALLAO,NA,NA,1,PALLET,NA,25/4/2025,25/4/2025,AIRSEALOG,S00052727,CMA CGM,,TGBU6210680,,,14/5/2025,20,EM2CL-1289490,CMA CGM CARL ANTOINE 0WCL3S1MA,20/6/2025,25,NO,NA,VILLAS OQUENDO,AVM,25/000845,13/6/2025,17/6/2025,118-2025-10-250959-01-0-00,NA,NA,28/6/2025,,DIRECTO,NA,27/6/2025,NA,AVM,30/6/2025,27,OLMOS,30/6/2025,27,NA,NA,NA,,4700003603-2,,
2025-2026,ENTREGADO,HFE BERRIES,25-012-HFEB,N/A,CORPORATIVO,HF MEXICO,MAQUINARIA,LINEA DE EMPAQUE 1 - OLMOS,-,F005-00008286A,7.00,UN,USD,"126,595.17","126,595.17",0,CIF,SEA,FCL,MEXICO,MANZANILLO,CALLAO,1,40 HC,7,PALLET,NA,NA,NA,DIRECTO,NA,PIL,MEX500078400,PIDU4289548,,,12/6/2025,24,ICKMEX-1327A,WAN HAI A02 VW020012E,21/6/2025,25,NO,NA,DPW,LIP,8230,13/6/2025,30/6/2025,118-2025-30-000094-01-2-00,4/7/2025,4/7/2025,8/7/2025,11/7/2025,DIRECTO,NA,8/7/2025,NA,LIP,10/7/2025,28,OLMOS,10/7/2025,28,NA,NA,NA,,N/A,,
2025-2026,ENTREGADO,HFE BERRIES,25-012-HFEB,N/A,CORPORATIVO,HF MEXICO,MAQUINARIA,LINEA DE EMPAQUE 2- OLMOS,-,F005-00008287A,7.00,UN,USD,"129,399.64","129,399.64",0,CIF,SEA,FCL,MEXICO,MANZANILLO,CALLAO,1,40 HC,7,PALLET,NA,NA,NA,DIRECTO,NA,PIL,MEX500078400,GAOU7197546,,,12/6/2025,24,ICKMEX-1327A,WAN HAI A02 VW020012E,21/6/2025,25,NO,NA,DPW,LIP,8230,13/6/2025,30/6/2025,118-2025-30-000094-01-2-00,4/7/2025,4/7/2025,8/7/2025,11/7/2025,DIRECTO,NA,8/7/2025,NA,LIP,10/7/2025,28,OLMOS,10/7/2025,28,NA,NA,NA,,N/A,,
2025-2026,ENTREGADO,HFE BERRIES,25-012-HFEB,N/A,CORPORATIVO,HF MEXICO,MAQUINARIA,LINEA DE EMPAQUE 3 - OLMOS,-,F005-00008288A,6.00,UN,USD,"126,549.17","126,549.17",0,CIF,SEA,FCL,MEXICO,MANZANILLO,CALLAO,1,40 HC,6,PALLET,NA,NA,NA,DIRECTO,NA,PIL,MEX500078400,GAOU7100893,,,12/6/2025,24,ICKMEX-1327A,WAN HAI A02 VW020012E,21/6/2025,25,NO,NA,DPW,LIP,8230,13/6/2025,30/6/2025,118-2025-30-000094-01-2-00,4/7/2025,4/7/2025,8/7/2025,11/7/2025,DIRECTO,NA,8/7/2025,NA,LIP,10/7/2025,28,OLMOS,10/7/2025,28,NA,NA,NA,,N/A,,
2025-2026,LIQUIDADO,HF PERU,25-032-HPER,1107000040,CORPORATIVO,HF MEXICO,MAQUINARIA,LINEA DE EMPAQUE - CHAO,-,F005-00008289A,10.00,UN,USD,"56,390.64","56,390.64",0,CIF,SEA,FCL,MEXICO,MANZANILLO,CALLAO,1,40 HC,10,PALLET,NA,NA,NA,DIRECTO,NA,PIL,MEX500078400,PIDU4034871,,,12/6/2025,24,ICKMEX-1327B,WAN HAI A02 VW020012E,21/6/2025,25,NO,NA,DPW,LIP,8229,13/6/2025,2/7/2025,118-2025-30-000096-01-0-00,4/7/2025,4/7/2025,7/7/2025,11/7/2025,DIRECTO,NA,8/7/2025,T001-6298,LIP,9/7/2025,28,PLSA,9/7/2025,28,10/7/2025,NA,NA,,1107000040,31/7/2025,
2025-2026,LIQUIDADO,HF PERU,25-041-HPER,PEA2H10101,DAVID,SHANDONG,E & E,ENVASES,SAMPLE,X2W329TSBBJ ,680.00,UN,USD,6.80,6.80,0,DAP,AIR,AIR,CHINA,SHANGHAI,LIMA,NA,NA,2,CAJA,NA,NA,NA,COURIER,NA,UPS,1ZX2W3296794769855,NA,,,22/5/2025,21,X2W329TSBBJ ,UPS COURIER,22/6/2025,25,NO,NA,NA,UPS,NA,NA,29/5/2025,235-2025-28-04216667-44-9-00,NA,NA,20/6/2025,,COURIER,NA,,,NA,22/6/2025,25,PLSA,22/6/2025,25,,,,,PEA2H10101,26/6/2025,
2025-2026,LIQUIDADO,HF PERU,25-043-HPER,4700003999-1,FIORELLA,OSKUPACK,E & E,CLAMSHELL 18OZ,ENV,152,"161,100.00",UN,USD,"16,754.40","16,754.40",90,EXW,SEA,FCL,CHILE,SAN ANTONIO,CALLAO,1,40 HC,537,CAJA,NA,3/6/2025,5/6/2025,AIRSEALOG,S00054254,COSCO,6420897290,OOCU7365486,,,20/6/2025,25,ASLCLS00054254,CMA CGM BEIRA 0LISSN1MA,24/6/2025,26,SI,23/6/2025,IMUPESA,AVM,25/000955,24/6/2025,24/6/2025,118-2025-10-263021-01-6-00,NA,NA,29/6/2025,16/7/2025,DIRECTO,NA,30/6/2025,NA,GASTALDI,1/7/2025,27,PLSA,1/7/2025,27,2/7/2025,EG03-00000560,EG07-00004262,,4700003999-1,30/7/2025,
2025-2026,LIQUIDADO,HF PERU,25-043-HPER,4700003999-1,FIORELLA,OSKUPACK,E & E,CLAMSHELL 18OZ,ENV,152,"159,600.00",UN,USD,"16,598.40","16,598.40",90,EXW,SEA,FCL,CHILE,SAN ANTONIO,CALLAO,1,40 HC,532,CAJA,NA,3/6/2025,5/6/2025,AIRSEALOG,S00054254,COSCO,6420897290,OOCU9472185,,,20/6/2025,25,ASLCLS00054254,CMA CGM BEIRA 0LISSN1MA,24/6/2025,26,SI,23/6/2025,IMUPESA,AVM,25/000955,24/6/2025,24/6/2025,118-2025-10-263021-01-6-00,NA,NA,30/6/2025,16/7/2025,DIRECTO,NA,1/7/2025,NA,GASTALDI,2/7/2025,27,MAQ0,2/7/2025,27,4/7/2025,EG03-00000147,EG07-00004279,,4700003999-1,30/7/2025,
2025-2026,LIQUIDADO,HF PERU,25-043-HPER,4700003999-1,FIORELLA,OSKUPACK,E & E,CLAMSHELL 18OZ,ENV,152,"160,800.00",UN,USD,"16,723.20","16,723.20",90,EXW,SEA,FCL,CHILE,SAN ANTONIO,CALLAO,1,40 HC,536,CAJA,NA,3/6/2025,5/6/2025,AIRSEALOG,S00054254,COSCO,6420897290,TCKU7881780,,,20/6/2025,25,ASLCLS00054254,CMA CGM BEIRA 0LISSN1MA,24/6/2025,26,SI,23/6/2025,IMUPESA,AVM,25/000955,24/6/2025,24/6/2025,118-2025-10-263021-01-6-00,NA,NA,7/7/2025,16/7/2025,DIRECTO,NA,8/7/2025,NA,GASTALDI,9/7/2025,28,MAQ0,9/7/2025,28,9/7/2025,EG03-00000582,EG07-00004380,,4700003999-1,30/7/2025,
2025-2026,LIQUIDADO,HF PERU,25-043-HPER,4700003999-1,FIORELLA,OSKUPACK,E & E,CLAMSHELL 18OZ,ENV,152,"161,100.00",UN,USD,"16,754.40","16,754.40",90,EXW,SEA,FCL,CHILE,SAN ANTONIO,CALLAO,1,40 HC,537,CAJA,NA,3/6/2025,5/6/2025,AIRSEALOG,S00054254,COSCO,6420897290,UETU6436858,,,20/6/2025,25,ASLCLS00054254,CMA CGM BEIRA 0LISSN1MA,24/6/2025,26,SI,23/6/2025,IMUPESA,AVM,25/000955,24/6/2025,24/6/2025,118-2025-10-263021-01-6-00,NA,NA,6/7/2025,16/7/2025,DIRECTO,NA,7/7/2025,NA,GASTALDI,8/7/2025,28,MAQ0,8/7/2025,28,8/7/2025,EG03-00000580,EG07-00004364,,4700003999-1,30/7/2025,
2025-2026,LIQUIDADO,HF PERU,25-033-HPER,4700003990,FIORELLA,SIRANE,E & E,PADS ABSORBENTES,-,5134,"315,000.00",UN,USD,"2,730.00","2,730.00",0,EXW,AIR,AIR,MEXICO,MANZANILLO,LIMA,NA,NA,3,PALLET,NA,23/5/2025,26/5/2025,AIRSEALOG,S00053798,AEROMEXICO,139-42480712,NA,,,27/6/2025,26,INTMEX001221,AEROMEXICO,27/6/2025,26,SI,25/6/2025,SHOHIN,AVM,25/000964,25/6/2025,27/6/2025,235-2025-10-103200-01-1-01,NA,NA,2/7/2025,NA,DIRECTO,NA,3/7/2025,NA,GASTALDI,4/7/2025,27,MAQ0,4/7/2025,27,4/7/2025,EG03-00005268,EG07-00004311,,4700003990,11/7/2025,
2025-2026,LIQUIDADO,HF PERU,25-033-HPER,4700003990,FIORELLA,SIRANE,E & E,PADS ABSORBENTES,-,5134,"105,000.00",UN,USD,"2,730.00","2,730.00",0,EXW,AIR,AIR,MEXICO,MANZANILLO,LIMA,NA,NA,1,PALLET,NA,23/5/2025,26/5/2025,AIRSEALOG,S00053798,AEROMEXICO,139-42480712,NA,,,27/6/2025,26,INTMEX001221,AEROMEXICO,27/6/2025,26,SI,25/6/2025,SHOHIN,AVM,25/001001,25/6/2025,27/6/2025,235-2025-10-105630-01-1-00,NA,NA,2/7/2025,NA,DIRECTO,NA,3/7/2025,NA,GASTALDI,4/7/2025,27,MAQ0,4/7/2025,27,4/7/2025,EG03-00005268,EG07-00004311,,4700003990,11/7/2025,
2025-2026,LIQUIDADO,HF PERU,25-011-HPER,4700003914,FIORELLA,SIRANE,E & E,PADS ABSORBENTES,-,5053,"420,000.00",UN,USD,"2,730.00","2,730.00",0,EXW,SEA,LCL,MEXICO,MANZANILLO,CALLAO,NA,NA,1,PALLET,NA,14/4/2025,16/4/2025,GASTALDI,RO-2504000030,YANG MING,PECAO25027D,YMMU6988209,,,19/6/2025,25,MZO2506137-3,WAN HAI 722,28/6/2025,26,SI,28/5/2025,ALFOSAC,AVM,25/000956,24/6/2025,26/6/2025,118-2025-10-267195-01-9-00,NA,NA,3/7/2025,NA,ALMACEN LIMA,AVM,5/7/2025,T001-3432,GUZMAN,5/7/2025,27,MAQ0,15/7/2025,29,16/7/2025,EG03-00008589,EG07-00004476,,4700003914,5/11/2025,
2025-2026,LIQUIDADO,HF PERU,25-080-HPER,4700003994,MELANIE,SMARTPACK,SPAREPARTS,REPUESTOS VARIOS,-,253,116.00,UN,USD,"8,100.79","8,100.79",30,EXW,AIR,AIR,CHILE,SANTIAGO,LIMA,NA,NA,1,CAJA,NA,19/6/2025,19/6/2025,AIRSEALOG,S00054779,SKY,605-00586854,NA,,,28/6/2025,26,S2506627198,SKY AIRLINES,28/6/2025,26,SI,24/6/2025,,AVM,25/000973,26/6/2025,27/6/2025,235-2025-10-103788-01-7-00,NA,NA,29/6/2025,,ALMACEN LIMA,AVM,1/7/2025,T001-3408,GUZMAN,1/7/2025,27,PLSA,15/7/2025,29,16/7/2025,EG03-00008588,EG07-00004477,,4700003994,21/7/2025,
2025-2026,ENTREGADO,HFE BERRIES,25-017-HFEB,4700003971,VICTOR,SMARTPACK,SPAREPARTS,REPUESTOS VARIOS,-,254,120.00,UN,USD,"26,258.00","26,258.00",30,EXW,AIR,AIR,CHILE,SANTIAGO,LIMA,NA,NA,1,CAJA,NA,19/6/2025,19/6/2025,AIRSEALOG,S00054778,SKY,605-00586854,NA,,,28/6/2025,26,S2506627278,SKY AIRLINES,28/6/2025,26,NO,NA,SHOHIN,AVM,25/000974,26/6/2025,27/6/2025,235-2025-10-103803-01-6-00,NA,NA,7/7/2025,NA,DIRECTO,NA,4/7/2025,NA,AVM,9/7/2025,28,OLMOS,9/7/2025,28,NA,NA,NA,,4700003971,29/9/2025,
2025-2026,LIQUIDADO,HF PERU,25-016-HPER,4700003929-1,OMAR,PROMISOL,AGQ,PROMI-CALFOR,-,F/25227,"24,000.00",KG,EUR,"86,400.00","101,952.00",90,EXW,SEA,FCL,ESPAÑA,BARCELONA,CALLAO,1,20 ST,20,PALLET,27/5/2025,28/4/2025,2/5/2025,AIRSEALOG,S00053410,MSC,048IBC0382672,MSNU2198929,,,27/5/2025,22,PBCN25092290,MSC JAPAN III PM527A,29/6/2025,26,SI,30/5/2025,IMUPESA,AVM,25/000943,23/6/2025,27/6/2025,118-2025-10-269831-01-1-00,NA,NA,5/7/2025,,ALMACEN LIMA,AVM,7/7/2025,T001-3434,GUZMAN,7/7/2025,28,ALMC,8/7/2025,28,9/7/2025,EG03-00008491,EG07-00004365,,4700003929-1,11/7/2025,
2025-2026,LIQUIDADO,HF PERU,25-047-HPER,4700003993,MELANIE,A&B,SPAREPARTS,REPUESTOS VARIOS,-,947,40.00,UN,USD,"13,051.78","13,051.78",0,EXW,AIR,AIR,USA,MIAMI,LIMA,NA,NA,2,CAJA,NA,12/6/2025,13/6/2025,GASTALDI,RO-2506000514,AIRMAX,658-30845566,NA,,,29/6/2025,26,25-14078,AIRMAX CARGO,29/6/2025,26,SI,25/6/2025,SHOHIN,AVM,25/000971,26/6/2025,27/6/2025,235-2025-10-103702-01-5-00,NA,NA,29/6/2025,,ALMACEN LIMA,AVM,1/7/2025,T001-3407,GUZMAN,1/7/2025,27,PLSA,15/7/2025,29,16/7/2025,EG03-00008588,EG07-00004477,,4700003993,31/10/2025,
2025-2026,LIQUIDADO,HF PERU,25-046-HPER,4700003998-2,FIORELLA,JCK,E & E,CLAMSHELL 11OZ,ENV,1099,"261,660.00",UN,USD,"16,484.58","16,484.58",90,EXW,SEA,FCL,CHILE,SAN ANTONIO,CALLAO,1,40 HC,623,CAJA,NA,3/6/2025,10/6/2025,AIRSEALOG,S00054595,COSCO,6422106670,SEKU4355851,,,27/6/2025,26,ASLCLS00054595,MAJESTIC 0LIHTN1MA,2/7/2025,27,SI,26/6/2025,IMUPESA,AVM,25/000975,26/6/2025,1/7/2025,118-2025-10-274419-01-6-00,NA,NA,13/7/2025,24/7/2025,DIRECTO,NA,14/7/2025,NA,GASTALDI,15/7/2025,29,PLSA,15/7/2025,29,15/7/2025,EG03-00000590,EG07-00004467,,4700003998-2,24/7/2025,
2025-2026,LIQUIDADO,HF PERU,25-082-HPER,4700004015,GONZALO,UNITEC,SPAREPARTS,REPUESTOS VARIOS,-,359,2.00,UN,EUR,"5,124.60","6,047.03",30,EXW,AIR,AIR,CHILE,SANTIAGO,LIMA,NA,NA,1,CAJA,NA,24/6/2025,25/6/2025,AIRSEALOG,S00054960,SKY,605-00586876,NA,,,2/7/2025,27,S2506632435,SKY AIRLINES,2/7/2025,27,SI,30/6/2025,SHOHIN,LIP,9035,30/6/2025,1/7/2025,235-2025-10-105495-01-7-00,NA,NA,2/7/2025,NA,ALMACEN LIMA,LIP,4/7/2025,T001-6275,GUZMAN,4/7/2025,27,MAQ0,15/7/2025,29,16/7/2025,EG03-00008589,EG07-00004476,,4700004015,7/10/2025,
2025-2026,LIQUIDADO,HF PERU,25-082-HPER,4700004022-1,MELANIE,UNITEC,SPAREPARTS,REPUESTOS VARIOS,-,361,119.00,UN,EUR,"4,769.62","5,628.15",30,EXW,AIR,AIR,CHILE,SANTIAGO,LIMA,NA,NA,1,CAJA,NA,24/6/2025,25/6/2025,AIRSEALOG,S00054960,SKY,605-00586876,NA,,,2/7/2025,27,S2506632435,SKY AIRLINES,2/7/2025,27,SI,30/6/2025,SHOHIN,LIP,9035,30/6/2025,1/7/2025,235-2025-10-105495-01-7-00,NA,NA,2/7/2025,NA,ALMACEN LIMA,LIP,4/7/2025,T001-6275,GUZMAN,4/7/2025,27,MAQ0,15/7/2025,29,16/7/2025,EG03-00008589,EG07-00004476,,4700004022-1,,
2025-2026,LIQUIDADO,HF PERU,25-021-HPER,4700003943,OMAR,PROMISOL,AGQ,MUCIGEL,-,F/25248,"18,000.00",LT,EUR,"151,200.00","178,416.00",90,EXW,SEA,FCL,ESPAÑA,BARCELONA,CALLAO,1,20 ST,18,PALLET,29/5/2025,7/5/2025,12/5/2025,AIRSEALOG,S00053269,MSC,EBKG12855269,TCLU2030960,,,10/6/2025,24,PZAZ25095041,MSC TAKORADI VIII NX523A,3/7/2025,27,SI,29/5/2025,IMUPESA,AVM,25/000944,23/6/2025,2/7/2025,118-2025-10-276060-01-5-00,NA,NA,6/7/2025,,ALMACEN LIMA,AVM,8/7/2025,T001-3452,GUZMAN,8/7/2025,28,ALMC,9/7/2025,28,10/7/2025,EG03-00008503,EG07-00004385,,4700003943,26/8/2025,
2025-2026,LIQUIDADO,HF PERU,25-030-HPER,4700003923-1,OMAR,CODIAGRO,AGQ,FITOKONTROL-K,-,431,"17,000.00",LT,EUR,"43,737.60","51,610.37",0,EXW,SEA,FCL,ESPAÑA,VALENCIA,CALLAO,1,20 ST,17,PALLET,NA,20/5/2025,22/5/2025,AIRSEALOG,S00053673 ,MSC,,HPCU2311630,,,12/6/2025,24,PVAL25101335,MSC TAKORADI VIII NX523A,3/7/2025,27,SI,17/6/2025,IMUPESA,AVM,25/000945,23/6/2025,2/7/2025,118-2025-10-276348-01-9-00,NA,NA,6/7/2025,,ALMACEN LIMA,AVM,8/7/2025,T001-3451,GUZMAN,8/7/2025,28,ALMC,9/7/2025,28,10/7/2025,EG03-00008505,EG07-00004383,,4700003923-1,11/7/2025,
2025-2026,LIQUIDADO,HF PERU,25-034-HPER,4700003991,OMAR,BIOCONSUL,AGQ,ORGANCAB K (ABONO ORGANICO),-,BE011/25,"20,000.00",LT,EUR,"15,000.00","17,700.00",60,EXW,SEA,FCL,ESPAÑA,VALENCIA,CALLAO,1,40 HC,20,PALLET,NA,23/5/2025,27/5/2025,AIRSEALOG,S00053841,MSC,,MSDU8736786,,,12/6/2025,24,PAEM020631,MSC TAKORADI VIII NX523A,3/7/2025,27,SI,5/6/2025,IMUPESA,AVM,25/000946,23/6/2025,2/7/2025,118-2025-10-276033-01-8-00,NA,NA,6/7/2025,,ALMACEN LIMA,AVM,8/7/2025,T001-3453,GUZMAN,8/7/2025,28,ALMC,9/7/2025,28,10/7/2025,EG03-00008504,EG07-00004382,,4700003991,15/10/2025,
2025-2026,LIQUIDADO,HF PERU,25-036-HPER,4700003928,OMAR,CODIAGRO,AGQ,FITOKONTROL-K,-,433,"17,000.00",LT,EUR,"43,737.60","51,610.37",0,EXW,SEA,FCL,ESPAÑA,VALENCIA,CALLAO,1,20 ST,17,PALLET,NA,27/5/2025,28/5/2025,AIRSEALOG,S00053896,MSC,EBKG13042679,TCKU3920889,,,12/6/2025,24,PVAL25105430,MSC TAKORADI VIII NX523A,3/7/2025,27,SI,16/6/2025,IMUPESA,AVM,25/000947,23/6/2025,2/7/2025,118-2025-10-276387-01-4-00,NA,NA,7/7/2025,,ALMACEN LIMA,AVM,9/7/2025,T001-3459,GUZMAN,9/7/2025,28,ALES,10/7/2025,28,10/7/2025,EG03-00008515,EG07-00004400,,4700003928,11/7/2025,
2025-2026,LIQUIDADO,HF PERU,25-036-HPER,4700003928,OMAR,CODIAGRO,AGQ,FITOKONTROL-K,-,433,"17,000.00",LT,EUR,"43,737.60","51,610.37",0,EXW,SEA,FCL,ESPAÑA,VALENCIA,CALLAO,1,20 ST,17,PALLET,NA,27/5/2025,28/5/2025,AIRSEALOG,S00053896,MSC,EBKG13042679,BMOU2698839,,,12/6/2025,24,PVAL25105430,MSC TAKORADI VIII NX523A,3/7/2025,27,SI,16/6/2025,IMUPESA,AVM,25/000947,23/6/2025,2/7/2025,118-2025-10-276387-01-4-00,NA,NA,7/7/2025,,ALMACEN LIMA,AVM,9/7/2025,T001-3460,GUZMAN,9/7/2025,28,ALMC,10/7/2025,28,10/7/2025,EG03-00008514,EG07-00004399,,4700003928,11/7/2025,
2025-2026,LIQUIDADO,HF PERU,25-049-HPER,4700004027,GONZALO,AZUD,EQP & INST,APARATOS DE RIEGO (FILTROS),-,FVM25-000847,60.00,UN,USD,"1,733.40","1,733.40",90,FCA,AIR,AIR,ESPAÑA,MADRID,LIMA,NA,NA,1,CAJA,NA,17/6/2025,17/6/2025,GASTALDI,RO-2506000506,LAN,045-15313200,NA,NA,NA,3/7/2025,27,9EAMAD25863,LAN CARGO,3/7/2025,27,SI,1/7/2025,ALFOSAC,LIP,9039,1/7/2025,1/7/2025,235-2025-10-105537-01-1-00,NA,NA,2/7/2025,NA,ALMACEN LIMA,LIP,4/7/2025,T001-6280,GUZMAN,4/7/2025,27,ALMC,17/7/2025,29,13/8/2025,EG03-00008632,EG07-00004505,,4700004027,,
2025-2026,LIQUIDADO,HF PERU,25-083-HPER,4700004042,GONZALO,AZUD,EQP & INST,APARATOS DE RIEGO (FILTROS),-,FVM25-000868,3.00,UN,USD,"1,482.35","1,482.35",90,FCA,AIR,AIR,ESPAÑA,MADRID,LIMA,NA,NA,1,CAJA,NA,24/6/2025,25/6/2025,AIRSEALOG,S00054961,LAN,045-11557313,NA,NA,NA,4/7/2025,27,P5GBM0604160,LAN CARGO,4/7/2025,27,SI,2/7/2025,SHOHIN,LIP,9075,2/7/2025,2/7/2025,235-2025-10-105990-01-8-00,NA,NA,4/7/2025,NA,ALMACEN LIMA,LIP,5/7/2025,T001-6274,GUZMAN,5/7/2025,27,ALMC,17/7/2025,29,13/8/2025,EG03-00008632,EG07-00004505,,4700004042,11/9/2025,
2025-2026,LIQUIDADO,HF PERU,25-081-HPER,4700003934,MELANIE,UNITEC,SPAREPARTS,REPUESTOS VARIOS,-,347,166.00,UN,EUR,"12,053.20","14,222.78",30,EXW,AIR,AIR,CHILE,SANTIAGO,LIMA,NA,NA,1,CAJA,NA,24/6/2025,25/6/2025,AIRSEALOG,S00054959,KOREAN,180-14000781,NA,,,4/7/2025,27,S2506632947,KOREAN AIRLINES,4/7/2025,27,SI,3/7/2025,SHOHIN,LIP,9192,3/7/2025,4/7/2025,235-2025-10-107577-01-0-00,NA,NA,4/7/2026,NA,ALMACEN LIMA,LIP,8/7/2025,T001-6292,GUZMAN,8/7/2025,28,PLSA,15/7/2025,29,14/8/2025,EG07-00004877,EG03-00009451,,4700003934,,
2025-2026,LIQUIDADO,HF PERU,25-081-HPER,4700004005,GONZALO,UNITEC,SPAREPARTS,REPUESTOS VARIOS,-,348,1.00,UN,EUR,"2,562.30","3,023.51",30,EXW,AIR,AIR,CHILE,SANTIAGO,LIMA,NA,NA,1,CAJA,NA,24/6/2025,25/6/2025,AIRSEALOG,S00054959,KOREAN,180-14000781,NA,,,4/7/2025,27,S2506632947,KOREAN AIRLINES,4/7/2025,27,SI,3/7/2025,SHOHIN,LIP,9192,3/7/2025,4/7/2025,235-2025-10-107577-01-0-00,NA,NA,4/7/2026,NA,ALMACEN LIMA,LIP,8/7/2025,T001-6292,GUZMAN,8/7/2025,28,PLSA,15/7/2025,29,14/8/2025,EG07-00004877,EG03-00009451,,4700004005,,
2025-2026,LIQUIDADO,HF PERU,25-081-HPER,4700004006,MELANIE,UNITEC,SPAREPARTS,REPUESTOS VARIOS,-,349,872.00,UN,EUR,"6,844.50","8,076.51",30,EXW,AIR,AIR,CHILE,SANTIAGO,LIMA,NA,NA,1,CAJA,NA,24/6/2025,25/6/2025,AIRSEALOG,S00054959,KOREAN,180-14000781,NA,,,4/7/2025,27,S2506632947,KOREAN AIRLINES,4/7/2025,27,SI,3/7/2025,SHOHIN,LIP,9192,3/7/2025,4/7/2025,235-2025-10-107577-01-0-00,NA,NA,6/7/2025,NA,ALMACEN LIMA,LIP,8/7/2025,T001-6292,GUZMAN,8/7/2025,28,PLSA,15/7/2025,29,14/8/2025,EG07-00004877,EG03-00009451,,4700004006,31/10/2025,
2025-2026,LIQUIDADO,HF PERU,25-045-HPER,4700003998-1,FIORELLA,JCK,E & E,CLAMSHELL 11OZ,ENV,1100,"261,660.00",UN,USD,"16,484.58","16,484.58",90,EXW,SEA,FCL,CHILE,SAN ANTONIO,CALLAO,1,40 HC,623,CAJA,NA,3/6/2025,10/6/2025,GASTALDI,RO-2500000110,HAPAG,18088378,FANU3380791,,,5/7/2025,27,93CHL06250010,GUAYAQUIL EXPRESS 5221N,8/7/2025,28,SI,27/6/2025,IMUPESA,AVM,25/001017,2/7/2025,5/7/2025,118-2025-10-282415-01-6-00,NA,NA,9/7/2025,19/7/2025,DIRECTO,NA,10/7/2025,NA,GASTALDI,11/7/2025,28,PLSA,11/7/2025,28,11/7/2025,EG03-00000586,EG07-00004416,,4700003998-1,15/7/2025,
2025-2026,ENTREGADO,HFE BERRIES,25-004-HFEB,4700003851-3,GONZALO,CARFIA,SUSTRATOS,FIBRA DE COCO,-,A/25009,"20,000.00",KG,USD,"11,956.32","11,956.32",0,FOB,SEA,FCL,INDIA,TUTICORIN,CALLAO,1,40 HC,20,PALLET,NA,21/3/2025,21/3/2025,GASTALDI,RO-2500000068,ONE,TUTF04816900,FFAU1842109,,,5/5/2025,19,DEL25260155,MSC LELLA FA521A,12/7/2025,28,NO,NA,NEW AGE,AVM,25/000738,20/5/2025,10/7/2025,118-2025-10-291588-01-7-00,18/7/2025,18/7/2025,22/7/2025,2/8/2025,DIRECTO,NA,22/7/2025,NA,GASTALDI,24/7/2025,30,OLMOS,24/7/2025,30,NA,NA,NA,,4700003851-3,,
2025-2026,ENTREGADO,HFE BERRIES,25-004-HFEB,4700003851-3,GONZALO,CARFIA,SUSTRATOS,FIBRA DE COCO,-,A/25009,"20,000.00",KG,USD,"11,956.32","11,956.32",0,FOB,SEA,FCL,INDIA,TUTICORIN,CALLAO,1,40 HC,20,PALLET,NA,21/3/2025,21/3/2025,GASTALDI,RO-2500000068,ONE,TUTF04816900,CAIU8993087,,,5/5/2025,19,DEL25260155,MSC LELLA FA521A,12/7/2025,28,NO,NA,NEW AGE,AVM,25/000738,20/5/2025,10/7/2025,118-2025-10-291588-01-7-00,18/7/2025,18/7/2025,22/7/2025,2/8/2025,DIRECTO,NA,22/7/2025,NA,GASTALDI,24/7/2025,30,OLMOS,24/7/2025,30,NA,NA,NA,,4700003851-3,,
2025-2026,ENTREGADO,HFE BERRIES,25-004-HFEB,4700003851-3,GONZALO,CARFIA,SUSTRATOS,FIBRA DE COCO,-,A/25009,"20,000.00",KG,USD,"11,956.32","11,956.32",0,FOB,SEA,FCL,INDIA,TUTICORIN,CALLAO,1,40 HC,20,PALLET,NA,21/3/2025,21/3/2025,GASTALDI,RO-2500000068,ONE,TUTF04816900,DRYU6014067,,,5/5/2025,19,DEL25260155,MSC LELLA FA521A,12/7/2025,28,NO,NA,NEW AGE,AVM,25/000738,20/5/2025,10/7/2025,118-2025-10-291588-01-7-00,18/7/2025,18/7/2025,22/7/2025,2/8/2025,DIRECTO,NA,22/7/2025,NA,GASTALDI,24/7/2025,30,OLMOS,24/7/2025,30,NA,NA,NA,,4700003851-3,,
2025-2026,ENTREGADO,HFE BERRIES,25-004-HFEB,4700003851-3,GONZALO,CARFIA,SUSTRATOS,FIBRA DE COCO,-,A/25009,"20,000.00",KG,USD,"11,956.32","11,956.32",0,FOB,SEA,FCL,INDIA,TUTICORIN,CALLAO,1,40 HC,20,PALLET,NA,21/3/2025,21/3/2025,GASTALDI,RO-2500000068,ONE,TUTF04816900,TLLU5616720,,,5/5/2025,19,DEL25260155,MSC LELLA FA521A,12/7/2025,28,NO,NA,NEW AGE,AVM,25/000738,20/5/2025,10/7/2025,118-2025-10-291588-01-7-00,18/7/2025,18/7/2025,22/7/2025,2/8/2025,DIRECTO,NA,22/7/2025,NA,GASTALDI,24/7/2025,30,OLMOS,24/7/2025,30,NA,NA,NA,,4700003851-3,,
2025-2026,LIQUIDADO,HF PERU,25-064-HPER,4700003998-3,FIORELLA,JCK,E & E,CLAMSHELL 11OZ,ENV,1102,"262,080.00",UN,USD,"16,511.04","16,511.04",90,EXW,SEA,FCL,CHILE,SAN ANTONIO,CALLAO,1,40 HC,623,CAJA,NA,3/6/2025,10/6/2025,GASTALDI,RO-2500000118,HAPAG,25627068,BEAU4445440,,,11/7/2025,28,93CHL06250013,CMA CGM JACQUES JOSEPH 5222N,14/7/2025,29,SI,7/7/2025,IMUPESA,AVM,25/001027,7/7/2025,11/7/2025,118-2025-10-295173-01-6-00,NA,NA,16/7/2025,29/7/2025,ALMACEN LIMA,AVM,18/7/2025,T001-3538,LIP,18/7/2025,29,MAQ0,21/7/2025,30,31/7/2025,EG03-00019936,EG07-00004667,,4700003998-3,31/7/2025,
2025-2026,LIQUIDADO,HF PERU,25-064-HPER,4700003998-3,FIORELLA,JCK,E & E,CLAMSHELL 11OZ,ENV,1102,"261,240.00",UN,USD,"16,458.12","16,458.12",90,EXW,SEA,FCL,CHILE,SAN ANTONIO,CALLAO,1,40 HC,623,CAJA,NA,3/6/2025,10/6/2025,GASTALDI,RO-2500000118,HAPAG,25627068,BSIU9649446,,,11/7/2025,28,93CHL06250013,CMA CGM JACQUES JOSEPH 5222N,14/7/2025,29,SI,7/7/2025,IMUPESA,AVM,25/001027,7/7/2025,11/7/2025,118-2025-10-295173-01-6-00,NA,NA,16/7/2025,29/7/2025,ALMACEN LIMA,AVM,18/7/2025,T001-3539,LIP,18/7/2025,29,MAQ0,21/7/2025,30,31/7/2025,EG03-00019935,EG07-00004669,,4700003998-3,31/7/2025,
2025-2026,LIQUIDADO,HF PERU,25-035-HPER,4700003992,OMAR,PROMISOL,AGQ,PROMI-CALFOR,-,F/25279,"24,000.00",KG,EUR,"86,400.00","101,952.00",90,EXW,SEA,FCL,ESPAÑA,BARCELONA,CALLAO,1,20 ST,20,PALLET,NA,27/5/2025,28/5/2025,FORBIS,PE-25051024-01,MSC,EBKG13122388,TLLU3417632,,,15/6/2025,24,59996,MSC TEMA VIII NX524A,15/7/2025,29,SI,12/6/2025,IMUPESA,AVM,25/001026,7/7/2025,12/7/2025,118-2025-10-296194-01-7-00,NA,NA,19/7/2025,,ALMACEN LIMA,AVM,21/7/2025,T001-3559,GUZMAN,21/7/2025,30,ALMC,26/7/2025,30,30/7/2025,EG03-00008853,EG07-00004656,,4700003992,31/7/2025,
2025-2026,LIQUIDADO,HF PERU,25-038-HPER,4700003561-4,OMAR,BIOCONSUL,AGQ,ORGANCAB K (ABONO ORGANICO),-,BE013/25,"20,000.00",LT,EUR,"15,000.00","17,700.00",60,EXW,SEA,FCL,ESPAÑA,VALENCIA,CALLAO,1,40 HC,20,PALLET,NA,30/5/2025,30/5/2025,AIRSEALOG,S00054059,MSC,,MSDU8398673,,,12/6/2025,24,PAEM020667,MSC TEMA VIII NX524A,15/7/2025,29,SI,23/6/2025,IMUPESA,AVM,25/001028,7/7/2025,11/7/2025,118-2025-10-295134-01-0-00,NA,NA,19/7/2025,,ALMACEN LIMA,AVM,21/7/2025,T001-3560,GUZMAN,21/7/2025,30,ALMC,26/7/2025,30,30/7/2025,EG03-00008848,EG07-00004655,,4700003561-4,15/10/2025,
2025-2026,LIQUIDADO,HF PERU,25-044-HPER,4700004021,OMAR,BIOCONSUL,AGQ,ORGANCAB K (ABONO ORGANICO),-,BE014/25,"20,000.00",LT,EUR,"15,000.00","17,700.00",60,EXW,SEA,FCL,ESPAÑA,VALENCIA,CALLAO,1,40 HC,20,PALLET,NA,10/6/2025,10/6/2025,AIRSEALOG,S00054375 ,MSC,,MSNU7300592,,,27/6/2025,26,PAEM020720,MSC TOGO NX525A,21/7/2025,30,SI,19/6/2025,IMUPESA,AVM,25/001062,14/7/2025,18/7/2025,118-2025-10-307375-01-9-00,NA,NA,23/7/2025,,ALMACEN LIMA,AVM,25/7/2025,T001-3593,GUZMAN,25/7/2025,30,ALMC,12/8/2025,33,13/8/2025,EG03-00009453,EG07-00004878,,4700004021,15/10/2025,
2025-2026,ENTREGADO,HFE BERRIES,25-015-HFEB,4700004000-1,FIORELLA,JCK,E & E,PUNNET 250 GR,ENV,1105,"605,880.00",UN,USD,"20,599.92","20,599.92",120,EXW,SEA,FCL,CHILE,SAN ANTONIO,CALLAO,1,40 HC,748,CAJA,NA,3/6/2025,7/6/2025,GASTALDI,RO-2500000123,HAPAG,53467700,FANU1903609,,,18/7/2025,29,93CHL07250003,CALLAO EXPRESS 5223N,22/7/2025,30,NO,NA,UNIMAR,AVM,25/001070,16/7/2025,18/7/2025,118-2025-10-308023-01-9-00,NA,NA,30/7/2025,5/8/2025,DIRECTO,NA,30/7/2025,NA,GASTALDI,1/8/2025,31,OLMOS,1/8/2025,31,NA,NA,NA,,4700004000-1,,
2025-2026,LIQUIDADO,HF PERU,25-065-HPER,4700003998-4,FIORELLA,JCK,E & E,CLAMSHELL 11OZ,ENV,1104,"261,660.00",UN,USD,"16,484.58","16,484.58",90,EXW,SEA,FCL,CHILE,SAN ANTONIO,CALLAO,1,40 HC,623,CAJA,NA,3/6/2025,10/6/2025,GASTALDI,RO-2500000122,HAPAG,44961873,FBLU0165019,,,18/7/2025,29,93CHL0725001,CALLAO EXPRESS 5223N,22/7/2025,30,SI,11/7/2025,IMUPESA,AVM,25/001067,15/7/2025,18/7/2025,118-2025-10-308038-01-6-00,NA,NA,30/7/2025,6/8/2025,ALMACEN LIMA,AVM,1/8/2025,,LIP,1/8/2025,31,MAQ0,11/8/2025,33,,EG03-00020578,EG07-00004862,,4700003998-4,27/8/2025,
2025-2026,LIQUIDADO,HF PERU,25-065-HPER,4700003998-4,FIORELLA,JCK,E & E,CLAMSHELL 11OZ,ENV,1104,"261,660.00",UN,USD,"16,484.58","16,484.58",90,EXW,SEA,FCL,CHILE,SAN ANTONIO,CALLAO,1,40 HC,623,CAJA,NA,3/6/2025,10/6/2025,GASTALDI,RO-2500000122,HAPAG,44961873,TCNU1670105,,,18/7/2025,29,93CHL0725001,CALLAO EXPRESS 5223N,22/7/2025,30,SI,11/7/2025,IMUPESA,AVM,25/001067,15/7/2025,18/7/2025,118-2025-10-308038-01-6-00,NA,NA,30/7/2025,6/8/2025,ALMACEN LIMA,AVM,1/8/2025,,LIP,1/8/2025,31,PLSA,11/8/2025,33,12/8/2025,EG03-00020577,EG07-00004861,,4700003998-4,27/8/2025,
2025-2026,LIQUIDADO,HF PERU,25-050-HPER,4700003999-2,FIORELLA,OSKUPACK,E & E,CLAMSHELL 18OZ,ENV,153,"127,368.00",UN,USD,"13,246.27","13,246.27",90,EXW,SEA,FCL,CHILE,SAN ANTONIO,CALLAO,1,40 HC,488,CAJA,NA,3/6/2025,5/6/2025,AIRSEALOG,S00054804,COSCO,6423565180,CSLU6239696,,,18/7/2025,29,ASLCLS00055239,CAPE HELLAS 009N,23/7/2025,30,SI,18/7/2025,IMUPESA,AVM,25/001092,18/7/2025,22/7/2025,118-2025-10-311201-01-1-00,NA,NA,3/8/2025,13/8/2025,DIRECTO,NA,4/8/2025,NA,GASTALDI,5/8/2025,32,PLSA,5/8/2025,32,6/8/2025,EG03-00000624,EG07-00004778,,4700003999-2,19/8/2025,
2025-2026,LIQUIDADO,HF PERU,25-050-HPER,4700003999-2,FIORELLA,OSKUPACK,E & E,CLAMSHELL 18OZ,ENV,153,"137,286.00",UN,USD,"14,277.74","14,277.74",90,EXW,SEA,FCL,CHILE,SAN ANTONIO,CALLAO,1,40 HC,526,CAJA,NA,3/6/2025,5/6/2025,AIRSEALOG,S00054804,COSCO,6423565180,CSNU8161465,,,18/7/2025,29,ASLCLS00055239,CAPE HELLAS 009N,23/7/2025,30,SI,18/7/2025,IMUPESA,AVM,25/001092,18/7/2025,22/7/2025,118-2025-10-311201-01-1-00,NA,NA,3/8/2025,13/8/2025,DIRECTO,NA,4/8/2025,NA,GASTALDI,5/8/2025,32,MAQ0,5/8/2025,32,6/8/2025,EG03-00000623,EG07-00004775,,4700003999-2,19/8/2025,
2025-2026,LIQUIDADO,HF PERU,25-050-HPER,4700003999-2,FIORELLA,OSKUPACK,E & E,CLAMSHELL 18OZ,ENV,153,"137,025.00",UN,USD,"14,250.60","14,250.60",90,EXW,SEA,FCL,CHILE,SAN ANTONIO,CALLAO,1,40 HC,525,CAJA,NA,3/6/2025,5/6/2025,AIRSEALOG,S00054804,COSCO,6423565180,OOCU8411077,,,18/7/2025,29,ASLCLS00055239,CAPE HELLAS 009N,23/7/2025,30,SI,18/7/2025,IMUPESA,AVM,25/001092,18/7/2025,22/7/2025,118-2025-10-311201-01-1-00,NA,NA,10/8/2025,13/8/2025,DIRECTO,NA,11/8/2025,NA,GASTALDI,12/8/2025,33,MAQ0,12/8/2025,33,13/8/2025,EG03-00000169,EG07-00004880,,4700003999-2,19/8/2025,
2025-2026,LIQUIDADO,HF PERU,25-050-HPER,4700003999-2,FIORELLA,OSKUPACK,E & E,CLAMSHELL 18OZ,ENV,153,"131,022.00",UN,USD,"13,626.29","13,626.29",90,EXW,SEA,FCL,CHILE,SAN ANTONIO,CALLAO,1,40 HC,502,CAJA,NA,3/6/2025,5/6/2025,AIRSEALOG,S00054804,COSCO,6423565180,TRHU5870466,,,18/7/2025,29,ASLCLS00055239,CAPE HELLAS 009N,23/7/2025,30,SI,18/7/2025,IMUPESA,AVM,25/001092,18/7/2025,22/7/2025,118-2025-10-311201-01-1-00,NA,NA,10/8/2025,13/8/2025,DIRECTO,NA,11/8/2025,NA,GASTALDI,12/8/2025,33,MAQ0,12/8/2025,33,13/8/2025,EG03-00000360,EG07-00004881,,4700003999-2,19/8/2025,
2025-2026,ENTREGADO,HFE BERRIES,25-010-HFEB,4700003957,OMAR,PROMISOL,AGQ,CYTOFLOW AMIN,-,F/25247,"5,000.00",KG,EUR,"51,500.00","60,770.00",90,EXW,SEA,LCL,ESPAÑA,BARCELONA,CALLAO,NA,NA,5,PALLET,NA,13/5/2025,13/5/2025,GASTALDI,RO-2504000039,CMA CGM,,GAOU6071316,,,18/6/2025,25,250401994/0107,CMA CGM ESTELLE 0WCLDS1MA,25/7/2025,30,NO,NA,ALFOSAC,AVM,25/001084,17/7/2025,24/7/2025,118-2025-10-314560-01-2-00,NA,NA,4/8/2025,,DIRECTO,NA,4/8/2025,NA,GASTALDI,6/8/2025,32,OLMOS,6/8/2025,32,NA,NA,NA,,4700003957,,
2025-2026,LIQUIDADO,HF PERU,25-029-HPER,4700003921-3,OMAR,PROMISOL,AGQ,PROMI-CALFOR,-,F/25267,"4,800.00",KG,EUR,"17,280.00","20,390.40",90,EXW,SEA,LCL,ESPAÑA,VALENCIA,CALLAO,NA,NA,4,PALLET,NA,20/5/2025,21/5/2025,GASTALDI,RO-2504000041,CMA CGM,1544727,CMAU7903543,,,21/6/2025,25,250101688/0105,CMA CGM ESTELLE 0WCLDS1MA,25/7/2025,30,SI,23/6/2025,ALFOSAC,AVM,25/001085,17/7/2025,24/7/2025,118-2025-10-314461-01-4-00,NA,NA,30/7/2025,,ALMACEN LIMA,AVM,1/8/2025,T001-3610,GUZMAN,1/8/2025,31,ALMC,12/8/2025,33,9/9/2025,EG03-00009450,EG07-00004875,,4700003921-3,27/8/2025,
2025-2026,LIQUIDADO,HF PERU,25-029-HPER,4700003929-2,OMAR,PROMISOL,AGQ,PROMI-CALFOR,-,F/25268,"4,000.00",KG,EUR,"14,400.00","16,992.00",90,EXW,SEA,LCL,ESPAÑA,VALENCIA,CALLAO,NA,NA,4,PALLET,NA,20/5/2025,21/5/2025,GASTALDI,RO-2504000041,CMA CGM,1544727,CMAU7903543,,,21/6/2025,25,250101688/0105,CMA CGM ESTELLE 0WCLDS1MA,25/7/2025,30,SI,23/6/2025,ALFOSAC,AVM,25/001085,17/7/2025,24/7/2025,118-2025-10-314461-01-4-00,NA,NA,30/7/2025,,ALMACEN LIMA,AVM,1/8/2025,T001-3610,GUZMAN,1/8/2025,31,ALMC,12/8/2025,33,9/9/2025,EG03-00009450,EG07-00004875,,4700003929-2,27/8/2025,
2025-2026,LIQUIDADO,HF PERU,25-031-HPER,4700003923-2,OMAR,CODIAGRO,AGQ,FITOKONTROL-K,-,432,"1,000.00",LT,EUR,"2,572.80","3,035.90",0,EXW,SEA,LCL,ESPAÑA,BARCELONA,CALLAO,NA,NA,1,PALLET,NA,21/5/2025,22/5/2025,AIRSEALOG,S00053675,CMA CGM,,GESU6851614,,,18/6/2025,25,012025052825,CMA CGM ESTELLE 0WCLDS1MA,25/7/2025,30,SI,24/6/2025,VILLAS OQUENDO,AVM,25/001107,22/7/2025,24/7/2025,118-2025-10-315198-01-5-00,NA,NA,29/7/2025,,ALMACEN LIMA,AVM,31/7/2025,T001-3609,GUZMAN,31/7/2025,31,ALMC,12/8/2025,33,13/8/2025,EG03-00009450,EG07-00004875,,4700003923-2,20/8/2025,
2025-2026,LIQUIDADO,HF PERU,25-048-HPER,4700004020,OMAR,EDEN,AGQ,DISPER COMPLEX,-,2025-1746,"19,800.00",KG,EUR,"146,520.00","172,893.60",90,EXW,SEA,FCL,ESPAÑA,BARCELONA,CALLAO,0.5,40 HC,33,PALLET,NA,13/6/2025,16/6/2025,AIRSEALOG,S00054591,MSC,,MEDU7143670,,,4/7/2025,27,PVAL25121120,MSC NIGERIA NX526A,27/7/2025,30,SI,7/7/2025,IMUPESA,AVM,25/001086,17/7/2025,24/7/2025,118-2025-10-314668-01-8-00,NA,NA,29/7/2025,,ALMACEN LIMA,AVM,31/7/2025,T001-3611,GUZMAN,31/7/2025,31,ALMC,5/8/2025,32,7/8/2025,EG03-00009093,EG07-00004780,,4700004020,19/8/2025,
2025-2026,LIQUIDADO,HF PERU,25-048-HPER,4700004020,OMAR,EDEN,AGQ,DISPER COMPLEX,-,2025-1746,"4,200.00",KG,EUR,"31,080.00","36,674.40",90,EXW,SEA,FCL,ESPAÑA,BARCELONA,CALLAO,0.5,40 HC,7,PALLET,NA,13/6/2025,16/6/2025,AIRSEALOG,S00054591,MSC,,MEDU7143670,,,4/7/2025,27,PVAL25121120,MSC NIGERIA NX526A,27/7/2025,30,SI,7/7/2025,IMUPESA,AVM,25/001086,17/7/2025,24/7/2025,118-2025-10-314668-01-8-00,NA,NA,29/7/2025,,ALMACEN LIMA,AVM,31/7/2025,T001-3611,GUZMAN,31/7/2025,31,ALMC,5/8/2025,32,7/8/2025,EG03-00009093,EG07-00004780,,4700004020,19/8/2025,
2025-2026,LIQUIDADO,HF PERU,25-052-HPER,4700003999-4,FIORELLA,OSKUPACK,E & E,CLAMSHELL 11OZ,ENV,154,"252,000.00",UN,USD,"15,750.00","15,750.00",90,EXW,SEA,FCL,CHILE,SAN ANTONIO,CALLAO,1,40 HC,630,CAJA,NA,3/6/2025,5/6/2025,AIRSEALOG,S00055242,COSCO,6424155960,CAAU9249210,,,26/7/2025,30,ASLCLS00055242,COSCO SHIPPING SEINE,29/7/2025,31,SI,22/7/2025,IMUPESA,AVM,25/001109,22/7/2025,25/7/2025,118-2025-10-317094-01-2-00,NA,NA,6/8/2025,19/8/2025,ALMACEN LIMA,AVM,8/8/2025,T001-3680,LIP,8/8/2025,32,PLSA,14/8/2025,33,15/8/2025,EG03-00020737,EG07-00004934,,4700003999-4,27/8/2025,
2025-2026,LIQUIDADO,HF PERU,25-052-HPER,4700003999-4,FIORELLA,OSKUPACK,E & E,CLAMSHELL 18OZ,ENV,154,"133,893.00",UN,USD,"13,924.87","13,924.87",90,EXW,SEA,FCL,CHILE,SAN ANTONIO,CALLAO,1,40 HC,513,CAJA,NA,3/6/2025,5/6/2025,AIRSEALOG,S00055242,COSCO,6424155960,FFAU6270541,,,26/7/2025,30,ASLCLS00055242,COSCO SHIPPING SEINE,29/7/2025,31,SI,22/7/2025,IMUPESA,AVM,25/001109,22/7/2025,25/7/2025,118-2025-10-317094-01-2-00,NA,NA,6/8/2025,19/8/2025,ALMACEN LIMA,AVM,8/8/2025,T001-3681,LIP,8/8/2025,32,MAQ0,14/8/2025,33,15/8/2025,EG03-00020743,EG07-00004935,,4700003999-4,27/8/2025,
2025-2026,LIQUIDADO,HF PERU,25-066-HPER,4700003998-5,FIORELLA,JCK,E & E,CLAMSHELL 11OZ,ENV,1110,"261,660.00",UN,USD,"16,484.58","16,484.58",90,EXW,SEA,FCL,CHILE,SAN ANTONIO,CALLAO,1,40 HC,623,CAJA,NA,3/6/2025,10/6/2025,AIRSEALOG,S00054802,COSCO,6424287510,CSNU7197782,,,26/7/2025,30,ASLCLS00054802,MARTINIQUE 013N,30/7/2025,31,SI,24/7/2025,IMUPESA,AVM,25/001125,24/7/2025,26/7/2025,118-2025-10-318754-01-6-00,NA,NA,10/8/2025,20/8/2025,ALMACEN LIMA,AVM,12/8/2025,T001-3714,LIP,12/8/2025,33,MAQ0,27/8/2025,35,28/8/2025,EG03-00021411,EG07-00005155,,4700003998-5,27/8/2025,
2025-2026,LIQUIDADO,HF PERU,25-066-HPER,4700003998-5,FIORELLA,JCK,E & E,PUNNET 250 GR,ENV,1110,"383,940.00",UN,USD,"13,053.96","13,053.96",90,EXW,SEA,FCL,CHILE,SAN ANTONIO,CALLAO,0.34,40 HC,474,CAJA,NA,3/6/2025,10/6/2025,AIRSEALOG,S00054802,COSCO,6424287510,FFAU6941845,,,26/7/2025,30,ASLCLS00054802,MARTINIQUE 013N,30/7/2025,31,SI,24/7/2025,IMUPESA,AVM,25/001125,24/7/2025,26/7/2025,118-2025-10-318754-01-6-00,NA,NA,11/8/2025,20/8/2025,DIRECTO,NA,12/8/2025,NA,GASTALDI,13/8/2025,33,MAQ0,13/8/2025,33,14/8/2025,EG03-00000632,EG07-00004897,,4700003998-5,27/8/2025,
2025-2026,LIQUIDADO,HF PERU,25-066-HPER,4700003998-5,FIORELLA,JCK,E & E,CLAMSHELL 11OZ,ENV,1110,"26,460.00",UN,USD,"1,666.98","1,666.98",90,EXW,SEA,FCL,CHILE,SAN ANTONIO,CALLAO,0.33,40 HC,63,CAJA,NA,3/6/2025,10/6/2025,AIRSEALOG,S00054802,COSCO,6424287510,FFAU6941845,,,26/7/2025,30,ASLCLS00054802,MARTINIQUE 013N,30/7/2025,31,SI,24/7/2025,IMUPESA,AVM,25/001125,24/7/2025,26/7/2025,118-2025-10-318754-01-6-00,NA,NA,11/8/2025,20/8/2025,DIRECTO,NA,12/8/2025,NA,GASTALDI,13/8/2025,33,MAQ0,13/8/2025,33,14/8/2025,EG03-00000632,EG07-00004897,,4700003998-5,27/8/2025,
2025-2026,LIQUIDADO,HF PERU,25-066-HPER,4700003998-5,FIORELLA,JCK,E & E,PUNNET 150 GR,ENV,1110,"10,935.00",UN,USD,289.78,289.78,90,EXW,SEA,FCL,CHILE,SAN ANTONIO,CALLAO,0.33,40 HC,9,CAJA,NA,3/6/2025,10/6/2025,AIRSEALOG,S00054802,COSCO,6424287510,FFAU6941845,,,26/7/2025,30,ASLCLS00054802,MARTINIQUE 013N,30/7/2025,31,SI,24/7/2025,IMUPESA,AVM,25/001125,24/7/2025,26/7/2025,118-2025-10-318754-01-6-00,NA,NA,11/8/2025,20/8/2025,DIRECTO,NA,12/8/2025,NA,GASTALDI,13/8/2025,33,MAQ0,13/8/2025,33,14/8/2025,EG03-00000632,EG07-00004897,,4700003998-5,27/8/2025,
2025-2026,LIQUIDADO,HF PERU,25-066-HPER,4700003998-5,FIORELLA,JCK,E & E,CLAMSHELL 11OZ,ENV,1110,"261,660.00",UN,USD,"16,484.58","16,484.58",90,EXW,SEA,FCL,CHILE,SAN ANTONIO,CALLAO,1,40 HC,623,CAJA,NA,3/6/2025,10/6/2025,AIRSEALOG,S00054802,COSCO,6424287510,TRHU4450474,,,26/7/2025,30,ASLCLS00054802,MARTINIQUE 013N,30/7/2025,31,SI,24/7/2025,IMUPESA,AVM,25/001125,24/7/2025,26/7/2025,118-2025-10-318754-01-6-00,NA,NA,11/8/2025,20/8/2025,ALMACEN LIMA,AVM,13/8/2025,T001-3717,LIP,13/8/2025,33,PLSA,20/8/2025,34,20/8/2025,EG03-00021084,EG07-00005031,,4700003998-5,27/8/2025,
2025-2026,LIQUIDADO,HF PERU,25-066-HPER,4700003998-5,FIORELLA,JCK,E & E,CLAMSHELL 11OZ,ENV,1110,"261,660.00",UN,USD,"16,484.58","16,484.58",90,EXW,SEA,FCL,CHILE,SAN ANTONIO,CALLAO,1,40 HC,623,CAJA,NA,3/6/2025,10/6/2025,AIRSEALOG,S00054802,COSCO,6424287510,TIIU6033412,,,26/7/2025,30,ASLCLS00054802,MARTINIQUE 013N,30/7/2025,31,SI,24/7/2025,IMUPESA,AVM,25/001125,24/7/2025,26/7/2025,118-2025-10-318754-01-6-00,NA,NA,11/8/2025,20/8/2025,ALMACEN LIMA,AVM,13/8/2025,T001-3716,LIP,13/8/2025,33,MAQ0,20/8/2025,34,20/8/2025,EG03-00021081,EG07-00005032,,4700003998-5,27/8/2025,
2025-2026,LIQUIDADO,HF PERU,25-066-HPER,4700003998-5,FIORELLA,JCK,E & E,PUNNET 150 GR,ENV,1110,"820,125.00",UN,USD,"21,733.31","21,733.31",90,EXW,SEA,FCL,CHILE,SAN ANTONIO,CALLAO,1,40 HC,675,CAJA,NA,3/6/2025,10/6/2025,AIRSEALOG,S00054802,COSCO,6424287510,FFAU6984298,,,26/7/2025,30,ASLCLS00054802,MARTINIQUE 013N,30/7/2025,31,SI,24/7/2025,IMUPESA,AVM,25/001125,24/7/2025,26/7/2025,118-2025-10-318754-01-6-00,NA,NA,10/8/2025,20/8/2025,ALMACEN LIMA,AVM,12/8/2025,T001-3715,LIP,12/8/2025,33,MAQ0,27/8/2025,35,28/8/2025,EG03-00021424,EG07-00005156,,4700003998-5,27/8/2025,
2025-2026,LIQUIDADO,HF PERU,25-102-HPER,5400001410,HUB,HF GENETICS,PLANTAS,PLANTAS IN VITRO,-,7020000607,"1,650.00",UN,USD,"4,260.80","4,260.80",30,CPT,AIR,AIR,CHILE,SANTIAGO,LIMA,NA,NA,1,PALLET,NA,NA,NA,DIRECTO,NA,KOREAN,180-13845333,NA,NA,,1/8/2025,31,180-13845333,KOREAN AIRLINES,1/8/2025,31,SI,1/8/2025,SAASA,AVM,25/001161,1/8/2025,5/8/2025,235-2025-10-125493-01-1-00,7/8/2025,7/8/2025,6/8/2025,NA,DIRECTO,NA,7/8/2025,NA,AVM,8/8/2025,32,ALMC,8/8/2025,32,29/8/2025,T001-3671,NA,,5400001410,31/10/2025,
2025-2026,LIQUIDADO,HF PERU,25-087-HPER,4700004022-2,MELANIE,UNITEC,SPAREPARTS,REPUESTOS VARIOS,-,370,64.00,UN,EUR,"16,621.20","19,613.02",30,EXW,AIR,AIR,CHILE,SANTIAGO,LIMA,NA,NA,1,CAJA,NA,24/7/2025,25/7/2025,GASTALDI,RO-2506000617,KOREAN,180-19077634,NA,,,1/8/2025,31,SCL/LIM/00670,KOREAN AIRLINES,1/8/2025,31,SI,31/7/2025,SHOHIN,LIP,10868,31/7/2025,1/8/2025,235-2025-10-123028-01-8-00,NA,NA,4/8/2025,NA,ALMACEN LIMA,LIP,7/8/2025,T001-6620,GUZMAN,7/8/2025,32,MAQ0,12/8/2025,33,13/8/2025,EG03-00009452,EG07-00004876,,4700004022-2,31/10/2025,
2025-2026,LIQUIDADO,HF PERU,25-086-HPER,4700004002,MELANIE,SMARTPACK,SPAREPARTS,REPUESTOS VARIOS,-,255,22.00,UN,USD,"8,579.00","8,579.00",30,EXW,AIR,AIR,CHILE,SANTIAGO,LIMA,NA,NA,0.5,CAJA,NA,22/7/2025,24/7/2025,GASTALDI,RO-2506000611,KOREAN,180-19077634,NA,,,1/8/2025,31,SCL/LIM/00672,KOREAN AIRLINES,1/8/2025,31,SI,31/7/2025,SHOHIN,LIP,10869,31/7/2025,31/7/2025,235-2025-10-123067-01-3-00,NA,NA,4/8/2025,,ALMACEN LIMA,,7/8/2025,,GUZMAN,7/8/2025,32,PLSA,12/8/2025,33,14/8/2025,EG03-00009451,EG07-00004877,,4700004002,31/10/2025,
2025-2026,LIQUIDADO,HF PERU,25-086-HPER,4700004017,MELANIE,SMARTPACK,SPAREPARTS,REPUESTOS VARIOS,-,256,1.00,UN,USD,"3,367.00","3,367.00",30,EXW,AIR,AIR,CHILE,SANTIAGO,LIMA,NA,NA,0.5,CAJA,NA,22/7/2025,24/7/2025,GASTALDI,RO-2506000611,KOREAN,180-19077634,NA,,,1/8/2025,31,SCL/LIM/00672,KOREAN AIRLINES,1/8/2025,31,SI,31/7/2025,SHOHIN,LIP,10869,31/7/2025,31/7/2025,235-2025-10-123067-01-3-00,NA,NA,4/8/2025,,ALMACEN LIMA,,7/8/2025,,GUZMAN,7/8/2025,32,MAQ0,12/8/2025,33,22/8/2025,EG03-00009451,EG07-00004877,,4700004017,13/8/2025,
2025-2026,ENTREGADO,HFE BERRIES,25-014-HFEB,4700004031,OMAR,PROMISOL,AGQ,MUCIGEL,-,F/25292,"2,000.00",LT,EUR,"16,800.00","19,824.00",90,EXW,SEA,LCL,ESPAÑA,BARCELONA,CALLAO,NA,NA,2,PALLET,NA,13/6/2025,13/6/2025,AIRSEALOG,S00054557,MSC,,CAAU7101584,,,9/7/2025,28,012025062165,MSC SASHA NX528A,7/8/2025,32,NO,NA,VILLAS OQUENDO,AVM,25/001147,31/7/2025,5/8/2025,118-2025-10-328134-01-0-00,NA,NA,12/8/2025,,DIRECTO,NA,13/8/2025,NA,GASTALDI,14/8/2025,33,OLMOS,14/8/2025,33,NA,NA,NA,,4700004031,,
2025-2026,ENTREGADO,HFE BERRIES,25-014-HFEB,4700004031,OMAR,PROMISOL,AGQ,CYTOLAN,-,F/25292,"2,000.00",KG,EUR,"21,700.00","25,606.00",90,EXW,SEA,LCL,ESPAÑA,BARCELONA,CALLAO,NA,NA,3,PALLET,NA,13/6/2025,13/6/2025,AIRSEALOG,S00054557,MSC,,CAAU7101584,,,9/7/2025,28,012025062165,MSC SASHA NX528A,7/8/2025,32,NO,NA,VILLAS OQUENDO,AVM,25/001147,31/7/2025,5/8/2025,118-2025-10-328134-01-0-00,NA,NA,12/8/2025,,DIRECTO,NA,13/8/2025,NA,GASTALDI,14/8/2025,33,OLMOS,14/8/2025,33,NA,NA,NA,,4700004031,,
2025-2026,LIQUIDADO,HF PERU,25-082-HPER,4700004022-1,MELANIE,UNITEC,SPAREPARTS,REPUESTOS VARIOS,-,25CI-000049,19.00,UN,EUR,0.00,0.00,30,EXW,AIR,AIR,CHILE,SANTIAGO,LIMA,NA,NA,1,CAJA,NA,NA,NA,COURIER,NA,DHL,8162947752,NA,,,4/8/2025,32,8162947752,DHL COURIER,9/8/2025,32,NO,NA,NA,DHL,NA,NA,5/8/2025,235-2025-28-07758217-47-7-00,NA,NA,7/8/2025,NA,COURIER,NA,,,NA,9/8/2025,32,PLSA,9/8/2025,32,12/8/2025,NA,NA,,4700004022-1,31/10/2025,
2025-2026,ENTREGADO,HFE BERRIES,25-009-HFEB,4700003851-4,GONZALO,CARFIA,SUSTRATOS,FIBRA DE COCO,-,A/25015,"20,000.00",KG,USD,"11,956.32","11,956.32",0,FOB,SEA,FCL,INDIA,TUTICORIN,CALLAO,1,40 HC,20,PALLET,NA,7/5/2025,7/5/2025,GASTALDI,RO-2500000091,ONE,TUTF06135500,TEMU8833483,,,29/5/2025,22,DEL25260225,HMM BLESSING 0035E,10/8/2025,32,NO,NA,NEW AGE,AVM,25/000835,10/6/2025,7/8/2025,118-2025-10-332762-01-2-00,19/8/2025,19/8/2025,20/8/2025,31/8/2025,DIRECTO,NA,20/8/2025,NA,GASTALDI,22/8/2025,34,OLMOS,22/8/2025,34,NA,NA,NA,,4700003851-4,,
2025-2026,ENTREGADO,HFE BERRIES,25-009-HFEB,4700003851-4,GONZALO,CARFIA,SUSTRATOS,FIBRA DE COCO,-,A/25015,"20,000.00",KG,USD,"11,956.32","11,956.32",0,FOB,SEA,FCL,INDIA,TUTICORIN,CALLAO,1,40 HC,20,PALLET,NA,7/5/2025,7/5/2025,GASTALDI,RO-2500000091,ONE,TUTF06135500,TRHU5855749,,,29/5/2025,22,DEL25260225,HMM BLESSING 0035E,10/8/2025,32,NO,NA,NEW AGE,AVM,25/000835,10/6/2025,7/8/2025,118-2025-10-332762-01-2-00,19/8/2025,19/8/2025,20/8/2025,31/8/2025,DIRECTO,NA,20/8/2025,NA,GASTALDI,22/8/2025,34,OLMOS,22/8/2025,34,NA,NA,NA,,4700003851-4,,
2025-2026,ENTREGADO,HFE BERRIES,25-009-HFEB,4700003851-4,GONZALO,CARFIA,SUSTRATOS,FIBRA DE COCO,-,A/25015,"20,000.00",KG,USD,"11,956.32","11,956.32",0,FOB,SEA,FCL,INDIA,TUTICORIN,CALLAO,1,40 HC,20,PALLET,NA,7/5/2025,7/5/2025,GASTALDI,RO-2500000091,ONE,TUTF06135500,TCNU5231733,,,29/5/2025,22,DEL25260225,HMM BLESSING 0035E,10/8/2025,32,NO,NA,NEW AGE,AVM,25/000835,10/6/2025,7/8/2025,118-2025-10-332762-01-2-00,19/8/2025,19/8/2025,20/8/2025,31/8/2025,DIRECTO,NA,20/8/2025,NA,GASTALDI,22/8/2025,34,OLMOS,22/8/2025,34,NA,NA,NA,,4700003851-4,,
2025-2026,ENTREGADO,HFE BERRIES,25-009-HFEB,4700003851-4,GONZALO,CARFIA,SUSTRATOS,FIBRA DE COCO,-,A/25015,"20,000.00",KG,USD,"11,956.32","11,956.32",0,FOB,SEA,FCL,INDIA,TUTICORIN,CALLAO,1,40 HC,20,PALLET,NA,7/5/2025,7/5/2025,GASTALDI,RO-2500000091,ONE,TUTF06135500,TCNU7091923,,,29/5/2025,22,DEL25260225,HMM BLESSING 0035E,10/8/2025,32,NO,NA,NEW AGE,AVM,25/000835,10/6/2025,7/8/2025,118-2025-10-332762-01-2-00,19/8/2025,19/8/2025,20/8/2025,31/8/2025,DIRECTO,NA,20/8/2025,NA,GASTALDI,22/8/2025,34,OLMOS,22/8/2025,34,NA,NA,NA,,4700003851-4,,
2025-2026,LIQUIDADO,HF PERU,25-105-HPER,5400001413,HUB,HF GENETICS,PLANTAS,PLANTAS DE ARANDANO,SAMPLE,7020000614,"1,480.00",UN,USD,"2,149.60","2,149.60",30,CPT,AIR,AIR,CHILE,SANTIAGO,LIMA,NA,NA,1,PALLET,NA,NA,NA,DIRECTO,NA,KOREAN,180-13999193,NA,NA,,11/8/2025,33,180-13999193, KOREAN AIRLINES ,11/8/2025,33,SI,12/8/2025,SAASA,AVM,25/001210,11/8/2025,13/8/2025,235-2025-10-130322-01-5-00,15/8/2025,15/8/2025,14/8/2025,NA,DIRECTO,NA,15/8/2025,NA,AVM,16/8/2025,33,ALMC,16/8/2025,33,2/9/2025,T001-3746,NA,,5400001413,19/8/2025,
2025-2026,LIQUIDADO,HF PERU,25-105-HPER,5400001414,HUB,HF GENETICS,PLANTAS,PLANTAS DE ARANDANO,SAMPLE,7020000614,400.00,UN,USD,"2,149.60","2,149.60",30,CPT,AIR,AIR,CHILE,SANTIAGO,LIMA,NA,NA,1,PALLET,NA,NA,NA,DIRECTO,NA,KOREAN,180-13999193,NA,NA,,11/8/2025,33,180-13999193, KOREAN AIRLINES ,11/8/2025,33,SI,12/8/2025,SAASA,AVM,25/001210,11/8/2025,13/8/2025,235-2025-10-130322-01-5-00,15/8/2025,15/8/2025,14/8/2025,NA,DIRECTO,NA,15/8/2025,NA,AVM,16/8/2025,33,ALMC,16/8/2025,33,2/9/2025,T001-3746,NA,,5400001414,19/8/2025,
2025-2026,LIQUIDADO,HF PERU,25-085-HPER,4700004025,CORPORATIVO,NEOLITHICS,MAQUINARIA,SISMETA NX (CALIDAD),-,20250716,3.00,UN,EUR,"70,000.00","82,600.00",30,EXW,AIR,AIR,ISRAEL,HAIFA,LIMA,NA,NA,1,CAJA,NA,NA,NA,DIRECTO,NA,DHL,6387631401,NA,,,28/7/2025,31,6387631401,DHL COURIER,12/8/2025,33,NO,NA,NA,LIP,10798,30/7/2025,30/7/2025,235-2025-10-122073-01-1-00 ,NA,NA,,,COURIER,NA,,,NA,12/8/2025,33,PLSA,12/8/2025,33,21/8/2025,NA,NA,,4700004025,21/8/2025,
2025-2026,LIQUIDADO,HF PERU,25-089-HPER,4700003965-2,FIORELLA,FASTIK,E & E,FILM PUNNET PET 11OZ,-,92241A,"640,000.00",UN,USD,"26,905.60","26,905.60",0,EXW,AIR,AIR,CANADA,TORONTO,LIMA,NA,NA,2,PALLET,NA,16/7/2025,17/7/2025,AIRSEALOG,S00056550,AIR CANADA,014-23763036,NA,,,14/8/2025,33,S00167074,AIR CANADA CARGO,16/8/2025,33,SI,12/8/2025,SHOHIN,LIP,11608,12/8/2025,14/8/2025,235-2025-10-131149-01-5-00,NA,NA,17/8/2025,NA,ALMACEN LIMA,LIP,19/8/2025,T001-6831,GUZMAN,19/8/2025,34,PLSA,22/8/2025,34,23/8/2025,EG03-00009618,EG07-00005039,,4700003965-2,28/8/2025,
2025-2026,LIQUIDADO,HF PERU,25-106-HPER,PEA2D00000,CORPORATIVO,NEOLITHICS,MAQUINARIA,BANDEJAS DE REPUESTO,SAMPLE,20250814,2.00,UN,USD,100.00,100.00,30,DAP,AIR,AIR,ISRAEL,HAIFA,LIMA,NA,NA,1,CAJA,NA,NA,NA,DIRECTO,NA,DHL,1832618756,NA,,,14/8/2025,33,1832618756,DHL COURIER,19/8/2025,34,NO,NA,NA,DHL,NA,NA,15/8/2025,235-2025-28-08500618-48-0-00,NA,NA,,,COURIER,NA,,,NA,19/8/2025,34,PLSA,19/8/2025,34,21/8/2025,NA,NA,,PEA2D00000,21/8/2025,
2025-2026,LIQUIDADO,HF PERU,25-051-HPER,4700003999-3,FIORELLA,OSKUPACK,E & E,CLAMSHELL 125G,ENV,008,"558,000.00",UN,USD,"16,182.00","16,182.00",90,EXW,SEA,FCL,CHILE,SAN ANTONIO,CALLAO,1,40 HC,930,CAJA,NA,3/6/2025,5/6/2025,AIRSEALOG,S00056496,COSCO,6427103330,CSNU8536900,,,16/8/2025,33,ASLCLS00056496,MATTHEW SCHULTE 136N,20/8/2025,34,SI,15/8/2025,IMUPESA,AVM,25/001269,18/8/2025,19/8/2025,118-2025-10-352482-01-5-00,NA,NA,27/8/2025,11/9/2025,ALMACEN LIMA,AVM,29/8/2025,,LIP,29/8/2025,35,MAQ0,3/9/2025,36,3/9/2025,EG03-00021765,EG07-00005281,,4700003999-3,29/9/2025,
2025-2026,LIQUIDADO,HF PERU,25-051-HPER,4700003999-3,FIORELLA,OSKUPACK,E & E,CLAMSHELL 18OZ,ENV,008,"140,157.00",UN,USD,"14,576.33","14,576.33",90,EXW,SEA,FCL,CHILE,SAN ANTONIO,CALLAO,1,40 HC,537,CAJA,NA,3/6/2025,5/6/2025,AIRSEALOG,S00056496,COSCO,6427103330,BEAU4612233,,,16/8/2025,33,ASLCLS00056496,MATTHEW SCHULTE 136N,20/8/2025,34,SI,15/8/2025,IMUPESA,AVM,25/001269,18/8/2025,19/8/2025,118-2025-10-352482-01-5-00,NA,NA,26/8/2025,11/9/2025,ALMACEN LIMA,AVM,28/8/2025,,LIP,28/8/2025,35,MAQ0,3/9/2025,36,3/9/2025,EG03-00021774,EG07-00005282,,4700003999-3,29/9/2025,
2025-2026,LIQUIDADO,HF PERU,25-103-HPER,4700004013,MELANIE,A&B,SPAREPARTS,REPUESTOS VARIOS,-,592,100.00,UN,USD,368.00,368.00,0,EXW,AIR,AIR,USA,MIAMI,LIMA,NA,NA,1,CAJA,NA,1/8/2025,4/8/2025,AIRSEALOG,S00056570 ,AIRMAX,658-30850385,NA,,,20/8/2025,34,94EAMIA253895,AIRMAX CARGO,20/8/2025,34,SI,14/8/2025,ALFOSAC,LIP,13038,14/8/2025,15/8/2025,235-2025-10-132127-01-5-00,NA,NA,20/8/2025,NA,ALMACEN LIMA,LIP,22/8/2025,T001-6867,GUZMAN,22/8/2025,34,PLSA,3/9/2025,36,4/9/2025,EG07-00005260,EG03-00010055,,4700004013,7/10/2025,
2025-2026,LIQUIDADO,HF PERU,25-103-HPER,4700004063,VICTORIA,A&B,SPAREPARTS,REPUESTOS VARIOS,-,1109,"1,165.00",UN,USD,"9,513.11","9,513.11",0,EXW,AIR,AIR,USA,MIAMI,LIMA,NA,NA,1,CAJA,NA,1/8/2025,4/8/2025,AIRSEALOG,S00056570 ,AIRMAX,658-30850385,NA,,,20/8/2025,34,94EAMIA253895,AIRMAX CARGO,20/8/2025,34,SI,14/8/2025,ALFOSAC,LIP,13038,14/8/2025,15/8/2025,235-2025-10-132127-01-5-00,NA,NA,20/8/2025,NA,ALMACEN LIMA,LIP,22/8/2025,T001-6867,GUZMAN,22/8/2025,34,PLSA,3/9/2025,36,4/9/2025,EG07-00005260,EG03-00010055,,4700004063,7/10/2025,
2025-2026,LIQUIDADO,HF PERU,25-103-HPER,4700004099,GONZALO,A&B,SPAREPARTS,REPUESTOS VARIOS,-,1097,3.00,UN,USD,748.79,748.79,0,EXW,AIR,AIR,USA,MIAMI,LIMA,NA,NA,3,CAJA,NA,1/8/2025,4/8/2025,AIRSEALOG,S00056570 ,AIRMAX,658-30850385,NA,,,20/8/2025,34,94EAMIA253895,AIRMAX CARGO,20/8/2025,34,SI,14/8/2025,ALFOSAC,LIP,13038,14/8/2025,15/8/2025,235-2025-10-132127-01-5-00,NA,NA,21/8/2025,NA,ALMACEN LIMA,LIP,22/8/2025,T001-6867,GUZMAN,22/8/2025,34,PLSA,3/9/2025,36,4/9/2025,EG07-00005260,EG03-00010055,,4700004099,7/10/2025,
2025-2026,LIQUIDADO,HF PERU,25-104-HPER,4700004227,HUB,UF BREEDING,PLANTAS,PLANTAS IN VITRO,SAMPLE,25-08C-PH,126.00,UN,USD,31.50,31.50,0,CPT,AIR,AIR,USA,MIAMI,LIMA,NA,NA,1,CAJA,NA,NA,NA,DIRECTO,NA,DELTA,006-10588922,NA,NA,,20/8/2025,34,006-10588922,DELTA AIRLINES,21/8/2025,34,SI,21/8/2025,TALMA,AVM,25/001200,20/8/2025,21/8/2025,235-2025-10-135408-01-5-00,25/8/2025,25/8/2025,25/8/2025,NA,DIRECTO,NA,26/8/2025,NA,AVM,27/8/2025,35,ALMC,27/8/2025,35,8/9/2025,T001-3754,NA,,4700004227,9/9/2025,
2025-2026,LIQUIDADO,HF PERU,25-101-HPER,4700004154,GONZALO,RITEC,EQP & INST,APARATOS DE RIEGO,-,25/656,2.00,UN,USD,"1,300.00","1,300.00",0,EXW,AIR,AIR,ESPAÑA,MADRID,LIMA,NA,NA,1,CAJA,NA,12/8/2025,12/8/2025,AIRSEALOG,S00056907,LAN,045-16430105,NA,NA,,24/8/2025,34,P5GBM0804498,LAN CARGO,24/8/2025,34,SI,22/8/2025,SHOHIN,LIP,13511,22/8/2025,22/8/2025,235-2025-10-136067-01-7-00,NA,NA,25/8/2025,NA,ALMACEN LIMA,LIP,27/8/2025,T001-6926,GUZMAN,27/8/2025,35,ALMC,9/9/2025,37,1/10/2025,EG03-00010225,EG07-00005368,,4700004154,9/9/2025,
2025-2026,LIQUIDADO,HF PERU,25-100-HPER,4700004146,GONZALO,AZUD,EQP & INST,APARATOS DE RIEGO (FILTROS),-,FVM25-001111,5.00,UN,USD,"1,218.98","1,218.98",90,FCA,AIR,AIR,ESPAÑA,MADRID,LIMA,NA,NA,1,CAJA,NA,12/8/2025,12/8/2025,AIRSEALOG,S00056910,LAN,045-16430105,NA,NA,NA,24/8/2025,34,P5GBM0804487,LAN CARGO,24/8/2025,34,SI,22/8/2025,SHOHIN,LIP,13510,22/8/2025,22/8/2025,235-2025-10-136068-01-3-00,NA,NA,25/8/2025,NA,ALMACEN LIMA,LIP,27/8/2025,T001-6925,GUZMAN,27/8/2025,35,ALMC,13/9/2025,37,1/10/2025,EG03-00010225,EG07-00005368,,4700004146,9/9/2025,
2025-2026,LIQUIDADO,HF PERU,25-108-HPER,4700004144,VICTORIA,UNITEC,SPAREPARTS,REPUESTOS VARIOS,-,377,20.00,UN,EUR,"2,027.70","2,392.69",30,EXW,AIR,AIR,CHILE,SANTIAGO,LIMA,NA,NA,1,CAJA,NA,NA,NA,COURIER,NA,DHL,2981061392,NA,,,22/8/2025,34,2981061392,DHL COURIER,2/9/2025,36,NO,NA,NA,DHL,NA,NA,25/8/2025,235-2025-10-137430-01-8-00,NA,NA,31/8/2025,NA,ALMACEN LIMA,,,,,2/9/2025,36,PLSA,2/9/2025,36,3/9/2025,NA,NA,,4700004144,9/9/2025,
2025-2026,LIQUIDADO,HF PERU,25-053-HPER,4700003999-5,FIORELLA,OSKUPACK,E & E,CLAMSHELL 125G,ENV,14,"557,400.00",UN,USD,"16,164.60","16,164.60",90,EXW,SEA,FCL,CHILE,SAN ANTONIO,CALLAO,1,40 HC,929,CAJA,NA,3/6/2025,5/6/2025,AIRSEALOG,S00056733,COSCO,6427874870,OOCU8903499,,,1/9/2025,36,ASLCLS00056733,CAPE HELLAS 010N,4/9/2025,36,SI,29/8/2025,IMUPESA,AVM,25/001317,29/8/2025,2/9/2025,118-2025-10-375699-01-0-00,NA,NA,9/9/2025,26/9/2025,DIRECTO,NA,10/9/2025,NA,GASTALDI,11/9/2025,37,MAQ0,11/9/2025,37,12/9/2025,EG03-00000755,EG07-00005428,,4700003999-5,29/9/2025,
2025-2026,LIQUIDADO,HF PERU,25-053-HPER,4700003999-5,FIORELLA,OSKUPACK,E & E,CLAMSHELL 18OZ,ENV,14,"140,940.00",UN,USD,"14,657.76","14,657.76",90,EXW,SEA,FCL,CHILE,SAN ANTONIO,CALLAO,1,40 HC,540,CAJA,NA,3/6/2025,5/6/2025,AIRSEALOG,S00056733,COSCO,6427874870,FFAU2808860,,,1/9/2025,36,ASLCLS00056733,CAPE HELLAS 010N,4/9/2025,36,SI,29/8/2025,IMUPESA,AVM,25/001317,29/8/2025,2/9/2025,118-2025-10-375699-01-0-00,NA,NA,10/9/2025,26/9/2025,DIRECTO,NA,11/9/2025,NA,GASTALDI,12/9/2025,37,PLSA,12/9/2025,37,13/9/2025,EG03-00000672,EG07-00005441,,4700003999-5,29/9/2025,
2025-2026,LIQUIDADO,HF PERU,25-053-HPER,4700003999-5,FIORELLA,OSKUPACK,E & E,CLAMSHELL 11OZ,ENV,14,"252,000.00",UN,USD,"15,750.00","15,750.00",90,EXW,SEA,FCL,CHILE,SAN ANTONIO,CALLAO,1,40 HC,630,CAJA,NA,3/6/2025,5/6/2025,AIRSEALOG,S00056733,COSCO,6427874870,CSNU6649445,,,1/9/2025,36,ASLCLS00056733,CAPE HELLAS 010N,4/9/2025,36,SI,29/8/2025,IMUPESA,AVM,25/001317,29/8/2025,2/9/2025,118-2025-10-375699-01-0-00,NA,NA,8/9/2025,26/9/2025,DIRECTO,NA,9/9/2025,NA,GASTALDI,10/9/2025,37,PLSA,10/9/2025,37,11/9/2025,EG03-00000754,EG07-00005400,,4700003999-5,29/9/2025,
2025-2026,LIQUIDADO,HF PERU,25-053-HPER,4700003999-5,FIORELLA,OSKUPACK,E & E,CLAMSHELL 11OZ,ENV,14,"252,000.00",UN,USD,"15,750.00","15,750.00",90,EXW,SEA,FCL,CHILE,SAN ANTONIO,CALLAO,1,40 HC,630,CAJA,NA,3/6/2025,5/6/2025,AIRSEALOG,S00056733,COSCO,6427874870,TGBU4944730,,,1/9/2025,36,ASLCLS00056733,CAPE HELLAS 010N,4/9/2025,36,SI,29/8/2025,IMUPESA,AVM,25/001317,29/8/2025,2/9/2025,118-2025-10-375699-01-0-00,NA,NA,9/9/2025,26/9/2025,DIRECTO,NA,10/9/2025,NA,GASTALDI,11/9/2025,37,MAQ0,11/9/2025,37,12/9/2025,EG03-00000463,EG07-00005421,,4700003999-5,29/9/2025,
2025-2026,LIQUIDADO,HF PERU,25-053-HPER,4700003999-5,FIORELLA,OSKUPACK,E & E,CLAMSHELL 18OZ,ENV,14,"134,676.00",UN,USD,"14,006.30","14,006.30",90,EXW,SEA,FCL,CHILE,SAN ANTONIO,CALLAO,1,40 HC,516,CAJA,NA,3/6/2025,5/6/2025,AIRSEALOG,S00056733,COSCO,6427874870,BSIU9363220,,,1/9/2025,36,ASLCLS00056733,CAPE HELLAS 010N,4/9/2025,36,SI,29/8/2025,IMUPESA,AVM,25/001317,29/8/2025,2/9/2025,118-2025-10-375699-01-0-00,NA,NA,8/9/2025,26/9/2025,DIRECTO,NA,9/9/2025,NA,GASTALDI,10/9/2025,37,MAQ0,10/9/2025,37,12/9/2025,EG03-00000303,EG07-00005398,,4700003999-5,29/9/2025,
2025-2026,LIQUIDADO,HF PERU,25-063-HPER,4700004145,VICTORIA,SMARTPACK,SPAREPARTS,REPUESTOS VARIOS,-,259,2.00,UN,USD,"11,842.57","11,842.57",30,EXW,AIR,AIR,CHILE,SANTIAGO,LIMA,NA,NA,1,CAJA,NA,1/9/2025,1/9/2025,GASTALDI,RO-2506000723,KOREAN,180-48262200,NA,,,5/9/2025,36,SCL/LIM/00679,KOREAN AIRLINES,5/9/2025,36,SI,5/9/2025,SHOHIN,LIP,14325,5/9/2025,5/9/2025,235-2025-10-144329-01-7-00,NA,NA,6/9/2025,NA,ALMACEN LIMA,LIP,8/9/2025,T001-7038,GUZMAN,8/9/2025,37,PLSA,13/9/2025,37,1/10/2025,EG03-00010227,EG03-00005370,,4700004145,29/9/2025,
2025-2026,LIQUIDADO,HF PERU,25-063-HPER,4700004160,GONZALO,SMARTPACK,SPAREPARTS,REPUESTOS VARIOS,-,262,1.00,UN,USD,"2,854.03","2,854.03",30,EXW,AIR,AIR,CHILE,SANTIAGO,LIMA,NA,NA,1,CAJA,NA,1/9/2025,1/9/2025,GASTALDI,RO-2506000723,KOREAN,180-48262200,NA,,,5/9/2025,36,SCL/LIM/00679,KOREAN AIRLINES,5/9/2025,36,SI,5/9/2025,SHOHIN,LIP,14325,5/9/2025,5/9/2025,235-2025-10-144329-01-7-00,NA,NA,6/9/2025,NA,ALMACEN LIMA,LIP,8/9/2025,T001-7038,GUZMAN,8/9/2025,37,MAQ0,10/9/2025,37,1/10/2025,EG03-00010227,EG03-00005370,,4700004160,29/9/2025,
2025-2026,LIQUIDADO,HF PERU,25-063-HPER,4700004200,MELANIE,SMARTPACK,SPAREPARTS,REPUESTOS VARIOS,-,261,1.00,UN,USD,263.35,263.35,30,EXW,AIR,AIR,CHILE,SANTIAGO,LIMA,NA,NA,1,CAJA,NA,1/9/2025,1/9/2025,GASTALDI,RO-2506000723,KOREAN,180-48262200,NA,,,5/9/2025,36,SCL/LIM/00679,KOREAN AIRLINES,5/9/2025,36,SI,5/9/2025,SHOHIN,LIP,14325,5/9/2025,5/9/2025,235-2025-10-144329-01-7-00,NA,NA,6/9/2025,NA,ALMACEN LIMA,LIP,8/9/2025,T001-7038,GUZMAN,8/9/2025,37,PLSA,13/9/2025,37,1/10/2025,EG03-00010227,EG03-00005370,,4700004200,10/9/2025,
2025-2026,SIN GASTOS,HF PERU,25-081-HPER,4700004006,MELANIE,UNITEC,SPAREPARTS,REPUESTOS VARIOS,REP.,25CI-000052,1.00,UN,EUR,"6,844.50","8,076.51",30,EXW,AIR,AIR,CHILE,SANTIAGO,LIMA,NA,NA,1,CAJA,NA,NA,NA,COURIER,NA,FEDEX,883969171343,NA,,,2/9/2025,36,883969171343,FEDEX COURIER,8/9/2025,37,NO,NA,NA,FEDEX,NA,NA,,,NA,NA,6/9/2026,NA,COURIER,NA,,NA,NA,8/9/2026,37,PLSA,,52,,NA,NA,,4700004006,10/9/2025,
2025-2026,LIQUIDADO,HF PERU,25-112-HPER,4700003900,GONZALO,ELEC. AUTO & MTTO,EQP & INST,ESPIRALES + PANELES,-,1,80.00,UN,USD,"1,358.40","1,358.40",0,EXW,AIR,AIR,CHILE,SANTIAGO,LIMA,NA,NA,1,CAJA,NA,NA,NA,COURIER,NA,DHL,4940193016,NA,NA,,10/9/2025,37,4940193016,DHL COURIER,12/9/2025,37,NO,NA,NA,DHL,NA,NA,12/9/2025,235-2025-28-10037798-10-4,NA,NA,17/9/2025,NA,COURIER,NA,,NA,DHL,19/9/2025,38,PLSA,25/9/2025,39,18/10/2025,NA,NA,,4700003900,27/8/2025,
2025-2026,ENTREGADO,HFE BERRIES,25-016-HFEB,4700004000-2,FIORELLA,JCK,E & E,CLAMSHELL 11OZ,ENV,1122,"299,700.00",UN,USD,"15,884.10","15,884.10",120,EXW,SEA,FCL,CHILE,SAN ANTONIO,CALLAO,0.5,40 HC,370,CAJA,NA,3/6/2025,7/6/2025,AIRSEALOG,S00057077,CMA CGM,SNG0474915,TGHU6348808,,,9/9/2025,37,ASLCLS00057077,CMA CGM LEGACY 0MHRQW1MA,13/9/2025,37,SI,26/8/2025,UNIMAR,AVM,25/001327,2/9/2025,12/9/2025,118-2025-10-394742-01-5-00,NA,NA,22/9/2025,5/10/2025,DIRECTO,NA,22/9/2025,NA,GASTALDI,24/9/2025,39,OLMOS,24/9/2025,39,NA,NA,NA,,4700004000-2,,
2025-2026,ENTREGADO,HFE BERRIES,25-016-HFEB,4700004000-2,FIORELLA,JCK,E & E,CLAMSHELL 250 GR,ENV,1122,"253,530.00",UN,USD,"8,620.02","8,620.02",120,EXW,SEA,FCL,CHILE,SAN ANTONIO,CALLAO,0.5,40 HC,313,CAJA,NA,3/6/2025,7/6/2025,AIRSEALOG,S00057077,CMA CGM,SNG0474915,TGHU6348808,,,9/9/2025,37,ASLCLS00057077,CMA CGM LEGACY 0MHRQW1MA,13/9/2025,37,SI,26/8/2025,UNIMAR,AVM,25/001327,2/9/2025,12/9/2025,118-2025-10-394742-01-5-00,NA,NA,22/9/2025,5/10/2025,DIRECTO,NA,22/9/2025,NA,GASTALDI,24/9/2025,39,OLMOS,24/9/2025,39,NA,NA,NA,,4700004000-2,,
2025-2026,LIQUIDADO,HF PERU,25-054-HPER,4700003999-6,FIORELLA,OSKUPACK,E & E,CLAMSHELL 18OZ,ENV,16,"125,280.00",UN,USD,"13,029.12","13,029.12",90,EXW,SEA,FCL,CHILE,SAN ANTONIO,CALLAO,1,40 HC,480,CAJA,NA,3/6/2025,5/6/2025,AIRSEALOG,S00056736,CMA CGM,SNG0474811,TRHU7149546,,,9/9/2025,37,ASLCLS00056736,CMA CGM LEGACY 0MHRQW1MA,13/9/2025,37,SI,5/9/2025,IMUPESA,AVM,25/001342,5/9/2025,13/9/2025,118-2025-10-395310-01-1-00,NA,NA,18/9/2025,5/10/2025,DIRECTO,NA,24/9/2025,NA,GASTALDI,25/9/2025,39,MAQ0,25/9/2025,39,26/9/2025,EG03-00000317,EG07-00005706,,4700003999-6,7/10/2025,
2025-2026,LIQUIDADO,HF PERU,25-054-HPER,4700003999-6,FIORELLA,OSKUPACK,E & E,CLAMSHELL 125G,ENV,16,"555,000.00",UN,USD,"16,095.00","16,095.00",90,EXW,SEA,FCL,CHILE,SAN ANTONIO,CALLAO,1,40 HC,925,CAJA,NA,3/6/2025,5/6/2025,AIRSEALOG,S00056736,CMA CGM,SNG0474811,TEMU6441734,,,9/9/2025,37,ASLCLS00056736,CMA CGM LEGACY 0MHRQW1MA,13/9/2025,37,SI,5/9/2025,IMUPESA,AVM,25/001342,5/9/2025,13/9/2025,118-2025-10-395310-01-1-00,NA,NA,18/9/2025,5/10/2025,DIRECTO,NA,22/9/2025,NA,GASTALDI,23/9/2025,39,MAQ0,23/9/2025,39,24/9/2025,EG03-00001726,EG07-00005655,,4700003999-6,7/10/2025,
2025-2026,LIQUIDADO,HF PERU,25-054-HPER,4700003999-6,FIORELLA,OSKUPACK,E & E,CLAMSHELL 11OZ,ENV,16,"240,000.00",UN,USD,"15,000.00","15,000.00",90,EXW,SEA,FCL,CHILE,SAN ANTONIO,CALLAO,1,40 HC,600,CAJA,NA,3/6/2025,5/6/2025,AIRSEALOG,S00056736,CMA CGM,SNG0474811,TCNU6378396,,,9/9/2025,37,ASLCLS00056736,CMA CGM LEGACY 0MHRQW1MA,13/9/2025,37,SI,5/9/2025,IMUPESA,AVM,25/001342,5/9/2025,13/9/2025,118-2025-10-395310-01-1-00,NA,NA,18/9/2025,5/10/2025,DIRECTO,NA,22/9/2025,NA,GASTALDI,23/9/2025,39,MAQ0,23/9/2025,39,24/9/2025,EG03-00000470,EG07-00005656,,4700003999-6,7/10/2025,
2025-2026,LIQUIDADO,HF PERU,25-054-HPER,4700003999-6,FIORELLA,OSKUPACK,E & E,CLAMSHELL 18OZ,ENV,16,"125,280.00",UN,USD,"13,029.12","13,029.12",90,EXW,SEA,FCL,CHILE,SAN ANTONIO,CALLAO,1,40 HC,480,CAJA,NA,3/6/2025,5/6/2025,AIRSEALOG,S00056736,CMA CGM,SNG0474811,TGBU5319085,,,9/9/2025,37,ASLCLS00056736,CMA CGM LEGACY 0MHRQW1MA,13/9/2025,37,SI,5/9/2025,IMUPESA,AVM,25/001342,5/9/2025,13/9/2025,118-2025-10-395310-01-1-00,NA,NA,18/9/2025,5/10/2025,DIRECTO,NA,23/9/2025,NA,GASTALDI,24/9/2025,39,MAQ0,24/9/2025,39,25/9/2025,EG03-00000688,EG07-00005674,,4700003999-6,7/10/2025,
2025-2026,LIQUIDADO,HF PERU,25-055-HPER,4700003999-7,FIORELLA,OSKUPACK,E & E,CLAMSHELL 18OZ,ENV,18,"125,280.00",UN,USD,"13,029.12","13,029.12",90,EXW,SEA,FCL,CHILE,SAN ANTONIO,CALLAO,1,40 HC,480,CAJA,NA,3/6/2025,5/6/2025,AIRSEALOG,S00056737,CMA CGM,SNG0475171,TCLU6743320,,,9/9/2025,37,ASLCLS00056737,CMA CGM LEGACY 0MHRQW1MA,13/9/2025,37,SI,5/9/2025,IMUPESA,AVM,25/001340,5/9/2025,15/9/2025,118-2025-10-393677-01-5-00,NA,NA,15/9/2025,5/10/2025,DIRECTO,NA,22/9/2025,NA,GASTALDI,23/9/2025,39,PLSA,23/9/2025,39,25/9/2025,EG03-00000765,EG07-00005650,,4700003999-7,7/10/2025,
2025-2026,LIQUIDADO,HF PERU,25-055-HPER,4700003999-7,FIORELLA,OSKUPACK,E & E,CLAMSHELL 11OZ,ENV,18,"252,000.00",UN,USD,"15,750.00","15,750.00",90,EXW,SEA,FCL,CHILE,SAN ANTONIO,CALLAO,1,40 HC,630,CAJA,NA,3/6/2025,5/6/2025,AIRSEALOG,S00056737,CMA CGM,SNG0475171,TEMU7479415,,,9/9/2025,37,ASLCLS00056737,CMA CGM LEGACY 0MHRQW1MA,13/9/2025,37,SI,5/9/2025,IMUPESA,AVM,25/001340,5/9/2025,15/9/2025,118-2025-10-393677-01-5-00,NA,NA,15/9/2025,5/10/2025,DIRECTO,NA,25/9/2025,NA,GASTALDI,26/9/2025,39,MAQ0,26/9/2025,39,26/9/2025,EG03-00000318,EG07-00005718,,4700003999-7,7/10/2025,
2025-2026,LIQUIDADO,HF PERU,25-055-HPER,4700003999-7,FIORELLA,OSKUPACK,E & E,CLAMSHELL 11OZ,ENV,18,"252,000.00",UN,USD,"15,750.00","15,750.00",90,EXW,SEA,FCL,CHILE,SAN ANTONIO,CALLAO,1,40 HC,630,CAJA,NA,3/6/2025,5/6/2025,AIRSEALOG,S00056737,CMA CGM,SNG0475171,APHU7286417,,,9/9/2025,37,ASLCLS00056737,CMA CGM LEGACY 0MHRQW1MA,13/9/2025,37,SI,5/9/2025,IMUPESA,AVM,25/001340,5/9/2025,15/9/2025,118-2025-10-393677-01-5-00,NA,NA,15/9/2025,5/10/2025,DIRECTO,NA,26/9/2025,NA,GASTALDI,27/9/2025,39,MAQ0,27/9/2025,39,29/9/2025,EG03-00000319,EG07-00005759,,4700003999-7,7/10/2025,
2025-2026,LIQUIDADO,HF PERU,25-056-HPER,4700003999-8,FIORELLA,OSKUPACK,E & E,CLAMSHELL 11OZ,ENV,19,"252,000.00",UN,USD,"15,750.00","15,750.00",90,EXW,SEA,FCL,CHILE,SAN ANTONIO,CALLAO,1,40 HC,630,CAJA,NA,3/6/2025,5/6/2025,AIRSEALOG,S00057502,CMA CGM,SNG0475853,CMAU5767772,,,9/9/2025,37,ASLCLS00057502,CMA CGM LEGACY 0MHRQW1MA,13/9/2025,37,SI,11/9/2025,IMUPESA,AVM,25/001368,11/9/2025,15/9/2025,118-2025-10-394758-01-9-00,NA,NA,15/9/2025,2/10/2025,DIRECTO,NA,26/9/2025,NA,GASTALDI,27/9/2025,39,PLSA,27/9/2025,39,30/9/2025,EG03-00000769,EG07-00005760,,4700003999-8,7/10/2025,
2025-2026,LIQUIDADO,HF PERU,25-056-HPER,4700003999-8,FIORELLA,OSKUPACK,E & E,CLAMSHELL 11OZ,ENV,19,"240,000.00",UN,USD,"15,000.00","15,000.00",90,EXW,SEA,FCL,CHILE,SAN ANTONIO,CALLAO,1,40 HC,600,CAJA,NA,3/6/2025,5/6/2025,AIRSEALOG,S00057502,CMA CGM,SNG0475853,CAIU9449268,,,9/9/2025,37,ASLCLS00057502,CMA CGM LEGACY 0MHRQW1MA,13/9/2025,37,SI,11/9/2025,IMUPESA,AVM,25/001368,11/9/2025,15/9/2025,118-2025-10-394758-01-9-00,NA,NA,15/9/2025,2/10/2025,DIRECTO,NA,29/9/2025,NA,GASTALDI,30/9/2025,40,PLSA,30/9/2025,40,1/10/2025,EG03-00000003,EG07-00005793,,4700003999-8,7/10/2025,
2025-2026,LIQUIDADO,HF PERU,25-056-HPER,4700003999-8,FIORELLA,OSKUPACK,E & E,CLAMSHELL 18OZ,ENV,19,"125,280.00",UN,USD,"13,029.12","13,029.12",90,EXW,SEA,FCL,CHILE,SAN ANTONIO,CALLAO,1,40 HC,480,CAJA,NA,3/6/2025,5/6/2025,AIRSEALOG,S00057502,CMA CGM,SNG0475853,TCNU4708009,,,9/9/2025,37,ASLCLS00057502,CMA CGM LEGACY 0MHRQW1MA,13/9/2025,37,SI,11/9/2025,IMUPESA,AVM,25/001368,11/9/2025,15/9/2025,118-2025-10-394758-01-9-00,NA,NA,15/9/2025,2/10/2025,DIRECTO,NA,28/9/2025,NA,GASTALDI,29/9/2025,40,MAQ0,29/9/2025,40,30/9/2025,EG03-00000697,EG07-00005771,,4700003999-8,7/10/2025,
2025-2026,LIQUIDADO,HF PERU,25-056-HPER,4700003999-8,FIORELLA,OSKUPACK,E & E,CLAMSHELL 18OZ,ENV,19,"125,280.00",UN,USD,"13,029.12","13,029.12",90,EXW,SEA,FCL,CHILE,SAN ANTONIO,CALLAO,1,40 HC,480,CAJA,NA,3/6/2025,5/6/2025,AIRSEALOG,S00057502,CMA CGM,SNG0475853,SEKU5914872,,,9/9/2025,37,ASLCLS00057502,CMA CGM LEGACY 0MHRQW1MA,13/9/2025,37,SI,11/9/2025,IMUPESA,AVM,25/001368,11/9/2025,15/9/2025,118-2025-10-394758-01-9-00,NA,NA,15/9/2025,2/10/2025,DIRECTO,NA,29/9/2025,NA,GASTALDI,30/9/2025,40,MAQ0,30/9/2025,40,2/10/2025,EG03-00000277,EG07-00005791,,4700003999-8,7/10/2025,
2025-2026,LIQUIDADO,HF PERU,25-067-HPER,4700003998-6,FIORELLA,JCK,E & E,CLAMSHELL 11OZ,ENV,1125,"261,660.00",UN,USD,"16,484.58","16,484.58",90,EXW,SEA,FCL,CHILE,SAN ANTONIO,CALLAO,1,40 HC,623,CAJA,NA,3/6/2025,10/6/2025,AIRSEALOG,S00056497,CMA CGM,SNG0475170,CMAU4713489,,,9/9/2025,37,ASLCLS00056497,CMA CGM LEGACY 0MHRQW1MA,13/9/2025,37,SI,5/9/2025,IMUPESA,AVM,25/001345,5/9/2025,15/9/2025,118-2025-10-395154-01-1-00,NA,NA,19/9/2025,5/10/2025,DIRECTO,NA,25/9/2025,NA,GASTALDI,26/9/2025,39,MAQ0,26/9/2025,39,27/9/2025,EG03-00000481,EG07-00005721,,4700003998-6,13/10/2025,
2025-2026,LIQUIDADO,HF PERU,25-067-HPER,4700003998-6,FIORELLA,JCK,E & E,CLAMSHELL 11OZ,ENV,1125,"261,660.00",UN,USD,"16,484.58","16,484.58",90,EXW,SEA,FCL,CHILE,SAN ANTONIO,CALLAO,1,40 HC,623,CAJA,NA,3/6/2025,10/6/2025,AIRSEALOG,S00056497,CMA CGM,SNG0475170,TCKU6398166,L9341434,"6,406.10",9/9/2025,37,ASLCLS00056497,CMA CGM LEGACY 0MHRQW1MA,13/9/2025,37,SI,5/9/2025,IMUPESA,AVM,25/001345,5/9/2025,15/9/2025,118-2025-10-395154-01-1-00,NA,NA,19/9/2025,5/10/2025,DIRECTO,NA,29/9/2025,NA,GASTALDI,1/10/2025,40,PLSA,1/10/2025,40,4/10/2025,EG03-00000483,EG07-00005788,,4700003998-6,13/10/2025,
2025-2026,LIQUIDADO,HF PERU,25-067-HPER,4700003998-6,FIORELLA,JCK,E & E,PUNNET 150 GR,ENV,1125,"820,125.00",UN,USD,"21,733.31","21,733.31",90,EXW,SEA,FCL,CHILE,SAN ANTONIO,CALLAO,1,40 HC,675,CAJA,NA,3/6/2025,10/6/2025,AIRSEALOG,S00056497,CMA CGM,SNG0475170,TCLU9579210,,,9/9/2025,37,ASLCLS00056497,CMA CGM LEGACY 0MHRQW1MA,13/9/2025,37,SI,5/9/2025,IMUPESA,AVM,25/001345,5/9/2025,15/9/2025,118-2025-10-395154-01-1-00,NA,NA,19/9/2025,5/10/2025,DIRECTO,NA,29/9/2025,NA,GASTALDI,30/9/2025,40,MAQ0,30/9/2025,40,2/10/2025,EG03-00000699,EG07-00005777,,4700003998-6,13/10/2025,
2025-2026,LIQUIDADO,HF PERU,25-068-HPER,4700003998-7,FIORELLA,JCK,E & E,CLAMSHELL 11OZ,ENV,1124,"261,660.00",UN,USD,"16,484.58","16,484.58",90,EXW,SEA,FCL,CHILE,SAN ANTONIO,CALLAO,1,40 HC,624,CAJA,NA,3/6/2025,10/6/2025,AIRSEALOG,S00057121,CMA CGM,SNG0475265,CAIU9687883,,,9/9/2025,37,ASLCLS00057121,CMA CGM LEGACY 0MHRQW1MA,13/9/2025,37,SI,5/9/2025,IMUPESA,AVM,25/001344,5/9/2025,13/9/2025,118-2025-10-394926-01-9-00,NA,NA,19/9/2025,5/10/2025,DIRECTO,NA,24/9/2025,NA,GASTALDI,25/9/2025,39,MAQ0,25/9/2025,39,26/9/2025,EG03-00000766,EG07-00005707,,4700003998-7,17/10/2025,
2025-2026,LIQUIDADO,HF PERU,25-068-HPER,4700003998-7,FIORELLA,JCK,E & E,CLAMSHELL 11OZ,ENV,1124,"261,660.00",UN,USD,"16,484.58","16,484.58",90,EXW,SEA,FCL,CHILE,SAN ANTONIO,CALLAO,1,40 HC,623,CAJA,NA,3/6/2025,10/6/2025,AIRSEALOG,S00057121,CMA CGM,SNG0475265,TRHU5006398,,,9/9/2025,37,ASLCLS00057121,CMA CGM LEGACY 0MHRQW1MA,13/9/2025,37,SI,5/9/2025,IMUPESA,AVM,25/001344,5/9/2025,13/9/2025,118-2025-10-394926-01-9-00,NA,NA,19/9/2025,5/10/2025,DIRECTO,NA,23/9/2025,NA,GASTALDI,24/9/2025,39,MAQ0,24/9/2025,39,26/9/2025,EG03-00000687,EG07-00005673,,4700003998-7,17/10/2025,
2025-2026,LIQUIDADO,HF PERU,25-143-HPER,5400001419,HUB,HF GENETICS,PLANTAS,PLANTAS IN VITRO,-,7020000631,500.00,UN,USD,"1,230.00","1,230.00",30,CPT,AIR,AIR,CHILE,SANTIAGO,LIMA,NA,NA,1,PALLET,NA,NA,NA,DIRECTO,NA,JETSMART,703-20454442,NA,NA,,13/9/2025,37,703-20454442,JETSMART AIRLINES,13/9/2025,37,SI,15/9/2025,TALMA,AVM,25/001377,15/9/2025,19/9/2025,235-2025-10-153004-01-1-00,22/9/2025,22/9/2025,22/9/2025,NA,DIRECTO,NA,23/9/2025,NA,AVM,24/9/2025,39,ALMC,24/9/2025,39,10/10/2025,T001-3821,NA,,5400001419,29/9/2025,
2025-2026,LIQUIDADO,HF PERU,25-088-HPER,4700004101,VICTORIA,A&B,SPAREPARTS,REPUESTOS VARIOS,-,1092,4.00,UN,USD,738.36,738.36,0,EXW,AIR,AIR,USA,MIAMI,LIMA,NA,NA,1,CAJA,NA,27/8/2025,27/8/2025,AIRSEALOG,S00057554,AIRMAX,,93EAMIA254259,,,14/9/2025,37,93EAMIA254259,AIRMAX CARGO,14/9/2025,37,SI,12/9/2025,ALFOSAC,LIP,14699,12/9/2025,12/9/2025,235-2025-10-148642-01-1-00,NA,NA,14/9/2025,,ALMACEN LIMA,LIP,16/9/2025,T001-7140,GUZMAN,16/9/2025,38,PLSA,19/9/2025,38,22/9/2025,EG03-00010645,EG07-00005583,,4700004101,10/9/2025,
2025-2026,LIQUIDADO,HF PERU,25-088-HPER,4700004134,GONZALO,A&B,SPAREPARTS,REPUESTOS VARIOS,-,1120,3.00,UN,USD,"2,098.46","2,098.46",0,EXW,AIR,AIR,USA,MIAMI,LIMA,NA,NA,1,CAJA,NA,27/8/2025,27/8/2025,AIRSEALOG,S00057554,AIRMAX,,93EAMIA254259,,,14/9/2025,37,93EAMIA254259,AIRMAX CARGO,14/9/2025,37,SI,12/9/2025,ALFOSAC,LIP,14699,12/9/2025,12/9/2025,235-2025-10-148642-01-1-00,NA,NA,14/9/2025,,ALMACEN LIMA,LIP,16/9/2025,T001-7140,GUZMAN,16/9/2025,38,PLSA,19/9/2025,38,22/9/2025,EG03-00010645,EG07-00005583,,4700004134,26/8/2025,
2025-2026,LIQUIDADO,HF PERU,25-088-HPER,4700004123,VICTORIA,A&B,SPAREPARTS,REPUESTOS VARIOS,-,1133,1.00,UN,USD,779.75,779.75,0,EXW,AIR,AIR,USA,MIAMI,LIMA,NA,NA,1,CAJA,NA,27/8/2025,27/8/2025,AIRSEALOG,S00057554,AIRMAX,,93EAMIA254259,,,14/9/2025,37,93EAMIA254259,AIRMAX CARGO,14/9/2025,37,SI,12/9/2025,ALFOSAC,LIP,14699,12/9/2025,12/9/2025,235-2025-10-148642-01-1-00,NA,NA,14/9/2025,,ALMACEN LIMA,LIP,16/9/2025,T001-7140,GUZMAN,16/9/2025,38,PLSA,19/9/2025,38,22/9/2025,EG03-00010645,EG07-00005583,,4700004123,26/8/2025,
2025-2026,LIQUIDADO,HF PERU,25-111-HPER,4700004187,GONZALO,A&B,EQP & INST,COMPUTER,-,1139,2.00,UN,USD,"3,265.82","3,265.82",0,EXW,AIR,AIR,USA,MIAMI,LIMA,NA,NA,1,CAJA,NA,4/9/2025,5/9/2025,AIRSEALOG,S00057922,AIRMAX,658-38821613,NA,,,17/9/2025,38,96EAMIA254350,AIRMAX CARGO,17/9/2025,38,SI,16/9/2025,ALFOSAC,LIP,14961,16/9/2025,17/9/2025,235-2025-10-151258-01-4-01,NA,NA,17/9/2025,NA,ALMACEN LIMA,LIP,19/9/2025,T001-7184,GUZMAN,19/9/2025,38,MAQ0,26/9/2025,39,1/10/2025,EG03-00010714,EG07-00005703,,4700004187,10/10/2025,
2025-2026,LIQUIDADO,HF PERU,25-069-HPER,4700003998-8,FIORELLA,JCK,E & E,CLAMSHELL 11OZ,ENV,1133,"261,660.00",UN,USD,"16,484.58","16,484.58",90,EXW,SEA,FCL,CHILE,SAN ANTONIO,CALLAO,1,40 HC,623,CAJA,NA,3/6/2025,10/6/2025,AIRSEALOG,S00057304,CMA CGM,SNG0475579 ,DRYU9687360,L9341980,"6,370.00",12/9/2025,37,ASLCLS00057304,CMA CGM BEIRA 0LIIGN1MA,17/9/2025,38,SI,13/9/2025,IMUPESA,AVM,25/001376,15/9/2025,15/9/2025,118-2025-10-397571-01-7-00,NA,NA,20/9/2025,6/10/2025,DIRECTO,NA,30/9/2025,,GASTALDI,1/10/2025,40,MAQ0,1/10/2025,40,2/10/2025,EG03-00000701,EG07-00005806,,4700003998-8,10/10/2025,
2025-2026,LIQUIDADO,HF PERU,25-069-HPER,4700003998-8,FIORELLA,JCK,E & E,CLAMSHELL 11OZ,ENV,1133,"261,660.00",UN,USD,"16,484.58","16,484.58",90,EXW,SEA,FCL,CHILE,SAN ANTONIO,CALLAO,1,40 HC,623,CAJA,NA,3/6/2025,10/6/2025,AIRSEALOG,S00057304,CMA CGM,SNG0475579 ,SEGU5066479,L9341979,"6,370.00",12/9/2025,37,ASLCLS00057304,CMA CGM BEIRA 0LIIGN1MA,17/9/2025,38,SI,13/9/2025,IMUPESA,AVM,25/001376,15/9/2025,15/9/2025,118-2025-10-397571-01-7-00,NA,NA,20/9/2025,6/10/2025,DIRECTO,NA,30/9/2025,,GASTALDI,1/10/2025,40,MAQ0,1/10/2025,40,2/10/2025,EG03-00000321,EG07-00005807,,4700003998-8,10/10/2025,
2025-2026,LIQUIDADO,HF PERU,25-069-HPER,4700003998-8,FIORELLA,JCK,E & E,CLAMSHELL 11OZ,ENV,1133,"261,660.00",UN,USD,"16,484.58","16,484.58",90,EXW,SEA,FCL,CHILE,SAN ANTONIO,CALLAO,1,40 HC,623,CAJA,NA,3/6/2025,10/6/2025,AIRSEALOG,S00057304,CMA CGM,SNG0475579 ,TCNU2516049,L9341835,"6,370.00",12/9/2025,37,ASLCLS00057304,CMA CGM BEIRA 0LIIGN1MA,17/9/2025,38,SI,13/9/2025,IMUPESA,AVM,25/001376,15/9/2025,15/9/2025,118-2025-10-397571-01-7-00,NA,NA,20/9/2025,6/10/2025,DIRECTO,NA,1/10/2025,,GASTALDI,2/10/2025,40,MAQ0,2/10/2025,40,2/10/2025,EG07-00005831,EG07-00005831,,4700003998-8,10/10/2025,
2025-2026,LIQUIDADO,HF PERU,25-069-HPER,4700003998-8,FIORELLA,JCK,E & E,CLAMSHELL 11OZ,ENV,1133,"261,660.00",UN,USD,"16,484.58","16,484.58",90,EXW,SEA,FCL,CHILE,SAN ANTONIO,CALLAO,1,40 HC,623,CAJA,NA,3/6/2025,10/6/2025,AIRSEALOG,S00057304,CMA CGM,SNG0475579 ,TCNU4087998,L9341989,"6,370.00",12/9/2025,37,ASLCLS00057304,CMA CGM BEIRA 0LIIGN1MA,17/9/2025,38,SI,13/9/2025,IMUPESA,AVM,25/001376,15/9/2025,15/9/2025,118-2025-10-397571-01-7-00,NA,NA,20/9/2025,6/10/2025,DIRECTO,NA,1/10/2025,,GASTALDI,2/10/2025,40,MAQ0,2/10/2025,40,2/10/2025,EG07-00000968,EG07-00005833,,4700003998-8,8/7/2025,
2025-2026,LIQUIDADO,HF PERU,25-079-HPER,4700004136,OMAR,PROMISOL,AGQ,PROMI-CALFOR,-,F/25353,"24,000.00",KG,EUR,"84,600.00","99,828.00",90,EXW,SEA,FCL,ESPAÑA,BARCELONA,CALLAO,1,20 ST,20,PALLET,NA,4/8/2025,5/8/2025,AIRSEALOG,S00056629,HAPAG,,BMOU1452352,,,25/8/2025,35,PBEM063216,OSAKA EXPRESS 2531E,19/9/2025,38,SI,27/8/2025,IMUPESA,AVM,25/001347,5/9/2025,15/9/2025,118-2025-10-397520-01-3-00,NA,NA,23/9/2025,2/10/2025,ALMACEN LIMA,AVM,30/9/2025,T001-3830,GUZMAN,30/9/2025,40,ALMC,4/10/2025,40,15/10/2025,EG03-00010844,EG07-00005904,,4700004136,17/10/2025,
2025-2026,LIQUIDADO,HF PERU,25-090-HPER,4700004124-1,FIORELLA,PREMIUM CHOICE,E & E,CLAMSHELL 125GR,ENV,G001-00051,"600,000.00",UN,USD,"11,340.00","11,340.00",60,FOB,SEA,FCL,CHINA,QINGDAO,CALLAO,1,40 HC,600,CAJA,NA,9/7/2025,31/7/2025,GASTALDI,RO-2500000149,PIL,,PCIU8936969,CR0197368,"7,200.00",18/8/2025,34,TAJM50733200,KOTA CARUM KCRM0088E,20/9/2025,38,SI,22/8/2025,IMUPESA,AVM,25/001348,5/9/2025,19/9/2025,118-2025-10-404720-01-5-00,NA,NA,23/9/2025,9/10/2025,DIRECTO,NA,5/10/2025,NA,GASTALDI,6/10/2025,41,MAQ0,6/10/2025,41,7/10/2025,EG03-00001000,EG07-00005938,,4700004124-1,22/10/2025,
2025-2026,LIQUIDADO,HF PERU,25-090-HPER,4700004124-1,FIORELLA,PREMIUM CHOICE,E & E,CLAMSHELL 125GR,ENV,G001-00051,"600,000.00",UN,USD,"11,340.00","11,340.00",60,FOB,SEA,FCL,CHINA,QINGDAO,CALLAO,1,40 HC,600,CAJA,NA,9/7/2025,31/7/2025,GASTALDI,RO-2500000149,PIL,,PIDU4163272,CR0198477,"7,200.00",18/8/2025,34,TAJM50733200,KOTA CARUM KCRM0088E,20/9/2025,38,SI,22/8/2025,IMUPESA,AVM,25/001348,5/9/2025,19/9/2025,118-2025-10-404720-01-5-00,NA,NA,23/9/2025,9/10/2025,DIRECTO,NA,6/10/2025,NA,GASTALDI,7/10/2025,41,MAQ0,7/10/2025,41,7/10/2025,EG03-00000422,EG07-00005941,,4700004124-1,22/10/2025,
2025-2026,LIQUIDADO,HF PERU,25-090-HPER,4700004124-1,FIORELLA,PREMIUM CHOICE,E & E,CLAMSHELL 125GR,ENV,G001-00051,"600,000.00",UN,USD,"11,340.00","11,340.00",60,FOB,SEA,FCL,CHINA,QINGDAO,CALLAO,1,40 HC,600,CAJA,NA,9/7/2025,31/7/2025,GASTALDI,RO-2500000149,PIL,,PCIU9050229,CR0198405,"7,200.00",18/8/2025,34,TAJM50733200,KOTA CARUM KCRM0088E,20/9/2025,38,SI,22/8/2025,IMUPESA,AVM,25/001348,5/9/2025,19/9/2025,118-2025-10-404720-01-5-00,NA,NA,23/9/2025,9/10/2025,DIRECTO,NA,6/10/2025,NA,GASTALDI,7/10/2025,41,MAQ0,7/10/2025,41,7/10/2025,EG03-00000475,EG07-00005939,,4700004124-1,22/10/2025,
2025-2026,LIQUIDADO,HF PERU,25-084-HPER,4700003965-1,FIORELLA,FASTIK,E & E,FILM PUNNET PET 11OZ,-,92241B,"770,000.00",UN,USD,"32,370.80","32,370.80",0,EXW,SEA,LCL,CANADA,NEW YORK,CALLAO,NA,NA,2,PALLET,NA,16/7/2025,17/7/2025,AIRSEALOG,S00055900,ONE,,BEAU5425788,,,5/9/2025,36,VAN/CAL/08020,MATTHEW SCHULTE 137S,21/9/2025,38,SI,5/9/2025,DPW,LIP,14832,12/9/2025,18/9/2025,118-2025-10-402754-01-1-00,NA,NA,22/9/2025,NA,ALMACEN LIMA,LIP,23/9/2025,T001-7211,GUZMAN,23/9/2025,39,PLSA,30/9/2025,40,3/11/2025,EG03-00010806,EG07-00005779,,4700003965-1,31/10/2025,
2025-2026,LIQUIDADO,HF PERU,25-070-HPER,4700003998-9,FIORELLA,JCK,E & E,CLAMSHELL 11OZ,ENV,1135,"261,660.00",UN,USD,"16,484.58","16,484.58",90,EXW,SEA,FCL,CHILE,SAN ANTONIO,CALLAO,1,40 HC,623,CAJA,NA,3/6/2025,10/6/2025,AIRSEALOG,S00058006,CMA CGM,SNG0476917,APHU6497400,L9299902,"6,348.37",16/9/2025,38,ASLCLS00058006,LOTUS A 0MHRSW1MA,22/9/2025,39,SI,17/9/2025,IMUPESA,AVM,25/001408,18/9/2025,19/9/2025,118-2025-10-405411-01-6-00,NA,NA,26/9/2025,13/10/2025,DIRECTO,NA,2/10/2025,NA,GASTALDI,3/10/2025,40,MAQ0,3/10/2025,40,6/10/2025,EG03-00000702,EG07-00005870,,4700003998-9,31/10/2025,
2025-2026,LIQUIDADO,HF PERU,25-070-HPER,4700003998-9,FIORELLA,JCK,E & E,CLAMSHELL 11OZ,ENV,1135,"261,660.00",UN,USD,"16,484.58","16,484.58",90,EXW,SEA,FCL,CHILE,SAN ANTONIO,CALLAO,1,40 HC,623,CAJA,NA,3/6/2025,10/6/2025,AIRSEALOG,S00058006,CMA CGM,SNG0476917,APHU7399265,L9299928,"6,348.37",16/9/2025,38,ASLCLS00058006,LOTUS A 0MHRSW1MA,22/9/2025,39,SI,17/9/2025,IMUPESA,AVM,25/001408,18/9/2025,19/9/2025,118-2025-10-405411-01-6-00,NA,NA,26/9/2025,13/10/2025,DIRECTO,NA,2/10/2025,NA,GASTALDI,3/10/2025,40,MAQ0,3/10/2025,40,6/10/2025,EG03-00000488,EG07-00005869,,4700003998-9,31/10/2025,
2025-2026,LIQUIDADO,HF PERU,25-070-HPER,4700003998-9,FIORELLA,JCK,E & E,CLAMSHELL 11OZ,ENV,1135,"261,660.00",UN,USD,"16,484.58","16,484.58",90,EXW,SEA,FCL,CHILE,SAN ANTONIO,CALLAO,1,40 HC,623,CAJA,NA,3/6/2025,10/6/2025,AIRSEALOG,S00058006,CMA CGM,SNG0476917,CMAU6269537,L9299946,"6,348.37",16/9/2025,38,ASLCLS00058006,LOTUS A 0MHRSW1MA,22/9/2025,39,SI,17/9/2025,IMUPESA,AVM,25/001408,18/9/2025,19/9/2025,118-2025-10-405411-01-6-00,NA,NA,26/9/2025,13/10/2025,DIRECTO,NA,3/10/2025,NA,GASTALDI,4/10/2025,40,MAQ0,4/10/2025,40,6/10/2025,EG03-00000323,EG07-00005915,,4700003998-9,31/10/2025,
2025-2026,LIQUIDADO,HF PERU,25-142-HPER,PEA2H10101,FIORELLA, SHY CLOUD ,E & E,CAJAS DE PLASTICO,SAMPLE,1,300.00,UN,USD,6.00,6.00,0,DAP,AIR,AIR,CHINA,SHANGHAI,LIMA,NA,NA,1,CAJA,NA,NA,NA,DIRECTO,NA,UPS,X2W329V8YYG,NA,,,3/9/2025,36,1ZX2W3296796660815,UPS COURIER,23/9/2025,39,NO,NA,NA,UPS,NA,NA,7/9/2025,235-2025-28-09749240-49-6-00,NA,NA,21/9/2025,,COURIER,NA,,,,23/9/2025,39,PLSA,23/9/2025,39,27/9/2025,NA,NA,,PEA2H10101,13/10/2025,
2025-2026,ENTREGADO,HFE BERRIES,25-018-HFEB,4700003969,FIORELLA,FASTIK,E & E,FILM PUNNET PET 11OZ,-,1133,"250,000.00",UN,USD,"10,510.00","10,510.00",0,EXW,SEA,LCL,CANADA,TORONTO,CALLAO,NA,NA,1,PALLET,NA,16/7/2025,17/7/2025,ANTARES,COT251724KC ,ZIM,26199220,TIIU4866169,,,6/9/2025,36,26199220,ZIM BALTIMORE,24/9/2025,39,SI,8/9/2025,VILLAS OQUENDO,LIP,15221,20/9/2025,23/9/2025,118-2025-10-410010-01-6-00,NA,NA,30/9/2025,NA,DIRECTO,NA,30/9/2025,NA,GASTALDI,2/10/2025,40,OLMOS,2/10/2025,40,NA,NA,NA,,4700003969,,
2025-2026,LIQUIDADO,HF PERU,25-113-HPER,4700004174-1,MELANIE,SMARTPACK,SPAREPARTS,REPUESTOS VARIOS,-,260,3.00,UN,USD,289.52,289.52,30,EXW,AIR,AIR,CHILE,SANTIAGO,LIMA,NA,NA,1,CAJA,NA,1/9/2025,1/9/2025,GASTALDI,RO-2506000789,KOREAN,180-19080692,NA,,,26/9/2025,39,SCLLIM00681,KOREAN AIRLINES,26/9/2025,39,SI,24/9/2025,SAASA,LIP,15414,25/9/2025,26/9/2025,235-2025-10-157352-01-2-00,NA,NA,28/9/2025,NA,ALMACEN LIMA,LIP,30/9/2025,T001-7274,GUZMAN,30/9/2025,40,PLSA,3/10/2025,40,9/10/2025,EG03-00010832,EG07-00005867,,4700004174-1,26/8/2025,
2025-2026,LIQUIDADO,HF PERU,25-144-HPER,4700004159,GONZALO,RITEC,EQP & INST,APARATOS DE RIEGO,-,25/788,15.00,UN,USD,696.00,696.00,0,EXW,AIR,AIR,ESPAÑA,MADRID,LIMA,NA,NA,0.34,CAJA,NA,18/9/2025,18/9/2025,AIRSEALOG,S00058452,LAN,045-16430013,NA,NA,,28/9/2025,39,P5GBM0904690,LAN CARGO,28/9/2025,39,SI,26/9/2025,SHOHIN,LIP,15518,26/9/2025,27/9/2025,235-2025-10-158131-01-1-00,NA,NA,29/9/2025,NA,ALMACEN LIMA,LIP,30/9/2025,T001-7273,GUZMAN,30/9/2025,40,ALMC,3/10/2025,40,15/10/2025,EG03-00010829,EG07-00005864,,4700004159,19/8/2025,
2025-2026,LIQUIDADO,HF PERU,25-144-HPER,4700004201,GONZALO,RITEC,EQP & INST,APARATOS DE RIEGO,-,25/788,4.00,UN,USD,"1,700.00","1,700.00",0,EXW,AIR,AIR,ESPAÑA,MADRID,LIMA,NA,NA,0.33,CAJA,NA,18/9/2025,18/9/2025,AIRSEALOG,S00058452,LAN,045-16430013,NA,NA,,28/9/2025,39,P5GBM0904690,LAN CARGO,28/9/2025,39,SI,26/9/2025,SHOHIN,LIP,15518,26/9/2025,27/9/2025,235-2025-10-158131-01-1-00,NA,NA,29/9/2025,NA,ALMACEN LIMA,LIP,30/9/2025,T001-7273,GUZMAN,30/9/2025,40,ALMC,3/10/2025,40,15/10/2025,EG03-00010829,EG07-00005864,,4700004201,8/7/2025,
2025-2026,LIQUIDADO,HF PERU,25-144-HPER,4700004219,GONZALO,RITEC,EQP & INST,APARATOS DE RIEGO,-,25/788,5.00,UN,USD,232.00,232.00,0,EXW,AIR,AIR,ESPAÑA,MADRID,LIMA,NA,NA,0.33,CAJA,NA,18/9/2025,18/9/2025,AIRSEALOG,S00058452,LAN,045-16430013,NA,NA,,28/9/2025,39,P5GBM0904690,LAN CARGO,28/9/2025,39,SI,26/9/2025,SHOHIN,LIP,15518,26/9/2025,27/9/2025,235-2025-10-158131-01-1-00,NA,NA,29/9/2025,NA,ALMACEN LIMA,LIP,30/9/2025,T001-7273,GUZMAN,30/9/2025,40,ALMC,3/10/2025,40,15/10/2025,EG03-00010829,EG07-00005864,,4700004219,8/7/2025,
2025-2026,ENTREGADO,HFE BERRIES,25-019-HFEB,4700004209-1,FIORELLA,JCK,E & E,PUNNET 11 OZ,ENV,1142,"208,980.00",UN,USD,"7,105.32","7,105.32",120,EXW,SEA,FCL,CHILE,SAN ANTONIO,CALLAO,0.5,40 HC,258,CAJA,NA,3/6/2025,7/6/2025,AIRSEALOG,S00058170,CMA CGM,SNG0477601,CMAU4479489,L9300689,"7,680.03",24/9/2025,39,ASLCLS00058170,CMA CGM BYBLOS 0MHRUW1MA,29/9/2025,40,SI,19/9/2025,IMUPESA,AVM,25/001409,19/9/2025,24/9/2025,118-2025-10-411191-01-4-00,NA,NA,7/10/2025,19/10/2025,DIRECTO,NA,7/10/2025,NA,GUZMAN,9/10/2025,41,OLMOS,9/10/2025,41,NA,NA,NA,,4700004209-1,,
2025-2026,ENTREGADO,HFE BERRIES,25-019-HFEB,4700004000-3,FIORELLA,JCK,E & E,PUNNET 250 GR,ENV,1142,"356,400.00",UN,USD,"18,889.20","18,889.20",120,EXW,SEA,FCL,CHILE,SAN ANTONIO,CALLAO,0.5,40 HC,440,CAJA,NA,3/6/2025,7/6/2025,AIRSEALOG,S00058170,CMA CGM,SNG0477601,CMAU4479489,L9300689,"7,680.03",24/9/2025,39,ASLCLS00058170,CMA CGM BYBLOS 0MHRUW1MA,29/9/2025,40,SI,19/9/2025,IMUPESA,AVM,25/001409,19/9/2025,24/9/2025,118-2025-10-411191-01-4-00,NA,NA,7/10/2025,19/10/2025,DIRECTO,NA,7/10/2025,NA,GUZMAN,9/10/2025,41,OLMOS,9/10/2025,41,NA,NA,NA,,4700004000-3,,
2025-2026,LIQUIDADO,HF PERU,25-057-HPER,4700003999-9,FIORELLA,OSKUPACK,E & E,CLAMSHELL 11OZ,ENV,22,"252,000.00",UN,USD,"15,750.00","15,750.00",90,EXW,SEA,FCL,CHILE,SAN ANTONIO,CALLAO,1,40 HC,630,CAJA,NA,3/6/2025,5/6/2025,AIRSEALOG,S00058145,CMA CGM,SNG0477598,BEAU4766671,L9339267,"6,615.00",28/9/2025,39,ASLCLS00058145,MATTHEW SCHULTE 0LIIKN1MA,2/10/2025,40,SI,25/9/2025,IMUPESA,AVM,25/001449,29/9/2025,30/9/2025,118-2025-10-423815-01-8-00,NA,NA,8/10/2025,21/10/2025,DIRECTO,NA,9/10/2025,NA,GASTALDI,10/10/2025,41,MAQ0,10/10/2025,41,10/10/2025,EG03-00000007,EG07-00006001,,4700003999-9,31/10/2025,
2025-2026,LIQUIDADO,HF PERU,25-057-HPER,4700003999-9,FIORELLA,OSKUPACK,E & E,CLAMSHELL 18OZ,ENV,22,"125,280.00",UN,USD,"13,029.12","13,029.12",90,EXW,SEA,FCL,CHILE,SAN ANTONIO,CALLAO,1,40 HC,480,CAJA,NA,3/6/2025,5/6/2025,AIRSEALOG,S00058145,CMA CGM,SNG0477598,BMOU5562297,L9302976,"6,096.00",28/9/2025,39,ASLCLS00058145,MATTHEW SCHULTE 0LIIKN1MA,2/10/2025,40,SI,25/9/2025,IMUPESA,AVM,25/001449,29/9/2025,30/9/2025,118-2025-10-423815-01-8-00,NA,NA,8/10/2025,21/10/2025,DIRECTO,NA,9/10/2025,NA,GASTALDI,10/10/2025,41,MAQ0,10/10/2025,41,10/10/2025,EG03-00000424,EG07-00005989,,4700003999-9,31/10/2025,
2025-2026,LIQUIDADO,HF PERU,25-057-HPER,4700003999-9,FIORELLA,OSKUPACK,E & E,CLAMSHELL 18OZ,ENV,22,"125,280.00",UN,USD,"13,029.12","13,029.12",90,EXW,SEA,FCL,CHILE,SAN ANTONIO,CALLAO,1,40 HC,480,CAJA,NA,3/6/2025,5/6/2025,AIRSEALOG,S00058145,CMA CGM,SNG0477598,CMAU7708779,L9302974,"6,096.00",28/9/2025,39,ASLCLS00058145,MATTHEW SCHULTE 0LIIKN1MA,2/10/2025,40,SI,25/9/2025,IMUPESA,AVM,25/001449,29/9/2025,30/9/2025,118-2025-10-423815-01-8-00,NA,NA,9/10/2025,21/10/2025,DIRECTO,NA,10/10/2025,NA,GASTALDI,11/10/2025,41,MAQ0,11/10/2025,41,13/10/2025,EG03-00000710,EG07-00006036,,4700003999-9,31/10/2025,
2025-2026,LIQUIDADO,HF PERU,25-057-HPER,4700003999-9,FIORELLA,OSKUPACK,E & E,CLAMSHELL 18OZ,ENV,22,"125,280.00",UN,USD,"13,029.12","13,029.12",90,EXW,SEA,FCL,CHILE,SAN ANTONIO,CALLAO,1,40 HC,480,CAJA,NA,3/6/2025,5/6/2025,AIRSEALOG,S00058145,CMA CGM,SNG0477598,SEGU4226340,L9302877,"6,096.00",28/9/2025,39,ASLCLS00058145,MATTHEW SCHULTE 0LIIKN1MA,2/10/2025,40,SI,25/9/2025,IMUPESA,AVM,25/001449,29/9/2025,30/9/2025,118-2025-10-423815-01-8-00,NA,NA,13/10/2025,21/10/2025,DIRECTO,NA,13/10/2025,NA,GASTALDI,15/10/2025,42,MAQ0,15/10/2025,42,16/10/2025,EG03-00001063,EG07-00006090,,4700003999-9,31/10/2025,
2025-2026,LIQUIDADO,HF PERU,25-057-HPER,4700003999-9,FIORELLA,OSKUPACK,E & E,CLAMSHELL 18OZ,ENV,22,"125,280.00",UN,USD,"13,029.12","13,029.12",90,EXW,SEA,FCL,CHILE,SAN ANTONIO,CALLAO,1,40 HC,480,CAJA,NA,3/6/2025,5/6/2025,AIRSEALOG,S00058145,CMA CGM,SNG0477598,TLLU7645707,L9339359,"6,096.00",28/9/2025,39,ASLCLS00058145,MATTHEW SCHULTE 0LIIKN1MA,2/10/2025,40,SI,25/9/2025,IMUPESA,AVM,25/001449,29/9/2025,30/9/2025,118-2025-10-423815-01-8-00,NA,NA,5/10/2025,21/10/2025,DIRECTO,NA,6/10/2025,NA,GASTALDI,7/10/2025,41,PLSA,7/10/2025,41,18/10/2025,EG03-00000326,EG07-00005940,,4700003999-9,31/10/2025,
2025-2026,LIQUIDADO,HF PERU,25-058-HPER,4700003999-10,FIORELLA,OSKUPACK,E & E,CLAMSHELL 11OZ,ENV,23,"252,000.00",UN,USD,"15,750.00","15,750.00",90,EXW,SEA,FCL,CHILE,SAN ANTONIO,CALLAO,1,40 HC,630,CAJA,NA,3/6/2025,5/6/2025,AIRSEALOG,S00058146 ,CMA CGM,SNG0477595,CMAU3539428,L9339491,"6,615.00",28/9/2025,39,ASLCLS00058146,MATTHEW SCHULTE 0LIIKN1MA,2/10/2025,40,SI,27/9/2025,IMUPESA,AVM,25/001447,29/9/2025,30/9/2025,118-2025-10-422904-01-7-00,NA,NA,8/10/2025,21/10/2025,DIRECTO,NA,9/10/2025,NA,GASTALDI,10/10/2025,41,PLSA,10/10/2025,41,11/10/2025,EG03-00001038,EG07-00006008,,4700003999-10,31/10/2025,
2025-2026,LIQUIDADO,HF PERU,25-058-HPER,4700003999-10,FIORELLA,OSKUPACK,E & E,CLAMSHELL 11OZ,ENV,23,"252,000.00",UN,USD,"15,750.00","15,750.00",90,EXW,SEA,FCL,CHILE,SAN ANTONIO,CALLAO,1,40 HC,630,CAJA,NA,3/6/2025,5/6/2025,AIRSEALOG,S00058146 ,CMA CGM,SNG0477595,CMAU4293386,L9339390,"6,615.00",28/9/2025,39,ASLCLS00058146,MATTHEW SCHULTE 0LIIKN1MA,2/10/2025,40,SI,27/9/2025,IMUPESA,AVM,25/001447,29/9/2025,30/9/2025,118-2025-10-422904-01-7-00,NA,NA,8/10/2025,21/10/2025,DIRECTO,NA,9/10/2025,NA,GASTALDI,10/10/2025,41,PLSA,10/10/2025,41,11/10/2025,EG03-00001777,EG07-00005997,,4700003999-10,31/10/2025,
2025-2026,LIQUIDADO,HF PERU,25-058-HPER,4700003999-10,FIORELLA,OSKUPACK,E & E,CLAMSHELL 11OZ,ENV,23,"252,000.00",UN,USD,"15,750.00","15,750.00",90,EXW,SEA,FCL,CHILE,SAN ANTONIO,CALLAO,1,40 HC,630,CAJA,NA,3/6/2025,5/6/2025,AIRSEALOG,S00058146 ,CMA CGM,SNG0477595,TCNU7217821,L9302825,"6,615.00",28/9/2025,39,ASLCLS00058146,MATTHEW SCHULTE 0LIIKN1MA,2/10/2025,40,SI,27/9/2025,IMUPESA,AVM,25/001447,29/9/2025,30/9/2025,118-2025-10-422904-01-7-00,NA,NA,9/10/2025,21/10/2025,DIRECTO,NA,10/10/2025,NA,GASTALDI,11/10/2025,41,MAQ0,11/10/2025,41,13/10/2025,EG03-00000499,EG07-00006041,,4700003999-10,31/10/2025,
2025-2026,LIQUIDADO,HF PERU,25-058-HPER,4700003999-10,FIORELLA,OSKUPACK,E & E,CLAMSHELL 11OZ,ENV,23,"252,000.00",UN,USD,"15,750.00","15,750.00",90,EXW,SEA,FCL,CHILE,SAN ANTONIO,CALLAO,1,40 HC,630,CAJA,NA,3/6/2025,5/6/2025,AIRSEALOG,S00058146 ,CMA CGM,SNG0477595,TLLU7909306,L9302866,"6,615.00",28/9/2025,39,ASLCLS00058146,MATTHEW SCHULTE 0LIIKN1MA,2/10/2025,40,SI,27/9/2025,IMUPESA,AVM,25/001447,29/9/2025,30/9/2025,118-2025-10-422904-01-7-00,NA,NA,9/10/2025,21/10/2025,DIRECTO,NA,10/10/2025,NA,GASTALDI,11/10/2025,41,PLSA,11/10/2025,41,14/10/2025,EG03-00000327,EG07-00006038,,4700003999-10,31/10/2025,
2025-2026,LIQUIDADO,HF PERU,25-071-HPER,4700003998-10,FIORELLA,JCK,E & E,CLAMSHELL 11OZ,ENV,1141,"261,660.00",UN,USD,"16,484.58","16,484.58",90,EXW,SEA,FCL,CHILE,SAN ANTONIO,CALLAO,1,40 HC,623,CAJA,NA,3/6/2025,10/6/2025,AIRSEALOG,S00058009,CMA CGM,SNG0477051,CMAU4498724,L9302799,"6,348.37",28/9/2025,39,ASLCLS00058009,MATTHEW SCHULTE  0LIIKN1MA,2/10/2025,40,SI,26/9/2025,IMUPESA,AVM,25/001436,25/9/2025,29/9/2025,118-2025-10-421183-01-4-00,NA,NA,14/10/2025,21/10/2025,DIRECTO,NA,15/10/2025,NA,GASTALDI,16/10/2025,42,MAQ0,16/10/2025,42,16/10/2025,EG03-00000781,EG07-00006121,,4700003998-10,31/10/2025,
2025-2026,LIQUIDADO,HF PERU,25-071-HPER,4700003998-10,FIORELLA,JCK,E & E,CLAMSHELL 11OZ,ENV,1141,"261,660.00",UN,USD,"16,484.58","16,484.58",90,EXW,SEA,FCL,CHILE,SAN ANTONIO,CALLAO,1,40 HC,623,CAJA,NA,3/6/2025,10/6/2025,AIRSEALOG,S00058009,CMA CGM,SNG0477051,TCNU6132648,L9339268,"6,348.37",28/9/2025,39,ASLCLS00058009,MATTHEW SCHULTE  0LIIKN1MA,2/10/2025,40,SI,26/9/2025,IMUPESA,AVM,25/001436,25/9/2025,29/9/2025,118-2025-10-421183-01-4-00,NA,NA,14/10/2025,21/10/2025,DIRECTO,NA,15/10/2025,NA,GASTALDI,16/10/2025,42,MAQ0,16/10/2025,42,16/10/2025,EG03-00000780,EG07-00006120,,4700003998-10,31/10/2025,
2025-2026,LIQUIDADO,HF PERU,25-072-HPER,4700003998-11,FIORELLA,JCK,E & E,CLAMSHELL 11OZ,ENV,1147,"261,660.00",UN,USD,"16,484.58","16,484.58",90,EXW,SEA,FCL,CHILE,SAN ANTONIO,CALLAO,1,40 HC,623,CAJA,NA,3/6/2025,10/6/2025,AIRSEALOG,S00058010,CMA CGM,SNG0477053,BEAU5622940,L9302822,"6,348.37",28/9/2025,39,ASLCLS00058010,MATTHEW SCHULTE  0LIIKN1MA,2/10/2025,40,SI,25/9/2025,IMUPESA,AVM,25/001435,25/9/2025,30/9/2025,118-2025-10-422775-01-2-00,NA,NA,15/10/2025,21/10/2025,DIRECTO,NA,16/10/2025,NA,GASTALDI,17/10/2025,42,MAQ0,17/10/2025,42,19/10/2025,EG03-00001086,EG07-00006147,,4700003998-11,31/10/2025,
2025-2026,LIQUIDADO,HF PERU,25-072-HPER,4700003998-11,FIORELLA,JCK,E & E,CLAMSHELL 11OZ,ENV,1147,"261,660.00",UN,USD,"16,484.58","16,484.58",90,EXW,SEA,FCL,CHILE,SAN ANTONIO,CALLAO,1,40 HC,623,CAJA,NA,3/6/2025,10/6/2025,AIRSEALOG,S00058010,CMA CGM,SNG0477053,FSCU8504917,L9302814,"6,348.37",28/9/2025,39,ASLCLS00058010,MATTHEW SCHULTE  0LIIKN1MA,2/10/2025,40,SI,25/9/2025,IMUPESA,AVM,25/001435,25/9/2025,30/9/2025,118-2025-10-422775-01-2-00,NA,NA,15/10/2025,21/10/2025,DIRECTO,NA,16/10/2025,NA,GASTALDI,17/10/2025,42,MAQ0,17/10/2025,42,19/10/2025,EG03-00000716,EG07-00006142,,4700003998-11,31/10/2025,
2025-2026,LIQUIDADO,HF PERU,25-072-HPER,4700003998-11,FIORELLA,JCK,E & E,CLAMSHELL 11OZ,ENV,1147,"261,660.00",UN,USD,"16,484.58","16,484.58",90,EXW,SEA,FCL,CHILE,SAN ANTONIO,CALLAO,1,40 HC,623,CAJA,NA,3/6/2025,10/6/2025,AIRSEALOG,S00058010,CMA CGM,SNG0477053,SEGU4195996,L9339477,"6,348.37",28/9/2025,39,ASLCLS00058010,MATTHEW SCHULTE  0LIIKN1MA,2/10/2025,40,SI,25/9/2025,IMUPESA,AVM,25/001435,25/9/2025,30/9/2025,118-2025-10-422775-01-2-00,NA,NA,16/10/2025,21/10/2025,DIRECTO,NA,17/10/2025,NA,GASTALDI,18/10/2025,42,MAQ0,18/10/2025,42,20/10/2025,EG03 - 00000478,EG07-00006174,,4700003998-11,31/10/2025,
2025-2026,LIQUIDADO,HF PERU,25-072-HPER,4700003998-11,FIORELLA,JCK,E & E,PUNNET 150 GR,ENV,1147,"820,125.00",UN,USD,"21,733.31","21,733.31",90,EXW,SEA,FCL,CHILE,SAN ANTONIO,CALLAO,1,40 HC,675,CAJA,NA,3/6/2025,10/6/2025,AIRSEALOG,S00058010,CMA CGM,SNG0477053,SEKU5800102,L9302827,"7,830.00",28/9/2025,39,ASLCLS00058010,MATTHEW SCHULTE  0LIIKN1MA,2/10/2025,40,SI,25/9/2025,IMUPESA,AVM,25/001435,25/9/2025,30/9/2025,118-2025-10-422775-01-2-00,NA,NA,16/10/2025,21/10/2025,DIRECTO,NA,17/10/2025,NA,GASTALDI,18/10/2025,42,MAQ0,18/10/2025,42,20/10/2025,EG03 - 00000477,EG07-00006175,,4700003998-11,31/10/2025,
2025-2026,LIQUIDADO,HF PERU,25-124-HPER,PEA2120305,CORPORATIVO,ATLANTIC BLUE,MAQUINARIA,TERMOSELLADORA,-,25DIV003,2.00,UN,USD,"79,295.85","79,295.85",0,CIF,SEA,FCL,MARRUECOS,TANGIER,CALLAO,1,40 HC,2,PALLET,NA,NA,NA,DIRECTO,NA,MAERSK,258884846,MNBU3990338,MA006092140,"1,319.00",12/9/2025,37,MAEU258884846,MAERSK BATUR 535S,4/10/2025,40,NO,NA,IMUPESA,LIP,14462,8/9/2025,9/10/2025,118-2025-20-000276-01-7-00,15/10/2025,15/10/2025,16/10/2025,20/10/2025,DIRECTO,NA,17/10/2025,T001-7510,LIP,18/10/2025,42,PLSA,18/10/2025,42,4/11/2025,EG03-00002103,NA,,PEA2120305,31/10/2025,
2025-2026,LIQUIDADO,HF PERU,25-107-HPER,4700004161,OMAR,BIOCONSUL,AGQ,ORGANCAB K (ABONO ORGANICO),-,BE020/25,"20,000.00",LT,EUR,"15,000.00","17,700.00",60,EXW,SEA,FCL,ESPAÑA,VALENCIA,CALLAO,1,40 HC,20,PALLET,NA,18/8/2025,18/8/2025,AIRSEALOG,S00057074,HAPAG,26820447,HLXU8375216,HLD2387866,"26,760.00",30/8/2025,35,PAEM021175,CMA CGM ESTELLE 5235S,4/10/2025,40,SI,26/8/2025,IMUPESA,AVM,25/001349,5/9/2025,30/9/2025,118-2025-10-422716-01-6-00,NA,NA,8/10/2025,16/10/2025,ALMACEN LIMA,AVM,10/10/2025,T001-3858,GUZMAN,10/10/2025,41,ALMC,11/10/2025,41,17/10/2025,EG03-00010909,EG07-00006023,,4700004161,31/10/2025,
2025-2026,LIQUIDADO,HF PERU,25-146-HPER,4700004186,MELANIE,SMARTPACK,SPAREPARTS,REPUESTOS VARIOS,-,268,15.00,UN,USD,"6,971.04","6,971.04",30,EXW,AIR,AIR,CHILE,SANTIAGO,LIMA,NA,NA,0.5,CAJA,NA,1/10/2025,1/10/2025,AIRSEALOG,S00058984,SKY AIRLINES,605-00631212,NA,,,7/10/2025,41,PELIM25159A, SKY CARGO ,7/10/2025,41,SI,NA,ALFOSAC,LIP,15979,6/10/2025,6/10/2025,235-2025-10-163451-01-9-00,NA,NA,9/10/2025,NA,ALMACEN LIMA,LIP,10/10/2025,T001-7406,GUZMAN,10/10/2025,41,PLSA,24/10/2025,43,24/10/2025,EG03-00010931,EG07-00006083,,4700004186,8/7/2025,
2025-2026,LIQUIDADO,HF PERU,25-146-HPER,4700004258,MELANIE, SMARTPACK ,SPAREPARTS,REPUESTOS VARIOS,-,269,1.00,UN,USD,613.00,613.00,30,EXW,AIR,AIR,CHILE,SANTIAGO,LIMA,NA,NA,0.5,CAJA,NA,1/10/2025,1/10/2025,AIRSEALOG,S00058984,SKY AIRLINES,605-00631212,NA,,,7/10/2025,41,PELIM25159A, SKY CARGO ,7/10/2025,41,SI,NA,ALFOSAC,LIP,15979,6/10/2025,6/10/2025,235-2025-10-163451-01-9-00,NA,NA,9/10/2025,NA,ALMACEN LIMA,LIP,10/10/2025,T001-7406,GUZMAN,10/10/2025,41,PLSA,24/10/2025,43,24/10/2025,EG03-00010931,EG07-00006083,,4700004258,19/8/2025,
2025-2026,LIQUIDADO,HF PERU,25-078-HPER,4700004232, MELANIE , UNITEC ,EQP & INST,ACT.ORDENARDOR INTEL I5 10500E CE0530229,-,386,1.00,UN,EUR,"3,653.10","4,310.66",0,EXW,AIR,AIR,CHILE,SANTIAGO,LIMA,NA,NA,1,CAJA,NA,29/9/2025,29/9/2025,FORBIS,PE-25091099,SKY AIRLINES,605-00631212,NA,,,7/10/2025,41,PELIM25159B,SKY CARGO,7/10/2025,41,SI,NA,ALFOSAC,LIP,15978,6/10/2025,6/10/2025,235-2025-10-163418-01-1-00,NA,NA,8/10/2025,NA,ALMACEN LIMA,LIP,10/10/2025,T001-7405,GUZMAN,10/10/2025,41,MAQ0,16/10/2025,42,16/10/2025,EG03-00010932,EG07-00006084,,4700004232,27/8/2025,
2025-2026,SIN GASTOS,HF PERU,25-167-HPER,PEA2G80202,ZANDER, VERIPACK ,E & E,CAJAS DE PLASTICO,SAMPLE,250925-1,"1,900.00",UN,EUR,19.00,22.42,0,DAP,AIR,AIR,ESPAÑA,MADRID,LIMA,NA,NA,1,CAJA,NA,NA,NA,COURIER,NA,UPS,1Z1WX4450498896116,NA,,,7/10/2025,41,1WX445VPQNQ, UPS COURIER ,7/10/2025,41,NO,NA,NA,NA,,,,,NA,NA,5/10/2025,,,,,,,7/10/2025,41,PLSA,7/10/2025,41,,,,,PEA2G80202,,
2025-2026,LIQUIDADO,HF PERU,25-099-HPER,4700004208,FIORELLA,INFIA,E & E,PUNNET 150 GR,-,82250906,"763,725.00",UN,USD,"23,675.48","23,675.48",90,CIF,SEA,FCL,ITALIA,LA SPEZIA,CALLAO,1,40 HC,599,CAJA,NA,NA,NA,DIRECTO,NA,MSC,,MSMU8756496,23943,"5,393.30",13/9/2025,37,1538191B,MSC SASHA NX537A,9/10/2025,41,NO,NA,IMUPESA,AVM,25/001478,6/10/2025,7/10/2025,118-2025-10-434801-01-3-00,NA,NA,18/10/2025,22/10/2025,DIRECTO,NA,19/10/2025,NA,GASTALDI,20/10/2025,43,PLSA,20/10/2025,43,3/11/2025,EG03-00001112,EG07-00006210,,4700004208,31/10/2025,
2025-2026,LIQUIDADO,HF PERU,25-099-HPER,4700004208,FIORELLA,INFIA,E & E,PUNNET 150 GR,-,82250906,"592,875.00",UN,USD,"18,379.13","18,379.13",90,CIF,SEA,FCL,ITALIA,LA SPEZIA,CALLAO,1,40 HC,465,CAJA,NA,NA,NA,DIRECTO,NA,MSC,,MSNU8730978,139261,"4,186.70",13/9/2025,37,1538191B,MSC SASHA NX537A,9/10/2025,41,NO,NA,IMUPESA,AVM,25/001478,6/10/2025,7/10/2025,118-2025-10-434801-01-3-00,NA,NA,19/10/2025,22/10/2025,DIRECTO,NA,20/10/2025,NA,GASTALDI,21/10/2025,43,PLSA,21/10/2025,43,3/11/2025,EG03-00000479,EG07-00006221,,4700004208,31/10/2025,
2025-2026,LIQUIDADO,HF PERU,25-140-HPER,4700004128-1,GONZALO, PROJAR ,SUSTRATOS,FIBRA DE COCO,M&S,FE25-00898,22.00,UN,EUR,"12,540.00","14,797.20",90,CIF,SEA,FCL,ESPAÑA,VALENCIA,CALLAO,1,40 HC,22,PALLET,14/10/2025,NA,NA,DIRECTO,NA,MAERSK,257614090,MRKU5341235,ML-ES0082944,"20,750.00",14/9/2025,37,MAEU257614090,MAERSK BATAM 536S,10/10/2025,41,NO,NA,NEW AGE,AVM,25/001353,1/10/2025,7/10/2025,118-2025-10-435527-01-2-00,14/10/2025,14/10/2025,14/10/2025,30/10/2025,ALMACEN LIMA,AVM,16/10/2025,T001-3869,GUZMAN,16/10/2025,42,ALMC,30/10/2025,44,6/11/2025,EG03-00011190,EG07-00006411,,4700004128-1,12/11/2025,12/11/2025
2025-2026,LIQUIDADO,HF PERU,25-140-HPER,4700004128-1,GONZALO, PROJAR ,SUSTRATOS,FIBRA DE COCO,M&S,FE25-00898,22.00,UN,EUR,"12,540.00","14,797.20",90,CIF,SEA,FCL,ESPAÑA,VALENCIA,CALLAO,1,40 HC,22,PALLET,14/10/2025,NA,NA,DIRECTO,NA,MAERSK,257614090,MRSU4616460,ML-ES0543497,"20,660.00",14/9/2025,37,MAEU257614090,MAERSK BATAM 536S,10/10/2025,41,NO,NA,NEW AGE,AVM,25/001353,1/10/2025,7/10/2025,118-2025-10-435527-01-2-00,14/10/2025,14/10/2025,14/10/2025,30/10/2025,ALMACEN LIMA,AVM,16/10/2025,T001-3872,GUZMAN,16/10/2025,42,ALMC,30/10/2025,44,6/11/2025,EG03-00011189,EG07-00006412,,4700004128-1,12/11/2025,12/11/2025
2025-2026,LIQUIDADO,HF PERU,25-140-HPER,4700004128-1,GONZALO, PROJAR ,SUSTRATOS,FIBRA DE COCO,M&S,FE25-00898,22.00,UN,EUR,"12,540.00","14,797.20",90,CIF,SEA,FCL,ESPAÑA,VALENCIA,CALLAO,1,40 HC,22,PALLET,14/10/2025,NA,NA,DIRECTO,NA,MAERSK,257614090,MRSU3378428,ML-ES0543474,"20,560.00",14/9/2025,37,MAEU257614090,MAERSK BATAM 536S,10/10/2025,41,NO,NA,NEW AGE,AVM,25/001353,1/10/2025,7/10/2025,118-2025-10-435527-01-2-00,14/10/2025,14/10/2025,14/10/2025,30/10/2025,ALMACEN LIMA,AVM,16/10/2025,T001-3871,GUZMAN,16/10/2025,42,ALMC,30/10/2025,44,6/11/2025,EG03-00011192,EG07-00006413,,4700004128-1,12/11/2025,12/11/2025
2025-2026,LIQUIDADO,HF PERU,25-140-HPER,4700004128-1,GONZALO, PROJAR ,SUSTRATOS,FIBRA DE COCO,M&S,FE25-00898,22.00,UN,EUR,"12,540.00","14,797.20",90,CIF,SEA,FCL,ESPAÑA,VALENCIA,CALLAO,1,40 HC,22,PALLET,14/10/2025,NA,NA,DIRECTO,NA,MAERSK,257614090,MRKU6249139,ML-ES0543500,"20,660.00",14/9/2025,37,MAEU257614090,MAERSK BATAM 536S,10/10/2025,41,NO,NA,NEW AGE,AVM,25/001353,1/10/2025,7/10/2025,118-2025-10-435527-01-2-00,14/10/2025,14/10/2025,14/10/2025,30/10/2025,ALMACEN LIMA,AVM,16/10/2025,T001-3870,GUZMAN,16/10/2025,42,ALMC,31/10/2025,44,6/11/2025,EG03-00011203,EG07-00006433,,4700004128-1,12/11/2025,12/11/2025
2025-2026,LIQUIDADO,HF PERU,25-141-HPER,4700004128-2,GONZALO, PROJAR ,SUSTRATOS,FIBRA DE COCO,M&S,FE25-00899,22.00,UN,EUR,"12,540.00","14,797.20",90,CIF,SEA,FCL,ESPAÑA,VALENCIA,CALLAO,1,40 HC,22,PALLET,14/10/2025,NA,NA,DIRECTO,NA,MAERSK,259106770,HASU4210547,ML-ES3637752,"20,350.00",14/9/2025,37,MAEU259106770,MAERSK BATAM 536S,10/10/2025,41,NO,NA,NEW AGE,AVM,25/001352,1/10/2025,7/10/2025,118-2025-10-435060-01-7-00,14/10/2025,14/10/2025,15/10/2025,30/10/2025,ALMACEN LIMA,AVM,17/10/2025,T001-3874,GUZMAN,17/10/2025,42,ALMC,31/10/2025,44,6/11/2025,EG03-00011210,EG07-00006444,,4700004128-2,12/11/2025,13/11/2025
2025-2026,LIQUIDADO,HF PERU,25-141-HPER,4700004128-2,GONZALO, PROJAR ,SUSTRATOS,FIBRA DE COCO,M&S,FE25-00899,22.00,UN,EUR,"12,540.00","14,797.20",90,CIF,SEA,FCL,ESPAÑA,VALENCIA,CALLAO,1,40 HC,22,PALLET,14/10/2025,NA,NA,DIRECTO,NA,MAERSK,259106770,MRKU2969871,ML-ES0543499,"20,470.00",14/9/2025,37,MAEU259106770,MAERSK BATAM 536S,10/10/2025,41,NO,NA,NEW AGE,AVM,25/001352,1/10/2025,7/10/2025,118-2025-10-435060-01-7-00,14/10/2025,14/10/2025,15/10/2025,30/10/2025,ALMACEN LIMA,AVM,17/10/2025,T001-3876,GUZMAN,17/10/2025,42,ALMC,1/11/2025,44,6/11/2025,EG03-00011218,EG07-00006473,,4700004128-2,12/11/2025,13/11/2025
2025-2026,LIQUIDADO,HF PERU,25-141-HPER,4700004128-2,GONZALO, PROJAR ,SUSTRATOS,FIBRA DE COCO,M&S,FE25-00899,22.00,UN,EUR,"12,540.00","14,797.20",90,CIF,SEA,FCL,ESPAÑA,VALENCIA,CALLAO,1,40 HC,22,PALLET,14/10/2025,NA,NA,DIRECTO,NA,MAERSK,259106770,MSKU0291534,ML-ES0221649,"21,010.00",14/9/2025,37,MAEU259106770,MAERSK BATAM 536S,10/10/2025,41,NO,NA,NEW AGE,AVM,25/001352,1/10/2025,7/10/2025,118-2025-10-435060-01-7-00,14/10/2025,14/10/2025,15/10/2025,30/10/2025,ALMACEN LIMA,AVM,17/10/2025,T001-3878,GUZMAN,17/10/2025,42,ALMC,1/11/2025,44,6/11/2025,EG03-00011216,EG07-00006474,,4700004128-2,12/11/2025,13/11/2025
2025-2026,LIQUIDADO,HF PERU,25-141-HPER,4700004128-2,GONZALO, PROJAR ,SUSTRATOS,FIBRA DE COCO,M&S,FE25-00899,22.00,UN,EUR,"12,540.00","14,797.20",90,CIF,SEA,FCL,ESPAÑA,VALENCIA,CALLAO,1,40 HC,22,PALLET,14/10/2025,NA,NA,DIRECTO,NA,MAERSK,259106770,HASU4310382,ML-ES0082978,"20,570.00",14/9/2025,37,MAEU259106770,MAERSK BATAM 536S,10/10/2025,41,NO,NA,NEW AGE,AVM,25/001352,1/10/2025,7/10/2025,118-2025-10-435060-01-7-00,14/10/2025,14/10/2025,15/10/2025,30/10/2025,ALMACEN LIMA,AVM,17/10/2025,T001-3875,GUZMAN,17/10/2025,42,ALMC,31/10/2025,44,6/11/2025,EG03-00011208,EG07-00006445,,4700004128-2,12/11/2025,13/11/2025
2025-2026,LIQUIDADO,HF PERU,25-141-HPER,4700004128-2,GONZALO, PROJAR ,SUSTRATOS,FIBRA DE COCO,M&S,FE25-00899,22.00,UN,EUR,"12,540.00","14,797.20",90,CIF,SEA,FCL,ESPAÑA,VALENCIA,CALLAO,1,40 HC,22,PALLET,14/10/2025,NA,NA,DIRECTO,NA,MAERSK,259106770,MRSU6301055,ML-ES0543513,"20,670.00",14/9/2025,37,MAEU259106770,MAERSK BATAM 536S,10/10/2025,41,NO,NA,NEW AGE,AVM,25/001352,1/10/2025,7/10/2025,118-2025-10-435060-01-7-00,14/10/2025,14/10/2025,15/10/2025,30/10/2025,ALMACEN LIMA,AVM,17/10/2025,T001-3877,GUZMAN,17/10/2025,42,ALMC,1/11/2025,44,6/11/2025,EG03-00011217,EG07-00006472,,4700004128-2,12/11/2025,13/11/2025
2025-2026,LIQUIDADO,HF PERU,25-114-HPER,4700004207,MELANIE,INTRALOX,SPAREPARTS,REPUESTOS VARIOS,-,43678650,2.00,UN,USD,"8,620.46","8,620.46",0,FCA,AIR,AIR,USA,MIAMI,LIMA,NA,NA,3,CAJA,NA,29/9/2025,29/9/2025,AIRSEALOG,S00058889,AIRMAX,658-30851715,NA,NA,82.00,11/10/2025,41,CTS17839,AIRMAX CARGO,11/10/2025,41,SI,9/10/2025,SHOHIN,LIP,16223,10/10/2025,10/10/2025,235-2025-10-166106-01-0-00,NA,NA,12/10/2025,NA,ALMACEN LIMA,LIP,14/10/2025,T001-7473,GUZMAN,14/10/2025,42,PLSA,22/10/2025,43,22/10/2025,EG03-00011038,EG07-00006256,,4700004207,27/8/2025,
2025-2026,LIQUIDADO,HF PERU,25-096-HPER,4700004143,VICTORIA,A&B,SPAREPARTS,REPUESTOS VARIOS,-,1132,21.00,UN,USD,"1,139.90","1,139.90",0,EXW,AIR,AIR,USA,MIAMI,LIMA,NA,NA,1,CAJA,NA,29/9/2025,29/9/2025,FORBIS,PE-25091098,AIRMAX,658-30857470,NA,NA,4.33,12/10/2025,41,83EAMIA254675,AIRMAX CARGO,12/10/2025,41,SI,10/10/2025,ALFOSAC,LIP,16224,10/10/2025,10/10/2025,235-2025-10-166187-01-0-00,NA,NA,14/10/2025,NA,ALMACEN LIMA,LIP,16/10/2025,T001-7501,GUZMAN,16/10/2025,42,PLSA,24/10/2025,43,24/10/2025,EG02-00011038,EG07-00006256,,4700004143,24/7/2025,
2025-2026,LIQUIDADO,HF PERU,25-096-HPER,4700004236,GONZALO, A&B ,SPAREPARTS,REPUESTOS VARIOS,-,1157,2.00,UN,USD,"1,180.00","1,180.00",0,EXW,AIR,AIR,USA,MIAMI,LIMA,NA,NA,1,CAJA,NA,29/9/2025,29/9/2025,FORBIS,PE-25091098,AIRMAX,658-30857470,NA,NA,4.33,12/10/2025,41,83EAMIA254675,AIRMAX CARGO,12/10/2025,41,SI,10/10/2025,ALFOSAC,LIP,16224,10/10/2025,10/10/2025,235-2025-10-166187-01-0-00,NA,NA,14/10/2025,NA,ALMACEN LIMA,LIP,16/10/2025,T001-7501,GUZMAN,16/10/2025,42,PLSA,24/10/2025,43,24/10/2025,EG02-00011038,EG07-00006256,,4700004236,21/7/2025,
2025-2026,LIQUIDADO,HF PERU,25-096-HPER,4700004218,MELANIE,A&B,SPAREPARTS,REPUESTOS VARIOS,-,1151,3.00,UN,USD,69.80,69.80,0,EXW,AIR,AIR,USA,MIAMI,LIMA,NA,NA,1,CAJA,NA,29/9/2025,29/9/2025,FORBIS,PE-25091098,AIRMAX,658-30857470,NA,NA,4.33,12/10/2025,41,83EAMIA254675,AIRMAX CARGO,12/10/2025,41,SI,10/10/2025,ALFOSAC,LIP,16224,10/10/2025,10/10/2025,235-2025-10-166187-01-0-00,NA,NA,14/10/2025,NA,ALMACEN LIMA,LIP,16/10/2025,T001-7501,GUZMAN,16/10/2025,42,PLSA,24/10/2025,43,24/10/2025,EG02-00011038,EG07-00006256,,4700004218,31/7/2025,
2025-2026,LIQUIDADO,HF PERU,25-109-HPER,4700004189,MELANIE,UNITEC,SPAREPARTS,REPUESTOS VARIOS,-,380,2.00,UN,EUR,314.55,371.17,30,EXW,AIR,AIR,CHILE,SANTIAGO,LIMA,NA,NA,1,CAJA,NA,NA,NA,COURIER,NA,DHL,1335713540,NA,NA,NA,1/10/2025,40,1335713540,DHL COURIER,13/10/2025,42,NO,NA,NA,DHL,NA,NA,3/10/2025,235-25-28-11316324-10-4-00,NA,NA,11/10/2025,NA,COURIER,NA,NA,NA,NA,13/10/2025,42,PLSA,13/10/2025,42,15/10/2025,NA,NA,,4700004189,31/10/2025,
2025-2026,LIQUIDADO,HF PERU,25-145-HPER,4700003999-15,FIORELLA,OSKUPACK,E & E,CLAMSHELL 125G,ENV,25,"558,000.00",UN,USD,"16,182.00","16,182.00",90,EXW,SEA,FCL,CHILE,SAN ANTONIO,CALLAO,1,40 HC,930,CAJA,NA,3/6/2025,5/6/2025,AIRSEALOG,S00058145,CMA CGM,SNG0479204,TRLU7250267,L9339265,"6,603.00",10/10/2025,41,ASLCLS00058289,CMA CGM ADVENTURE 0MHRYW1MA,13/10/2025,42,SI,7/10/2025,IMUPESA,AVM,25/001450,10/10/2025,9/10/2025,118-2025-10-437929-01-0-00,NA,NA,19/10/2025,1/11/2025,DIRECTO,NA,21/10/2025,NA,GASTALDI,21/10/2025,43,MAQ0,21/10/2025,43,22/10/2025,EG03-00000480,EG07-00006222,,4700003999-15,,
2025-2026,LIQUIDADO,HF PERU,25-147-HPER,4700004127-3,GONZALO,AVIBIOL,SUSTRATOS,FIBRA DE COCO,M&S,F001-00002876,"25,000.00",KG,USD,"18,653.65","18,653.65",60,CIF,SEA,FCL,ESPAÑA,CARTAGENA,CALLAO,1,40 HC,24,PALLET,14/10/2025,NA,NA,DIRECTO,NA,MAERSK,258952142,TIIU5914683,ML-ES0408330,"24,200.00",4/9/2025,36,MAEU258952142,MAERSK BALI 538S,13/10/2025,42,NO,NA,NEW AGE,AVM,25/001476,3/9/2025,17/10/2025,118-2025-10-452885-01-0-00,27/10/2025,27/10/2025,27/10/2025,3/11/2025,ALMACEN LIMA,AVM,29/10/2025,T001-3928,GUZMAN,29/10/2025,44,ALMC,9/11/2025,45,13/11/2025,EG03-00011319,EG07-00006638,,4700004127-3,31/10/2025,21/11/2025
2025-2026,LIQUIDADO,HF PERU,25-120-HPER,4700004127-1,GONZALO,AVIBIOL,SUSTRATOS,FIBRA DE COCO,M&S,F001-00002875,"25,000.00",KG,USD,"18,653.65","18,653.65",60,CIF,SEA,FCL,ESPAÑA,CARTAGENA,CALLAO,1,40 HC,24,PALLET,14/10/2025,NA,NA,DIRECTO,NA,MAERSK,256509527,TLLU5995516,ML-ES0232482,"23,520.00",4/9/2025,36,MAEU256509527,HALSTED 541S,14/10/2025,42,NO,NA,NEW AGE,AVM,25/001394,3/9/2025,10/10/2025,118-2025-10-440244-01-5-00,21/10/2025,21/10/2025,22/10/2025,4/11/2025,ALMACEN LIMA,AVM,24/10/2025,T001-3896,GUZMAN,24/10/2025,43,ALMC,1/11/2025,44,14/11/2025,EG03-00011221,EG07-00006480,,4700004127-1,12/11/2025,12/11/2025
2025-2026,LIQUIDADO,HF PERU,25-120-HPER,4700004127-1,GONZALO,AVIBIOL,SUSTRATOS,FIBRA DE COCO,M&S,F001-00002875,"25,000.00",KG,USD,"18,653.65","18,653.65",60,CIF,SEA,FCL,ESPAÑA,CARTAGENA,CALLAO,1,40 HC,24,PALLET,14/10/2025,NA,NA,DIRECTO,NA,MAERSK,256509527,MRSU6247798,ML-ES0232507,"23,920.00",4/9/2025,36,MAEU256509527,HALSTED 541S,14/10/2025,42,NO,NA,NEW AGE,AVM,25/001394,3/9/2025,10/10/2025,118-2025-10-440244-01-5-00,21/10/2025,21/10/2025,23/10/2025,4/11/2025,ALMACEN LIMA,AVM,25/10/2025,T001-3901,GUZMAN,25/10/2025,43,ALMC,7/11/2025,45,14/11/2025,EG03-00011282,EG07-00006584,,4700004127-1,12/11/2025,12/11/2025
2025-2026,LIQUIDADO,HF PERU,25-120-HPER,4700004127-1,GONZALO,AVIBIOL,SUSTRATOS,FIBRA DE COCO,M&S,F001-00002875,"25,000.00",KG,USD,"18,653.65","18,653.65",60,CIF,SEA,FCL,ESPAÑA,CARTAGENA,CALLAO,1,40 HC,24,PALLET,14/10/2025,NA,NA,DIRECTO,NA,MAERSK,256509527,TCKU6955786,ML-ES0232225,"23,840.00",4/9/2025,36,MAEU256509527,HALSTED 541S,14/10/2025,42,NO,NA,NEW AGE,AVM,25/001394,3/9/2025,10/10/2025,118-2025-10-440244-01-5-00,21/10/2025,21/10/2025,25/10/2025,4/11/2025,ALMACEN LIMA,AVM,27/10/2025,T001-3902,GUZMAN,27/10/2025,44,ALMC,8/11/2025,45,14/11/2025,EG03-00011283,EG07-00006582,,4700004127-1,12/11/2025,12/11/2025
2025-2026,LIQUIDADO,HF PERU,25-120-HPER,4700004127-1,GONZALO,AVIBIOL,SUSTRATOS,FIBRA DE COCO,M&S,F001-00002875,"25,000.00",KG,USD,"18,653.65","18,653.65",60,CIF,SEA,FCL,ESPAÑA,CARTAGENA,CALLAO,1,40 HC,24,PALLET,14/10/2025,NA,NA,DIRECTO,NA,MAERSK,256509527,MRSU3587834,ML-ES0232219,"23,520.00",4/9/2025,36,MAEU256509527,HALSTED 541S,14/10/2025,42,NO,NA,NEW AGE,AVM,25/001394,3/9/2025,10/10/2025,118-2025-10-440244-01-5-00,21/10/2025,21/10/2025,22/10/2025,4/11/2025,ALMACEN LIMA,AVM,24/10/2025,T001-3895,GUZMAN,24/10/2025,43,ALMC,1/11/2025,44,14/11/2025,EG03-00011222,EG07-00006481,,4700004127-1,12/11/2025,12/11/2025
2025-2026,LIQUIDADO,HF PERU,25-120-HPER,4700004127-1,GONZALO,AVIBIOL,SUSTRATOS,FIBRA DE COCO,M&S,F001-00002875,"25,000.00",KG,USD,"18,653.65","18,653.65",60,CIF,SEA,FCL,ESPAÑA,CARTAGENA,CALLAO,1,40 HC,24,PALLET,14/10/2025,NA,NA,DIRECTO,NA,MAERSK,256509527,MRKU5104629,ML-ES0408312,"24,080.00",4/9/2025,36,MAEU256509527,HALSTED 541S,14/10/2025,42,NO,NA,NEW AGE,AVM,25/001394,3/9/2025,10/10/2025,118-2025-10-440244-01-5-00,21/10/2025,21/10/2025,23/10/2025,4/11/2025,ALMACEN LIMA,AVM,25/10/2025,T001-3900,GUZMAN,25/10/2025,43,ALMC,8/11/2025,45,14/11/2025,EG03-00011291,EG07-00006617,,4700004127-1,12/11/2025,12/11/2025
2025-2026,LIQUIDADO,HF PERU,25-121-HPER,4700004127-2,GONZALO,AVIBIOL,SUSTRATOS,FIBRA DE COCO,M&S,F001-00002876,"25,000.00",KG,USD,"18,653.65","18,653.65",60,CIF,SEA,FCL,ESPAÑA,CARTAGENA,CALLAO,1,40 HC,24,PALLET,14/10/2025,NA,NA,DIRECTO,NA,MAERSK,258517854,MRKU2402569,ML-ES0232484,"24,160.00",4/9/2025,36,MAEU258517854,HALSTED 541S,14/10/2025,42,NO,NA,NEW AGE,AVM,25/001392,3/9/2025,20/10/2025,118-2025-10-455317-01-3-00,27/10/2025,27/10/2025,27/10/2025,4/11/2025,ALMACEN LIMA,AVM,29/10/2025,T001-3926,GUZMAN,29/10/2025,44,ALMC,9/11/2025,45,13/11/2025,EG03-00011320,EG07-00006639,,4700004127-2,31/10/2025,21/11/2025
2025-2026,LIQUIDADO,HF PERU,25-121-HPER,4700004127-2,GONZALO,AVIBIOL,SUSTRATOS,FIBRA DE COCO,M&S,F001-00002876,"25,000.00",KG,USD,"18,653.65","18,653.65",60,CIF,SEA,FCL,ESPAÑA,CARTAGENA,CALLAO,1,40 HC,24,PALLET,14/10/2025,NA,NA,DIRECTO,NA,MAERSK,258517854,CAIU4720490,ML-ES0231299,"23,740.00",4/9/2025,36,MAEU258517854,HALSTED 541S,14/10/2025,42,NO,NA,NEW AGE,AVM,25/001392,3/9/2025,20/10/2025,118-2025-10-455317-01-3-00,27/10/2025,27/10/2025,27/10/2025,4/11/2025,ALMACEN LIMA,AVM,29/10/2025,T001-3927,GUZMAN,29/10/2025,44,ALMC,8/11/2025,45,13/11/2025,EG03-00011292,EG07-00006618,,4700004127-2,31/10/2025,21/11/2025
2025-2026,LIQUIDADO,HF PERU,25-121-HPER,4700004127-2,GONZALO,AVIBIOL,SUSTRATOS,FIBRA DE COCO,M&S,F001-00002876,"25,000.00",KG,USD,"18,653.65","18,653.65",60,CIF,SEA,FCL,ESPAÑA,CARTAGENA,CALLAO,1,40 HC,24,PALLET,14/10/2025,NA,NA,DIRECTO,NA,MAERSK,258517854,TCKU6523252,ML-ES0231298,"24,100.00",4/9/2025,36,MAEU258517854,HALSTED 541S,14/10/2025,42,NO,NA,NEW AGE,AVM,25/001392,3/9/2025,20/10/2025,118-2025-10-455317-01-3-00,27/10/2025,27/10/2025,28/10/2025,4/11/2025,ALMACEN LIMA,AVM,30/10/2025,T001-3934,GUZMAN,30/10/2025,44,ALMC,9/11/2025,45,13/11/2025,EG03-00011318,EG07-00006640,,4700004127-2,31/10/2025,21/11/2025
2025-2026,LIQUIDADO,HF PERU,25-121-HPER,4700004127-2,GONZALO,AVIBIOL,SUSTRATOS,FIBRA DE COCO,M&S,F001-00002876,"25,000.00",KG,USD,"18,653.65","18,653.65",60,CIF,SEA,FCL,ESPAÑA,CARTAGENA,CALLAO,1,40 HC,24,PALLET,14/10/2025,NA,NA,DIRECTO,NA,MAERSK,258517854,MRSU3296382,ML-ES0231297,"23,900.00",4/9/2025,36,MAEU258517854,HALSTED 541S,14/10/2025,42,NO,NA,NEW AGE,AVM,25/001392,3/9/2025,20/10/2025,118-2025-10-455317-01-3-00,27/10/2025,27/10/2025,28/10/2025,4/11/2025,ALMACEN LIMA,AVM,30/10/2025,T001-3933,GUZMAN,30/10/2025,44,ALMC,12/11/2025,46,13/11/2025,EG03-00011323,EG07-00006666,,4700004127-2,31/10/2025,21/11/2025
2025-2026,ENTREGADO,HFE BERRIES,25-020-HFEB,4700004147,OMAR,PROMISOL,AGQ,PROMI FERTIL MIX,-,F/25370,"5,000.00",KG,EUR,"37,750.00","44,545.00",90,EXW,SEA,LCL,ESPAÑA,BARCELONA,CALLAO,NA,NA,5,PALLET,NA,27/8/2025,27/8/2025,GASTALDI,RO-2504000071,CMA CGM,1570742,ECMU7596603,L7544509,"5,100.00",9/9/2025,37,250403359/0115,CARTAGENA EXPRESS 0WCM1S1MA,16/10/2025,42,SI,12/9/2025,ALFOSAC,AVM,25/001488,9/10/2025,13/10/2025,118-2025-10-444551-01-1-00,NA,NA,22/10/2025,NA,DIRECTO,NA,23/10/2025,NA,GASTALDI,24/10/2025,43,OLMOS,24/10/2025,43,NA,NA,NA,,4700004147,,
2025-2026,ENTREGADO,HFE BERRIES,25-020-HFEB,4700004188,OMAR,PROMISOL,AGQ,CYTOLAN,-,F/25370,"2,000.00",KG,EUR,"21,700.00","25,606.00",90,EXW,SEA,LCL,ESPAÑA,BARCELONA,CALLAO,NA,NA,3,PALLET,NA,27/8/2025,27/8/2025,GASTALDI,RO-2504000071,CMA CGM,1570742,ECMU7596603,L7544509,"2,100.00",9/9/2025,37,250403359/0115,CARTAGENA EXPRESS 0WCM1S1MA,16/10/2025,42,SI,12/9/2025,ALFOSAC,AVM,25/001488,9/10/2025,13/10/2025,118-2025-10-444551-01-1-00,NA,NA,22/10/2025,NA,DIRECTO,NA,23/10/2025,NA,GASTALDI,24/10/2025,43,OLMOS,24/10/2025,43,NA,NA,NA,,4700004188,,
2025-2026,ENTREGADO,HFE BERRIES,25-025-HFEB,4700004190,FIORELLA,CINTRANSFER,E & E,PUNNET CELULOSA EC 2843,-,2500912,"378,000.00",UN,EUR,"35,343.00","41,704.74",0,EXW,SEA,FCL,PAISES BAJOS,ROTTERDAM,CALLAO,1,40 HC,600,CAJA,NA,8/9/2025,9/9/2025,AIRSEALOG,S00058021,MSC,,MSNU7245258,1071,"4,460.00",25/9/2025,39,13025-12593-00,ANTHEA Y NX538A,17/10/2025,42,SI,2/10/2025,IMUPESA,LIP,16049,6/10/2025,14/10/2025,118-2025-10-446964-01-1-00,NA,NA,22/10/2025,30/10/2025,DIRECTO,NA,22/10/2025,NA,GASTALDI,24/10/2025,43,OLMOS,24/10/2025,43,NA,NA,NA,,4700004190,,
2025-2026,LIQUIDADO,HF PERU,25-091-HPER,4700004124-2,FIORELLA,PREMIUM CHOICE,E & E,CLAMSHELL 125GR,ENV,G001-00052,"600,000.00",UN,USD,"11,340.00","11,340.00",60,FOB,SEA,FCL,CHINA,SHANGHAI,CALLAO,1,40 HC,600,CAJA,NA,9/7/2025,31/7/2025,GASTALDI,RO-2500000154,CMA CGM,QGD2144994,GCXU6034438,M2546368,"7,200.00",20/9/2025,38,JLQD2508295,CMA CGM XIAMEN 1MH01W1MA,20/10/2025,43,SI,29/9/2025,IMUPESA,AVM,25/001511,14/10/2025,16/10/2025,118-2025-10-449250-01-8-00,NA,NA,6/11/2025,9/11/2025,DIRECTO,NA,7/11/2025,NA,GASTALDI,8/11/2025,45,MAQ0,8/11/2025,45,10/11/2025,EG04-00000795,EG07-00006628,,4700004124-2,26/11/2025,
2025-2026,LIQUIDADO,HF PERU,25-091-HPER,4700004124-2,FIORELLA, PREMIUM CHOICE ,E & E,CLAMSHELL 125GR,ENV,G001-00052,"600,000.00",UN,USD,"11,340.00","11,340.00",60,FOB,SEA,FCL,CHINA,SHANGHAI,CALLAO,1,40 HC,600,CAJA,NA,9/7/2025,31/7/2025,GASTALDI,RO-2500000154,CMA CGM,QGD2144994,CAAU6167020,M3340032,"7,200.00",20/9/2025,38,JLQD2508295,CMA CGM XIAMEN 1MH01W1MA,20/10/2025,43,SI,29/9/2025,IMUPESA,AVM,25/001511,14/10/2025,16/10/2025,118-2025-10-449250-01-8-00,NA,NA,6/11/2025,9/11/2025,DIRECTO,NA,7/11/2025,NA,GASTALDI,8/11/2025,45,MAQ0,8/11/2025,45,10/11/2025,EG04-00000796,EG07-00006629,,4700004124-2,26/11/2025,
2025-2026,LIQUIDADO,HF PERU,25-059-HPER,4700003999-11,FIORELLA, OSKUPACK ,E & E,CLAMSHELL 125G,ENV,26,"558,000.00",UN,USD,"16,182.00","16,182.00",90,EXW,SEA,FCL,CHILE,SAN ANTONIO,CALLAO,1,40 HC,930,CAJA,NA,3/6/2025,5/6/2025,AIRSEALOG,S00058292,CMA CGM,SNG0478605,CXDU2318460,L9305876,"6,603.00",18/10/2025,42,ASLCLS0058292,VALPARAISO EXPRESS 0WCM0N1MA,21/10/2025,43,SI,9/10/2025,IMUPESA,AVM,25/001493,10/10/2025,11/10/2025,118-2025-10-442868-01-6-00,NA,NA,26/10/2025,9/11/2025,DIRECTO,NA,27/10/2025,NA,GASTALDI,28/10/2025,44,MAQ0,28/10/2025,44,5/11/2025,EG03-00000727,EG07-00006358,,4700003999-11,11/11/2025,
2025-2026,LIQUIDADO,HF PERU,25-134-HPER,4700004098,GONZALO,UNITEC,SPAREPARTS,REPUESTOS VARIOS,-,387,1.00,UN,EUR,590.63,696.94,0,EXW,AIR,AIR,CHILE,SANTIAGO,LIMA,NA,NA,0.5,CAJA,NA,NA,NA,COURIER,NA,DHL,8249576296,NA,NA,3.50,16/10/2025,42,8249576296,DHL COURIER,22/10/2025,43,NO,NA,NA,DHL,NA,NA,19/10/2025,235-2025-28-12311776-10-4,NA,NA,22/10/2025,NA,COURIER,NA,NA,NA,NA,24/10/2025,43,PLSA,24/10/2025,43,25/10/2025,NA,NA,,4700004098,24/7/2025,
2025-2026,LIQUIDADO,HF PERU,25-134-HPER,4700004249,GONZALO, UNITEC ,SPAREPARTS,REPUESTOS VARIOS,-,388,1.00,UN,EUR,178.47,210.59,0,EXW,AIR,AIR,CHILE,SANTIAGO,LIMA,NA,NA,0.5,CAJA,NA,NA,NA,COURIER,NA,DHL,8249576296,NA,NA,3.50,16/10/2025,42,8249576296,DHL COURIER,22/10/2025,43,NO,NA,NA,DHL,NA,NA,19/10/2025,235-2025-28-12311776-10-4,NA,NA,22/10/2025,NA,COURIER,NA,NA,NA,NA,24/10/2025,43,PLSA,24/10/2025,43,25/10/2025,NA,NA,,4700004249,,
2025-2026,ENTREGADO,HFE BERRIES,25-024-HFEB,4700004061,OMAR,PROMISOL,AGQ,CYTOLAN,-,F/25378,"2,000.00",KG,EUR,"21,700.00","25,606.00",120,EXW,SEA,LCL,ESPAÑA,BARCELONA,CALLAO,NA,NA,3,PALLET,NA,5/9/2025,5/9/2025,AIRSEALOG,S00057923,CMA CGM,EM1CL-1305602,BMOU642252,L7780619,"2,330.00",16/9/2025,38,EM1CL-1305602,ISTANBUL EXPRESS 0WCM3S1MA,23/10/2025,43,SI,17/9/2025,VILLAS OQUENDO,AVM,25/001541,16/10/2025,18/10/2025,118-2025-10-453640-01-1-00,NA,NA,3/11/2025,NA,DIRECTO,NA,3/11/2025,NA,GASTALDI,5/11/2025,45,OLMOS,5/11/2025,45,NA,NA,NA,,4700004061,,
2025-2026,ENTREGADO,HFE BERRIES,25-024-HFEB,4700004061,OMAR,PROMISOL,AGQ,MUCIGEL,-,F/25378,"2,000.00",LT,EUR,"16,800.00","19,824.00",120,EXW,SEA,LCL,ESPAÑA,BARCELONA,CALLAO,NA,NA,2,PALLET,NA,5/9/2025,5/9/2025,AIRSEALOG,S00057923,CMA CGM,EM1CL-1305602,BMOU642252,L7780619,"2,330.00",16/9/2025,38,EM1CL-1305602,ISTANBUL EXPRESS 0WCM3S1MA,23/10/2025,43,SI,17/9/2025,VILLAS OQUENDO,AVM,25/001541,16/10/2025,18/10/2025,118-2025-10-453640-01-1-00,NA,NA,3/11/2025,NA,DIRECTO,NA,3/11/2025,NA,GASTALDI,5/11/2025,45,OLMOS,5/11/2025,45,NA,NA,NA,,4700004061,,
2025-2026,LIQUIDADO,HF PERU,25-097-HPER,4700004049-1, GONZALO ,DEHUAN,E & E,MACETAS DE PLASTICO 30L,M&S,TLD25024DW-1,"23,870.00",UN,USD,"34,969.55","34,969.55",0,CIF,SEA,FCL,CHINA,NINGBO,CALLAO,1,40 HC,20,PALLET,28/10/2025,NA,NA,DIRECTO,NA,MSC,177FGEGEN21842A,MSDU6807915,FX42902033,"16,650.00",25/9/2025,39,MEDUR2275150,MSC LOME V GY539A,23/10/2025,43,NO,NA,UNIMAR,CHAVIMOCHIC,101251,14/10/2025,20/10/2025,118-2025-10-454963-01-9-00,NA,NA,1/11/2025,12/11/2025,ALMACEN LIMA,SAN GABRIEL,3/11/2025,EG07-00016437,GUZMAN,3/11/2025,45,ALMC,13/11/2025,46,14/11/2025,EG03-00011354,EG07-00006732,,4700004049-1,21/11/2025,25/11/2025
2025-2026,LIQUIDADO,HF PERU,25-097-HPER,4700004049-1, GONZALO ,DEHUAN,E & E,MACETAS DE PLASTICO 30L,M&S,TLD25024DW-1,"23,870.00",UN,USD,"34,969.55","34,969.55",0,CIF,SEA,FCL,CHINA,NINGBO,CALLAO,1,40 HC,20,PALLET,28/10/2025,NA,NA,DIRECTO,NA,MSC,177FGEGEN21842A,MEDU7646314,FX42902063,"16,650.00",25/9/2025,39,MEDUR2275150,MSC LOME V GY539A,23/10/2025,43,NO,NA,UNIMAR,CHAVIMOCHIC,101251,14/10/2025,20/10/2025,118-2025-10-454963-01-9-00,NA,NA,29/10/2025,12/11/2025,ALMACEN LIMA,SAN GABRIEL,31/10/2025,EG07-00016418,GUZMAN,31/10/2025,44,ALMC,6/11/2025,45,14/11/2025,EG03-00011252,EG07-00006546,,4700004049-1,21/11/2025,25/11/2025
2025-2026,LIQUIDADO,HF PERU,25-098-HPER,4700004049-2,GONZALO, DEHUAN ,E & E,MACETAS DE PLASTICO 30L,M&S,TLD25024DW-2,"23,870.00",UN,USD,"34,969.55","34,969.55",0,CIF,SEA,FCL,CHINA,NINGBO,CALLAO,1,40 HC,20,PALLET,28/10/2025,NA,NA,DIRECTO,NA,MSC,177FGEGEN21843A,GESU5894530,FX42859680,"16,650.00",25/9/2025,39,MEDUR2275168,MSC LOME V GY539A,23/10/2025,43,NO,NA,UNIMAR,CHAVIMOCHIC,101252,14/10/2025,20/10/2025,118-2025-10-455579-01-8-00,NA,NA,3/11/2025,12/11/2025,ALMACEN LIMA,SAN GABRIEL,5/11/2025,EG07-00016478,GUZMAN,5/11/2025,45,ALMC,15/11/2025,46,19/11/2025,EG03-00011396,EG07-00006805,,4700004049-2,26/11/2025,10/12/2025
2025-2026,LIQUIDADO,HF PERU,25-098-HPER,4700004049-2,GONZALO, DEHUAN ,E & E,MACETAS DE PLASTICO 30L,M&S,TLD25024DW-2,"23,870.00",UN,USD,"34,969.55","34,969.55",0,CIF,SEA,FCL,CHINA,NINGBO,CALLAO,1,40 HC,20,PALLET,28/10/2025,NA,NA,DIRECTO,NA,MSC,177FGEGEN21843A,MSMU4183837,FX42787983,"16,650.00",25/9/2025,39,MEDUR2275168,MSC LOME V GY539A,23/10/2025,43,NO,NA,UNIMAR,CHAVIMOCHIC,101252,14/10/2025,20/10/2025,118-2025-10-455579-01-8-00,NA,NA,2/11/2025,12/11/2025,ALMACEN LIMA,SAN GABRIEL,4/11/2025,EG07-00016452,GUZMAN,4/11/2025,45,ALMC,14/11/2025,46,19/11/2025,EG03-00011373,EG07-00006766,,4700004049-2,26/11/2025,10/12/2025
2025-2026,LIQUIDADO,HF PERU,25-098-HPER,4700004049-2,GONZALO, DEHUAN ,E & E,MACETAS DE PLASTICO 30L,M&S,TLD25024DW-2,"23,870.00",UN,USD,"34,969.55","34,969.55",0,CIF,SEA,FCL,CHINA,NINGBO,CALLAO,1,40 HC,20,PALLET,28/10/2025,NA,NA,DIRECTO,NA,MSC,177FGEGEN21843A,MSMU5415618,FX42787829,"16,650.00",25/9/2025,39,MEDUR2275168,MSC LOME V GY539A,23/10/2025,43,NO,NA,UNIMAR,CHAVIMOCHIC,101252,14/10/2025,20/10/2025,118-2025-10-455579-01-8-00,NA,NA,3/11/2025,12/11/2025,ALMACEN LIMA,SAN GABRIEL,5/11/2025,EG07-00016494,GUZMAN,5/11/2025,45,ALMC,15/11/2025,46,3/12/2025,EG03-00011397,EG07-00006801,,4700004049-2,26/11/2025,10/12/2025
2025-2026,LIQUIDADO,HF PERU,25-098-HPER,4700004049-2,GONZALO, DEHUAN ,E & E,MACETAS DE PLASTICO 30L,M&S,TLD25024DW-2,"23,870.00",UN,USD,"34,969.55","34,969.55",0,CIF,SEA,FCL,CHINA,NINGBO,CALLAO,1,40 HC,20,PALLET,28/10/2025,NA,NA,DIRECTO,NA,MSC,177FGEGEN21843A,MEDU4845816,FX42787884,"16,650.00",25/9/2025,39,MEDUR2275168,MSC LOME V GY539A,23/10/2025,43,NO,NA,UNIMAR,CHAVIMOCHIC,101252,14/10/2025,20/10/2025,118-2025-10-455579-01-8-00,NA,NA,2/11/2025,12/11/2025,ALMACEN LIMA,SAN GABRIEL,4/11/2025,EG07-00016453,GUZMAN,4/11/2025,45,ALMC,14/11/2025,46,19/11/2025,EG03-00011372,EG07-00006788,,4700004049-2,26/11/2025,10/12/2025
2025-2026,LIQUIDADO,HF PERU,25-098-HPER,4700004049-2,GONZALO, DEHUAN ,E & E,MACETAS DE PLASTICO 30L,M&S,TLD25024DW-2,"23,870.00",UN,USD,"34,969.55","34,969.55",0,CIF,SEA,FCL,CHINA,NINGBO,CALLAO,1,40 HC,20,PALLET,28/10/2025,NA,NA,DIRECTO,NA,MSC,177FGEGEN21843A,TCLU1825405,FX42859586,"16,650.00",25/9/2025,39,MEDUR2275168,MSC LOME V GY539A,23/10/2025,43,NO,NA,UNIMAR,CHAVIMOCHIC,101252,14/10/2025,20/10/2025,118-2025-10-455579-01-8-00,NA,NA,2/11/2025,12/11/2025,ALMACEN LIMA,SAN GABRIEL,4/11/2025,EG07-00016451,GUZMAN,4/11/2025,45,ALMC,14/11/2025,46,23/12/2025,EG03-00011374,EG07-00006767,,4700004049-2,26/11/2025,10/12/2025
2025-2026,LIQUIDADO,HF PERU,25-097-HPER,4700004049-1, GONZALO ,DEHUAN,E & E,MACETAS DE PLASTICO 30L,M&S,TLD25024DW-1,"23,868.00",UN,USD,"34,966.62","34,966.62",0,CIF,SEA,FCL,CHINA,NINGBO,CALLAO,1,40 HC,20,PALLET,28/10/2025,NA,NA,DIRECTO,NA,MSC,177FGEGEN21842A,FSCU8344260,FX42902087,"16,650.00",25/9/2025,39,MEDUR2275150,MSC LOME V GY539A,23/10/2025,43,NO,NA,UNIMAR,CHAVIMOCHIC,101251,14/10/2025,20/10/2025,118-2025-10-454963-01-9-00,NA,NA,29/10/2025,12/11/2025,ALMACEN LIMA,SAN GABRIEL,31/10/2025,EG07-00016421,GUZMAN,31/10/2025,44,ALMC,11/11/2025,46,14/11/2025,EG03-00011324,EG07-00006668,,4700004049-1,21/11/2025,25/11/2025
2025-2026,LIQUIDADO,HF PERU,25-097-HPER,4700004049-1, GONZALO ,DEHUAN,E & E,MACETAS DE PLASTICO 30L,M&S,TLD25024DW-1,"23,870.00",UN,USD,"34,969.55","34,969.55",0,CIF,SEA,FCL,CHINA,NINGBO,CALLAO,1,40 HC,20,PALLET,28/10/2025,NA,NA,DIRECTO,NA,MSC,177FGEGEN21842A,MEDU4471589,FX42902005,"16,650.00",25/9/2025,39,MEDUR2275150,MSC LOME V GY539A,23/10/2025,43,NO,NA,UNIMAR,CHAVIMOCHIC,101251,14/10/2025,20/10/2025,118-2025-10-454963-01-9-00,NA,NA,29/10/2025,12/11/2025,ALMACEN LIMA,SAN GABRIEL,31/10/2025,EG07-00016419,GUZMAN,31/10/2025,44,ALMC,11/11/2025,46,14/11/2025,EG03-00011322,EG07-00006667,,4700004049-1,21/11/2025,25/11/2025
2025-2026,LIQUIDADO,HF PERU,25-097-HPER,4700004049-1, GONZALO ,DEHUAN,E & E,MACETAS DE PLASTICO 30L,M&S,TLD25024DW-1,"23,870.00",UN,USD,"34,969.55","34,969.55",0,CIF,SEA,FCL,CHINA,NINGBO,CALLAO,1,40 HC,20,PALLET,28/10/2025,NA,NA,DIRECTO,NA,MSC,177FGEGEN21842A,MSNU5776002,FX42902067,"16,650.00",25/9/2025,39,MEDUR2275150,MSC LOME V GY539A,23/10/2025,43,NO,NA,UNIMAR,CHAVIMOCHIC,101251,14/10/2025,20/10/2025,118-2025-10-454963-01-9-00,NA,NA,1/11/2025,12/11/2025,ALMACEN LIMA,SAN GABRIEL,3/11/2025,EG07-00016433,GUZMAN,3/11/2025,45,ALMC,13/11/2025,46,14/11/2025,EG03-00011355,EG07-00006731,,4700004049-1,21/11/2025,25/11/2025
2025-2026,LIQUIDADO,HF PERU,25-075-HPER,4700004241-2,FIORELLA,JCK,E & E,PUNNET 11OZ,ENV,1157,"249,480.00",UN,USD,"13,222.44","13,222.44",90,EXW,SEA,FCL,CHILE,SAN ANTONIO,CALLAO,0.5,40 HC,308,CAJA,NA,3/6/2025,10/6/2025,AIRSEALOG,S00058281,CMA CGM,SNG0479452,TCNU5241813,L9301991,"3,254.67",22/10/2025,43,ASLCLS00058281,CMA CGM RIMBAUD 1MH05W1MA,28/10/2025,44,SI,9/10/2025,IMUPESA,AVM,25/001497,10/10/2025,11/10/2025,118-2025-10-442163-01-2-00,NA,NA,2/11/2025,16/11/2025,DIRECTO,NA,3/11/2025,NA,GASTALDI,4/11/2025,45,MAQ0,4/11/2025,45,6/11/2025,EG03-00000802,EG07-00006515,,4700004241-2,19/11/2025,
2025-2026,LIQUIDADO,HF PERU,25-075-HPER,4700004202-4,FIORELLA,JCK,E & E,PUNNET 250GR,ENV,1157,"200,070.00",UN,USD,"6,802.38","6,802.38",90,EXW,SEA,FCL,CHILE,SAN ANTONIO,CALLAO,0.5,40 HC,247,CAJA,NA,3/6/2025,10/6/2025,AIRSEALOG,S00058281,CMA CGM,SNG0479452,TCNU5241813,L9301991,"3,254.67",22/10/2025,43,ASLCLS00058281,CMA CGM RIMBAUD 1MH05W1MA,28/10/2025,44,SI,9/10/2025,IMUPESA,AVM,25/001497,10/10/2025,11/10/2025,118-2025-10-442163-01-2-00,NA,NA,2/11/2025,16/11/2025,DIRECTO,NA,3/11/2025,NA,GASTALDI,4/11/2025,45,MAQ0,4/11/2025,45,6/11/2025,EG03-00000802,EG07-00006515,,4700004202-4,19/11/2025,
2025-2026,LIQUIDADO,HF PERU,25-075-HPER,4700003998-14,FIORELLA,JCK,E & E,PUNNET 150GR,ENV,1157,"820,125.00",UN,USD,"21,733.31","21,733.31",90,EXW,SEA,FCL,CHILE,SAN ANTONIO,CALLAO,1,40 HC,675,CAJA,NA,3/6/2025,10/6/2025,AIRSEALOG,S00058281,CMA CGM,SNG0479452,SEKU4514932,L9301981,"7,830.00",22/10/2025,43,ASLCLS00058281,CMA CGM RIMBAUD 1MH05W1MA,28/10/2025,44,SI,9/10/2025,IMUPESA,AVM,25/001497,10/10/2025,11/10/2025,118-2025-10-442163-01-2-00,NA,NA,2/11/2025,16/11/2025,DIRECTO,NA,3/11/2025,NA,GASTALDI,4/11/2025,45,MAQ0,4/11/2025,45,6/11/2025,EG03-00000801,EG07-00006513,,4700003998-14,19/11/2025,
2025-2026,LIQUIDADO,HF PERU,25-073-HPER,4700003998-12,FIORELLA, JCK ,E & E,CLAMSHELL 11OZ,ENV,1154,"261,660.00",UN,USD,"16,484.58","16,484.58",90,EXW,SEA,FCL,CHILE,SAN ANTONIO,CALLAO,1,40 HC,623,CAJA,NA,3/6/2025,10/6/2025,AIRSEALOG,S00058279,CMA CGM,SNG0479450,CMAU4931290,L9301880,"6,348.37",22/10/2025,43,ASLSLC00058279,CMA CGM RIMBAUD 1MH05W1MA,28/10/2025,44,SI,7/10/2025,IMUPESA,AVM,25/001494,10/10/2025,11/10/2025,118-2025-10-442867-01-1-00,NA,NA,4/11/2025,16/11/2025,DIRECTO,NA,5/11/2025,NA,GASTALDI,6/11/2025,45,MAQ0,6/11/2025,45,8/11/2025,EG03-00006667,EG07-00006568,,4700003998-12,19/11/2025,
2025-2026,LIQUIDADO,HF PERU,25-073-HPER,4700003998-12,FIORELLA,JCK,E & E,CLAMSHELL 11OZ,ENV,1154,"261,660.00",UN,USD,"16,484.58","16,484.58",90,EXW,SEA,FCL,CHILE,SAN ANTONIO,CALLAO,1,40 HC,623,CAJA,NA,3/6/2025,10/6/2025,AIRSEALOG,S00058279,CMA CGM,SNG0479450,TCNU8336194,L9301870,"6,348.37",22/10/2025,43,ASLSLC00058279,CMA CGM RIMBAUD 1MH05W1MA,28/10/2025,44,SI,7/10/2025,IMUPESA,AVM,25/001494,10/10/2025,11/10/2025,118-2025-10-442867-01-1-00,NA,NA,4/11/2025,16/11/2025,DIRECTO,NA,5/11/2025,NA,GASTALDI,6/11/2025,45,MAQ0,6/11/2025,45,8/11/2025,EG03-00006668,EG07-00006569,,4700003998-12,19/11/2025,
2025-2026,LIQUIDADO,HF PERU,25-074-HPER,4700003998-13,FIORELLA,JCK,E & E,CLAMSHELL 11OZ,ENV,1153,"261,660.00",UN,USD,"16,484.58","16,484.58",90,EXW,SEA,FCL,CHILE,SAN ANTONIO,CALLAO,1,40 HC,623,CAJA,NA,3/6/2025,10/6/2025,AIRSEALOG,S00058280,CMA CGM,SNG0479451,CAIU9276408,L9305885,"6,348.37",22/10/2025,43,ASLCLS00058280,CMA CGM RIMBAUD 1MH05W1MA,28/10/2025,44,SI,9/10/2025,IMUPESA,AVM,25/001495,10/10/2025,11/10/2025,118-2025-10-442166-01-1-00,NA,NA,5/11/2025,16/11/2025,DIRECTO,NA,6/11/2025,NA,GASTALDI,7/11/2025,45,MAQ0,7/11/2025,45,21/11/2025,EG03-00006675,EG07-00006593,,4700003998-13,21/11/2025,
2025-2026,LIQUIDADO,HF PERU,25-074-HPER,4700003998-13,FIORELLA,JCK,E & E,CLAMSHELL 11OZ,ENV,1153,"261,660.00",UN,USD,"16,484.58","16,484.58",90,EXW,SEA,FCL,CHILE,SAN ANTONIO,CALLAO,1,40 HC,623,CAJA,NA,3/6/2025,10/6/2025,AIRSEALOG,S00058280,CMA CGM,SNG0479451,CAIU9554978,L9305888,"6,348.37",22/10/2025,43,ASLCLS00058280,CMA CGM RIMBAUD 1MH05W1MA,28/10/2025,44,SI,9/10/2025,IMUPESA,AVM,25/001495,10/10/2025,11/10/2025,118-2025-10-442166-01-1-00,NA,NA,5/11/2025,16/11/2025,DIRECTO,NA,6/11/2025,NA,GASTALDI,7/11/2025,45,MAQ0,7/11/2025,45,21/11/2025,EG03-00000533,EG07-00006572,,4700003998-13,21/11/2025,
2025-2026,LIQUIDADO,HF PERU,25-073-HPER,4700004202-2,FIORELLA,JCK,E & E,PUNNET 11OZ,ENV,1154,"170,500.00",UN,USD,"9,036.50","9,036.50",90,EXW,SEA,FCL,CHILE,SAN ANTONIO,CALLAO,0.5,40 HC,312,CAJA,NA,3/6/2025,10/6/2025,AIRSEALOG,S00058279,CMA CGM,SNG0479450,CMAU7851901,L9301874,"4,126.71",22/10/2025,43,ASLSLC00058279,CMA CGM RIMBAUD 1MH05W1MA,28/10/2025,44,SI,7/10/2025,IMUPESA,AVM,25/001494,10/10/2025,11/10/2025,118-2025-10-442867-01-1-00,NA,NA,4/11/2025,16/11/2025,DIRECTO,NA,5/11/2025,NA,GASTALDI,6/11/2025,45,PLSA,6/11/2025,45,11/11/2025,EG03-00006666,EG07-00006567,,4700004202-2,19/11/2025,
2025-2026,LIQUIDADO,HF PERU,25-073-HPER,4700004241-1,FIORELLA,JCK,E & E,PUNNET 11OZ,ENV,1154,"334,940.00",UN,USD,"17,751.82","17,751.82",90,EXW,SEA,FCL,CHILE,SAN ANTONIO,CALLAO,0.5,40 HC,312,CAJA,NA,3/6/2025,10/6/2025,AIRSEALOG,S00058279,CMA CGM,SNG0479450,CMAU7851901,L9301874,"4,126.71",22/10/2025,43,ASLSLC00058279,CMA CGM RIMBAUD 1MH05W1MA,28/10/2025,44,SI,7/10/2025,IMUPESA,AVM,25/001494,10/10/2025,11/10/2025,118-2025-10-442867-01-1-00,NA,NA,4/11/2025,16/11/2025,DIRECTO,NA,5/11/2025,NA,GASTALDI,6/11/2025,45,PLSA,6/11/2025,45,11/11/2025,EG03-00006666,EG07-00006567,,4700004241-1,19/11/2025,
2025-2026,ENTREGADO,HFE BERRIES,25-021-HFEB,4700004209-2,FIORELLA, JCK ,E & E,PUNNET 11OZ,ENV,1156,"505,440.00",UN,USD,"26,788.32","26,788.32",90,EXW,SEA,FCL,CHILE,SAN ANTONIO,CALLAO,1,40 HC,624,CAJA,NA,3/6/2025,7/6/2025,AIRSEALOG,S00058284,CMA CGM,SNG0479282,TCNU3209540,L9305800,"7,993.44",22/10/2025,43,ASLCLS00058284,CMA CGM RIMBAUD 1MH05W1MA,28/10/2025,44,SI,10/10/2025,IMUPESA,AVM,25/001498,10/10/2025,11/10/2025,118-2025-10-442160-01-3-00,NA,NA,10/11/2025,16/11/2025,DIRECTO,NA,10/11/2025,NA,GASTALDI,12/11/2025,46,OLMOS,12/11/2025,46,NA,NA,NA,,4700004209-2,,
2025-2026,LIQUIDADO,HF PERU,25-074-HPER,4700003998-13,FIORELLA,JCK,E & E,CLAMSHELL 11OZ,ENV,1153,"261,660.00",UN,USD,"16,484.58","16,484.58",90,EXW,SEA,FCL,CHILE,SAN ANTONIO,CALLAO,1,40 HC,623,CAJA,NA,3/6/2025,10/6/2025,AIRSEALOG,S00058280,CMA CGM,SNG0479451,TCLU5299320,L9305859,"6,348.37",22/10/2025,43,ASLCLS00058280,CMA CGM RIMBAUD 1MH05W1MA,28/10/2025,44,SI,9/10/2025,IMUPESA,AVM,25/001495,10/10/2025,11/10/2025,118-2025-10-442166-01-1-00,NA,NA,9/11/2025,16/11/2025,DIRECTO,NA,10/11/2025,NA,GASTALDI,11/11/2025,46,MAQ0,11/11/2025,46,21/11/2025,EG04-00000801,EG07-00006684,,4700003998-13,21/11/2025,
2025-2026,LIQUIDADO,HF PERU,25-074-HPER,4700003998-13,FIORELLA,JCK,E & E,CLAMSHELL 11OZ,ENV,1153,"261,660.00",UN,USD,"16,484.58","16,484.58",90,EXW,SEA,FCL,CHILE,SAN ANTONIO,CALLAO,1,40 HC,623,CAJA,NA,3/6/2025,10/6/2025,AIRSEALOG,S00058280,CMA CGM,SNG0479451,TCNU3507205,L9305851,"6,348.37",22/10/2025,43,ASLCLS00058280,CMA CGM RIMBAUD 1MH05W1MA,28/10/2025,44,SI,9/10/2025,IMUPESA,AVM,25/001495,10/10/2025,11/10/2025,118-2025-10-442166-01-1-00,NA,NA,9/11/2025,16/11/2025,DIRECTO,NA,10/11/2025,NA,GASTALDI,11/11/2025,46,MAQ0,11/11/2025,46,21/11/2025,EG03-00006810,EG07-00006688,,4700003998-13,21/11/2025,
2025-2026,LIQUIDADO,HF PERU,25-060-HPER,4700004032-1,FIORELLA,OSKUPACK,E & E,CLAMSHELL 18OZ,ENV,27,"54,768.00",UN,USD,"5,695.87","5,695.87",90,EXW,SEA,FCL,CHILE,SAN ANTONIO,CALLAO,0.5,40 HC,210,CAJA,NA,3/6/2025,5/6/2025,AIRSEALOG,S00058293,CMA CGM,SNG0478871,CAIU9700516,L9301753,"3,048.00",22/10/2025,43,ASLCLS00058293,CMA CGM RIMBAUD 1MH05W1MA,28/10/2025,44,SI,10/10/2025,IMUPESA,AVM,25/001499,10/10/2025,11/10/2025,118-2025-10-442162-01-6-00,NA,NA,9/11/2025,16/11/2025,DIRECTO,NA,10/11/2025,NA,GASTALDI,11/11/2025,46,PLSA,11/11/2025,46,14/11/2025,EG03-00006714,EG07-00006675,,4700004032-1,26/11/2025,
2025-2026,LIQUIDADO,HF PERU,25-060-HPER,4700003999-12,FIORELLA,OSKUPACK,E & E,CLAMSHELL 18OZ,ENV,27,"70,512.00",UN,USD,"7,333.25","7,333.25",90,EXW,SEA,FCL,CHILE,SAN ANTONIO,CALLAO,0.5,40 HC,270,CAJA,NA,3/6/2025,5/6/2025,AIRSEALOG,S00058293,CMA CGM,SNG0478871,CAIU9700516,L9301753,"3,048.00",22/10/2025,43,ASLCLS00058293,CMA CGM RIMBAUD 1MH05W1MA,28/10/2025,44,SI,10/10/2025,IMUPESA,AVM,25/001499,10/10/2025,11/10/2025,118-2025-10-442162-01-6-00,NA,NA,9/11/2025,16/11/2025,DIRECTO,NA,10/11/2025,NA,GASTALDI,11/11/2025,46,PLSA,11/11/2025,46,14/11/2025,EG03-00006714,EG07-00006675,,4700003999-12,26/11/2025,
2025-2026,LIQUIDADO,HF PERU,25-060-HPER,4700003999-12,FIORELLA,OSKUPACK,E & E,CLAMSHELL 11OZ,ENV,27,"252,000.00",UN,USD,"15,750.00","15,750.00",90,EXW,SEA,FCL,CHILE,SAN ANTONIO,CALLAO,1,40 HC,630,CAJA,NA,3/6/2025,5/6/2025,AIRSEALOG,S00058293,CMA CGM,SNG0478871,CMAU7651950,L9301934,"6,615.00",22/10/2025,43,ASLCLS00058293,CMA CGM RIMBAUD 1MH05W1MA,28/10/2025,44,SI,10/10/2025,IMUPESA,AVM,25/001499,10/10/2025,11/10/2025,118-2025-10-442162-01-6-00,NA,NA,10/11/2025,16/11/2025,DIRECTO,NA,11/11/2025,NA,GASTALDI,12/11/2025,46,MAQ0,12/11/2025,46,14/11/2025,EG03-00006723,EG07-00006713,,4700003999-12,26/11/2025,
2025-2026,LIQUIDADO,HF PERU,25-060-HPER,4700003999-12,FIORELLA,OSKUPACK,E & E,CLAMSHELL 18OZ,ENV,27,"125,280.00",UN,USD,"13,029.12","13,029.12",90,EXW,SEA,FCL,CHILE,SAN ANTONIO,CALLAO,1,40 HC,480,CAJA,NA,3/6/2025,5/6/2025,AIRSEALOG,S00058293,CMA CGM,SNG0478871,SEGU4973053,L9306956,"6,096.00",22/10/2025,43,ASLCLS00058293,CMA CGM RIMBAUD 1MH05W1MA,28/10/2025,44,SI,10/10/2025,IMUPESA,AVM,25/001499,10/10/2025,11/10/2025,118-2025-10-442162-01-6-00,NA,NA,10/11/2025,16/11/2025,DIRECTO,NA,11/11/2025,NA,GASTALDI,12/11/2025,46,MAQ0,12/11/2025,46,14/11/2025,EG03-00006724,EG07-00006714,,4700003999-12,26/11/2025,
2025-2026,LIQUIDADO,HF PERU,25-137-HPER,4700004226,GONZALO, RITEC ,EQP & INST,APARATOS DE RIEGO,-,25/877,444.00,UN,USD,"40,654.04","40,654.04",0,EXW,AIR,AIR,ESPAÑA,MADRID,LIMA,NA,NA,2,CAJA,NA,15/10/2025,15/10/2025,GASTALDI,RO-2506000883,LAN,045-16430444,NA,NA,793.00,29/10/2025,44,P25PM1042233,LAN CARGO,29/10/2025,44,SI,28/10/2025,TALMA,LIP,17017,28/10/2025,28/10/2025,235-2025-10-176973-01-9-00,NA,NA,29/10/2025,NA,ALMACEN LIMA,LIP,30/10/2025,T001-7682,GUZMAN,30/10/2025,44,ALMC,8/11/2025,45,5/12/2025,EG03-00011290,EG07-00006615,,4700004226,24/11/2025,
2025-2026,LIQUIDADO,HF PERU,25-061-HPER,4700003999-13,FIORELLA,OSKUPACK,E & E,CLAMSHELL 18OZ,ENV,29,"125,280.00",UN,USD,"13,029.12","13,029.12",90,EXW,SEA,FCL,CHILE,SAN ANTONIO,CALLAO,1,40 HC,240,CAJA,NA,3/6/2025,5/6/2025,AIRSEALOG,S00058294,CMA CGM,SNG0479525,BMOU4911394,M5638234,"2,808.00",25/10/2025,43,ASLCLS00058294,CMA CGM BEIRA 0LIISN1MA,29/10/2025,44,SI,23/10/2025,IMUPESA,AVM,25/001610,24/10/2025,28/10/2025,118-2025-10-468031-01-6-00,NA,NA,11/11/2025,17/11/2025,DIRECTO,NA,12/11/2025,NA,GASTALDI,13/11/2025,46,MAQ0,13/11/2025,46,14/11/2025,EG03-00000536,EG07-00006740,,4700003999-13,24/11/2025,
2025-2026,LIQUIDADO,HF PERU,25-061-HPER,4700003999-13,FIORELLA,OSKUPACK,E & E,CLAMSHELL 125G,ENV,29,"543,000.00",UN,USD,"15,747.00","15,747.00",90,EXW,SEA,FCL,CHILE,SAN ANTONIO,CALLAO,1,40 HC,905,CAJA,NA,3/6/2025,5/6/2025,AIRSEALOG,S00058294,CMA CGM,SNG0479525,CMAU7394929,M5638152,"6,425.00",25/10/2025,43,ASLCLS00058294,CMA CGM BEIRA 0LIISN1MA,29/10/2025,44,SI,23/10/2025,IMUPESA,AVM,25/001610,24/10/2025,28/10/2025,118-2025-10-468031-01-6-00,NA,NA,11/11/2025,17/11/2025,DIRECTO,NA,12/11/2025,NA,GASTALDI,13/11/2025,46,MAQ0,13/11/2025,46,14/11/2025,EG03-00000361,EG07-00006742,,4700003999-13,24/11/2025,
2025-2026,LIQUIDADO,HF PERU,25-061-HPER,4700003999-13,FIORELLA,OSKUPACK,E & E,CLAMSHELL 18OZ,ENV,29,"125,280.00",UN,USD,"13,029.12","13,029.12",90,EXW,SEA,FCL,CHILE,SAN ANTONIO,CALLAO,1,40 HC,480,CAJA,NA,3/6/2025,5/6/2025,AIRSEALOG,S00058294,CMA CGM,SNG0479525,TEMU6865183,M5638058,"5,616.00",25/10/2025,43,ASLCLS00058294,CMA CGM BEIRA 0LIISN1MA,29/10/2025,44,SI,23/10/2025,IMUPESA,AVM,25/001610,24/10/2025,28/10/2025,118-2025-10-468031-01-6-00,NA,NA,12/11/2025,17/11/2025,DIRECTO,NA,13/11/2025,NA,GASTALDI,14/11/2025,46,MAQ0,14/11/2025,46,15/11/2025,EG03-00001526,EG07-00006773,,4700003999-13,24/6/2025,
2025-2026,LIQUIDADO,HF PERU,25-171-HPER,5400001429,HUB,HF GENETICS,PLANTAS,PLANTAS DE ARANDANO,SAMPLE,7020000643,"1,901.00",UN,USD,"4,261.30","4,261.30",0,CPT,AIR,AIR,CHILE,SANTIAGO,LIMA,NA,NA,2,PALLET,NA,NA,NA,DIRECTO,NA,LAN,045-13177636,NA,NA,"1,790.00",30/10/2025,44,045-13177636,LAN CARGO,30/10/2025,44,SI,27/10/2025,TALMA,AVM,25/001621,27/10/2025,27/10/2025,235-2025-10-176644-01-5-00,31/10/2025,31/10/2025,2/11/2025,NA,DIRECTO,NA,3/11/2025,NA,AVM,4/11/2025,45,ALMC,4/11/2025,45,10/11/2025,T001-3954,NA,,5400001429,14/11/2025,
2025-2026,LIQUIDADO,HF PERU,25-138-HPER,4700004135,VICTORIA,A&B,SPAREPARTS,REPUESTOS VARIOS,-,1134,25.00,UN,USD,"4,369.00","4,369.00",0,EXW,AIR,AIR,USA,MIAMI,LIMA,NA,NA,1,CAJA,NA,20/10/2025,20/10/2025,FORBIS,PE-25100688-01,AIRMAX,658-30864396,1,NA,11.25,1/11/2025,44,86EAMIA255007,AIRMAX CARGO,1/11/2025,44,SI,31/10/2025,ALFOSAC,LIP,17211,31/10/2025,31/10/2025,235-2025-10-179580-01-8-00,NA,NA,2/11/2025,NA,ALMACEN LIMA,LIP,3/11/2025,T001-7738,GUZMAN,3/11/2025,45,MAQ0,12/11/2025,46,16/11/2025,EG03-00011336,EG07-00006705,,4700004135,24/6/2025,
2025-2026,LIQUIDADO,HF PERU,25-138-HPER,4700004256,MELANIE, A&B ,SPAREPARTS,REPUESTOS VARIOS,-,1167,60.00,UN,USD,880.00,880.00,0,EXW,AIR,AIR,USA,MIAMI,LIMA,NA,NA,1,CAJA,NA,20/10/2025,20/10/2025,FORBIS,PE-25100688-01,AIRMAX,658-30864396,2,NA,0.90,1/11/2025,44,86EAMIA255007,AIRMAX CARGO,1/11/2025,44,SI,31/10/2025,ALFOSAC,LIP,17211,31/10/2025,31/10/2025,235-2025-10-179580-01-8-00,NA,NA,2/11/2025,NA,ALMACEN LIMA,LIP,3/11/2025,T001-7738,GUZMAN,3/11/2025,45,PLSA,12/11/2025,46,18/11/2025,EG03-00011336,EG07-00006705,,4700004256,25/6/2025,
2025-2026,LIQUIDADO,HF PERU,25-115-HPER,4700004049-3,GONZALO, DEHUAN ,E & E,MACETAS DE PLASTICO 30L,M&S,TLD25024DW-3,"23,870.00",UN,USD,"34,969.55","34,969.55",0,CIF,SEA,FCL,CHINA,NINGBO,CALLAO,1,40 HC,20,PALLET,28/10/2025,NA,NA,DIRECTO,NA,ONE,NB5JJK221800,NYKU5647107,CNDP81363,"16,650.00",2/10/2025,40,ONEYNB5JJK221800,ONE SPLENDOUR 2537E,2/11/2025,44,NO,NA,MEDLOG,AVM,25/001609,24/10/2025,29/10/2025,118-2025-10-470625-01-7-00,NA,NA,8/11/2025,23/11/2025,ALMACEN LIMA,MERIDIAN,10/11/2025,T001-3987,GUZMAN,10/11/2025,46,ALMC,16/11/2025,46,19/11/2025,EG03-00011414,EG07-00006829,,4700004049-3,22/12/2025,Pendiente
2025-2026,LIQUIDADO,HF PERU,25-115-HPER,4700004049-3,GONZALO, DEHUAN ,E & E,MACETAS DE PLASTICO 30L,M&S,TLD25024DW-3,"23,870.00",UN,USD,"34,969.55","34,969.55",0,CIF,SEA,FCL,CHINA,NINGBO,CALLAO,1,40 HC,20,PALLET,28/10/2025,NA,NA,DIRECTO,NA,ONE,NB5JJK221800,ONEU5621917,CNDP36141,"16,650.00",2/10/2025,40,ONEYNB5JJK221800,ONE SPLENDOUR 2537E,2/11/2025,44,NO,NA,MEDLOG,AVM,25/001609,24/10/2025,29/10/2025,118-2025-10-470625-01-7-00,NA,NA,8/11/2025,23/11/2025,ALMACEN LIMA,MERIDIAN,10/11/2025,T001-3989,GUZMAN,10/11/2025,46,ALMC,16/11/2025,46,19/11/2025,EG03-00011415,EG07-00006828,,4700004049-3,22/12/2025,Pendiente
2025-2026,LIQUIDADO,HF PERU,25-115-HPER,4700004049-3,GONZALO, DEHUAN ,E & E,MACETAS DE PLASTICO 30L,M&S,TLD25024DW-3,"23,870.00",UN,USD,"34,969.55","34,969.55",0,CIF,SEA,FCL,CHINA,NINGBO,CALLAO,1,40 HC,20,PALLET,28/10/2025,NA,NA,DIRECTO,NA,ONE,NB5JJK221800,TEMU8562592,CNDP02583,"16,650.00",2/10/2025,40,ONEYNB5JJK221800,ONE SPLENDOUR 2537E,2/11/2025,44,NO,NA,MEDLOG,AVM,25/001609,24/10/2025,29/10/2025,118-2025-10-470625-01-7-00,NA,NA,8/11/2025,23/11/2025,ALMACEN LIMA,MERIDIAN,10/11/2025,T001-3990,GUZMAN,10/11/2025,46,ALMC,15/11/2025,46,23/12/2025,EG03-00011395,EG07-00006803,,4700004049-3,22/12/2025,Pendiente
2025-2026,LIQUIDADO,HF PERU,25-115-HPER,4700004049-3,GONZALO, DEHUAN ,E & E,MACETAS DE PLASTICO 30L,M&S,TLD25024DW-3,"23,870.00",UN,USD,"34,969.55","34,969.55",0,CIF,SEA,FCL,CHINA,NINGBO,CALLAO,1,40 HC,20,PALLET,28/10/2025,NA,NA,DIRECTO,NA,ONE,NB5JJK221800,ONEU5228561,CNDP02828,"16,650.00",2/10/2025,40,ONEYNB5JJK221800,ONE SPLENDOUR 2537E,2/11/2025,44,NO,NA,MEDLOG,AVM,25/001609,24/10/2025,29/10/2025,118-2025-10-470625-01-7-00,NA,NA,8/11/2025,23/11/2025,ALMACEN LIMA,MERIDIAN,10/11/2025,T001-3988,GUZMAN,10/11/2025,46,ALMC,15/11/2025,46,19/11/2025,EG03-00011394,EG07-00006802,,4700004049-3,22/12/2025,Pendiente
2025-2026,LIQUIDADO,HF PERU,25-115-HPER,4700004049-3,GONZALO, DEHUAN ,E & E,MACETAS DE PLASTICO 30L,M&S,TLD25024DW-3,"23,870.00",UN,USD,"34,969.55","34,969.55",0,CIF,SEA,FCL,CHINA,NINGBO,CALLAO,1,40 HC,20,PALLET,28/10/2025,NA,NA,DIRECTO,NA,ONE,NB5JJK221800,TLLU5561757,CNDP02838,"16,650.00",2/10/2025,40,ONEYNB5JJK221800,ONE SPLENDOUR 2537E,2/11/2025,44,NO,NA,MEDLOG,AVM,25/001609,24/10/2025,29/10/2025,118-2025-10-470625-01-7-00,NA,NA,9/11/2025,23/11/2025,ALMACEN LIMA,MERIDIAN,11/11/2025,T001-4002,GUZMAN,11/11/2025,46,ALMC,20/11/2025,47,2/12/2025,EG03-00011459,EG07-00006901,,4700004049-3,22/12/2025,Pendiente
2025-2026,LIQUIDADO,HF PERU,25-116-HPER,4700004049-4,GONZALO, DEHUAN ,E & E,MACETAS DE PLASTICO 30L,M&S,TLD25024DW-4,"23,870.00",UN,USD,"34,969.55","34,969.55",0,CIF,SEA,FCL,CHINA,NINGBO,CALLAO,1,40 HC,20,PALLET,28/10/2025,NA,NA,DIRECTO,NA,ONE,NB5JJK222900,FDCU0396015,CNDW46717,"16,926.00",2/10/2025,40,ONEYNB5JJK222900,ONE SPLENDOUR 2537E,2/11/2025,44,NO,NA,MEDLOG,AVM,25/001611,24/10/2025,29/10/2025,118-2025-10-470369-01-0-00,NA,NA,9/11/2025,23/11/2025,ALMACEN LIMA,MERIDIAN,11/11/2025,T001-4003,GUZMAN,11/11/2025,46,ALMC,,52,,,,,4700004049-4,28/11/2025,5/12/2025
2025-2026,LIQUIDADO,HF PERU,25-116-HPER,4700004049-4,GONZALO, DEHUAN ,E & E,MACETAS DE PLASTICO 30L,M&S,TLD25024DW-4,"23,870.00",UN,USD,"34,969.55","34,969.55",0,CIF,SEA,FCL,CHINA,NINGBO,CALLAO,1,40 HC,20,PALLET,28/10/2025,NA,NA,DIRECTO,NA,ONE,NB5JJK222900,GAOU6513491,CNDP69926,"16,926.00",2/10/2025,40,ONEYNB5JJK222900,ONE SPLENDOUR 2537E,2/11/2025,44,NO,NA,MEDLOG,AVM,25/001611,24/10/2025,29/10/2025,118-2025-10-470369-01-0-00,NA,NA,9/11/2025,23/11/2025,ALMACEN LIMA,MERIDIAN,11/11/2025,,GUZMAN,11/11/2025,46,ALMC,20/11/2025,47,2/12/2025,EG03-00011460,EG07-00006900,,4700004049-4,28/11/2025,5/12/2025
2025-2026,LIQUIDADO,HF PERU,25-116-HPER,4700004049-4,GONZALO, DEHUAN ,E & E,MACETAS DE PLASTICO 30L,M&S,TLD25024DW-4,"23,870.00",UN,USD,"34,969.55","34,969.55",0,CIF,SEA,FCL,CHINA,NINGBO,CALLAO,1,40 HC,20,PALLET,28/10/2025,NA,NA,DIRECTO,NA,ONE,NB5JJK222900,TRHU4239461,CNDP68546,"16,926.00",2/10/2025,40,ONEYNB5JJK222900,ONE SPLENDOUR 2537E,2/11/2025,44,NO,NA,MEDLOG,AVM,25/001611,24/10/2025,29/10/2025,118-2025-10-470369-01-0-00,NA,NA,10/11/2025,23/11/2025,DIRECTO,NA,11/11/2025,NA,MERIDIAN,12/11/2025,46,ALMC,12/11/2025,46,13/11/2025,EG03-00052702,EG07-00006702,,4700004049-4,28/11/2025,5/12/2025
2025-2026,LIQUIDADO,HF PERU,25-116-HPER,4700004049-4,GONZALO, DEHUAN ,E & E,MACETAS DE PLASTICO 30L,M&S,TLD25024DW-4,"23,870.00",UN,USD,"34,969.55","34,969.55",0,CIF,SEA,FCL,CHINA,NINGBO,CALLAO,1,40 HC,20,PALLET,28/10/2025,NA,NA,DIRECTO,NA,ONE,NB5JJK222900,TCKU7214638,CNDW46757,"16,926.00",2/10/2025,40,ONEYNB5JJK222900,ONE SPLENDOUR 2537E,2/11/2025,44,NO,NA,MEDLOG,AVM,25/001611,24/10/2025,29/10/2025,118-2025-10-470369-01-0-00,NA,NA,10/11/2025,23/11/2025,ALMACEN LIMA,MERIDIAN,12/11/2025,,GUZMAN,12/11/2025,46,ALMC,21/11/2025,47,2/12/2025,EG03-00011475,EG03-00006922,,4700004049-4,28/11/2025,5/12/2025
2025-2026,LIQUIDADO,HF PERU,25-116-HPER,4700004049-4,GONZALO, DEHUAN ,E & E,MACETAS DE PLASTICO 30L,M&S,TLD25024DW-4,"23,870.00",UN,USD,"34,969.55","34,969.55",0,CIF,SEA,FCL,CHINA,NINGBO,CALLAO,1,40 HC,20,PALLET,28/10/2025,NA,NA,DIRECTO,NA,ONE,NB5JJK222900,TCLU1686059,CNDP40251,"16,926.00",2/10/2025,40,ONEYNB5JJK222900,ONE SPLENDOUR 2537E,2/11/2025,44,NO,NA,MEDLOG,AVM,25/001611,24/10/2025,29/10/2025,118-2025-10-470369-01-0-00,NA,NA,10/11/2025,23/11/2025,DIRECTO,NA,11/11/2025,NA,MERIDIAN,12/11/2025,46,ALMC,12/11/2025,46,13/11/2025,EG03-00052701,EG07-00006703,,4700004049-4,28/11/2025,5/12/2025
2025-2026,LIQUIDADO,HF PERU,25-077-HPER,4700004081,FIORELLA,FASTIK,E & E,FILM PUNNET PET 18OZ 7X7,-,110321,"1,127,500.00",UN,USD,"79,669.15","79,669.15",0,EXW,AIR,AIR,USA,LOS ANGELES,LIMA,NA,NA,7,PALLET,NA,26/9/2025,29/9/2025,AIRSEALOG,S00058849,ONE,,ONEU2492930,126296,"5,217.21",15/10/2025,42,10905591,MANZANILLO EXPRESS 2539E,2/11/2025,44,SI,15/10/2025,VILLAS OQUENDO,LIP,16900,23/10/2025,30/10/2025,118-2025-10-472833-01-6-00,NA,NA,4/11/2025,NA,ALMACEN LIMA,LIP,5/11/2025,T001-7752,GUZMAN,6/11/2025,45,MAQ0,12/11/2025,46,16/11/2025,EG03-00011336,EG07-00006705,,4700004081,19/11/2025,
2025-2026,LIQUIDADO,HF PERU,25-117-HPER,4700004049-5,GONZALO, DEHUAN ,E & E,MACETAS DE PLASTICO 30L,M&S,TLD25024DW-5,"23,870.00",UN,USD,"34,969.55","34,969.55",0,CIF,SEA,FCL,CHINA,NINGBO,CALLAO,1,40 HC,20,PALLET,28/10/2025,NA,NA,DIRECTO,NA,ONE,NB5JJK219800,DRYU6074791,CNDP82768,"16,700.00",2/10/2025,40,ONEYNB5JJK219800,MANZANILLO EXPRESS 2539E,2/11/2025,44,NO,NA,UNIMAR,AVM,25/001626,28/10/2025,29/10/2025,118-2025-10-468646-01-0-00,NA,NA,11/11/2025,23/11/2025,DIRECTO,NA,12/11/2025,NA,MERIDIAN,13/11/2025,46,ALMC,13/11/2025,46,13/11/2025,EG03-00052759,EG07-00006736,,4700004049-5,12/12/2025,15/12/2025
2025-2026,LIQUIDADO,HF PERU,25-117-HPER,4700004049-5,GONZALO, DEHUAN ,E & E,MACETAS DE PLASTICO 30L,M&S,TLD25024DW-5,"23,870.00",UN,USD,"34,969.55","34,969.55",0,CIF,SEA,FCL,CHINA,NINGBO,CALLAO,1,40 HC,20,PALLET,28/10/2025,NA,NA,DIRECTO,NA,ONE,NB5JJK219800,TCNU5399326,CNDP82763,"16,700.00",2/10/2025,40,ONEYNB5JJK219800,MANZANILLO EXPRESS 2539E,2/11/2025,44,NO,NA,UNIMAR,AVM,25/001626,28/10/2025,29/10/2025,118-2025-10-468646-01-0-00,NA,NA,11/11/2025,23/11/2025,DIRECTO,NA,12/11/2025,NA,MERIDIAN,13/11/2025,46,ALMC,13/11/2025,46,13/11/2025,EG03-00052755,EG07-00006734,,4700004049-5,12/12/2025,15/12/2025
2025-2026,LIQUIDADO,HF PERU,25-117-HPER,4700004049-5,GONZALO, DEHUAN ,E & E,MACETAS DE PLASTICO 30L,M&S,TLD25024DW-5,"23,870.00",UN,USD,"34,969.55","34,969.55",0,CIF,SEA,FCL,CHINA,NINGBO,CALLAO,1,40 HC,20,PALLET,28/10/2025,NA,NA,DIRECTO,NA,ONE,NB5JJK219800,TCNU4444117,CNDP06003,"16,700.00",2/10/2025,40,ONEYNB5JJK219800,MANZANILLO EXPRESS 2539E,2/11/2025,44,NO,NA,UNIMAR,AVM,25/001626,28/10/2025,29/10/2025,118-2025-10-468646-01-0-00,NA,NA,10/11/2025,23/11/2025,ALMACEN LIMA,MERIDIAN,12/11/2025,T001-4015,GUZMAN,12/11/2025,46,ALMC,21/11/2025,47,2/12/2025,EG03-00011474,EG07-00006921,,4700004049-5,12/12/2025,15/12/2025
2025-2026,LIQUIDADO,HF PERU,25-117-HPER,4700004049-5,GONZALO, DEHUAN ,E & E,MACETAS DE PLASTICO 30L,M&S,TLD25024DW-5,"23,870.00",UN,USD,"34,969.55","34,969.55",0,CIF,SEA,FCL,CHINA,NINGBO,CALLAO,1,40 HC,20,PALLET,28/10/2025,NA,NA,DIRECTO,NA,ONE,NB5JJK219800,TCLU9614245,CNDP06002,"16,700.00",2/10/2025,40,ONEYNB5JJK219800,MANZANILLO EXPRESS 2539E,2/11/2025,44,NO,NA,UNIMAR,AVM,25/001626,28/10/2025,29/10/2025,118-2025-10-468646-01-0-00,NA,NA,11/11/2025,23/11/2025,DIRECTO,NA,12/11/2025,NA,MERIDIAN,13/11/2025,46,ALMC,13/11/2025,46,13/11/2025,EG03-00052756,EG07-00006733,,4700004049-5,12/12/2025,15/12/2025
2025-2026,LIQUIDADO,HF PERU,25-117-HPER,4700004049-5,GONZALO, DEHUAN ,E & E,MACETAS DE PLASTICO 30L,M&S,TLD25024DW-5,"23,870.00",UN,USD,"34,969.55","34,969.55",0,CIF,SEA,FCL,CHINA,NINGBO,CALLAO,1,40 HC,20,PALLET,28/10/2025,NA,NA,DIRECTO,NA,ONE,NB5JJK219800,NYKU5242963,CNDP04206,"16,650.00",2/10/2025,40,ONEYNB5JJK219800,MANZANILLO EXPRESS 2539E,2/11/2025,44,NO,NA,UNIMAR,AVM,25/001626,28/10/2025,29/10/2025,118-2025-10-468646-01-0-00,NA,NA,10/11/2025,23/11/2025,ALMACEN LIMA,MERIDIAN,12/11/2025,T001-4014,GUZMAN,12/11/2025,46,ALMC,3/12/2025,49,5/12/2025,EG03-00011626,EG03-00007203,"Se recepcionaron 23150, habiendo una diferencia de 720 | REVISAR GR HFPE y guia de recepción",4700004049-5,12/12/2025,15/12/2025
2025-2026,LIQUIDADO,HF PERU,25-135-HPER,4700003999-11,FIORELLA, OSKUPACK ,E & E,CLAMSHELL 11OZ,ENV,26,"252,000.00",UN,USD,"15,750.00","15,750.00",90,EXW,SEA,FCL,CHILE,SAN ANTONIO,CALLAO,1,40 HC,630,CAJA,NA,3/6/2025,5/6/2025,AIRSEALOG,S00059701,CMA CGM,SNG0481290,CAIU9269311,L9305869,"6,615.00",29/10/2025,44,ASLCLS00059701,ISTANBUL EXPRESS 0WCM4N1MA,4/11/2025,45,SI,9/10/2025,IMUPESA,AVM,25/001581,10/10/2025,31/10/2025,118-2025-10-477126-01-6-00,NA,NA,12/11/2025,23/11/2025,DIRECTO,NA,13/11/2025,NA,GASTALDI,14/11/2025,46,PLSA,14/11/2025,46,21/11/2025,EG03-00001528,EG07-00006781,,4700003999-11,25/11/2025,
2025-2026,LIQUIDADO,HF PERU,25-135-HPER,4700003999-11,FIORELLA, OSKUPACK ,E & E,CLAMSHELL 11OZ,ENV,26,"252,000.00",UN,USD,"15,750.00","15,750.00",90,EXW,SEA,FCL,CHILE,SAN ANTONIO,CALLAO,1,40 HC,630,CAJA,NA,3/6/2025,5/6/2025,AIRSEALOG,S00059701,CMA CGM,SNG0481290,TCLU7922146,L9305860,"6,615.00",29/10/2025,44,ASLCLS00059701,ISTANBUL EXPRESS 0WCM4N1MA,4/11/2025,45,SI,9/10/2025,IMUPESA,AVM,25/001581,10/10/2025,31/10/2025,118-2025-10-477126-01-6-00,NA,NA,12/11/2025,23/11/2025,DIRECTO,NA,13/11/2025,NA,GASTALDI,14/11/2025,46,MAQ0,14/11/2025,46,15/11/2025,EG03-00000354,EG07-00006780,,4700003999-11,25/11/2025,
2025-2026,LIQUIDADO,HF PERU,25-122-HPER,4700004050-1,GONZALO,AVIBIOL,SUSTRATOS,FIBRA DE COCO,M&S,F001-00002941,"25,000.00",KG,USD,"16,442.83","16,442.83",60,CIF,SEA,FCL,ESPAÑA,CARTAGENA,CALLAO,1,40 HC,24,PALLET,21/10/2025,NA,NA,DIRECTO,NA,MAERSK,257556427,MRSU6079626,ML-ES0407485,"23,860.00",7/10/2025,41,MAEU257556427,MAERSK BULAN 540S,8/11/2025,45,NO,NA,NEW AGE,AVM,25/001528,14/10/2025,3/11/2025,118-2025-10-480260-01-1-00,11/11/2025,11/11/2025,12/11/2025,28/11/2025,ALMACEN LIMA,AVM,14/11/2025,T001-4022,GUZMAN,14/11/2025,46,ALMC,23/11/2025,47,28/11/2025,EG03-00011521,EG07-00006988,,4700004050-1,4/12/2025,10/12/2025
2025-2026,LIQUIDADO,HF PERU,25-122-HPER,4700004050-1,GONZALO,AVIBIOL,SUSTRATOS,FIBRA DE COCO,M&S,F001-00002941,"25,000.00",KG,USD,"16,442.83","16,442.83",60,CIF,SEA,FCL,ESPAÑA,CARTAGENA,CALLAO,1,40 HC,24,PALLET,21/10/2025,NA,NA,DIRECTO,NA,MAERSK,257556427,MRSU5987070,ML-ES0407498,"23,940.00",7/10/2025,41,MAEU257556427,MAERSK BULAN 540S,8/11/2025,45,NO,NA,NEW AGE,AVM,25/001528,14/10/2025,3/11/2025,118-2025-10-480260-01-1-00,11/11/2025,11/11/2025,13/11/2025,28/11/2025,ALMACEN LIMA,AVM,15/11/2025,T001-4023,GUZMAN,15/11/2025,46,ALMC,23/11/2025,47,28/11/2025,EG03-00011520,EG07-00006990,,4700004050-1,4/12/2025,10/12/2025
2025-2026,LIQUIDADO,HF PERU,25-122-HPER,4700004050-1,GONZALO,AVIBIOL,SUSTRATOS,FIBRA DE COCO,M&S,F001-00002941,"25,000.00",KG,USD,"16,442.83","16,442.83",60,CIF,SEA,FCL,ESPAÑA,CARTAGENA,CALLAO,1,40 HC,24,PALLET,21/10/2025,NA,NA,DIRECTO,NA,MAERSK,257556427,MRSU7801712,ML-ES0407997,"24,180.00",7/10/2025,41,MAEU257556427,MAERSK BULAN 540S,8/11/2025,45,NO,NA,NEW AGE,AVM,25/001528,14/10/2025,3/11/2025,118-2025-10-480260-01-1-00,11/11/2025,11/11/2025,13/11/2025,28/11/2025,ALMACEN LIMA,AVM,15/11/2025,T001-4024,GUZMAN,15/11/2025,46,ALMC,25/11/2025,48,28/11/2025,EG03-00011528,EG07-00007025,,4700004050-1,4/12/2025,10/12/2025
2025-2026,LIQUIDADO,HF PERU,25-122-HPER,4700004050-1,GONZALO,AVIBIOL,SUSTRATOS,FIBRA DE COCO,M&S,F001-00002941,"25,000.00",KG,USD,"16,442.83","16,442.83",60,CIF,SEA,FCL,ESPAÑA,CARTAGENA,CALLAO,1,40 HC,24,PALLET,21/10/2025,NA,NA,DIRECTO,NA,MAERSK,257556427,MRKU6208058,ML-ES0407490,"24,180.00",7/10/2025,41,MAEU257556427,MAERSK BULAN 540S,8/11/2025,45,NO,NA,NEW AGE,AVM,25/001528,14/10/2025,3/11/2025,118-2025-10-480260-01-1-00,11/11/2025,11/11/2025,12/11/2025,28/11/2025,ALMACEN LIMA,AVM,14/11/2025,T001-4020,GUZMAN,14/11/2025,46,ALMC,23/11/2025,47,28/11/2025,EG03-00011522,EG07-00006989,,4700004050-1,4/12/2025,10/12/2025
2025-2026,LIQUIDADO,HF PERU,25-122-HPER,4700004050-1,GONZALO,AVIBIOL,SUSTRATOS,FIBRA DE COCO,M&S,F001-00002941,"25,000.00",KG,USD,"16,442.83","16,442.83",60,CIF,SEA,FCL,ESPAÑA,CARTAGENA,CALLAO,1,40 HC,24,PALLET,21/10/2025,NA,NA,DIRECTO,NA,MAERSK,257556427,TLLU6855416,ML-ES0233739,"24,060.00",7/10/2025,41,MAEU257556427,MAERSK BULAN 540S,8/11/2025,45,NO,NA,NEW AGE,AVM,25/001528,14/10/2025,3/11/2025,118-2025-10-480260-01-1-00,11/11/2025,11/11/2025,12/11/2025,28/11/2025,ALMACEN LIMA,AVM,14/11/2025,T001-4021,GUZMAN,14/11/2025,46,ALMC,21/11/2025,47,25/11/2025,EG03-00011473,EG07-00006924,,4700004050-1,4/12/2025,10/12/2025
2025-2026,LIQUIDADO,HF PERU,25-125-HPER,4700004050-3,GONZALO, AVIBIOL ,SUSTRATOS,FIBRA DE COCO,M&S,F001-00002953,"25,000.00",KG,USD,"16,442.83","16,442.83",60,CIF,SEA,FCL,ESPAÑA,VALENCIA,CALLAO,1,40 HC,24,PALLET,21/10/2025,NA,NA,DIRECTO,NA,MAERSK,259741276,MRSU6247015,ML-ES0472326,"23,900.00",15/10/2025,42,MAEU259741276,MAERSK BULAN 540S,8/11/2025,45,NO,NA,NEW AGE,AVM,25/001616,23/10/2025,4/11/2025,118-2025-10-481277-01-5-00,11/11/2025,11/11/2025,15/11/2025,28/11/2025,ALMACEN LIMA,AVM,17/11/2025,T001-4034,GUZMAN,17/11/2025,47,ALMC,25/11/2025,48,28/11/2025,EG03-00011529,EG07-00007026,,4700004050-3,4/12/2025,10/12/2025
2025-2026,LIQUIDADO,HF PERU,25-125-HPER,4700004050-3,GONZALO, AVIBIOL ,SUSTRATOS,FIBRA DE COCO,M&S,F001-00002953,"25,000.00",KG,USD,"16,442.83","16,442.83",60,CIF,SEA,FCL,ESPAÑA,VALENCIA,CALLAO,1,40 HC,24,PALLET,21/10/2025,NA,NA,DIRECTO,NA,MAERSK,259741276,MRKU3198378,ML-ES0538278,"24,040.00",15/10/2025,42,MAEU259741276,MAERSK BULAN 540S,8/11/2025,45,NO,NA,NEW AGE,AVM,25/001616,23/10/2025,4/11/2025,118-2025-10-481277-01-5-00,11/11/2025,11/11/2025,15/11/2025,28/11/2025,ALMACEN LIMA,AVM,17/11/2025,T001-4033,GUZMAN,17/11/2025,47,ALMC,25/11/2025,48,28/11/2025,EG03-00011527,EG07-00007027,,4700004050-3,4/12/2025,10/12/2025
2025-2026,LIQUIDADO,HF PERU,25-125-HPER,4700004050-3,GONZALO, AVIBIOL ,SUSTRATOS,FIBRA DE COCO,M&S,F001-00002953,"25,000.00",KG,USD,"16,442.83","16,442.83",60,CIF,SEA,FCL,ESPAÑA,VALENCIA,CALLAO,1,40 HC,24,PALLET,21/10/2025,NA,NA,DIRECTO,NA,MAERSK,259741276,TGBU9664855,ML-ES0620494,"24,140.00",15/10/2025,42,MAEU259741276,MAERSK BULAN 540S,8/11/2025,45,NO,NA,NEW AGE,AVM,25/001616,23/10/2025,4/11/2025,118-2025-10-481277-01-5-00,11/11/2025,11/11/2025,15/11/2025,28/11/2025,ALMACEN LIMA,AVM,17/11/2025,T001-4036,GUZMAN,17/11/2025,47,ALMC,27/11/2025,48,28/11/2025,EG03-00011549,EG07-00007066,,4700004050-3,4/12/2025,10/12/2025
2025-2026,LIQUIDADO,HF PERU,25-125-HPER,4700004050-3,GONZALO, AVIBIOL ,SUSTRATOS,FIBRA DE COCO,M&S,F001-00002953,"25,000.00",KG,USD,"16,442.83","16,442.83",60,CIF,SEA,FCL,ESPAÑA,VALENCIA,CALLAO,1,40 HC,24,PALLET,21/10/2025,NA,NA,DIRECTO,NA,MAERSK,259741276,CAAU8597437,ML-ES0538301,"24,260.00",15/10/2025,42,MAEU259741276,MAERSK BULAN 540S,8/11/2025,45,NO,NA,NEW AGE,AVM,25/001616,23/10/2025,4/11/2025,118-2025-10-481277-01-5-00,11/11/2025,11/11/2025,16/11/2025,28/11/2025,ALMACEN LIMA,AVM,18/11/2025,T001-4040,GUZMAN,18/11/2025,47,ALMC,27/11/2025,48,28/11/2025,EG03-00011550,EG07-00007068,,4700004050-3,4/12/2025,10/12/2025
2025-2026,LIQUIDADO,HF PERU,25-125-HPER,4700004050-3,GONZALO, AVIBIOL ,SUSTRATOS,FIBRA DE COCO,M&S,F001-00002953,"25,000.00",KG,USD,"16,442.83","16,442.83",60,CIF,SEA,FCL,ESPAÑA,VALENCIA,CALLAO,1,40 HC,24,PALLET,21/10/2025,NA,NA,DIRECTO,NA,MAERSK,259741276,MRSU4176144,ML-ES0620499,"24,000.00",15/10/2025,42,MAEU259741276,MAERSK BULAN 540S,8/11/2025,45,NO,NA,NEW AGE,AVM,25/001616,23/10/2025,4/11/2025,118-2025-10-481277-01-5-00,11/11/2025,11/11/2025,15/11/2025,28/11/2025,ALMACEN LIMA,AVM,17/11/2025,T001-4035,GUZMAN,17/11/2025,47,ALMC,27/11/2025,48,28/11/2025,EG03-00011551,EG07-00007064,,4700004050-3,4/12/2025,10/12/2025
2025-2026,LIQUIDADO,HF PERU,25-127-HPER,4700004050-4,GONZALO, AVIBIOL ,SUSTRATOS,FIBRA DE COCO,M&S,F001-00002954,"25,000.00",KG,USD,"16,442.83","16,442.83",60,CIF,SEA,FCL,ESPAÑA,VALENCIA,CALLAO,1,40 HC,24,PALLET,21/10/2025,NA,NA,DIRECTO,NA,MAERSK,260196038,MSKU9343686,ML-ES0623450,"24,040.00",15/10/2025,42,MAEU260196038,MAERSK BULAN 540S,8/11/2025,45,NO,NA,NEW AGE,AVM,25/001580,23/10/2025,5/11/2025,118-2025-10-482549-01-9-00,11/11/2025,11/11/2025,16/11/2025,28/11/2025,ALMACEN LIMA,AVM,18/11/2025,T001-4037,GUZMAN,18/11/2025,47,ALMC,27/11/2025,48,28/11/2025,EG03-00011552,EG07-00007069,,4700004050-4,11/12/2025,12/12/2025
2025-2026,LIQUIDADO,HF PERU,25-127-HPER,4700004050-4,GONZALO, AVIBIOL ,SUSTRATOS,FIBRA DE COCO,M&S,F001-00002954,"25,000.00",KG,USD,"16,442.83","16,442.83",60,CIF,SEA,FCL,ESPAÑA,VALENCIA,CALLAO,1,40 HC,24,PALLET,21/10/2025,NA,NA,DIRECTO,NA,MAERSK,260196038,MSKU9841267,ML-ES0363035,"23,960.00",15/10/2025,42,MAEU260196038,MAERSK BULAN 540S,8/11/2025,45,NO,NA,NEW AGE,AVM,25/001580,23/10/2025,5/11/2025,118-2025-10-482549-01-9-00,11/11/2025,11/11/2025,17/11/2025,28/11/2025,ALMACEN LIMA,AVM,19/11/2025,T001-4044,GUZMAN,19/11/2025,47,ALMC,29/11/2025,48,1/12/2025,EG03-00011587,EG07-00007126,,4700004050-4,11/12/2025,12/12/2025
2025-2026,LIQUIDADO,HF PERU,25-127-HPER,4700004050-4,GONZALO, AVIBIOL ,SUSTRATOS,FIBRA DE COCO,M&S,F001-00002954,"25,000.00",KG,USD,"16,442.83","16,442.83",60,CIF,SEA,FCL,ESPAÑA,VALENCIA,CALLAO,1,40 HC,24,PALLET,21/10/2025,NA,NA,DIRECTO,NA,MAERSK,260196038,TCKU7646539,ML-ES0620491,"24,120.00",15/10/2025,42,MAEU260196038,MAERSK BULAN 540S,8/11/2025,45,NO,NA,NEW AGE,AVM,25/001580,23/10/2025,5/11/2025,118-2025-10-482549-01-9-00,11/11/2025,11/11/2025,17/11/2025,28/11/2025,ALMACEN LIMA,AVM,19/11/2025,T001-4045,GUZMAN,19/11/2025,47,ALMC,28/11/2025,48,28/11/2025,EG03-00011575,EG07-00007092,,4700004050-4,11/12/2025,12/12/2025
2025-2026,LIQUIDADO,HF PERU,25-123-HPER,4700004050-2,GONZALO,AVIBIOL,SUSTRATOS,FIBRA DE COCO,M&S,F001-00002942,"25,000.00",KG,USD,"16,442.83","16,442.83",60,CIF,SEA,FCL,ESPAÑA,CARTAGENA,CALLAO,1,40 HC,24,PALLET,21/10/2025,NA,NA,DIRECTO,NA,MAERSK,259934896,CAAU6096436,ML-ES0407511,"24,080.00",7/10/2025,41,MAEU259934896,MAERSK BULAN 540S,8/11/2025,45,NO,NA,NEW AGE,AVM,25/001529,14/10/2025,4/11/2025,118-2025-10-480790-01-0-00,11/11/2025,12/11/2025,17/11/2025,28/11/2025,ALMACEN LIMA,AVM,19/11/2025,T001-4041,GUZMAN,19/11/2025,47,ALMC,29/11/2025,48,1/12/2025,EG03-00011589,EG07-00007122,,4700004050-2,22/12/2025,24/12/2025
2025-2026,LIQUIDADO,HF PERU,25-123-HPER,4700004050-2,GONZALO,AVIBIOL,SUSTRATOS,FIBRA DE COCO,M&S,F001-00002942,"25,000.00",KG,USD,"16,442.83","16,442.83",60,CIF,SEA,FCL,ESPAÑA,CARTAGENA,CALLAO,1,40 HC,24,PALLET,21/10/2025,NA,NA,DIRECTO,NA,MAERSK,259934896,TRHU8305704,ML-ES0407514,"24,060.00",7/10/2025,41,MAEU259934896,MAERSK BULAN 540S,8/11/2025,45,NO,NA,NEW AGE,AVM,25/001529,14/10/2025,4/11/2025,118-2025-10-480790-01-0-00,11/11/2025,12/11/2025,18/11/2025,28/11/2025,ALMACEN LIMA,AVM,20/11/2025,T001-4053,GUZMAN,20/11/2025,47,ALMC,2/12/2025,49,9/12/2025,EG03-00011616,EG07-00007171,,4700004050-2,22/12/2025,24/12/2025
2025-2026,LIQUIDADO,HF PERU,25-127-HPER,4700004050-4,GONZALO, AVIBIOL ,SUSTRATOS,FIBRA DE COCO,M&S,F001-00002954,"25,000.00",KG,USD,"16,442.83","16,442.83",60,CIF,SEA,FCL,ESPAÑA,VALENCIA,CALLAO,1,40 HC,24,PALLET,21/10/2025,NA,NA,DIRECTO,NA,MAERSK,260196038,MRSU8683018,ML-ES0620498,"24,100.00",15/10/2025,42,MAEU260196038,MAERSK BULAN 540S,8/11/2025,45,NO,NA,NEW AGE,AVM,25/001580,23/10/2025,5/11/2025,118-2025-10-482549-01-9-00,11/11/2025,11/11/2025,16/11/2025,28/11/2025,ALMACEN LIMA,AVM,18/11/2025,T001-4039,GUZMAN,18/11/2025,47,ALMC,28/11/2025,48,28/11/2025,EG03-00011576,EG07-00007090,,4700004050-4,11/12/2025,12/12/2025
2025-2026,LIQUIDADO,HF PERU,25-127-HPER,4700004050-4,GONZALO, AVIBIOL ,SUSTRATOS,FIBRA DE COCO,M&S,F001-00002954,"25,000.00",KG,USD,"16,442.83","16,442.83",60,CIF,SEA,FCL,ESPAÑA,VALENCIA,CALLAO,1,40 HC,24,PALLET,21/10/2025,NA,NA,DIRECTO,NA,MAERSK,260196038,CAAU8391111,ML-ES0620500,"23,980.00",15/10/2025,42,MAEU260196038,MAERSK BULAN 540S,8/11/2025,45,NO,NA,NEW AGE,AVM,25/001580,23/10/2025,5/11/2025,118-2025-10-482549-01-9-00,11/11/2025,11/11/2025,16/11/2025,28/11/2025,ALMACEN LIMA,AVM,18/11/2025,T001-4038,GUZMAN,18/11/2025,47,ALMC,28/11/2025,48,28/11/2025,EG03-00011577,EG07-00007091,,4700004050-4,11/12/2025,12/12/2025
2025-2026,LIQUIDADO,HF PERU,25-123-HPER,4700004050-2,GONZALO,AVIBIOL,SUSTRATOS,FIBRA DE COCO,M&S,F001-00002942,"25,000.00",KG,USD,"16,442.83","16,442.83",60,CIF,SEA,FCL,ESPAÑA,CARTAGENA,CALLAO,1,40 HC,24,PALLET,21/10/2025,NA,NA,DIRECTO,NA,MAERSK,259934896,MRSU4622924,ML-ES0407515,"24,140.00",7/10/2025,41,MAEU259934896,MAERSK BULAN 540S,8/11/2025,45,NO,NA,NEW AGE,AVM,25/001529,14/10/2025,4/11/2025,118-2025-10-480790-01-0-00,11/11/2025,12/11/2025,17/11/2025,28/11/2025,ALMACEN LIMA,AVM,19/11/2025,T001-4042,GUZMAN,19/11/2025,47,ALMC,29/11/2025,48,1/12/2025,EG03-00011588,EG07-00007128,,4700004050-2,22/12/2025,24/12/2025
2025-2026,LIQUIDADO,HF PERU,25-123-HPER,4700004050-2,GONZALO,AVIBIOL,SUSTRATOS,FIBRA DE COCO,M&S,F001-00002942,"25,000.00",KG,USD,"16,442.83","16,442.83",60,CIF,SEA,FCL,ESPAÑA,CARTAGENA,CALLAO,1,40 HC,24,PALLET,21/10/2025,NA,NA,DIRECTO,NA,MAERSK,259934896,MRSU3272966,ML-ES0407522,"23,920.00",7/10/2025,41,MAEU259934896,MAERSK BULAN 540S,8/11/2025,45,NO,NA,NEW AGE,AVM,25/001529,14/10/2025,4/11/2025,118-2025-10-480790-01-0-00,11/11/2025,12/11/2025,18/11/2025,28/11/2025,ALMACEN LIMA,AVM,20/11/2025,T001-4050,GUZMAN,20/11/2025,47,ALMC,2/12/2025,49,9/12/2025,EG03-00011615,EG07-00007175,,4700004050-2,22/12/2025,24/12/2025
2025-2026,LIQUIDADO,HF PERU,25-123-HPER,4700004050-2,GONZALO,AVIBIOL,SUSTRATOS,FIBRA DE COCO,M&S,F001-00002942,"25,000.00",KG,USD,"16,442.83","16,442.83",60,CIF,SEA,FCL,ESPAÑA,CARTAGENA,CALLAO,1,40 HC,24,PALLET,21/10/2025,NA,NA,DIRECTO,NA,MAERSK,259934896,MRSU5863905,ML-ES0407521,"23,920.00",7/10/2025,41,MAEU259934896,MAERSK BULAN 540S,8/11/2025,45,NO,NA,NEW AGE,AVM,25/001529,14/10/2025,4/11/2025,118-2025-10-480790-01-0-00,11/11/2025,12/11/2025,18/11/2025,28/11/2025,ALMACEN LIMA,AVM,20/11/2025,T001-4051,GUZMAN,20/11/2025,47,ALMC,2/12/2025,49,9/12/2025,EG03-00011617,EG07-00007173,,4700004050-2,22/12/2025,24/12/2025
2025-2026,LIQUIDADO,HF PERU,25-150-HPER,4700004128-5,GONZALO, PROJAR ,SUSTRATOS,FIBRA DE COCO,M&S,FE25-01001,22.00,UN,EUR,"12,540.00","14,797.20",90,CIF,SEA,FCL,ESPAÑA,VALENCIA,CALLAO,1,40 HC,22,PALLET,21/10/2025,NA,NA,DIRECTO,NA,MAERSK,A58395593,MRKU4992926,ML-ES0593097,"20,972.00",8/10/2025,41,MAEUA58395593,MAERSK BULAN 540S,8/11/2025,45,NO,NA,NEW AGE,AVM,25/001596,23/10/2025,6/11/2025,118-2025-10-485338-01-9-00,11/11/2025,20/11/2025,20/11/2025,28/11/2025,DIRECTO,NA,21/11/2025,NA,MERIDIAN,22/11/2025,47,ALMC,22/11/2025,47,27/11/2025,EG03-00053212,EG07-00006961,,4700004128-5,12/12/2025,15/12/2025
2025-2026,LIQUIDADO,HF PERU,25-150-HPER,4700004128-5,GONZALO, PROJAR ,SUSTRATOS,FIBRA DE COCO,M&S,FE25-01001,22.00,UN,EUR,"12,540.00","14,797.20",90,CIF,SEA,FCL,ESPAÑA,VALENCIA,CALLAO,1,40 HC,22,PALLET,21/10/2025,NA,NA,DIRECTO,NA,MAERSK,A58395593,MRKU5085318,ML-ES0589214,"21,067.00",8/10/2025,41,MAEUA58395593,MAERSK BULAN 540S,8/11/2025,45,NO,NA,NEW AGE,AVM,25/001596,23/10/2025,6/11/2025,118-2025-10-485338-01-9-00,11/11/2025,20/11/2025,23/11/2025,28/11/2025,DIRECTO,NA,24/11/2025,NA,MERIDIAN,25/11/2025,48,ALMC,25/11/2025,48,27/11/2025,EG03-00053341,EG07-00007018,,4700004128-5,12/12/2025,15/12/2025
2025-2026,LIQUIDADO,HF PERU,25-150-HPER,4700004128-5,GONZALO, PROJAR ,SUSTRATOS,FIBRA DE COCO,M&S,FE25-01001,22.00,UN,EUR,"12,540.00","14,797.20",90,CIF,SEA,FCL,ESPAÑA,VALENCIA,CALLAO,1,40 HC,22,PALLET,21/10/2025,NA,NA,DIRECTO,NA,MAERSK,A58395593,MRKU5302814,ML-ES0093615,"21,775.00",8/10/2025,41,MAEUA58395593,MAERSK BULAN 540S,8/11/2025,45,NO,NA,NEW AGE,AVM,25/001596,23/10/2025,6/11/2025,118-2025-10-485338-01-9-00,11/11/2025,20/11/2025,23/11/2025,28/11/2025,DIRECTO,NA,24/11/2025,NA,MERIDIAN,25/11/2025,48,ALMC,25/11/2025,48,27/11/2025,EG03-00053337,EG07-00007014,,4700004128-5,12/12/2025,15/12/2025
2025-2026,LIQUIDADO,HF PERU,25-150-HPER,4700004128-5,GONZALO, PROJAR ,SUSTRATOS,FIBRA DE COCO,M&S,FE25-01001,22.00,UN,EUR,"12,540.00","14,797.20",90,CIF,SEA,FCL,ESPAÑA,VALENCIA,CALLAO,1,40 HC,22,PALLET,21/10/2025,NA,NA,DIRECTO,NA,MAERSK,A58395593,MRSU7536753,ML-ES0363001,"21,715.00",8/10/2025,41,MAEUA58395593,MAERSK BULAN 540S,8/11/2025,45,NO,NA,NEW AGE,AVM,25/001596,23/10/2025,6/11/2025,118-2025-10-485338-01-9-00,11/11/2025,20/11/2025,20/11/2025,28/11/2025,DIRECTO,NA,21/11/2025,NA,MERIDIAN,22/11/2025,47,ALMC,22/11/2025,47,27/11/2025,EG03-00053213,EG07-00006962,,4700004128-5,12/12/2025,15/12/2025
2025-2026,LIQUIDADO,HF PERU,25-150-HPER,4700004128-5,GONZALO, PROJAR ,SUSTRATOS,FIBRA DE COCO,M&S,FE25-01001,22.00,UN,EUR,"12,540.00","14,797.20",90,CIF,SEA,FCL,ESPAÑA,VALENCIA,CALLAO,1,40 HC,22,PALLET,21/10/2025,NA,NA,DIRECTO,NA,MAERSK,A58395593,TCNU2881648,ML-ES0363002,"22,098.00",8/10/2025,41,MAEUA58395593,MAERSK BULAN 540S,8/11/2025,45,NO,NA,NEW AGE,AVM,25/001596,23/10/2025,6/11/2025,118-2025-10-485338-01-9-00,11/11/2025,20/11/2025,20/11/2025,28/11/2025,DIRECTO,NA,21/11/2025,NA,MERIDIAN,22/11/2025,47,ALMC,22/11/2025,47,27/11/2025,EG03-00053217,EG07-00006967,,4700004128-5,12/12/2025,15/12/2025
2025-2026,LIQUIDADO,HF PERU,25-151-HPER,4700004128-6,GONZALO, PROJAR ,SUSTRATOS,FIBRA DE COCO,M&S,FE25-00994,22.00,UN,EUR,"12,540.00","14,797.20",90,CIF,SEA,FCL,ESPAÑA,VALENCIA,CALLAO,1,40 HC,22,PALLET,21/10/2025,NA,NA,DIRECTO,NA,MAERSK,258395593,MRKU4999279,ML-ES0620488,"21,100.00",8/10/2025,41,MAEU258395593,MAERSK BULAN 540S,8/11/2025,45,NO,NA,NEW AGE,AVM,25/001606,23/10/2025,3/11/2025,118-2025-10-479676-01-3-00,11/11/2025,11/11/2025,17/11/2025,28/11/2025,DIRECTO,NA,17/11/2025,NA,MERIDIAN,19/11/2025,47,ALMC,19/11/2025,47,24/11/2025,EG03-00053111,EG07-00006908,,4700004128-6,26/11/2025,28/11/2025
2025-2026,LIQUIDADO,HF PERU,25-151-HPER,4700004128-6,GONZALO, PROJAR ,SUSTRATOS,FIBRA DE COCO,M&S,FE25-00994,22.00,UN,EUR,"12,540.00","14,797.20",90,CIF,SEA,FCL,ESPAÑA,VALENCIA,CALLAO,1,40 HC,22,PALLET,21/10/2025,NA,NA,DIRECTO,NA,MAERSK,258395593,MRKU5052844,ML-ES0620483,"22,113.00",8/10/2025,41,MAEU258395593,MAERSK BULAN 540S,8/11/2025,45,NO,NA,NEW AGE,AVM,25/001606,23/10/2025,3/11/2025,118-2025-10-479676-01-3-00,11/11/2025,11/11/2025,17/11/2025,28/11/2025,DIRECTO,NA,17/11/2025,NA,MERIDIAN,19/11/2025,47,ALMC,19/11/2025,47,24/11/2025,EG03-00053103,EG07-00006905,,4700004128-6,26/11/2025,28/11/2025
2025-2026,LIQUIDADO,HF PERU,25-151-HPER,4700004128-6,GONZALO, PROJAR ,SUSTRATOS,FIBRA DE COCO,M&S,FE25-00994,22.00,UN,EUR,"12,540.00","14,797.20",90,CIF,SEA,FCL,ESPAÑA,VALENCIA,CALLAO,1,40 HC,22,PALLET,21/10/2025,NA,NA,DIRECTO,NA,MAERSK,258395593,TCLU6258290,ML-ES0093523,"21,206.00",8/10/2025,41,MAEU258395593,MAERSK BULAN 540S,8/11/2025,45,NO,NA,NEW AGE,AVM,25/001606,23/10/2025,3/11/2025,118-2025-10-479676-01-3-00,11/11/2025,11/11/2025,17/11/2025,28/11/2025,DIRECTO,NA,17/11/2025,NA,MERIDIAN,19/11/2025,47,ALMC,19/11/2025,47,24/11/2025,EG03-00053110,EG07-00006907,,4700004128-6,26/11/2025,28/11/2025
2025-2026,LIQUIDADO,HF PERU,25-151-HPER,4700004128-6,GONZALO, PROJAR ,SUSTRATOS,FIBRA DE COCO,M&S,FE25-00994,22.00,UN,EUR,"12,540.00","14,797.20",90,CIF,SEA,FCL,ESPAÑA,VALENCIA,CALLAO,1,40 HC,22,PALLET,21/10/2025,NA,NA,DIRECTO,NA,MAERSK,258395593,TCLU9285221,ML-ES0384132,"21,665.00",8/10/2025,41,MAEU258395593,MAERSK BULAN 540S,8/11/2025,45,NO,NA,NEW AGE,AVM,25/001606,23/10/2025,3/11/2025,118-2025-10-479676-01-3-00,11/11/2025,11/11/2025,17/11/2025,28/11/2025,DIRECTO,NA,17/11/2025,NA,MERIDIAN,19/11/2025,47,ALMC,19/11/2025,47,24/11/2025,EG03-00053107,EG07-00006904,,4700004128-6,26/11/2025,28/11/2025
2025-2026,LIQUIDADO,HF PERU,25-151-HPER,4700004128-6,GONZALO, PROJAR ,SUSTRATOS,FIBRA DE COCO,M&S,FE25-00994,22.00,UN,EUR,"12,540.00","14,797.20",90,CIF,SEA,FCL,ESPAÑA,VALENCIA,CALLAO,1,40 HC,22,PALLET,21/10/2025,NA,NA,DIRECTO,NA,MAERSK,258395593,UETU6802860,ML-ES0336485,"22,033.00",8/10/2025,41,MAEU258395593,MAERSK BULAN 540S,8/11/2025,45,NO,NA,NEW AGE,AVM,25/001606,23/10/2025,3/11/2025,118-2025-10-479676-01-3-00,11/11/2025,11/11/2025,18/11/2025,28/11/2025,DIRECTO,NA,18/11/2025,NA,MERIDIAN,20/11/2025,47,ALMC,20/11/2025,47,24/11/2025,EG03-00053162,EG07-00006918,,4700004128-6,26/11/2025,28/11/2025
2025-2026,LIQUIDADO,HF PERU,25-152-HPER,4700004128-7,GONZALO, PROJAR ,SUSTRATOS,FIBRA DE COCO,M&S,FE25-01003,22.00,UN,EUR,"12,540.00","14,797.20",90,CIF,SEA,FCL,ESPAÑA,VALENCIA,CALLAO,1,40 HC,22,PALLET,21/10/2025,NA,NA,DIRECTO,NA,MAERSK,257733508,FFAU7345455,ML-ES0384102,"21,564.00",8/10/2025,41,MAEU257733508,MAERSK BULAN 540S,8/11/2025,45,NO,NA,NEW AGE,AVM,25/001595,23/10/2025,4/11/2025,118-2025-10-481000-01-3-00,11/11/2025,17/11/2025,24/11/2025,28/11/2025,DIRECTO,NA,25/11/2025,NA,MERIDIAN,26/11/2025,48,ALMC,26/11/2025,48,27/11/2025,EG03-00053463,EG07-00007070,,4700004128-7,12/12/2025,15/12/2025
2025-2026,LIQUIDADO,HF PERU,25-152-HPER,4700004128-7,GONZALO, PROJAR ,SUSTRATOS,FIBRA DE COCO,M&S,FE25-01003,22.00,UN,EUR,"12,540.00","14,797.20",90,CIF,SEA,FCL,ESPAÑA,VALENCIA,CALLAO,1,40 HC,22,PALLET,21/10/2025,NA,NA,DIRECTO,NA,MAERSK,257733508,MRKU5090274,ML-ES0472342,"22,967.00",8/10/2025,41,MAEU257733508,MAERSK BULAN 540S,8/11/2025,45,NO,NA,NEW AGE,AVM,25/001595,23/10/2025,4/11/2025,118-2025-10-481000-01-3-00,11/11/2025,17/11/2025,24/11/2025,28/11/2025,DIRECTO,NA,25/11/2025,NA,MERIDIAN,26/11/2025,48,ALMC,26/11/2025,48,27/11/2025,EG03-00053404,EG07-00007040,,4700004128-7,12/12/2025,15/12/2025
2025-2026,LIQUIDADO,HF PERU,25-152-HPER,4700004128-7,GONZALO, PROJAR ,SUSTRATOS,FIBRA DE COCO,M&S,FE25-01003,22.00,UN,EUR,"12,540.00","14,797.20",90,CIF,SEA,FCL,ESPAÑA,VALENCIA,CALLAO,1,40 HC,22,PALLET,21/10/2025,NA,NA,DIRECTO,NA,MAERSK,257733508,MRKU5916915,ML-ES5450298,"22,011.00",8/10/2025,41,MAEU257733508,MAERSK BULAN 540S,8/11/2025,45,NO,NA,NEW AGE,AVM,25/001595,23/10/2025,4/11/2025,118-2025-10-481000-01-3-00,11/11/2025,17/11/2025,24/11/2025,28/11/2025,DIRECTO,NA,25/11/2025,NA,MERIDIAN,26/11/2025,48,ALMC,26/11/2025,48,27/11/2025,EG03-00053406,EG07-00007041,,4700004128-7,12/12/2025,15/12/2025
2025-2026,LIQUIDADO,HF PERU,25-152-HPER,4700004128-7,GONZALO, PROJAR ,SUSTRATOS,FIBRA DE COCO,M&S,FE25-01003,22.00,UN,EUR,"12,540.00","14,797.20",90,CIF,SEA,FCL,ESPAÑA,VALENCIA,CALLAO,1,40 HC,22,PALLET,21/10/2025,NA,NA,DIRECTO,NA,MAERSK,257733508,MRSU3691978,ML-ES0363033,"22,345.00",8/10/2025,41,MAEU257733508,MAERSK BULAN 540S,8/11/2025,45,NO,NA,NEW AGE,AVM,25/001595,23/10/2025,4/11/2025,118-2025-10-481000-01-3-00,11/11/2025,17/11/2025,23/11/2025,28/11/2025,DIRECTO,NA,24/11/2025,NA,MERIDIAN,25/11/2025,48,ALMC,25/11/2025,48,27/11/2025,EG03-00053342,EG07-00007019,,4700004128-7,12/12/2025,15/12/2025
2025-2026,LIQUIDADO,HF PERU,25-152-HPER,4700004128-7,GONZALO, PROJAR ,SUSTRATOS,FIBRA DE COCO,M&S,FE25-01003,22.00,UN,EUR,"12,540.00","14,797.20",90,CIF,SEA,FCL,ESPAÑA,VALENCIA,CALLAO,1,40 HC,22,PALLET,21/10/2025,NA,NA,DIRECTO,NA,MAERSK,257733508,MRSU7440142,ML-ES0339317,"21,634.00",8/10/2025,41,MAEU257733508,MAERSK BULAN 540S,8/11/2025,45,NO,NA,NEW AGE,AVM,25/001595,23/10/2025,4/11/2025,118-2025-10-481000-01-3-00,11/11/2025,17/11/2025,23/11/2025,28/11/2025,DIRECTO,NA,24/11/2025,NA,MERIDIAN,25/11/2025,48,ALMC,25/11/2025,48,27/11/2025,EG03-00053343,EG07-00007016,,4700004128-7,12/12/2025,15/12/2025
2025-2026,LIQUIDADO,HF PERU,25-153-HPER,4700004128-8,GONZALO, PROJAR ,SUSTRATOS,FIBRA DE COCO,M&S,FE25-01005,22.00,UN,EUR,"12,540.00","14,797.20",90,CIF,SEA,FCL,ESPAÑA,VALENCIA,CALLAO,1,40 HC,22,PALLET,21/10/2025,NA,NA,DIRECTO,NA,MAERSK,A57733508,FFAU6692568,ML-ES0223147,"22,396.00",8/10/2025,41,MAEUA57733508,MAERSK BULAN 540S,8/11/2025,45,NO,NA,NEW AGE,AVM,25/001644,30/10/2025,31/10/2025,118-2025-10-476010-01-4-00,11/11/2025,11/11/2025,19/11/2025,28/11/2025,DIRECTO,NA,20/11/2025,NA,MERIDIAN,21/11/2025,47,ALMC,21/11/2025,47,25/11/2025,EG03-00053159,EG07-00006919,,4700004128-8,28/11/2025,2/12/2025
2025-2026,LIQUIDADO,HF PERU,25-153-HPER,4700004128-8,GONZALO, PROJAR ,SUSTRATOS,FIBRA DE COCO,M&S,FE25-01005,22.00,UN,EUR,"12,540.00","14,797.20",90,CIF,SEA,FCL,ESPAÑA,VALENCIA,CALLAO,1,40 HC,22,PALLET,21/10/2025,NA,NA,DIRECTO,NA,MAERSK,A57733508,MIEU3046204,ML-ES0615657,"22,192.00",8/10/2025,41,MAEUA57733508,MAERSK BULAN 540S,8/11/2025,45,NO,NA,NEW AGE,AVM,25/001644,30/10/2025,31/10/2025,118-2025-10-476010-01-4-00,11/11/2025,11/11/2025,20/11/2025,28/11/2025,DIRECTO,NA,21/11/2025,NA,MERIDIAN,22/11/2025,47,ALMC,22/11/2025,47,25/11/2025,EG03-00053228, EG07-00006971,,4700004128-8,28/11/2025,2/12/2025
2025-2026,LIQUIDADO,HF PERU,25-153-HPER,4700004128-8,GONZALO, PROJAR ,SUSTRATOS,FIBRA DE COCO,M&S,FE25-01005,22.00,UN,EUR,"12,540.00","14,797.20",90,CIF,SEA,FCL,ESPAÑA,VALENCIA,CALLAO,1,40 HC,22,PALLET,21/10/2025,NA,NA,DIRECTO,NA,MAERSK,A57733508,MRKU2195918,ML-ES5603927,"22,853.00",8/10/2025,41,MAEUA57733508,MAERSK BULAN 540S,8/11/2025,45,NO,NA,NEW AGE,AVM,25/001644,30/10/2025,31/10/2025,118-2025-10-476010-01-4-00,11/11/2025,11/11/2025,19/11/2025,28/11/2025,DIRECTO,NA,20/11/2025,NA,MERIDIAN,21/11/2025,47,ALMC,21/11/2025,47,25/11/2025,EG03-00053160,EG07-00006920,,4700004128-8,28/11/2025,2/12/2025
2025-2026,LIQUIDADO,HF PERU,25-153-HPER,4700004128-8,GONZALO, PROJAR ,SUSTRATOS,FIBRA DE COCO,M&S,FE25-01005,22.00,UN,EUR,"12,540.00","14,797.20",90,CIF,SEA,FCL,ESPAÑA,VALENCIA,CALLAO,1,40 HC,22,PALLET,21/10/2025,NA,NA,DIRECTO,NA,MAERSK,A57733508,MSKU1977703,ML-ES0615656,"22,775.00",8/10/2025,41,MAEUA57733508,MAERSK BULAN 540S,8/11/2025,45,NO,NA,NEW AGE,AVM,25/001644,30/10/2025,31/10/2025,118-2025-10-476010-01-4-00,11/11/2025,11/11/2025,19/11/2025,28/11/2025,DIRECTO,NA,20/11/2025,NA,MERIDIAN,21/11/2025,47,ALMC,21/11/2025,47,25/11/2025,EG03-00053163,EG07-00006925,,4700004128-8,28/11/2025,2/12/2025
2025-2026,LIQUIDADO,HF PERU,25-118-HPER,4700004049-6,GONZALO, DEHUAN ,E & E,MACETAS DE PLASTICO 30L,M&S,TLD25024DW-6,"23,870.00",UN,USD,"34,969.55","34,969.55",0,CIF,SEA,FCL,CHINA,SHANGHAI,CALLAO,1,40 HC,20,PALLET,29/10/2025,NA,NA,DIRECTO,NA,ONE,SH5YSD605500,ONEU6155937,CN95552AX,"16,650.00",12/10/2025,41,ONEYSH5YSD605500,ITAJAI EXPRESS 2540E,9/11/2025,45,NO,NA,UNIMAR,AVM,25/001658,3/11/2025,7/11/2025,118-2025-10-488175-01-3-00,NA,NA,12/11/2025,28/11/2025,DIRECTO,NA,13/11/2025,NA,MERIDIAN,14/11/2025,46,ALMC,14/11/2025,46,3/12/2025,EG03-00052805,EG07-00006770,,4700004049-6,11/12/2025,12/12/2025
2025-2026,LIQUIDADO,HF PERU,25-118-HPER,4700004049-6,GONZALO, DEHUAN ,E & E,MACETAS DE PLASTICO 30L,M&S,TLD25024DW-6,"23,870.00",UN,USD,"34,969.55","34,969.55",0,CIF,SEA,FCL,CHINA,SHANGHAI,CALLAO,1,40 HC,20,PALLET,29/10/2025,NA,NA,DIRECTO,NA,ONE,SH5YSD605500,ONEU6140177,CN95554AX,"16,650.00",12/10/2025,41,ONEYSH5YSD605500,ITAJAI EXPRESS 2540E,9/11/2025,45,NO,NA,UNIMAR,AVM,25/001658,3/11/2025,7/11/2025,118-2025-10-488175-01-3-00,NA,NA,12/11/2025,28/11/2025,DIRECTO,NA,13/11/2025,NA,MERIDIAN,14/11/2025,46,ALMC,14/11/2025,46,3/12/2025,EG03-00052806,EG07-00006771,,4700004049-6,11/12/2025,12/12/2025
2025-2026,LIQUIDADO,HF PERU,25-126-HPER,4700004192,GONZALO,AZUD,EQP & INST,APARATOS DE RIEGO (FILTROS),-,FV25-003817,219.00,UN,USD,"2,496.30","2,496.30",90,DAP,AIR,AIR,ESPAÑA,MADRID,LIMA,NA,NA,1,CAJA,NA,NA,NA,COURIER,NA,FEDEX,884256095460,NA,NA,NA,30/10/2025,44,884256095460,FEDEX COURIER,10/11/2025,46,SI,10/9/2025,NA,SCHARFF,NA,NA,3/11/2025,235-2025-10-149380-01-0-01,NA,NA,5/11/2025,NA,COURIER,NA,NA,NA,NA,7/11/2025,45,PLSA,7/11/2025,45,7/11/2025,NA,NA,,4700004192,25/6/2025,
2025-2026,LIQUIDADO,HF PERU,25-173-HPER,4700004274,GONZALO, HOTTINGER ,SPAREPARTS,REPUESTOS VARIOS,-,512342671,20.00,UN,EUR,"3,140.00","3,705.20",0,FCA,AIR,AIR,ALEMANIA,FRANKFURT,LIMA,NA,NA,1,CAJA,NA,28/10/2025,29/10/2025,GASTALDI,RO-2506000951,LAN,045-13085726,1,NA,3.50,8/11/2025,45,FRA-01013021,LAN CARGO,11/11/2025,46,SI,6/11/2025,TALMA,LIP,17496,6/11/2025,7/11/2025,235-2025-10-183604-01-5-00,NA,NA,11/11/2025,NA,ALMACEN LIMA,LIP,12/11/2025,T001-7800,GUZMAN,12/11/2025,46,PLSA,16/11/2025,46,18/11/2025,EG03-00011411,EG07-00006822,,4700004274,17/12/2025,
2025-2026,LIQUIDADO,HF PERU,25-168-HPER,4700004202-3,FIORELLA, JCK ,E & E,PUNNET 250GR,ENV,1170,"605,880.00",UN,USD,"22,417.56","22,417.56",90,EXW,SEA,FCL,CHILE,SAN ANTONIO,CALLAO,1,40 HC,748,CAJA,NA,3/6/2025,10/6/2025,AIRSEALOG,S00058291,CMA CGM,SNG0482086,MAGU5334643,M5621795,"7,764.24",7/11/2025,45,ASLCLS00058291,SANTOS EXPRESS 0WCM6N1MA,11/11/2025,46,SI,7/11/2025,IMUPESA,AVM,25/001686,7/11/2025,7/11/2025, 118-2025-10-488134-01-5-00,NA,NA,13/11/2025,30/11/2025,DIRECTO,NA,14/11/2025,NA,GASTALDI,15/11/2025,46,MAQ0,15/11/2025,46,19/11/2025,EG04-00000334,EG07-00006817,,4700004202-3,17/12/2025,
2025-2026,LIQUIDADO,HF PERU,25-168-HPER,4700004296-1,FIORELLA, JCK ,E & E,PUNNET 250GR,ENV,1170,"605,880.00",UN,USD,"22,417.56","22,417.56",90,EXW,SEA,FCL,CHILE,SAN ANTONIO,CALLAO,1,40 HC,748,CAJA,NA,3/6/2025,10/6/2025,AIRSEALOG,S00058291,CMA CGM,SNG0482086,TCNU6779850,M5621841,"7,764.24",7/11/2025,45,ASLCLS00058291,SANTOS EXPRESS 0WCM6N1MA,11/11/2025,46,SI,7/11/2025,IMUPESA,AVM,25/001686,7/11/2025,7/11/2025, 118-2025-10-488134-01-5-00,NA,NA,16/11/2025,30/11/2025,DIRECTO,NA,17/11/2025,NA,GASTALDI,18/11/2025,47,MAQ0,18/11/2025,47,19/11/2025,EG03-00001532,EG07-00006860,,4700004296-1,17/12/2025,
2025-2026,LIQUIDADO,HF PERU,25-169-HPER,4700004296-2,FIORELLA, JCK ,E & E,PUNNET 250GR,ENV,1169,"605,880.00",UN,USD,"20,599.92","20,599.92",90,EXW,SEA,FCL,CHILE,SAN ANTONIO,CALLAO,1,40 HC,748,CAJA,NA,3/6/2025,10/6/2025,AIRSEALOG,S00059551,CMA CGM,SNG0482089,CXDU1670604,M5638795,"7,764.24",7/11/2025,45,ASLCLS00059551,SANTOS EXPRESS 0WCM6N1MA,11/11/2025,46,SI,7/11/2025,IMUPESA,AVM,25/001688,7/11/2025,7/11/2025,118-2025-10-487895-01-2-00,NA,NA,18/11/2025,30/11/2025,DIRECTO,NA,17/11/2025,NA,GASTALDI,20/11/2025,47,MAQ0,20/11/2025,47,24/11/2025,EG03-00000695,EG07-00006899,,4700004296-2,,
2025-2026,ENTREGADO,HFE BERRIES,25-022-HFEB,4700004291,FIORELLA,JCK,E & E,PUNNET 250 GR,ENV,1168,"605,880.00",UN,USD,"20,599.92","20,599.92",120,EXW,SEA,FCL,CHILE,SAN ANTONIO,CALLAO,1,40 HC,748,CAJA,NA,3/6/2025,7/6/2025,AIRSEALOG,S00058290,CMA CGM,SNG0481945,ECMU5012676,M5638752,"7,764.24",7/11/2025,45,ASLCLS00058290,SANTOS EXPRESS 0WCM6N1MA,11/11/2025,46,SI,7/11/2025,UNIMAR,AVM,25/001684,7/11/2025,7/11/2025,118-2025-10-488242-01-2-00,NA,NA,15/11/2025,30/11/2025,DIRECTO,NA,15/11/2025,NA,GASTALDI,17/11/2025,47,OLMOS,17/11/2025,47,NA,NA,NA,,4700004291,,
2025-2026,ENTREGADO,HFE BERRIES,25-022-HFEB,4700004209-3,FIORELLA,JCK,E & E,PUNNET 11 OZ,ENV,1168,"498,240.00",UN,USD,"16,940.16","16,940.16",120,EXW,SEA,FCL,CHILE,SAN ANTONIO,CALLAO,1,40 HC,692,CAJA,NA,3/6/2025,7/6/2025,AIRSEALOG,S00058290,CMA CGM,SNG0481945,ECMU5029684,M5638753,"7,930.32",7/11/2025,45,ASLCLS00058290,SANTOS EXPRESS 0WCM6N1MA,11/11/2025,46,SI,7/11/2025,UNIMAR,AVM,25/001684,7/11/2025,7/11/2025,118-2025-10-488242-01-2-00,NA,NA,17/11/2025,30/11/2025,DIRECTO,NA,17/11/2025,NA,GASTALDI,19/11/2025,47,OLMOS,19/11/2025,47,NA,NA,NA,,4700004209-3,25/6/2025,
2025-2026,LIQUIDADO,HF PERU,25-172-HPER,4700004273,GONZALO, A&B ,SPAREPARTS,REPUESTOS VARIOS,-,1179,100.00,UN,USD,"2,973.00","2,973.00",0,EXW,AIR,AIR,USA,MIAMI,LIMA,NA,NA,1,CAJA,NA,28/10/2025,29/10/2025,FORBIS,PE-25101060-01,AIRMAX,658-30864433,1,NA,4.00,12/11/2025,46,90EAMIA255100,AIRMAX CARGO,12/11/2025,46,SI,7/11/2025,ALFOSAC,LIP,17599,7/11/2025,7/11/2025,235-2025-10-183850-01-6-00,NA,NA,13/11/2025,NA,ALMACEN LIMA,LIP,14/11/2025,T001-7832,GUZMAN,15/11/2025,46,PLSA,26/11/2025,48,26/11/2025,EG03-00011541,EG07-00007052,,4700004273,25/6/2025,
2025-2026,LIQUIDADO,HF PERU,25-176-HPER,4700004305,CORPORATIVO, SORMA ,E & E,FILM ADHESIVO,-,A4350,"187,100.00",UN,EUR,"17,140.60","20,225.91",0,EXW,AIR,AIR,ESPAÑA,MADRID,LIMA,NA,NA,2,PALLET,NA,4/11/2025,4/11/2025,AIRSEALOG,S00060211 ,LAN,045-13585401,1,NA,"1,166.00",12/11/2025,46,P5GBM1105007,LAN CARGO,12/11/2025,46,SI,11/11/2025,SHOHIN,AVM,25/001708,11/11/2025,11/11/2025,235-2025-10-186102-01-0-00,NA,NA,12/11/2025,NA,DIRECTO,NA,13/11/2025,,AVM,14/11/2025,46,PLSA,14/11/2025,46,15/11/2025,EG03-00000013,T001-4025,,4700004305,20/11/2025,
2025-2026,LIQUIDADO,HF PERU,25-174-HPER,4700004289,GONZALO, UNITEC ,SPAREPARTS,REPUESTOS VARIOS,-,398,2.00,UN,EUR,356.94,421.19,0,EXW,AIR,AIR,CHILE,SANTIAGO,LIMA,NA,NA,1,CAJA,NA,4/11/2025,4/11/2025,COURIER,NA,DHL,6523033296,1,NA,NA,6/11/2025,45,6523033296,DHL COURIER,13/11/2025,46,SI,6/11/2025,NA,DHL,NA,NA,10/11/2025,235-2025-28-13845279-10-4,NA,NA,11/11/2025,NA,COURIER,NA,,NA,NA,13/11/2025,46,PLSA,13/11/2025,46,14/11/2025,NA,NA,,4700004289,25/6/2025,
2025-2026,LIQUIDADO,HF PERU,25-174-HPER,4700004314,MELANIE, UNITEC ,SPAREPARTS,REPUESTOS VARIOS,-,397,3.00,UN,EUR,388.60,458.55,0,EXW,AIR,AIR,CHILE,SANTIAGO,LIMA,NA,NA,1,CAJA,NA,4/11/2025,4/11/2025,COURIER,NA,DHL,6523033296,2,NA,NA,6/11/2025,45,6523033296,DHL COURIER,13/11/2025,46,SI,6/11/2025,NA,DHL,NA,NA,10/11/2025,235-2025-28-13845279-10-4,NA,NA,11/11/2025,NA,COURIER,NA,,NA,NA,13/11/2025,46,PLSA,13/11/2025,46,14/11/2025,NA,NA,,4700004314,25/6/2025,
2025-2026,LIQUIDADO,HF PERU,25-177-HPER,4700004324,GONZALO, AZUD ,EQP & INST,APARATOS DE RIEGO (FILTROS),-,FVM25-001463,30.00,UN,USD,677.73,677.73,90,FCA,AIR,AIR,ESPAÑA,MADRID,LIMA,NA,NA,1,PALLET,NA,7/11/2025,7/11/2025,AIRSEALOG,S00060452,LAN,045-13585456,NA,NA,50.00,19/11/2025,47,P5GBM1105020,LAN CARGO,19/11/2025,47,SI,18/11/2025,SHOHIN,LIP,18168,18/11/2025,18/11/2025,235-2025-10-190768-01-1-00,NA,NA,19/11/2025,NA,ALMACEN LIMA,LIP,20/11/2025,T001-7880,GUZMAN,20/11/2025,47,MAQ0,28/11/2025,48,2/1/2026,EG03-00011579,EG07-00007094,,4700004324,17/12/2025,
2025-2026,LIQUIDADO,HF PERU,25-092-HPER,4700004124-3,FIORELLA, PREMIUM CHOICE ,E & E,CLAMSHELL 125GR,ENV,G001-00060,"600,000.00",UN,USD,"11,340.00","11,340.00",60,FOB,SEA,FCL,CHINA,QINGDAO,CALLAO,1,40 HC,600,CAJA,NA,9/7/2025,31/7/2025,GASTALDI,RO-2500000163,EVERGREEN,140502302352,TGBU7892820,EMCSUR8124,"7,200.00",29/9/2025,40,GOSZX25090233,EVER FEAT 0751-028E,19/11/2025,47,SI,9/10/2025,IMUPESA,AVM,25/001671,5/11/2025,18/11/2025,118-2025-10-503974-01-1-00,NA,NA,27/11/2025,10/12/2025,DIRECTO,NA,28/11/2025,NA,MERIDIAN,29/11/2025,48,MAQ0,29/11/2025,48,1/12/2025,EG03-00053567,EG07-00007127,,4700004124-3,17/12/2025,
2025-2026,LIQUIDADO,HF PERU,25-092-HPER,4700004124-3,FIORELLA, PREMIUM CHOICE ,E & E,CLAMSHELL 125GR,ENV,G001-00060,"600,000.00",UN,USD,"11,340.00","11,340.00",60,FOB,SEA,FCL,CHINA,QINGDAO,CALLAO,1,40 HC,600,CAJA,NA,9/7/2025,31/7/2025,GASTALDI,RO-2500000163,EVERGREEN,140502302352,CAAU5744299,EMCVMC4964,"7,200.00",29/9/2025,40,GOSZX25090233,EVER FEAT 0751-028E,19/11/2025,47,SI,9/10/2025,IMUPESA,AVM,25/001671,5/11/2025,18/11/2025,118-2025-10-503974-01-1-00,NA,NA,24/11/2025,10/12/2025,DIRECTO,NA,25/11/2025,NA,MERIDIAN,26/11/2025,48,MAQ0,26/11/2025,48,27/11/2025,EG03-00053405,EG07-00007044,,4700004124-3,17/12/2025,
2025-2026,LIQUIDADO,HF PERU,25-092-HPER,4700004124-3,FIORELLA,PREMIUM CHOICE,E & E,CLAMSHELL 125GR,ENV,G001-00060,"600,000.00",UN,USD,"11,340.00","11,340.00",60,FOB,SEA,FCL,CHINA,QINGDAO,CALLAO,1,40 HC,600,CAJA,NA,9/7/2025,31/7/2025,GASTALDI,RO-2500000163,EVERGREEN,140502302352,TGBU6987514,EMCVMC8864,"7,200.00",29/9/2025,40,GOSZX25090233,EVER FEAT 0751-028E,19/11/2025,47,SI,9/10/2025,IMUPESA,AVM,25/001671,5/11/2025,18/11/2025,118-2025-10-503974-01-1-00,NA,NA,26/11/2025,10/12/2025,DIRECTO,NA,27/11/2025,NA,MERIDIAN,28/11/2025,48,MAQ0,28/11/2025,48,29/11/2025,EG03-00053515,EG07-00007093,,4700004124-3,17/12/2025,
2025-2026,LIQUIDADO,HF PERU,25-092-HPER,4700004124-3,FIORELLA,PREMIUM CHOICE,E & E,CLAMSHELL 125GR,ENV,G001-00060,"599,000.00",UN,USD,"11,321.10","11,321.10",60,FOB,SEA,FCL,CHINA,QINGDAO,CALLAO,1,40 HC,600,CAJA,NA,9/7/2025,31/7/2025,GASTALDI,RO-2500000163,EVERGREEN,140502302352,CAAU5362655,EMCVMC8504,"7,200.00",29/9/2025,40,GOSZX25090233,EVER FEAT 0751-028E,19/11/2025,47,SI,9/10/2025,IMUPESA,AVM,25/001671,5/11/2025,18/11/2025,118-2025-10-503974-01-1-00,NA,NA,24/11/2025,10/12/2025,DIRECTO,NA,25/11/2025,NA,MERIDIAN,26/11/2025,48,MAQ0,26/11/2025,48,27/11/2025,EG03-00053409,EG07-00007045,,4700004124-3,17/12/2025,
2025-2026,LIQUIDADO,HF PERU,25-092-HPER,4700004124-3,FIORELLA,PREMIUM CHOICE,E & E,CLAMSHELL 125GR,ENV,G001-00060,"600,000.00",UN,USD,"11,340.00","11,340.00",60,FOB,SEA,FCL,CHINA,QINGDAO,CALLAO,1,40 HC,600,CAJA,NA,9/7/2025,31/7/2025,GASTALDI,RO-2500000163,EVERGREEN,140502302352,DRYU9895044,EMCSVZ7624,"7,200.00",29/9/2025,40,GOSZX25090233,EVER FEAT 0751-028E,19/11/2025,47,SI,9/10/2025,IMUPESA,AVM,25/001671,5/11/2025,18/11/2025,118-2025-10-503974-01-1-00,NA,NA,26/11/2025,10/12/2025,DIRECTO,NA,27/11/2025,NA,MERIDIAN,28/11/2025,48,MAQ0,28/11/2025,48,29/11/2025,EG03-00053508,EG07-00007088,,4700004124-3,22/12/2025,
2025-2026,LIQUIDADO,HF PERU,25-094-HPER,4700004124-5,FIORELLA,PREMIUM CHOICE,E & E,CLAMSHELL 125GR,ENV,G001-00064,"600,000.00",UN,USD,"11,340.00","11,340.00",60,FOB,SEA,FCL,CHINA,QINGDAO,CALLAO,1,40 HC,600,CAJA,NA,9/7/2025,31/7/2025,GASTALDI,RO-2500000174,EVERGREEN,140557330633,EMCU1753752,EMCVLZ4394,"7,200.00",6/10/2025,41,TMSE3761010,EVER FEAT 0751-028E,19/11/2025,47,SI,9/10/2025,IMUPESA,AVM,25/001676,5/11/2025,18/11/2025,118-2025-10-503939-01-1-00,NA,NA,3/12/2025,14/12/2025,DIRECTO,NA,4/12/2025,NA,MERIDIAN,5/12/2025,49,MAQ0,5/12/2025,49,10/12/2025,EG03-00053892,EG07-00007250,,4700004124-5,22/12/2025,
2025-2026,LIQUIDADO,HF PERU,25-094-HPER,4700004124-5,FIORELLA,PREMIUM CHOICE,E & E,CLAMSHELL 125GR,ENV,G001-00064,"600,000.00",UN,USD,"11,340.00","11,340.00",60,FOB,SEA,FCL,CHINA,QINGDAO,CALLAO,1,40 HC,600,CAJA,NA,9/7/2025,31/7/2025,GASTALDI,RO-2500000174,EVERGREEN,140557330633,TXGU5688682,EMCVMB2374,"7,200.00",6/10/2025,41,TMSE3761010,EVER FEAT 0751-028E,19/11/2025,47,SI,9/10/2025,IMUPESA,AVM,25/001676,5/11/2025,18/11/2025,118-2025-10-503939-01-1-00,NA,NA,4/12/2025,14/12/2025,DIRECTO,NA,5/12/2025,NA,MERIDIAN,6/12/2025,49,MAQ0,6/12/2025,49,10/12/2025,EG03-00053937,EG07-00007281,,4700004124-5,22/12/2025,
2025-2026,LIQUIDADO,HF PERU,25-094-HPER,4700004124-5,FIORELLA, PREMIUM CHOICE ,E & E,CLAMSHELL 125GR,ENV,G001-00064,"600,000.00",UN,USD,"11,340.00","11,340.00",60,FOB,SEA,FCL,CHINA,QINGDAO,CALLAO,1,40 HC,600,CAJA,NA,9/7/2025,31/7/2025,GASTALDI,RO-2500000174,EVERGREEN,140557330633,TRHU7758624,EMCVLX2254,"7,200.00",6/10/2025,41,TMSE3761010,EVER FEAT 0751-028E,19/11/2025,47,SI,9/10/2025,IMUPESA,AVM,25/001676,5/11/2025,18/11/2025,118-2025-10-503939-01-1-00,NA,NA,4/12/2025,14/12/2025,DIRECTO,NA,5/12/2025,NA,MERIDIAN,6/12/2025,49,MAQ0,6/12/2025,49,10/12/2025,EG03-00053936,EG07-00007280,,4700004124-5,22/12/2025,
2025-2026,LIQUIDADO,HF PERU,25-093-HPER,4700004124-4,FIORELLA, PREMIUM CHOICE ,E & E,CLAMSHELL 125GR,ENV,G001-00061,"600,000.00",UN,USD,"11,340.00","11,340.00",60,FOB,SEA,FCL,CHINA,SHANGHAI,CALLAO,1,40 HC,600,CAJA,NA,9/7/2025,31/7/2025,GASTALDI,RO-2500000167,EVERGREEN,140502352074,TIIU5457397,EMCSUS6784,"7,200.00",5/10/2025,40,GOSZX25090575,EVER FEAT 0751-028E,19/11/2025,47,SI,9/10/2025,IMUPESA,AVM,25/001677,5/11/2025,18/11/2025,118-2025-10-503995-01-9-00,NA,NA,3/12/2025,10/12/2025,DIRECTO,NA,4/12/2025,NA,MERIDIAN,5/12/2025,49,MAQ0,6/12/2025,49,10/12/2025,EG03-00053893,EG07-00007251,,4700004124-4,22/12/2025,
2025-2026,LIQUIDADO,HF PERU,25-093-HPER,4700004124-4,FIORELLA, PREMIUM CHOICE ,E & E,CLAMSHELL 125GR,ENV,G001-00061,"600,000.00",UN,USD,"11,340.00","11,340.00",60,FOB,SEA,FCL,CHINA,SHANGHAI,CALLAO,1,40 HC,600,CAJA,NA,9/7/2025,31/7/2025,GASTALDI,RO-2500000167,EVERGREEN,140502352074,EGSU1833646,EMCVMC6224,"7,200.00",5/10/2025,40,GOSZX25090575,EVER FEAT 0751-028E,19/11/2025,47,SI,9/10/2025,IMUPESA,AVM,25/001677,5/11/2025,18/11/2025,118-2025-10-503995-01-9-00,NA,NA,27/11/2025,10/12/2025,DIRECTO,NA,28/11/2025,NA,MERIDIAN,29/11/2025,48,MAQ0,29/11/2025,48,1/12/2025,EG03-00053568,EG07-00007130,,4700004124-4,,
2025-2026,LIQUIDADO,HF PERU,25-148-HPER,4700004128-3,GONZALO, PROJAR ,SUSTRATOS,FIBRA DE COCO,M&S,FE25-00964,22.00,UN,EUR,"12,540.00","14,797.20",90,CIF,SEA,FCL,ESPAÑA,VALENCIA,CALLAO,1,40 HC,22,PALLET,21/10/2025,NA,NA,DIRECTO,NA,MAERSK,258003570,CIPU5028841,ML-ES0618686,"21,741.00",20/10/2025,43,MAEU258003570,MAERSK BENGUELA 542S,21/11/2025,47,NO,NA,NEW AGE,AVM,25/001702,7/11/2025,18/11/2025,118-2025-10-504941-01-1-00,26/11/2025,26/11/2025,30/11/2025,12/12/2025,DIRECTO,NA,1/12/2025,NA,MERIDIAN,2/12/2025,49,ALMC,2/12/2025,49,8/12/2025,EG03-00053705,EG07-00007178,,4700004128-3,19/12/2025,22/12/2025
2025-2026,LIQUIDADO,HF PERU,25-148-HPER,4700004128-3,GONZALO, PROJAR ,SUSTRATOS,FIBRA DE COCO,M&S,FE25-00964,22.00,UN,EUR,"12,540.00","14,797.20",90,CIF,SEA,FCL,ESPAÑA,VALENCIA,CALLAO,1,40 HC,22,PALLET,21/10/2025,NA,NA,DIRECTO,NA,MAERSK,258003570,GAOU7126054,ML-ES0591754,"21,563.00",20/10/2025,43,MAEU258003570,MAERSK BENGUELA 542S,21/11/2025,47,NO,NA,NEW AGE,AVM,25/001702,7/11/2025,18/11/2025,118-2025-10-504941-01-1-00,26/11/2025,26/11/2025,30/11/2025,12/12/2025,DIRECTO,NA,1/12/2025,NA,MERIDIAN,2/12/2025,49,ALMC,2/12/2025,49,8/12/2025,EG03-00053696,EG07-00007167,,4700004128-3,19/12/2025,22/12/2025
2025-2026,LIQUIDADO,HF PERU,25-148-HPER,4700004128-3,GONZALO, PROJAR ,SUSTRATOS,FIBRA DE COCO,M&S,FE25-00964,22.00,UN,EUR,"12,540.00","14,797.20",90,CIF,SEA,FCL,ESPAÑA,VALENCIA,CALLAO,1,40 HC,22,PALLET,21/10/2025,NA,NA,DIRECTO,NA,MAERSK,258003570,MRKU5059746,ML-ES0628802,"21,565.00",20/10/2025,43,MAEU258003570,MAERSK BENGUELA 542S,21/11/2025,47,NO,NA,NEW AGE,AVM,25/001702,7/11/2025,18/11/2025,118-2025-10-504941-01-1-00,26/11/2025,26/11/2025,30/11/2025,12/12/2025,DIRECTO,NA,1/12/2025,NA,MERIDIAN,2/12/2025,49,ALMC,2/12/2025,49,8/12/2025,EG03-00053721,EG07-00007186,,4700004128-3,19/12/2025,22/12/2025
2025-2026,LIQUIDADO,HF PERU,25-148-HPER,4700004128-3,GONZALO, PROJAR ,SUSTRATOS,FIBRA DE COCO,M&S,FE25-00964,22.00,UN,EUR,"12,540.00","14,797.20",90,CIF,SEA,FCL,ESPAÑA,VALENCIA,CALLAO,1,40 HC,22,PALLET,21/10/2025,NA,NA,DIRECTO,NA,MAERSK,258003570,MRSU6687122,ML-ES0628804,"21,533.00",20/10/2025,43,MAEU258003570,MAERSK BENGUELA 542S,21/11/2025,47,NO,NA,NEW AGE,AVM,25/001702,7/11/2025,18/11/2025,118-2025-10-504941-01-1-00,26/11/2025,26/11/2025,1/12/2025,12/12/2025,DIRECTO,NA,2/12/2025,NA,MERIDIAN,3/12/2025,49,ALMC,3/12/2025,49,8/12/2025,EG03-00053761,EG07-00007199,,4700004128-3,19/12/2025,22/12/2025
2025-2026,LIQUIDADO,HF PERU,25-148-HPER,4700004128-3,GONZALO, PROJAR ,SUSTRATOS,FIBRA DE COCO,M&S,FE25-00964,22.00,UN,EUR,"12,540.00","14,797.20",90,CIF,SEA,FCL,ESPAÑA,VALENCIA,CALLAO,1,40 HC,22,PALLET,21/10/2025,NA,NA,DIRECTO,NA,MAERSK,258003570,TRHU4569226,ML-ES0628802,"21,562.00",20/10/2025,43,MAEU258003570,MAERSK BENGUELA 542S,21/11/2025,47,NO,NA,NEW AGE,AVM,25/001702,7/11/2025,18/11/2025,118-2025-10-504941-01-1-00,26/11/2025,26/11/2025,1/12/2025,12/12/2025,DIRECTO,NA,2/12/2025,NA,MERIDIAN,3/12/2025,49,ALMC,3/12/2025,49,8/12/2025,EG03-00053762,EG07-00007198,,4700004128-3,19/12/2025,22/12/2025
2025-2026,LIQUIDADO,HF PERU,25-149-HPER,4700004128-4,GONZALO, PROJAR ,SUSTRATOS,FIBRA DE COCO,M&S,FE25-00967,22.00,UN,EUR,"12,540.00","14,797.20",90,CIF,SEA,FCL,ESPAÑA,VALENCIA,CALLAO,1,40 HC,22,PALLET,21/10/2025,NA,NA,DIRECTO,NA,MAERSK,259826971,FFAU6117851,ML-ES0628830,"21,582.00",20/10/2025,43,MAEU259826971,MAERSK BENGUELA 542S,21/11/2025,47,NO,NA,NEW AGE,AVM,25/001703,7/11/2025,21/11/2025, 118-2025-10-512284-01-4-00,26/11/2025,26/11/2025,1/12/2025,12/12/2025,DIRECTO,NA,2/12/2025,NA,MERIDIAN,3/12/2025,49,ALMC,3/12/2025,49,8/12/2025,EG03-00053764,EG07-00007202,,4700004128-4,22/12/2025,26/12/2025
2025-2026,LIQUIDADO,HF PERU,25-149-HPER,4700004128-4,GONZALO, PROJAR ,SUSTRATOS,FIBRA DE COCO,M&S,FE25-00967,22.00,UN,EUR,"12,540.00","14,797.20",90,CIF,SEA,FCL,ESPAÑA,VALENCIA,CALLAO,1,40 HC,22,PALLET,21/10/2025,NA,NA,DIRECTO,NA,MAERSK,259826971,MRSU6243004,ML-ES0386948,"21,622.00",20/10/2025,43,MAEU259826971,MAERSK BENGUELA 542S,21/11/2025,47,NO,NA,NEW AGE,AVM,25/001703,7/11/2025,21/11/2025, 118-2025-10-512284-01-4-00,26/11/2025,26/11/2025,2/12/2025,12/12/2025,DIRECTO,NA,3/12/2025,NA,MERIDIAN,4/12/2025,49,ALMC,4/12/2025,49,8/12/2025,EG03-00053821,EG07-00007235,,4700004128-4,22/12/2025,26/12/2025
2025-2026,LIQUIDADO,HF PERU,25-149-HPER,4700004128-4,GONZALO, PROJAR ,SUSTRATOS,FIBRA DE COCO,M&S,FE25-00967,22.00,UN,EUR,"12,540.00","14,797.20",90,CIF,SEA,FCL,ESPAÑA,VALENCIA,CALLAO,1,40 HC,22,PALLET,21/10/2025,NA,NA,DIRECTO,NA,MAERSK,259826971,TCNU8884177,ML-ES0339405,"21,445.00",20/10/2025,43,MAEU259826971,MAERSK BENGUELA 542S,21/11/2025,47,NO,NA,NEW AGE,AVM,25/001703,7/11/2025,21/11/2025, 118-2025-10-512284-01-4-00,26/11/2025,26/11/2025,2/12/2025,12/12/2025,DIRECTO,NA,3/12/2025,NA,MERIDIAN,4/12/2025,49,ALMC,4/12/2025,49,8/12/2025,EG03-00053819,EG07-00007231,,4700004128-4,22/12/2025,26/12/2025
2025-2026,LIQUIDADO,HF PERU,25-149-HPER,4700004128-4,GONZALO, PROJAR ,SUSTRATOS,FIBRA DE COCO,M&S,FE25-00967,22.00,UN,EUR,"12,540.00","14,797.20",90,CIF,SEA,FCL,ESPAÑA,VALENCIA,CALLAO,1,40 HC,22,PALLET,21/10/2025,NA,NA,DIRECTO,NA,MAERSK,259826971,TGBU6847723,ML-ES0628872,"21,481.00",20/10/2025,43,MAEU259826971,MAERSK BENGUELA 542S,21/11/2025,47,NO,NA,NEW AGE,AVM,25/001703,7/11/2025,21/11/2025, 118-2025-10-512284-01-4-00,26/11/2025,26/11/2025,2/12/2025,12/12/2025,DIRECTO,NA,3/12/2025,NA,MERIDIAN,4/12/2025,49,ALMC,4/12/2025,49,8/12/2025,EG03-00053820,EG07-00007233,,4700004128-4,22/12/2025,26/12/2025
2025-2026,LIQUIDADO,HF PERU,25-154-HPER,4700004128-9,GONZALO, PROJAR ,SUSTRATOS,FIBRA DE COCO,M&S,FE25-01016,22.00,UN,EUR,"12,540.00","14,797.20",90,CIF,SEA,FCL,ESPAÑA,VALENCIA,CALLAO,1,40 HC,22,PALLET,21/10/2025,NA,NA,DIRECTO,NA,MAERSK,260324484,AXIU1600011,ML-ES0592411,"22,857.00",16/10/2025,42,MAEU260324484,MAERSK BENGUELA 542S,21/11/2025,47,NO,NA,NEW AGE,AVM,25/001709,7/11/2025,19/11/2025, 118-2025-10-504614-01-9-02,26/11/2025,11/12/2025,11/12/2025,12/12/2025,ALMACEN LIMA,AVM,13/12/2025,T001-4182,GUZMAN,13/12/2025,50,ALMC,19/12/2025,51,24/12/2025,EG03-00011824,EG07-00007455,,4700004128-9,26/12/2025,Pendiente
2025-2026,LIQUIDADO,HF PERU,25-154-HPER,4700004128-9,GONZALO, PROJAR ,SUSTRATOS,FIBRA DE COCO,M&S,FE25-01016,22.00,UN,EUR,"12,540.00","14,797.20",90,CIF,SEA,FCL,ESPAÑA,VALENCIA,CALLAO,1,40 HC,22,PALLET,21/10/2025,NA,NA,DIRECTO,NA,MAERSK,260324484,CAAU5266420,ML-ES0592412,"22,637.00",16/10/2025,42,MAEU260324484,MAERSK BENGUELA 542S,21/11/2025,47,NO,NA,NEW AGE,AVM,25/001709,7/11/2025,19/11/2025, 118-2025-10-504614-01-9-02,26/11/2025,11/12/2025,11/12/2025,12/12/2025,ALMACEN LIMA,AVM,13/12/2025,T001-4186,GUZMAN,13/12/2025,50,ALMC,20/12/2025,51,24/12/2025,EG03-00011848,EG07-00007476,,4700004128-9,26/12/2025,Pendiente
2025-2026,LIQUIDADO,HF PERU,25-154-HPER,4700004128-9,GONZALO, PROJAR ,SUSTRATOS,FIBRA DE COCO,M&S,FE25-01016,22.00,UN,EUR,"12,540.00","14,797.20",90,CIF,SEA,FCL,ESPAÑA,VALENCIA,CALLAO,1,40 HC,22,PALLET,21/10/2025,NA,NA,DIRECTO,NA,MAERSK,260324484,MRKU2325518,ML-ES0592419,"23,186.00",16/10/2025,42,MAEU260324484,MAERSK BENGUELA 542S,21/11/2025,47,NO,NA,NEW AGE,AVM,25/001709,7/11/2025,19/11/2025, 118-2025-10-504614-01-9-02,26/11/2025,11/12/2025,11/12/2025,12/12/2025,ALMACEN LIMA,AVM,13/12/2025,T001-4187,GUZMAN,13/12/2025,50,ALMC,20/12/2025,51,24/12/2025,EG03-00011845,EG07-00007477,,4700004128-9,26/12/2025,Pendiente
2025-2026,LIQUIDADO,HF PERU,25-154-HPER,4700004128-9,GONZALO, PROJAR ,SUSTRATOS,FIBRA DE COCO,M&S,FE25-01016,22.00,UN,EUR,"12,540.00","14,797.20",90,CIF,SEA,FCL,ESPAÑA,VALENCIA,CALLAO,1,40 HC,22,PALLET,21/10/2025,NA,NA,DIRECTO,NA,MAERSK,260324484,TCNU7758451,ML-ES0330118,"23,615.00",16/10/2025,42,MAEU260324484,MAERSK BENGUELA 542S,21/11/2025,47,NO,NA,NEW AGE,AVM,25/001709,7/11/2025,19/11/2025, 118-2025-10-504614-01-9-02,26/11/2025,11/12/2025,11/12/2025,12/12/2025,ALMACEN LIMA,AVM,13/12/2025,T001-4184,GUZMAN,13/12/2025,50,ALMC,20/12/2025,51,24/12/2025,EG03-00011844,EG07-00007478,,4700004128-9,26/12/2025,Pendiente
2025-2026,LIQUIDADO,HF PERU,25-154-HPER,4700004128-9,GONZALO, PROJAR ,SUSTRATOS,FIBRA DE COCO,M&S,FE25-01016,22.00,UN,EUR,"12,540.00","14,797.20",90,CIF,SEA,FCL,ESPAÑA,VALENCIA,CALLAO,1,40 HC,22,PALLET,21/10/2025,NA,NA,DIRECTO,NA,MAERSK,260324484,UETU8374204,ML-ES0386859,"23,194.00",16/10/2025,42,MAEU260324484,MAERSK BENGUELA 542S,21/11/2025,47,NO,NA,NEW AGE,AVM,25/001709,7/11/2025,19/11/2025, 118-2025-10-504614-01-9-02,26/11/2025,11/12/2025,11/12/2025,12/12/2025,ALMACEN LIMA,AVM,13/12/2025,T001-4183,GUZMAN,13/12/2025,50,ALMC,19/12/2025,51,24/12/2025,EG03-00011823,EG07-00007454,,4700004128-9,26/12/2025,Pendiente
2025-2026,LIQUIDADO,HF PERU,25-156-HPER,4700004128-11,GONZALO, PROJAR ,SUSTRATOS,FIBRA DE COCO,M&S,FE25-01018,22.00,UN,EUR,"12,540.00","14,797.20",90,CIF,SEA,FCL,ESPAÑA,VALENCIA,CALLAO,1,40 HC,22,PALLET,21/10/2025,NA,NA,DIRECTO,NA,MAERSK,258581393,HASU4045680,ML-ES0590681,"22,750.00",16/10/2025,42,MAEU258581393,MAERSK BENGUELA 542S,21/11/2025,47,NO,NA,NEW AGE,AVM,25/001730,12/11/2025,19/11/2025,118-2025-10-508890-01-0-00,26/11/2025,11/12/2025,10/12/2025,12/12/2025,ALMACEN LIMA,AVM,12/12/2025,T001-4159,GUZMAN,12/12/2025,50,ALMC,14/12/2025,50,21/12/2025,EG03-00011734,EG07-00007361,,4700004128-11,26/12/2025,Pendiente
2025-2026,LIQUIDADO,HF PERU,25-156-HPER,4700004128-11,GONZALO, PROJAR ,SUSTRATOS,FIBRA DE COCO,M&S,FE25-01018,22.00,UN,EUR,"12,540.00","14,797.20",90,CIF,SEA,FCL,ESPAÑA,VALENCIA,CALLAO,1,40 HC,22,PALLET,21/10/2025,NA,NA,DIRECTO,NA,MAERSK,258581393,MRKU3003630,ML-ES0590684,"23,166.00",16/10/2025,42,MAEU258581393,MAERSK BENGUELA 542S,21/11/2025,47,NO,NA,NEW AGE,AVM,25/001730,12/11/2025,19/11/2025,118-2025-10-508890-01-0-00,26/11/2025,11/12/2025,10/12/2025,12/12/2025,ALMACEN LIMA,AVM,12/12/2025,T001-4160,GUZMAN,12/12/2025,50,ALMC,18/12/2025,51,21/12/2025,EG03-00011802,EG07-00007430,,4700004128-11,26/12/2025,Pendiente
2025-2026,LIQUIDADO,HF PERU,25-156-HPER,4700004128-11,GONZALO, PROJAR ,SUSTRATOS,FIBRA DE COCO,M&S,FE25-01018,22.00,UN,EUR,"12,540.00","14,797.20",90,CIF,SEA,FCL,ESPAÑA,VALENCIA,CALLAO,1,40 HC,22,PALLET,21/10/2025,NA,NA,DIRECTO,NA,MAERSK,258581393,MRSU6350912,ML-ES0590683,"22,711.00",16/10/2025,42,MAEU258581393,MAERSK BENGUELA 542S,21/11/2025,47,NO,NA,NEW AGE,AVM,25/001730,12/11/2025,19/11/2025,118-2025-10-508890-01-0-00,26/11/2025,11/12/2025,10/12/2025,12/12/2025,ALMACEN LIMA,AVM,12/12/2025,T001-4161,GUZMAN,12/12/2025,50,ALMC,18/12/2025,51,21/12/2025,EG03-00011800,EG07-00007428,,4700004128-11,26/12/2025,Pendiente
2025-2026,LIQUIDADO,HF PERU,25-156-HPER,4700004128-11,GONZALO, PROJAR ,SUSTRATOS,FIBRA DE COCO,M&S,FE25-01018,22.00,UN,EUR,"12,540.00","14,797.20",90,CIF,SEA,FCL,ESPAÑA,VALENCIA,CALLAO,1,40 HC,22,PALLET,21/10/2025,NA,NA,DIRECTO,NA,MAERSK,258581393,MRSU8705668,ML-ES0590685,"23,101.00",16/10/2025,42,MAEU258581393,MAERSK BENGUELA 542S,21/11/2025,47,NO,NA,NEW AGE,AVM,25/001730,12/11/2025,19/11/2025,118-2025-10-508890-01-0-00,26/11/2025,11/12/2025,10/12/2025,12/12/2025,ALMACEN LIMA,AVM,12/12/2025,T001-4162,GUZMAN,12/12/2025,50,ALMC,14/12/2025,50,21/12/2025,EG03-00011759,EG07-00007374,,4700004128-11,26/12/2025,Pendiente
2025-2026,LIQUIDADO,HF PERU,25-156-HPER,4700004128-11,GONZALO, PROJAR ,SUSTRATOS,FIBRA DE COCO,M&S,FE25-01018,22.00,UN,EUR,"12,540.00","14,797.20",90,CIF,SEA,FCL,ESPAÑA,VALENCIA,CALLAO,1,40 HC,22,PALLET,21/10/2025,NA,NA,DIRECTO,NA,MAERSK,258581393,SUDU8581214,ML-ES0592583,"22,466.00",16/10/2025,42,MAEU258581393,MAERSK BENGUELA 542S,21/11/2025,47,NO,NA,NEW AGE,AVM,25/001730,12/11/2025,19/11/2025,118-2025-10-508890-01-0-00,26/11/2025,11/12/2025,10/12/2025,12/12/2025,ALMACEN LIMA,AVM,12/12/2025,T001-4163,GUZMAN,12/12/2025,50,ALMC,18/12/2025,51,21/12/2025,EG03-00011801,EG07-00007429,,4700004128-11,26/12/2025,Pendiente
2025-2026,LIQUIDADO,HF PERU,25-157-HPER,4700004128-12,GONZALO, PROJAR ,SUSTRATOS,FIBRA DE COCO,M&S,FE25-01020,22.00,UN,EUR,"12,540.00","14,797.20",90,CIF,SEA,FCL,ESPAÑA,VALENCIA,CALLAO,1,40 HC,22,PALLET,21/10/2025,NA,NA,DIRECTO,NA,MAERSK,260362814,MRKU2343954,ML-ES0533169,"22,987.00",16/10/2025,42,MAEU260362814,MAERSK BENGUELA 542S,21/11/2025,47,NO,NA,NEW AGE,AVM,25/001731,12/12/2025,19/11/2025,118-2025-10-508945-01-1-00,26/11/2025,11/12/2025,10/12/2025,12/12/2025,ALMACEN LIMA,AVM,12/12/2025,T001-4164,GUZMAN,12/12/2025,50,ALMC,13/12/2025,50,17/12/2025,EG03-00011735,EG07-00007363,,4700004128-12,26/12/2025,Pendiente
2025-2026,LIQUIDADO,HF PERU,25-157-HPER,4700004128-12,GONZALO, PROJAR ,SUSTRATOS,FIBRA DE COCO,M&S,FE25-01020,22.00,UN,EUR,"12,540.00","14,797.20",90,CIF,SEA,FCL,ESPAÑA,VALENCIA,CALLAO,1,40 HC,22,PALLET,21/10/2025,NA,NA,DIRECTO,NA,MAERSK,260362814,MRKU5964723,ML-ES0097785,"21,402.00",16/10/2025,42,MAEU260362814,MAERSK BENGUELA 542S,21/11/2025,47,NO,NA,NEW AGE,AVM,25/001731,12/12/2025,19/11/2025,118-2025-10-508945-01-1-00,26/11/2025,11/12/2025,10/12/2025,12/12/2025,ALMACEN LIMA,AVM,12/12/2025,T001-4167,GUZMAN,12/12/2025,50,ALMC,14/12/2025,50,17/12/2025,EG03-00011763,EG07-00007373,,4700004128-12,26/12/2025,Pendiente
2025-2026,LIQUIDADO,HF PERU,25-157-HPER,4700004128-12,GONZALO, PROJAR ,SUSTRATOS,FIBRA DE COCO,M&S,FE25-01020,22.00,UN,EUR,"12,540.00","14,797.20",90,CIF,SEA,FCL,ESPAÑA,VALENCIA,CALLAO,1,40 HC,22,PALLET,21/10/2025,NA,NA,DIRECTO,NA,MAERSK,260362814,MRSU8715305,ML-ES0590686,"22,193.00",16/10/2025,42,MAEU260362814,MAERSK BENGUELA 542S,21/11/2025,47,NO,NA,NEW AGE,AVM,25/001731,12/12/2025,19/11/2025,118-2025-10-508945-01-1-00,26/11/2025,11/12/2025,10/12/2025,12/12/2025,ALMACEN LIMA,AVM,12/12/2025,T001-4168,GUZMAN,12/12/2025,50,ALMC,14/12/2025,50,17/12/2025,EG03-00011761,EG07-00007376,,4700004128-12,26/12/2025,Pendiente
2025-2026,LIQUIDADO,HF PERU,25-157-HPER,4700004128-12,GONZALO, PROJAR ,SUSTRATOS,FIBRA DE COCO,M&S,FE25-01020,22.00,UN,EUR,"12,540.00","14,797.20",90,CIF,SEA,FCL,ESPAÑA,VALENCIA,CALLAO,1,40 HC,22,PALLET,21/10/2025,NA,NA,DIRECTO,NA,MAERSK,260362814,SUDU6704114,ML-ES0592590,"23,111.00",16/10/2025,42,MAEU260362814,MAERSK BENGUELA 542S,21/11/2025,47,NO,NA,NEW AGE,AVM,25/001731,12/12/2025,19/11/2025,118-2025-10-508945-01-1-00,26/11/2025,11/12/2025,10/12/2025,12/12/2025,ALMACEN LIMA,AVM,12/12/2025,T001-4165,GUZMAN,12/12/2025,50,ALMC,14/12/2025,50,17/12/2025,EG03-00011760,EG07-00007375,,4700004128-12,26/12/2025,Pendiente
2025-2026,LIQUIDADO,HF PERU,25-157-HPER,4700004128-12,GONZALO, PROJAR ,SUSTRATOS,FIBRA DE COCO,M&S,FE25-01020,22.00,UN,EUR,"12,540.00","14,797.20",90,CIF,SEA,FCL,ESPAÑA,VALENCIA,CALLAO,1,40 HC,22,PALLET,21/10/2025,NA,NA,DIRECTO,NA,MAERSK,260362814,MSKU1882911,ML-ES0592581,"22,054.00",16/10/2025,42,MAEU260362814,MAERSK BENGUELA 542S,21/11/2025,47,NO,NA,NEW AGE,AVM,25/001731,12/12/2025,19/11/2025,118-2025-10-508945-01-1-00,26/11/2025,11/12/2025,10/12/2025,12/12/2025,ALMACEN LIMA,AVM,12/12/2025,T001-4166,GUZMAN,12/12/2025,50,ALMC,14/12/2025,50,17/12/2025,EG03-00011762,EG07-00007372,,4700004128-12,26/12/2025,Pendiente
2025-2026,LIQUIDADO,HF PERU,25-155-HPER,4700004128-10,GONZALO, PROJAR ,SUSTRATOS,FIBRA DE COCO,M&S,FE25-01015,22.00,UN,EUR,"12,540.00","14,797.20",90,CIF,SEA,FCL,ESPAÑA,VALENCIA,CALLAO,1,40 HC,22,PALLET,21/10/2025,NA,NA,DIRECTO,NA,MAERSK,259267295,FFAU7404938,ML-ES0590687,"21,620.00",16/10/2025,42,MAEU259267295,MAERSK BENGUELA 542S,21/11/2025,47,NO,NA,NEW AGE,AVM,25/001704,7/11/2025,18/11/2025,118-2025-10-504650-01-5-02,26/11/2025,11/12/2025,11/12/2025,12/12/2025,ALMACEN LIMA,AVM,13/12/2025,T001-4176,GUZMAN,13/12/2025,50,ALMC,18/12/2025,51,21/12/2025,EG03-00011805,EG07-00007431,,4700004128-10,26/12/2025,Pendiente
2025-2026,LIQUIDADO,HF PERU,25-155-HPER,4700004128-10,GONZALO, PROJAR ,SUSTRATOS,FIBRA DE COCO,M&S,FE25-01015,22.00,UN,EUR,"12,540.00","14,797.20",90,CIF,SEA,FCL,ESPAÑA,VALENCIA,CALLAO,1,40 HC,22,PALLET,21/10/2025,NA,NA,DIRECTO,NA,MAERSK,259267295,HASU4191302,ML-ES0590758,"23,363.00",16/10/2025,42,MAEU259267295,MAERSK BENGUELA 542S,21/11/2025,47,NO,NA,NEW AGE,AVM,25/001704,7/11/2025,18/11/2025,118-2025-10-504650-01-5-02,26/11/2025,11/12/2025,11/12/2025,12/12/2025,ALMACEN LIMA,AVM,13/12/2025,T001-4177,GUZMAN,13/12/2025,50,ALMC,19/12/2025,51,21/12/2025,EG03-00011825,EG07-00007448,,4700004128-10,26/12/2025,Pendiente
2025-2026,LIQUIDADO,HF PERU,25-155-HPER,4700004128-10,GONZALO, PROJAR ,SUSTRATOS,FIBRA DE COCO,M&S,FE25-01015,22.00,UN,EUR,"12,540.00","14,797.20",90,CIF,SEA,FCL,ESPAÑA,VALENCIA,CALLAO,1,40 HC,22,PALLET,21/10/2025,NA,NA,DIRECTO,NA,MAERSK,259267295,MRKU5914208,ML-ES0590753,"22,775.00",16/10/2025,42,MAEU259267295,MAERSK BENGUELA 542S,21/11/2025,47,NO,NA,NEW AGE,AVM,25/001704,7/11/2025,18/11/2025,118-2025-10-504650-01-5-02,26/11/2025,11/12/2025,11/12/2025,12/12/2025,ALMACEN LIMA,AVM,13/12/2025,T001-4178,GUZMAN,13/12/2025,50,ALMC,18/12/2025,51,21/12/2025,EG03-00011803,EG07-00007432,,4700004128-10,26/12/2025,Pendiente
2025-2026,LIQUIDADO,HF PERU,25-155-HPER,4700004128-10,GONZALO, PROJAR ,SUSTRATOS,FIBRA DE COCO,M&S,FE25-01015,22.00,UN,EUR,"12,540.00","14,797.20",90,CIF,SEA,FCL,ESPAÑA,VALENCIA,CALLAO,1,40 HC,22,PALLET,21/10/2025,NA,NA,DIRECTO,NA,MAERSK,259267295,MRKU5921378,ML-ES0690758,"21,903.00",16/10/2025,42,MAEU259267295,MAERSK BENGUELA 542S,21/11/2025,47,NO,NA,NEW AGE,AVM,25/001704,7/11/2025,18/11/2025,118-2025-10-504650-01-5-02,26/11/2025,11/12/2025,11/12/2025,12/12/2025,ALMACEN LIMA,AVM,13/12/2025,T001-4179,GUZMAN,13/12/2025,50,ALMC,19/12/2025,51,21/12/2025,EG03-00011827,EG07-00007452,,4700004128-10,26/12/2025,Pendiente
2025-2026,LIQUIDADO,HF PERU,25-155-HPER,4700004128-10,GONZALO, PROJAR ,SUSTRATOS,FIBRA DE COCO,M&S,FE25-01015,22.00,UN,EUR,"12,540.00","14,797.20",90,CIF,SEA,FCL,ESPAÑA,VALENCIA,CALLAO,1,40 HC,22,PALLET,21/10/2025,NA,NA,DIRECTO,NA,MAERSK,259267295,MRSU3696780,ML-ES0590757,"22,870.00",16/10/2025,42,MAEU259267295,MAERSK BENGUELA 542S,21/11/2025,47,NO,NA,NEW AGE,AVM,25/001704,7/11/2025,18/11/2025,118-2025-10-504650-01-5-02,26/11/2025,11/12/2025,11/12/2025,12/12/2025,ALMACEN LIMA,AVM,13/12/2025,T001-4180,GUZMAN,13/12/2025,50,ALMC,19/12/2025,51,21/12/2025,EG03-00011826,EG07-00007449,,4700004128-10,26/12/2025,Pendiente
2025-2026,LIQUIDADO,HF PERU,25-129-HPER,4700004050-6,GONZALO, AVIBIOL ,SUSTRATOS,FIBRA DE COCO,M&S,F001-00002971,"25,000.00",KG,USD,"16,442.83","16,442.83",60,CIF,SEA,FCL,ESPAÑA,VALENCIA,CALLAO,1,40 HC,24,PALLET,29/10/2025,NA,NA,DIRECTO,NA,MAERSK,259866738,MRSU5928375,ML-ES0538309,"23,980.00",20/10/2025,43,MAEU259866738,MAERSK BENGUELA 542S,21/11/2025,47,NO,NA,NEW AGE,AVM,25/001726,6/11/2025,19/11/2025,118-2025-10-508859-01-6-00,27/11/2025,10/12/2025,9/12/2025,12/12/2025,ALMACEN LIMA,AVM,11/12/2025,T001-4139,GUZMAN,11/12/2025,50,ALMC,12/12/2025,50,17/12/2025,EG03-00011722,EG07-00007341,,4700004050-6,26/12/2025,
2025-2026,LIQUIDADO,HF PERU,25-129-HPER,4700004050-6,GONZALO, AVIBIOL ,SUSTRATOS,FIBRA DE COCO,M&S,F001-00002971,"25,000.00",KG,USD,"16,442.83","16,442.83",60,CIF,SEA,FCL,ESPAÑA,VALENCIA,CALLAO,1,40 HC,24,PALLET,29/10/2025,NA,NA,DIRECTO,NA,MAERSK,259866738,TCKU7012703,ML-ES0538318,"24,260.00",20/10/2025,43,MAEU259866738,MAERSK BENGUELA 542S,21/11/2025,47,NO,NA,NEW AGE,AVM,25/001726,6/11/2025,19/11/2025,118-2025-10-508859-01-6-00,27/11/2025,10/12/2025,9/12/2025,12/12/2025,ALMACEN LIMA,AVM,11/12/2025,T001-4140,GUZMAN,11/12/2025,50,ALMC,12/12/2025,50,17/12/2025,EG03-00011724,EG07-00007344,,4700004050-6,26/12/2025,
2025-2026,LIQUIDADO,HF PERU,25-129-HPER,4700004050-6,GONZALO, AVIBIOL ,SUSTRATOS,FIBRA DE COCO,M&S,F001-00002971,"25,000.00",KG,USD,"16,442.83","16,442.83",60,CIF,SEA,FCL,ESPAÑA,VALENCIA,CALLAO,1,40 HC,24,PALLET,29/10/2025,NA,NA,DIRECTO,NA,MAERSK,259866738,TGBU6687604,ML-ES0620508,"24,140.00",20/10/2025,43,MAEU259866738,MAERSK BENGUELA 542S,21/11/2025,47,NO,NA,NEW AGE,AVM,25/001726,6/11/2025,19/11/2025,118-2025-10-508859-01-6-00,27/11/2025,10/12/2025,9/12/2025,12/12/2025,ALMACEN LIMA,AVM,11/12/2025,T001-4141,GUZMAN,11/12/2025,50,ALMC,15/1/2026,3,19/1/2026,EG03-00012160,EG07-00007714,,4700004050-6,26/12/2025,
2025-2026,LIQUIDADO,HF PERU,25-129-HPER,4700004050-6,GONZALO, AVIBIOL ,SUSTRATOS,FIBRA DE COCO,M&S,F001-00002971,"25,000.00",KG,USD,"16,442.83","16,442.83",60,CIF,SEA,FCL,ESPAÑA,VALENCIA,CALLAO,1,40 HC,24,PALLET,29/10/2025,NA,NA,DIRECTO,NA,MAERSK,259866738,UETU8044590,ML-ES0498290,"23,760.00",20/10/2025,43,MAEU259866738,MAERSK BENGUELA 542S,21/11/2025,47,NO,NA,NEW AGE,AVM,25/001726,6/11/2025,19/11/2025,118-2025-10-508859-01-6-00,27/11/2025,10/12/2025,9/12/2025,12/12/2025,ALMACEN LIMA,AVM,11/12/2025,T001-4142,GUZMAN,11/12/2025,50,ALMC,12/12/2025,50,17/12/2025,EG03-00011721,EG07-00007345,,4700004050-6,26/12/2025,
2025-2026,LIQUIDADO,HF PERU,25-129-HPER,4700004050-6,GONZALO, AVIBIOL ,SUSTRATOS,FIBRA DE COCO,M&S,F001-00002971,"25,000.00",KG,USD,"16,442.83","16,442.83",60,CIF,SEA,FCL,ESPAÑA,VALENCIA,CALLAO,1,40 HC,24,PALLET,29/10/2025,NA,NA,DIRECTO,NA,MAERSK,259866738,UETU8375598,ML-ES0538302,"23,980.00",20/10/2025,43,MAEU259866738,MAERSK BENGUELA 542S,21/11/2025,47,NO,NA,NEW AGE,AVM,25/001726,6/11/2025,19/11/2025,118-2025-10-508859-01-6-00,27/11/2025,10/12/2025,9/12/2025,12/12/2025,ALMACEN LIMA,AVM,11/12/2025,T001-4143,GUZMAN,11/12/2025,50,ALMC,12/12/2025,50,17/12/2025,EG03-00011723,EG07-00007342,,4700004050-6,26/12/2025,
2025-2026,LIQUIDADO,HF PERU,25-163-HPER,4700004051-1,GONZALO, CARFIA ,SUSTRATOS,FIBRA DE COCO,M&S,A/25030,22.00,UN,USD,"13,500.30","13,500.30",60,CIF,SEA,FCL,ESPAÑA,MALAGA,CALLAO,1,40 HC,22,PALLET,29/10/2025,NA,NA,DIRECTO,NA,MSC,EBKG14404468,MSDU7801953,FX35745383,"24,586.00",24/10/2025,43,MEDUFO087730,MSC PALAK NX542A,25/11/2025,48,NO,NA,MERKUR,LIP,17029,27/10/2025,21/11/2025,118-2025-10-513218-01-5-00 ,27/11/2025,27/11/2025,4/12/2025,15/12/2025,DIRECTO,NA,5/12/2025,NA,LIP,6/12/2025,49,ALMC,6/12/2025,49,18/12/2025,EG03-00000310,EG07-00007285,,4700004051-1,30/12/2025,7/1/2026
2025-2026,LIQUIDADO,HF PERU,25-163-HPER,4700004051-1,GONZALO, CARFIA ,SUSTRATOS,FIBRA DE COCO,M&S,A/25030,22.00,UN,USD,"13,500.30","13,500.30",60,CIF,SEA,FCL,ESPAÑA,MALAGA,CALLAO,1,40 HC,22,PALLET,29/10/2025,NA,NA,DIRECTO,NA,MSC,EBKG14404468,MEDU7269524,FX35745224,"24,586.00",24/10/2025,43,MEDUFO087730,MSC PALAK NX542A,25/11/2025,48,NO,NA,MERKUR,LIP,17029,27/10/2025,21/11/2025,118-2025-10-513218-01-5-00 ,27/11/2025,27/11/2025,3/12/2025,15/12/2025,DIRECTO,NA,4/12/2025,NA,LIP,5/12/2025,49,ALMC,5/12/2025,49,18/12/2025,EG03-00000894,EG07-00007257,,4700004051-1,30/12/2025,7/1/2026
2025-2026,LIQUIDADO,HF PERU,25-163-HPER,4700004051-1,GONZALO, CARFIA ,SUSTRATOS,FIBRA DE COCO,M&S,A/25030,22.00,UN,USD,"13,500.30","13,500.30",60,CIF,SEA,FCL,ESPAÑA,MALAGA,CALLAO,1,40 HC,22,PALLET,29/10/2025,NA,NA,DIRECTO,NA,MSC,EBKG14404468,MSMU8143093,FX35746448,"24,586.00",24/10/2025,43,MEDUFO087730,MSC PALAK NX542A,25/11/2025,48,NO,NA,MERKUR,LIP,17029,27/10/2025,21/11/2025,118-2025-10-513218-01-5-00 ,27/11/2025,27/11/2025,3/12/2025,15/12/2025,DIRECTO,NA,4/12/2025,NA,LIP,5/12/2025,49,ALMC,5/12/2025,49,18/12/2025,EG03-00001632,EG07-00007259,,4700004051-1,30/12/2025,7/1/2026
2025-2026,LIQUIDADO,HF PERU,25-163-HPER,4700004051-1,GONZALO, CARFIA ,SUSTRATOS,FIBRA DE COCO,M&S,A/25030,22.00,UN,USD,"13,500.30","13,500.30",60,CIF,SEA,FCL,ESPAÑA,MALAGA,CALLAO,1,40 HC,22,PALLET,29/10/2025,NA,NA,DIRECTO,NA,MSC,EBKG14404468,MSDU7448595,FX35516960,"24,586.00",24/10/2025,43,MEDUFO087730,MSC PALAK NX542A,25/11/2025,48,NO,NA,MERKUR,LIP,17029,27/10/2025,21/11/2025,118-2025-10-513218-01-5-00 ,27/11/2025,27/11/2025,3/12/2025,15/12/2025,DIRECTO,NA,4/12/2025,NA,LIP,5/12/2025,49,ALMC,5/12/2025,49,18/12/2025,EG03-00001633,EG07-00007261,,4700004051-1,30/12/2025,7/1/2026
2025-2026,LIQUIDADO,HF PERU,25-163-HPER,4700004051-1,GONZALO, CARFIA ,SUSTRATOS,FIBRA DE COCO,M&S,A/25030,22.00,UN,USD,"13,500.30","13,500.30",60,CIF,SEA,FCL,ESPAÑA,MALAGA,CALLAO,1,40 HC,22,PALLET,29/10/2025,NA,NA,DIRECTO,NA,MSC,EBKG14404468,FFAU5855589,FX35745138,"24,586.00",24/10/2025,43,MEDUFO087730,MSC PALAK NX542A,25/11/2025,48,NO,NA,MERKUR,LIP,17029,27/10/2025,21/11/2025,118-2025-10-513218-01-5-00 ,27/11/2025,27/11/2025,3/12/2025,15/12/2025,DIRECTO,NA,4/12/2025,NA,LIP,5/12/2025,49,ALMC,5/12/2025,49,18/12/2025,EG03-00001632,EG07-00007262,,4700004051-1,30/12/2025,7/1/2026
2025-2026,LIQUIDADO,HF PERU,25-163-HPER,4700004051-1,GONZALO, CARFIA ,SUSTRATOS,FIBRA DE COCO,M&S,A/25030,22.00,UN,USD,"13,500.30","13,500.30",60,CIF,SEA,FCL,ESPAÑA,MALAGA,CALLAO,1,40 HC,22,PALLET,29/10/2025,NA,NA,DIRECTO,NA,MSC,EBKG14404468,CAIU7219461,FX35671866,"24,586.00",24/10/2025,43,MEDUFO087730,MSC PALAK NX542A,25/11/2025,48,NO,NA,MERKUR,LIP,17029,27/10/2025,21/11/2025,118-2025-10-513218-01-5-00 ,27/11/2025,27/11/2025,4/12/2025,15/12/2025,DIRECTO,NA,5/12/2025,NA,LIP,6/12/2025,49,ALMC,6/12/2025,49,18/12/2025,EG03-00000896,EG07-00007286,,4700004051-1,30/12/2025,7/1/2026
2025-2026,LIQUIDADO,HF PERU,25-119-HPER,4700004049-7,GONZALO, DEHUAN ,E & E,MACETAS DE PLASTICO 30L,M&S,TLD25024DW-7,"23,019.00",UN,USD,"33,722.84","33,722.84",0,CIF,SEA,FCL,CHINA,NINGBO,CALLAO,1,40 HC,20,PALLET,29/10/2025,NA,NA,DIRECTO,NA,EVERGREEN,143568828764,CIPU5165079,EMCWGK7244,"16,101.00",12/10/2025,41,EGLV143568828764,EVER LISSOME 0753-071E,26/11/2025,48,NO,NA,IMUPESA,AVM,25/001756,17/11/2025,25/11/2025, 118-2025-10-518275-01-7-00,NA,NA,1/12/2025,17/12/2025,DIRECTO,NA,2/12/2025,NA,MERIDIAN,3/12/2025,49,ALMC,3/12/2025,49,5/12/2025,EG03-00053763,EG07-00007201,,4700004049-7,19/12/2025,22/12/2025
2025-2026,ENTREGADO,HFE BERRIES,25-023-HFEB,4700004209-4,FIORELLA,JCK,E & E,PUNNET 11 OZ,ENV,1177,"498,240.00",UN,USD,"26,406.72","26,406.72",120,EXW,SEA,FCL,CHILE,SAN ANTONIO,CALLAO,1,40 HC,692,CAJA,NA,3/6/2025,7/6/2025,AIRSEALOG,S00058287,CMA CGM,SNG0483268,ECMU7348588,M5622037,"7,930.32",21/11/2025,47,ASLCLS00058287,CAPE HELLAS 0LIJ0N1MA,26/11/2025,48,SI,20/11/2025,UNIMAR,AVM,25/001773,20/11/2025,24/11/2025, 118-2025-10-515416-01-9-00,NA,NA,10/12/2025,15/12/2025,DIRECTO,NA,10/12/2025,NA,MERIDIAN,12/12/2025,50,OLMOS,12/12/2025,50,NA,NA,NA,,4700004209-4,,
2025-2026,LIQUIDADO,HF PERU,25-170-HPER,4700004315,FIORELLA, JCK ,E & E,PUNNET 250GR,ENV,1176,"605,880.00",UN,USD,"20,599.92","20,599.92",90,EXW,SEA,FCL,CHILE,SAN ANTONIO,CALLAO,1,40 HC,748,CAJA,NA,3/6/2025,10/6/2025,AIRSEALOG,S00060290 ,CMA CGM,SNG0483269,TXGU8603565,M5639744,"7,764.24",21/11/2025,47,ASLCLS00060290,CAPE HELLAS 0LIJ0N1MA,26/11/2025,48,SI,20/11/2025,IMUPESA,AVM,25/001772,20/11/2025,24/11/2025,118-2025-10-515454-01-8-00,NA,NA,3/12/2025,15/12/2025,DIRECTO,NA,4/12/2025,NA,MERIDIAN,5/12/2025,49,PLSA,5/12/2025,49,10/12/2025,EG03-00053891,EG07-00007248,,4700004315,17/12/2025,
2025-2026,LIQUIDADO,HF PERU,25-164-HPER,4700004051-2,GONZALO, CARFIA ,SUSTRATOS,FIBRA DE COCO,M&S,A/25031,22.00,UN,USD,"13,500.30","13,500.30",60,CIF,SEA,FCL,ESPAÑA,MALAGA,CALLAO,1,40 HC,22,PALLET,29/10/2025,NA,NA,DIRECTO,NA,MSC,EBKG14428059,TCNU2903670,FX39500770,"24,500.00",1/11/2025,44,MEDUFO093076,MSC ALANYA NX544A,27/11/2025,48,NO,NA,MERKUR,LIP,17030,30/10/2025,25/11/2025,118-2025-10-518864-01-2-00,10/12/2025,10/12/2025,13/12/2025,17/12/2025,ALMACEN LIMA,LIP,15/12/2025,T001-8430,GUZMAN,15/12/2025,51,ALMC,21/12/2025,51,26/12/2025,EG03-00011856,EG07-00007482,,4700004051-2,26/12/2025,5/1/2026
2025-2026,LIQUIDADO,HF PERU,25-164-HPER,4700004051-2,GONZALO, CARFIA ,SUSTRATOS,FIBRA DE COCO,M&S,A/25031,22.00,UN,USD,"13,500.30","13,500.30",60,CIF,SEA,FCL,ESPAÑA,MALAGA,CALLAO,1,40 HC,22,PALLET,29/10/2025,NA,NA,DIRECTO,NA,MSC,EBKG14428059,CAIU4729754,FX35745053,"24,500.00",1/11/2025,44,MEDUFO093076,MSC ALANYA NX544A,27/11/2025,48,NO,NA,MERKUR,LIP,17030,30/10/2025,25/11/2025,118-2025-10-518864-01-2-00,10/12/2025,10/12/2025,13/12/2025,17/12/2025,ALMACEN LIMA,LIP,15/12/2025,T001-8432,GUZMAN,15/12/2025,51,ALMC,20/12/2025,51,26/12/2025,EG03-00011847,EG07-00007480,,4700004051-2,26/12/2025,5/1/2026
2025-2026,LIQUIDADO,HF PERU,25-164-HPER,4700004051-2,GONZALO, CARFIA ,SUSTRATOS,FIBRA DE COCO,M&S,A/25031,22.00,UN,USD,"13,500.30","13,500.30",60,CIF,SEA,FCL,ESPAÑA,MALAGA,CALLAO,1,40 HC,22,PALLET,29/10/2025,NA,NA,DIRECTO,NA,MSC,EBKG14428059,FFAU1692565,FX39532303,"24,500.00",1/11/2025,44,MEDUFO093076,MSC ALANYA NX544A,27/11/2025,48,NO,NA,MERKUR,LIP,17030,30/10/2025,25/11/2025,118-2025-10-518864-01-2-00,10/12/2025,10/12/2025,13/12/2025,17/12/2025,ALMACEN LIMA,LIP,15/12/2025,T001-8431,GUZMAN,15/12/2025,51,ALMC,20/12/2025,51,26/12/2025,EG03-00011846,EG07-00007479,,4700004051-2,26/12/2025,5/1/2026
2025-2026,LIQUIDADO,HF PERU,25-164-HPER,4700004051-2,GONZALO, CARFIA ,SUSTRATOS,FIBRA DE COCO,M&S,A/25031,22.00,UN,USD,"13,500.30","13,500.30",60,CIF,SEA,FCL,ESPAÑA,MALAGA,CALLAO,1,40 HC,22,PALLET,29/10/2025,NA,NA,DIRECTO,NA,MSC,EBKG14428059,MSBU5202007,FX35746310,"24,500.00",1/11/2025,44,MEDUFO093076,MSC ALANYA NX544A,27/11/2025,48,NO,NA,MERKUR,LIP,17030,30/10/2025,25/11/2025,118-2025-10-518864-01-2-00,10/12/2025,10/12/2025,13/12/2025,17/12/2025,ALMACEN LIMA,LIP,15/12/2025,T001-8451,GUZMAN,15/12/2025,51,ALMC,21/12/2025,51,26/12/2025,EG03-00011857,EG07-00007483,,4700004051-2,26/12/2025,5/1/2026
2025-2026,LIQUIDADO,HF PERU,25-164-HPER,4700004051-2,GONZALO, CARFIA ,SUSTRATOS,FIBRA DE COCO,M&S,A/25031,22.00,UN,USD,"13,500.30","13,500.30",60,CIF,SEA,FCL,ESPAÑA,MALAGA,CALLAO,1,40 HC,22,PALLET,29/10/2025,NA,NA,DIRECTO,NA,MSC,EBKG14428059,MSMU8108889,FX35743507,"24,500.00",1/11/2025,44,MEDUFO093076,MSC ALANYA NX544A,27/11/2025,48,NO,NA,MERKUR,LIP,17030,30/10/2025,25/11/2025,118-2025-10-518864-01-2-00,10/12/2025,10/12/2025,13/12/2025,17/12/2025,ALMACEN LIMA,LIP,15/12/2025,T001-8450,GUZMAN,15/12/2025,51,ALMC,21/12/2025,51,26/12/2025,EG03-00011858,EG07-00007484,,4700004051-2,26/12/2025,5/1/2026
2025-2026,LIQUIDADO,HF PERU,25-164-HPER,4700004051-2,GONZALO, CARFIA ,SUSTRATOS,FIBRA DE COCO,M&S,A/25031,22.00,UN,USD,"13,500.30","13,500.30",60,CIF,SEA,FCL,ESPAÑA,MALAGA,CALLAO,1,40 HC,22,PALLET,29/10/2025,NA,NA,DIRECTO,NA,MSC,EBKG14428059,TCLU5919360,FX35743890,"24,500.00",1/11/2025,44,MEDUFO093076,MSC ALANYA NX544A,27/11/2025,48,NO,NA,MERKUR,LIP,17030,30/10/2025,25/11/2025,118-2025-10-518864-01-2-00,10/12/2025,10/12/2025,13/12/2025,17/12/2025,ALMACEN LIMA,LIP,15/12/2025,T001-8452,GUZMAN,15/12/2025,51,ALMC,21/12/2025,51,26/12/2025,EG03-00011859,EG07-00007486,,4700004051-2,26/12/2025,5/1/2026
2025-2026,ENTREGADO,HFE BERRIES,25-032-HFEB,4700004272,VICTOR, SMARTPACK ,SPAREPARTS,REPUESTOS VARIOS,-,271,2.00,UN,USD,"1,265.73","1,265.73",30,EXW,AIR,AIR,CHILE,SANTIAGO,LIMA,NA,NA,1,CAJA,NA,26/11/2025,26/11/2025,FORBIS,PE-25110951-01,SKY CARGO,605-00633883,NA,NA,1.00,2/12/2025,49,PELIM25195H,SKY CARGO,2/12/2025,49,SI,2/12/2025,ALFOSAC,LIP,18879,1/12/2025,2/12/2025,235-2025-10-199511-01-1-00 ,NA,NA,8/12/2025,NA,DIRECTO,NA,5/12/2025,NA,LIP,10/12/2025,50,OLMOS,12/12/2025,50,NA,NA,NA,,4700004272,,
2025-2026,LIQUIDADO,HF PERU,25-095-HPER,4700004124-6,FIORELLA, PREMIUM CHOICE ,E & E,CLAMSHELL 125GR,ENV,G001-00063,"600,000.00",UN,USD,"11,340.00","11,340.00",60,FOB,SEA,FCL,CHINA,SHANGHAI,CALLAO,1,40 HC,600,CAJA,NA,9/7/2025,31/7/2025,GASTALDI,RO-2500000176,EVERGREEN,140557334052,DRYU9840859,EMCSXL1404,"7,200.00",16/10/2025,42,TMSE3772469,EVER LOYAL 0754-073E,4/12/2025,49,SI,9/10/2025,IMUPESA,AVM,25/001672,5/11/2025,27/11/2025,118-2025-10-522396-01-1-00,NA,NA,14/12/2025,23/12/2025,DIRECTO,NA,15/12/2025,NA,MERIDIAN,16/12/2025,51,MAQ0,16/12/2025,51,18/12/2025,EG03-00054261,EG07-00007387,,4700004124-6,26/12/2025,
2025-2026,LIQUIDADO,HF PERU,25-095-HPER,4700004124-6,FIORELLA, PREMIUM CHOICE ,E & E,CLAMSHELL 125GR,ENV,G001-00063,"600,000.00",UN,USD,"11,340.00","11,340.00",60,FOB,SEA,FCL,CHINA,SHANGHAI,CALLAO,1,40 HC,600,CAJA,NA,9/7/2025,31/7/2025,GASTALDI,RO-2500000176,EVERGREEN,140557334052,FCIU9467104,EMCSUP6794,"7,200.00",16/10/2025,42,TMSE3772469,EVER LOYAL 0754-073E,4/12/2025,49,SI,9/10/2025,IMUPESA,AVM,25/001672,5/11/2025,27/11/2025,118-2025-10-522396-01-1-00,NA,NA,14/12/2025,23/12/2025,DIRECTO,NA,15/12/2025,NA,MERIDIAN,16/12/2025,51,MAQ0,16/12/2025,51,18/12/2025,EG03-00054260,EG07-00007388,,4700004124-6,26/12/2025,
2025-2026,LIQUIDADO,HF PERU,25-182-HPER,4700004240,MELANIE, SMARTPACK ,SPAREPARTS,REPUESTOS VARIOS,-,275,1.00,UN,USD,"12,252.00","12,252.00",30,EXW,AIR,AIR,CHILE,SANTIAGO,LIMA,NA,NA,1,CAJA,NA,26/11/2025,26/11/2025,AIRSEALOG,S00061268,KOREAN,180-19085043,NA,NA,155.00,5/12/2025,49,PELIM25194C,KOREAN CARGO,5/12/2025,49,SI,4/12/2025,ALFOSAC,LIP,19130,4/12/2025,4/12/2025,235-2025-10-201692-01-0-00,NA,NA,5/12/2025,NA,ALMACEN LIMA,LIP,10/12/2025,T001-8360,GUZMAN,11/12/2025,50,PLSA,17/12/2025,51,30/12/2025,EG03-00011787,EG07-00007411,,4700004240,26/12/2025,9/1/2026
2025-2026,LIQUIDADO,HF PERU,25-130-HPER,4700004050-7,GONZALO, AVIBIOL ,SUSTRATOS,FIBRA DE COCO,M&S,F001-00002981,"25,000.00",KG,USD,"16,442.83","16,442.83",60,CIF,SEA,FCL,ESPAÑA,VALENCIA,CALLAO,1,40 HC,24,PALLET,29/10/2025,NA,NA,DIRECTO,NA,MAERSK,259866896,CAAU5230638,ML-ES0351718,"24,140.00",28/10/2025,44,MAEU259866896,MAERSK BATUR 544S,5/12/2025,49,NO,NA,NEW AGE,AVM,25/001542,12/11/2025,3/12/2025,118-2025-10-532569-01-4-00,15/12/2025,19/12/2025,18/12/2025,25/12/2025,ALMACEN LIMA,AVM,20/12/2025,T001-4223,GUZMAN,20/12/2025,51,ALMC,23/12/2025,52,27/12/2025,EG03-00011867,EG07-00007506,,4700004050-7,26/12/2025,9/1/2026
2025-2026,LIQUIDADO,HF PERU,25-130-HPER,4700004050-7,GONZALO, AVIBIOL ,SUSTRATOS,FIBRA DE COCO,M&S,F001-00002981,"25,000.00",KG,USD,"16,442.83","16,442.83",60,CIF,SEA,FCL,ESPAÑA,VALENCIA,CALLAO,1,40 HC,24,PALLET,29/10/2025,NA,NA,DIRECTO,NA,MAERSK,259866896,MRSU6258112,ML-ES0380625,"23,980.00",28/10/2025,44,MAEU259866896,MAERSK BATUR 544S,5/12/2025,49,NO,NA,NEW AGE,AVM,25/001542,12/11/2025,3/12/2025,118-2025-10-532569-01-4-00,15/12/2025,19/12/2025,18/12/2025,25/12/2025,ALMACEN LIMA,AVM,20/12/2025,T001-4222,GUZMAN,20/12/2025,51,ALMC,24/12/2025,52,27/12/2025,EG03-00011880,EG07-00007518,,4700004050-7,26/12/2025,9/1/2026
2025-2026,LIQUIDADO,HF PERU,25-130-HPER,4700004050-7,GONZALO, AVIBIOL ,SUSTRATOS,FIBRA DE COCO,M&S,F001-00002981,"25,000.00",KG,USD,"16,442.83","16,442.83",60,CIF,SEA,FCL,ESPAÑA,VALENCIA,CALLAO,1,40 HC,24,PALLET,29/10/2025,NA,NA,DIRECTO,NA,MAERSK,259866896,MRSU8762858,ML-ES0317425,"24,180.00",28/10/2025,44,MAEU259866896,MAERSK BATUR 544S,5/12/2025,49,NO,NA,NEW AGE,AVM,25/001542,12/11/2025,3/12/2025,118-2025-10-532569-01-4-00,15/12/2025,19/12/2025,18/12/2025,25/12/2025,ALMACEN LIMA,AVM,20/12/2025,T001-4221,GUZMAN,20/12/2025,51,ALMC,24/12/2025,52,27/12/2025,EG03-00011879,EG07-00007523,,4700004050-7,26/12/2025,9/1/2026
2025-2026,LIQUIDADO,HF PERU,25-130-HPER,4700004050-7,GONZALO, AVIBIOL ,SUSTRATOS,FIBRA DE COCO,M&S,F001-00002981,"25,000.00",KG,USD,"16,442.83","16,442.83",60,CIF,SEA,FCL,ESPAÑA,VALENCIA,CALLAO,1,40 HC,24,PALLET,29/10/2025,NA,NA,DIRECTO,NA,MAERSK,259866896,CAAU7952178,ML-ES0621563,"24,260.00",28/10/2025,44,MAEU259866896,MAERSK BATUR 544S,5/12/2025,49,NO,NA,NEW AGE,AVM,25/001542,12/11/2025,3/12/2025,118-2025-10-532569-01-4-00,15/12/2025,19/12/2025,18/12/2025,25/12/2025,ALMACEN LIMA,AVM,20/12/2025,T001-4226,GUZMAN,20/12/2025,51,ALMC,23/12/2025,52,27/12/2025,EG03-00011865,EG07-00007507,,4700004050-7,26/12/2025,9/1/2026
2025-2026,LIQUIDADO,HF PERU,25-130-HPER,4700004050-7,GONZALO, AVIBIOL ,SUSTRATOS,FIBRA DE COCO,M&S,F001-00002981,"25,000.00",KG,USD,"16,442.83","16,442.83",60,CIF,SEA,FCL,ESPAÑA,VALENCIA,CALLAO,1,40 HC,24,PALLET,29/10/2025,NA,NA,DIRECTO,NA,MAERSK,259866896,CIPU5250545,ML-ES0618811,"24,160.00",28/10/2025,44,MAEU259866896,MAERSK BATUR 544S,5/12/2025,49,NO,NA,NEW AGE,AVM,25/001542,12/11/2025,3/12/2025,118-2025-10-532569-01-4-00,15/12/2025,19/12/2025,18/12/2025,25/12/2025,ALMACEN LIMA,AVM,20/12/2025,T001-4224,GUZMAN,20/12/2025,51,ALMC,24/12/2025,52,27/12/2025,EG03-00011881,EG07-00007519,,4700004050-7,26/12/2025,
2025-2026,LIQUIDADO,HF PERU,25-131-HPER,4700004050-8,GONZALO, AVIBIOL ,SUSTRATOS,FIBRA DE COCO,M&S,F001-00002980,"25,000.00",KG,USD,"16,442.83","16,442.83",60,CIF,SEA,FCL,ESPAÑA,VALENCIA,CALLAO,1,40 HC,24,PALLET,29/10/2025,NA,NA,DIRECTO,NA,MAERSK,261002208,MRSU6158495,ML-ES0040846,"23,880.00",28/10/2025,44,MAEU261002208,MAERSK BATUR 544S,5/12/2025,49,NO,NA,NEW AGE,AVM,25/001543,12/11/2025,3/12/2025,118-2025-10-532295-01-1-00,15/12/2025,19/12/2025,20/12/2025,25/12/2025,ALMACEN LIMA,AVM,22/12/2025,T001-4227,GUZMAN,22/12/2025,52,ALMC,3/1/2026,1,6/1/2026,EG03-00011950,EG07-00007587,,4700004050-8,26/12/2025,
2025-2026,LIQUIDADO,HF PERU,25-131-HPER,4700004050-8,GONZALO, AVIBIOL ,SUSTRATOS,FIBRA DE COCO,M&S,F001-00002980,"25,000.00",KG,USD,"16,442.83","16,442.83",60,CIF,SEA,FCL,ESPAÑA,VALENCIA,CALLAO,1,40 HC,24,PALLET,29/10/2025,NA,NA,DIRECTO,NA,MAERSK,261002208,TCKU7706915,ML-ES0622157,"24,160.00",28/10/2025,44,MAEU261002208,MAERSK BATUR 544S,5/12/2025,49,NO,NA,NEW AGE,AVM,25/001543,12/11/2025,3/12/2025,118-2025-10-532295-01-1-00,15/12/2025,19/12/2025,20/12/2025,25/12/2025,ALMACEN LIMA,AVM,22/12/2025,T001-4230,GUZMAN,22/12/2025,52,ALMC,24/12/2025,52,27/12/2025,EG03-00011882,EG07-00007520,,4700004050-8,26/12/2025,
2025-2026,LIQUIDADO,HF PERU,25-131-HPER,4700004050-8,GONZALO, AVIBIOL ,SUSTRATOS,FIBRA DE COCO,M&S,F001-00002980,"25,000.00",KG,USD,"16,442.83","16,442.83",60,CIF,SEA,FCL,ESPAÑA,VALENCIA,CALLAO,1,40 HC,24,PALLET,29/10/2025,NA,NA,DIRECTO,NA,MAERSK,261002208,TCKU6708662,ML-ES0538300,"24,180.00",28/10/2025,44,MAEU261002208,MAERSK BATUR 544S,5/12/2025,49,NO,NA,NEW AGE,AVM,25/001543,12/11/2025,3/12/2025,118-2025-10-532295-01-1-00,15/12/2025,19/12/2025,20/12/2025,25/12/2025,ALMACEN LIMA,AVM,22/12/2025,T001-4229,GUZMAN,22/12/2025,52,ALMC,24/12/2025,52,27/12/2025,EG03-00011883,EG07-00007521,,4700004050-8,26/12/2025,
2025-2026,LIQUIDADO,HF PERU,25-131-HPER,4700004050-8,GONZALO, AVIBIOL ,SUSTRATOS,FIBRA DE COCO,M&S,F001-00002980,"25,000.00",KG,USD,"16,442.83","16,442.83",60,CIF,SEA,FCL,ESPAÑA,VALENCIA,CALLAO,1,40 HC,24,PALLET,29/10/2025,NA,NA,DIRECTO,NA,MAERSK,261002208,MRSU8719419,ML-ES0538292,"24,120.00",28/10/2025,44,MAEU261002208,MAERSK BATUR 544S,5/12/2025,49,NO,NA,NEW AGE,AVM,25/001543,12/11/2025,3/12/2025,118-2025-10-532295-01-1-00,15/12/2025,19/12/2025,20/12/2025,25/12/2025,ALMACEN LIMA,AVM,22/12/2025,T001-4228,GUZMAN,22/12/2025,52,ALMC,3/1/2026,1,6/1/2026,EG03-00011948,EG07-00007583,,4700004050-8,26/12/2025,
2025-2026,LIQUIDADO,HF PERU,25-131-HPER,4700004050-8,GONZALO, AVIBIOL ,SUSTRATOS,FIBRA DE COCO,M&S,F001-00002980,"25,000.00",KG,USD,"16,442.83","16,442.83",60,CIF,SEA,FCL,ESPAÑA,VALENCIA,CALLAO,1,40 HC,24,PALLET,29/10/2025,NA,NA,DIRECTO,NA,MAERSK,261002208,TEMU7438381,ML-ES0538298,"23,960.00",28/10/2025,44,MAEU261002208,MAERSK BATUR 544S,5/12/2025,49,NO,NA,NEW AGE,AVM,25/001543,12/11/2025,3/12/2025,118-2025-10-532295-01-1-00,15/12/2025,19/12/2025,20/12/2025,25/12/2025,ALMACEN LIMA,AVM,22/12/2025,T001-4231,GUZMAN,22/12/2025,52,ALMC,24/12/2025,52,27/12/2025,EG03-00011878,EG07-00007522,,4700004050-8,,
2025-2026,LIQUIDADO,HF PERU,25-165-HPER,4700004051-3,GONZALO, CARFIA ,SUSTRATOS,FIBRA DE COCO,M&S,A/25033,22.00,UN,USD,"13,500.30","13,500.30",60,CIF,SEA,FCL,ESPAÑA,MALAGA,CALLAO,1,40 HC,22,PALLET,29/10/2025,NA,NA,DIRECTO,NA,MSC,EBKG14641320,MEDU7593718,FX35746323,"24,500.00",10/11/2025,46,MEDUFO095881,MSC EUGENIA NX545A,7/12/2025,49,NO,NA,MERKUR,LIP,17293,3/11/2025,1/12/2025,118-2025-10-527704-01-4-00,12/12/2025,12/12/2025,14/12/2025,26/12/2025,DIRECTO,NA,15/12/2025,NA,LIP,16/12/2025,51,ALMC,16/12/2025,51,18/12/2025,EG03-00000904,EG07-00007389,,4700004051-3,26/12/2025,7/1/2026
2025-2026,LIQUIDADO,HF PERU,25-165-HPER,4700004051-3,GONZALO, CARFIA ,SUSTRATOS,FIBRA DE COCO,M&S,A/25033,22.00,UN,USD,"13,500.30","13,500.30",60,CIF,SEA,FCL,ESPAÑA,MALAGA,CALLAO,1,40 HC,22,PALLET,29/10/2025,NA,NA,DIRECTO,NA,MSC,EBKG14641320,MSDU6536583,FX35746371,"24,500.00",10/11/2025,46,MEDUFO095881,MSC EUGENIA NX545A,7/12/2025,49,NO,NA,MERKUR,LIP,17293,3/11/2025,1/12/2025,118-2025-10-527704-01-4-00,12/12/2025,12/12/2025,14/12/2025,26/12/2025,DIRECTO,NA,15/12/2025,NA,LIP,16/12/2025,51,ALMC,16/12/2025,51,18/12/2025,EG03-00001689,EG07-00007393,,4700004051-3,26/12/2025,7/1/2026
2025-2026,LIQUIDADO,HF PERU,25-165-HPER,4700004051-3,GONZALO, CARFIA ,SUSTRATOS,FIBRA DE COCO,M&S,A/25033,22.00,UN,USD,"13,500.30","13,500.30",60,CIF,SEA,FCL,ESPAÑA,MALAGA,CALLAO,1,40 HC,22,PALLET,29/10/2025,NA,NA,DIRECTO,NA,MSC,EBKG14641320,MSMU8442108,FX39531685,"24,500.00",10/11/2025,46,MEDUFO095881,MSC EUGENIA NX545A,7/12/2025,49,NO,NA,MERKUR,LIP,17293,3/11/2025,1/12/2025,118-2025-10-527704-01-4-00,12/12/2025,12/12/2025,14/12/2025,26/12/2025,DIRECTO,NA,15/12/2025,NA,LIP,16/12/2025,51,ALMC,16/12/2025,51,18/12/2025,EG03-00001694,EG07-00007398,,4700004051-3,26/12/2025,7/1/2026
2025-2026,LIQUIDADO,HF PERU,25-165-HPER,4700004051-3,GONZALO, CARFIA ,SUSTRATOS,FIBRA DE COCO,M&S,A/25033,22.00,UN,USD,"13,500.30","13,500.30",60,CIF,SEA,FCL,ESPAÑA,MALAGA,CALLAO,1,40 HC,22,PALLET,29/10/2025,NA,NA,DIRECTO,NA,MSC,EBKG14641320,CAIU8959586,FX35746451,"24,500.00",10/11/2025,46,MEDUFO095881,MSC EUGENIA NX545A,7/12/2025,49,NO,NA,MERKUR,LIP,17293,3/11/2025,1/12/2025,118-2025-10-527704-01-4-00,12/12/2025,12/12/2025,15/12/2025,26/12/2025,DIRECTO,NA,16/12/2025,NA,LIP,17/12/2025,51,ALMC,17/12/2025,51,18/12/2025,VGT3-00005145,EG07-00007405,,4700004051-3,26/12/2025,7/1/2026
2025-2026,LIQUIDADO,HF PERU,25-165-HPER,4700004051-3,GONZALO, CARFIA ,SUSTRATOS,FIBRA DE COCO,M&S,A/25033,22.00,UN,USD,"13,500.30","13,500.30",60,CIF,SEA,FCL,ESPAÑA,MALAGA,CALLAO,1,40 HC,22,PALLET,29/10/2025,NA,NA,DIRECTO,NA,MSC,EBKG14641320,FFAU1542499,FX39532256,"24,500.00",10/11/2025,46,MEDUFO095881,MSC EUGENIA NX545A,7/12/2025,49,NO,NA,MERKUR,LIP,17293,3/11/2025,1/12/2025,118-2025-10-527704-01-4-00,12/12/2025,12/12/2025,15/12/2025,26/12/2025,DIRECTO,NA,16/12/2025,NA,LIP,17/12/2025,51,ALMC,17/12/2025,51,18/12/2025,VGT3-00005146,EG07-00007406,,4700004051-3,26/12/2025,7/1/2026
2025-2026,LIQUIDADO,HF PERU,25-165-HPER,4700004051-3,GONZALO, CARFIA ,SUSTRATOS,FIBRA DE COCO,M&S,A/25033,22.00,UN,USD,"13,500.30","13,500.30",60,CIF,SEA,FCL,ESPAÑA,MALAGA,CALLAO,1,40 HC,22,PALLET,29/10/2025,NA,NA,DIRECTO,NA,MSC,EBKG14641320,MSNU5289067,FX39532370,"24,500.00",10/11/2025,46,MEDUFO095881,MSC EUGENIA NX545A,7/12/2025,49,NO,NA,MERKUR,LIP,17293,3/11/2025,1/12/2025,118-2025-10-527704-01-4-00,12/12/2025,12/12/2025,15/12/2025,26/12/2025,DIRECTO,NA,16/12/2025,NA,LIP,17/12/2025,51,ALMC,17/12/2025,51,18/12/2025,VGT3-00005144,EG07-00007407,,4700004051-3,26/12/2025,7/1/2026
2025-2026,LIQUIDADO,HF PERU,25-183-HPER,4700004294,MELANIE, SMARTPACK ,SPAREPARTS,REPUESTOS VARIOS,-,272,6.00,UN,USD,"3,949.84","3,949.84",30,EXW,AIR,AIR,CHILE,SANTIAGO,LIMA,NA,NA,0.25,CAJA,NA,26/11/2025,26/11/2025,AIRSEALOG,S00061267,KOREAN,180-19085065,1,NA,2.25,8/12/2025,50,PELIM25196,KOREAN CARGO,8/12/2025,50,SI,5/12/2025,ALFOSAC,LIP,19222,5/12/2025,5/12/2025,235-2025-10-202490-01-2-00 ,NA,NA,10/12/2025,NA,ALMACEN LIMA,LIP,11/12/2025,T001-8401,GUZMAN,11/12/2025,50,PLSA,17/12/2025,51,19/12/2025,EG03-00011787,EG07-00007411,,4700004294,24/6/2025,
2025-2026,LIQUIDADO,HF PERU,25-183-HPER,4700004325,MELANIE, SMARTPACK ,SPAREPARTS,REPUESTOS VARIOS,-,273,20.00,UN,USD,"2,298.00","2,298.00",30,EXW,AIR,AIR,CHILE,SANTIAGO,LIMA,NA,NA,0.25,CAJA,NA,26/11/2025,26/11/2025,AIRSEALOG,S00061267,KOREAN,180-19085065,2,NA,2.25,8/12/2025,50,PELIM25196, KOREAN CARGO ,8/12/2025,50,SI,5/12/2025,ALFOSAC,LIP,19222,5/12/2025,5/12/2025,235-2025-10-202490-01-2-00 ,NA,NA,10/12/2025,NA,ALMACEN LIMA,LIP,11/12/2025,T001-8401,GUZMAN,11/12/2025,50,PLSA,17/12/2025,51,19/12/2025,EG03-00011787,EG07-00007411,,4700004325,13/5/2025,
2025-2026,LIQUIDADO,HF PERU,25-183-HPER,4700004174-2,MELANIE, SMARTPACK ,SPAREPARTS,REPUESTOS VARIOS,-,270,1.00,UN,USD,96.51,96.51,30,EXW,AIR,AIR,CHILE,SANTIAGO,LIMA,NA,NA,0.25,CAJA,NA,26/11/2025,26/11/2025,AIRSEALOG,S00061267,KOREAN,180-19085065,3,NA,2.25,8/12/2025,50,PELIM25196, KOREAN CARGO ,8/12/2025,50,SI,5/12/2025,ALFOSAC,LIP,19222,5/12/2025,5/12/2025,235-2025-10-202490-01-2-00 ,NA,NA,10/12/2025,NA,ALMACEN LIMA,LIP,11/12/2025,T001-8401,GUZMAN,11/12/2025,50,PLSA,17/12/2025,51,19/12/2025,EG03-00011787,EG07-00007411,,4700004174-2,24/6/2025,
2025-2026,LIQUIDADO,HF PERU,25-183-HPER,4700004414,MELANIE, SMARTPACK ,SPAREPARTS,REPUESTOS VARIOS,-,276,24.00,UN,USD,"4,818.00","4,818.00",30,EXW,AIR,AIR,CHILE,SANTIAGO,LIMA,NA,NA,0.25,CAJA,NA,26/11/2025,26/11/2025,AIRSEALOG,S00061267,KOREAN,180-19085065,4,NA,2.25,8/12/2025,50,PELIM25196, KOREAN CARGO ,8/12/2025,50,SI,5/12/2025,ALFOSAC,LIP,19222,5/12/2025,5/12/2025,235-2025-10-202490-01-2-00 ,NA,NA,10/12/2025,NA,ALMACEN LIMA,LIP,11/12/2025,T001-8401,GUZMAN,11/12/2025,50,PLSA,17/12/2025,51,19/12/2025,EG03-00011787,EG07-00007411,,4700004414,27/5/2025,
2025-2026,LIQUIDADO,HF PERU,25-184-HPER,4700004318,GONZALO, RITEC ,EQP & INST,APARATOS DE RIEGO,-,25/1012,5.00,UN,USD,232.00,232.00,0,EXW,AIR,AIR,ESPAÑA,MADRID,LIMA,NA,NA,1,CAJA,NA,NA,NA,COURIER,NA,DHL,4521423255,NA,NA,1.00,28/11/2025,48,4521423255,DHL COURIER,10/12/2025,50,NO,NA,NA,DHL,NA,NA,29/11/2025,235-2025-28-15527917-65-9-00,NA,NA,8/12/2025,NA,COURIER,NA,,NA,NA,10/12/2025,50,PLSA,10/12/2025,50,10/12/2025,NA,NA,,4700004318,27/5/2025,
2025-2026,LIQUIDADO,HF PERU,25-180-HPER,4700004323,GONZALO, A&B ,SPAREPARTS,REPUESTOS VARIOS,-,1214,2.00,UN,USD,205.00,205.00,0,EXW,AIR,AIR,USA,MIAMI,LIMA,NA,NA,1,CAJA,NA,21/11/2025,21/11/2025,FORBIS,PE-25110818,AIRMAX,658-30870092,1,NA,1.10,10/12/2025,50,95EAMIA255578, AIRMAX CARGO ,10/12/2025,50,SI,5/12/2025,ALFOSAC,LIP,19225,5/12/2025,5/12/2025,235-2025-10-202599-01-4-00,NA,NA,11/12/2025,NA,ALMACEN LIMA,LIP,12/12/2025,T001-8415,GUZMAN,12/12/2025,50,PLSA,17/12/2025,51,19/12/2025,EG03-00011787,EG07-00007411,,4700004323,27/5/2025,
2025-2026,LIQUIDADO,HF PERU,25-179-HPER,4700004320,MELANIE, INTRALOX ,SPAREPARTS,REPUESTOS VARIOS,-,43765453,1.00,UN,USD,"5,504.79","5,504.79",0,EXW,AIR,AIR,USA,MIAMI,LIMA,NA,NA,2,CAJA,NA,21/11/2025,21/11/2025,FORBIS,PE-25110806-01,AIRMAX,658-30870092,2,NA,33.00,10/12/2025,50,92EAMIA255578, AIRMAX CARGO ,10/12/2025,50,SI,5/12/2025,ALFOSAC,LIP,19229,5/12/2025,5/12/2025,235-2025-10-202730-01-3-00,NA,NA,11/12/2025,NA,ALMACEN LIMA,LIP,12/12/2025,T001-8414,GUZMAN,12/12/2025,50,PLSA,17/12/2025,51,19/12/2025,EG03-00011787,EG07-00007411,,4700004320,21/5/2025,
2025-2026,LIQUIDADO,HF PERU,25-166-HPER,4700004051-4,GONZALO, CARFIA ,SUSTRATOS,FIBRA DE COCO,M&S,A/25034,22.00,UN,USD,"13,500.30","13,500.30",60,CIF,SEA,FCL,ESPAÑA,MALAGA,CALLAO,1,40 HC,22,PALLET,29/10/2025,NA,NA,DIRECTO,NA,MSC,EBKG14708990,MSBU7028337,FX39532422,"24,500.00",14/11/2025,46,MEDUFO099743,MSC SASHA NX546A,12/12/2025,50,NO,NA,MERKUR,LIP,17805,10/11/2025,5/12/2025,118-2025-10-542164-01-7-00,16/12/2025,16/12/2025,16/12/2025,31/12/2025,DIRECTO,NA,17/12/2025,NA,LIP,18/12/2025,51,ALMC,18/12/2025,51,21/12/2025,EG03-00000032,EG07-00007436,,4700004051-4,26/12/2025,8/1/2026
2025-2026,LIQUIDADO,HF PERU,25-166-HPER,4700004051-4,GONZALO, CARFIA ,SUSTRATOS,FIBRA DE COCO,M&S,A/25034,22.00,UN,USD,"13,500.30","13,500.30",60,CIF,SEA,FCL,ESPAÑA,MALAGA,CALLAO,1,40 HC,22,PALLET,29/10/2025,NA,NA,DIRECTO,NA,MSC,EBKG14708990,MSNU5356761,FX39532368,"24,500.00",14/11/2025,46,MEDUFO099743,MSC SASHA NX546A,12/12/2025,50,NO,NA,MERKUR,LIP,17805,10/11/2025,5/12/2025,118-2025-10-542164-01-7-00,16/12/2025,16/12/2025,16/12/2025,31/12/2025,DIRECTO,NA,17/12/2025,NA,LIP,18/12/2025,51,ALMC,18/12/2025,51,21/12/2025,EG03-00001730,EG07-00007434,,4700004051-4,26/12/2025,8/1/2026
2025-2026,LIQUIDADO,HF PERU,25-166-HPER,4700004051-4,GONZALO, CARFIA ,SUSTRATOS,FIBRA DE COCO,M&S,A/25034,22.00,UN,USD,"13,500.30","13,500.30",60,CIF,SEA,FCL,ESPAÑA,MALAGA,CALLAO,1,40 HC,22,PALLET,29/10/2025,NA,NA,DIRECTO,NA,MSC,EBKG14708990,MSNU5435937,FX39532421,"24,500.00",14/11/2025,46,MEDUFO099743,MSC SASHA NX546A,12/12/2025,50,NO,NA,MERKUR,LIP,17805,10/11/2025,5/12/2025,118-2025-10-542164-01-7-00,16/12/2025,16/12/2025,17/12/2025,31/12/2025,DIRECTO,NA,18/12/2025,NA,LIP,19/12/2025,51,ALMC,19/12/2025,51,21/12/2025,EG03-00027709,EG07-00007450,,4700004051-4,26/12/2025,8/1/2026
2025-2026,LIQUIDADO,HF PERU,25-166-HPER,4700004051-4,GONZALO, CARFIA ,SUSTRATOS,FIBRA DE COCO,M&S,A/25034,22.00,UN,USD,"13,500.30","13,500.30",60,CIF,SEA,FCL,ESPAÑA,MALAGA,CALLAO,1,40 HC,22,PALLET,29/10/2025,NA,NA,DIRECTO,NA,MSC,EBKG14708990,TRHU8198150,FX39532423,"24,500.00",14/11/2025,46,MEDUFO099743,MSC SASHA NX546A,12/12/2025,50,NO,NA,MERKUR,LIP,17805,10/11/2025,5/12/2025,118-2025-10-542164-01-7-00,16/12/2025,16/12/2025,17/12/2025,31/12/2025,DIRECTO,NA,18/12/2025,NA,LIP,19/12/2025,51,ALMC,19/12/2025,51,21/12/2025,EG03-00027708,EG07-00007451,,4700004051-4,26/12/2025,8/1/2026
2025-2026,LIQUIDADO,HF PERU,25-166-HPER,4700004051-4,GONZALO, CARFIA ,SUSTRATOS,FIBRA DE COCO,M&S,A/25034,22.00,UN,USD,"13,500.30","13,500.30",60,CIF,SEA,FCL,ESPAÑA,MALAGA,CALLAO,1,40 HC,22,PALLET,29/10/2025,NA,NA,DIRECTO,NA,MSC,EBKG14708990,MSDU8021020,FX39532479,"24,500.00",14/11/2025,46,MEDUFO099743,MSC SASHA NX546A,12/12/2025,50,NO,NA,MERKUR,LIP,17805,10/11/2025,5/12/2025,118-2025-10-542164-01-7-00,16/12/2025,16/12/2025,17/12/2025,31/12/2025,DIRECTO,NA,18/12/2025,NA,LIP,19/12/2025,51,ALMC,19/12/2025,51,21/12/2025,EG03-00027710,EG07-00007453,,4700004051-4,26/12/2025,8/1/2026
2025-2026,LIQUIDADO,HF PERU,25-166-HPER,4700004051-4,GONZALO, CARFIA ,SUSTRATOS,FIBRA DE COCO,M&S,A/25034,22.00,UN,USD,"13,500.30","13,500.30",60,CIF,SEA,FCL,ESPAÑA,MALAGA,CALLAO,1,40 HC,22,PALLET,29/10/2025,NA,NA,DIRECTO,NA,MSC,EBKG14708990,MSMU5262885,FX39532364,"24,500.00",14/11/2025,46,MEDUFO099743,MSC SASHA NX546A,12/12/2025,50,NO,NA,MERKUR,LIP,17805,10/11/2025,5/12/2025,118-2025-10-542164-01-7-00,16/12/2025,16/12/2025,16/12/2025,31/12/2025,DIRECTO,NA,17/12/2025,NA,LIP,18/12/2025,51,ALMC,18/12/2025,51,21/12/2025,EG03-00000031,EG07-00007435,,4700004051-4,26/12/2025,8/1/2026
2025-2026,LIQUIDADO,HF PERU,25-136-HPER,4700004282,OMAR, EDEN ,AGQ,DISPER CHLOROPHYL,-,2025-1769,"4,000.00",KG,EUR,"104,800.00","123,664.00",90,EXW,SEA,LCL,ESPAÑA,BARCELONA,CALLAO,NA,NA,10,PALLET,28/10/2025,21/10/2025,21/10/2025,FORBIS,PE-25100736,CMA CGM,PECAO25005M,TLLU7693773,L7957084,"4,300.00",9/11/2025,45,FBEVLC25101435,CMA CGM ESTELLE 0WCMHS1MA,12/12/2025,50,SI,11/11/2025,ALFOSAC,AVM,25/001815,4/12/2025,11/12/2025,118-2025-10-547192-01-9-00,NA,NA,24/12/2025,NA,ALMACEN LIMA,AVM,16/12/2025,T001-4217,GUZMAN,26/12/2025,52,ALMC,23/12/2025,52,27/12/2025,EG03-00011864,EG07-00007501,,4700004282,26/12/2025,
2025-2026,LIQUIDADO,HF PERU,25-128-HPER,4700004050-5,GONZALO, AVIBIOL ,SUSTRATOS,FIBRA DE COCO,M&S,F001-00002970,"25,000.00",KG,USD,"16,442.83","16,442.83",60,CIF,SEA,FCL,ESPAÑA,VALENCIA,CALLAO,1,40 HC,24,PALLET,29/10/2025,NA,NA,DIRECTO,NA,MAERSK,A25986673,MRSU8675901,ML-ES0623465,"24,040.00",4/11/2025,45,MAEUA25986673,MAERSK BATAM 545S,12/12/2025,50,NO,NA,NEW AGE,AVM,25/001728,6/11/2025,11/12/2025,118-2025-10-546060-01-1-00,19/12/2025,19/12/2025,21/12/2025,1/1/2026,ALMACEN LIMA,AVM,23/12/2025,T001-4259,GUZMAN,23/12/2025,52,ALMC,4/1/2026,1,5/1/2026,EG03-00011984,EG07-00007600,,4700004050-5,26/12/2025,
2025-2026,LIQUIDADO,HF PERU,25-128-HPER,4700004050-5,GONZALO, AVIBIOL ,SUSTRATOS,FIBRA DE COCO,M&S,F001-00002970,"25,000.00",KG,USD,"16,442.83","16,442.83",60,CIF,SEA,FCL,ESPAÑA,VALENCIA,CALLAO,1,40 HC,24,PALLET,29/10/2025,NA,NA,DIRECTO,NA,MAERSK,A25986673,FFAU7320586,ML-ES0538316,"23,240.00",4/11/2025,45,MAEUA25986673,MAERSK BATAM 545S,12/12/2025,50,NO,NA,NEW AGE,AVM,25/001728,6/11/2025,11/12/2025,118-2025-10-546060-01-1-00,19/12/2025,19/12/2025,21/12/2025,1/1/2026,ALMACEN LIMA,AVM,23/12/2025,T001-4257,GUZMAN,23/12/2025,52,ALMC,3/1/2026,1,5/1/2026,EG03-00011947,EG07-00007585,,4700004050-5,26/12/2025,
2025-2026,LIQUIDADO,HF PERU,25-128-HPER,4700004050-5,GONZALO, AVIBIOL ,SUSTRATOS,FIBRA DE COCO,M&S,F001-00002970,"25,000.00",KG,USD,"16,442.83","16,442.83",60,CIF,SEA,FCL,ESPAÑA,VALENCIA,CALLAO,1,40 HC,24,PALLET,29/10/2025,NA,NA,DIRECTO,NA,MAERSK,A25986673,CAAU6595163,ML-ES0538320,"23,780.00",4/11/2025,45,MAEUA25986673,MAERSK BATAM 545S,12/12/2025,50,NO,NA,NEW AGE,AVM,25/001728,6/11/2025,11/12/2025,118-2025-10-546060-01-1-00,19/12/2025,19/12/2025,21/12/2025,1/1/2026,ALMACEN LIMA,AVM,23/12/2025,T001-4256,GUZMAN,23/12/2025,52,ALMC,4/1/2026,1,5/1/2026,EG03-00011985,EG07-00007601,,4700004050-5,26/12/2025,
2025-2026,LIQUIDADO,HF PERU,25-128-HPER,4700004050-5,GONZALO, AVIBIOL ,SUSTRATOS,FIBRA DE COCO,M&S,F001-00002970,"25,000.00",KG,USD,"16,442.83","16,442.83",60,CIF,SEA,FCL,ESPAÑA,VALENCIA,CALLAO,1,40 HC,24,PALLET,29/10/2025,NA,NA,DIRECTO,NA,MAERSK,A25986673,MRSU8685140,ML-ES0538303,"24,020.00",4/11/2025,45,MAEUA25986673,MAERSK BATAM 545S,12/12/2025,50,NO,NA,NEW AGE,AVM,25/001728,6/11/2025,11/12/2025,118-2025-10-546060-01-1-00,19/12/2025,19/12/2025,21/12/2025,1/1/2026,ALMACEN LIMA,AVM,23/12/2025,T001-4260,GUZMAN,23/12/2025,52,ALMC,3/1/2026,1,5/1/2026,EG03-00011988,EG07-00007586,,4700004050-5,26/12/2025,
2025-2026,LIQUIDADO,HF PERU,25-128-HPER,4700004050-5,GONZALO, AVIBIOL ,SUSTRATOS,FIBRA DE COCO,M&S,F001-00002970,"25,000.00",KG,USD,"16,442.83","16,442.83",60,CIF,SEA,FCL,ESPAÑA,VALENCIA,CALLAO,1,40 HC,24,PALLET,29/10/2025,NA,NA,DIRECTO,NA,MAERSK,A25986673,MRKU3795352,ML-ES0538304,"23,960.00",4/11/2025,45,MAEUA25986673,MAERSK BATAM 545S,12/12/2025,50,NO,NA,NEW AGE,AVM,25/001728,6/11/2025,11/12/2025,118-2025-10-546060-01-1-00,19/12/2025,19/12/2025,21/12/2025,1/1/2026,ALMACEN LIMA,AVM,23/12/2025,T001-4258,GUZMAN,23/12/2025,52,ALMC,3/1/2026,1,5/1/2026,EG03-00011949,EG07-00007584,,4700004050-5,26/12/2025,
2025-2026,LIQUIDADO,HF PERU,25-132-HPER,4700004050-9,GONZALO, AVIBIOL ,SUSTRATOS,FIBRA DE COCO,M&S,F001-00002982,"25,000.00",KG,USD,"16,442.83","16,442.83",60,CIF,SEA,FCL,ESPAÑA,VALENCIA,CALLAO,1,40 HC,24,PALLET,29/10/2025,NA,NA,DIRECTO,NA,MAERSK,259867014,MSKU9743358,ML-ES0538294,"24,160.00",4/11/2025,45,MAEU259867014,MAERSK BATAM 545S,12/12/2025,50,NO,NA,NEW AGE,AVM,25/001761,14/11/2025,11/12/2025,118-2025-10-546485-01-2-00,19/12/2025,19/12/2025,24/12/2025,1/1/2026,ALMACEN LIMA,AVM,26/12/2025,T001-4268,GUZMAN,26/12/2025,52,ALMC,15/1/2026,3,19/1/2026,EG03-00012161,EG07-00007713,,4700004050-9,26/12/2025,
2025-2026,LIQUIDADO,HF PERU,25-132-HPER,4700004050-9,GONZALO, AVIBIOL ,SUSTRATOS,FIBRA DE COCO,M&S,F001-00002982,"25,000.00",KG,USD,"16,442.83","16,442.83",60,CIF,SEA,FCL,ESPAÑA,VALENCIA,CALLAO,1,40 HC,24,PALLET,29/10/2025,NA,NA,DIRECTO,NA,MAERSK,259867014,MSKU9927062,ML-ES0538296,"24,280.00",4/11/2025,45,MAEU259867014,MAERSK BATAM 545S,12/12/2025,50,NO,NA,NEW AGE,AVM,25/001761,14/11/2025,11/12/2025,118-2025-10-546485-01-2-00,19/12/2025,19/12/2025,24/12/2025,1/1/2026,ALMACEN LIMA,AVM,26/12/2025,T001-4269,GUZMAN,26/12/2025,52,ALMC,4/1/2026,1,7/1/2026,EG03-00011983,EG07-00007604,,4700004050-9,26/12/2025,
2025-2026,LIQUIDADO,HF PERU,25-132-HPER,4700004050-9,GONZALO, AVIBIOL ,SUSTRATOS,FIBRA DE COCO,M&S,F001-00002982,"25,000.00",KG,USD,"16,442.83","16,442.83",60,CIF,SEA,FCL,ESPAÑA,VALENCIA,CALLAO,1,40 HC,24,PALLET,29/10/2025,NA,NA,DIRECTO,NA,MAERSK,259867014,MSKU0261484,ML-ES0617235,"24,020.00",4/11/2025,45,MAEU259867014,MAERSK BATAM 545S,12/12/2025,50,NO,NA,NEW AGE,AVM,25/001761,14/11/2025,11/12/2025,118-2025-10-546485-01-2-00,19/12/2025,19/12/2025,24/12/2025,1/1/2026,ALMACEN LIMA,AVM,26/12/2025,T001-4267,GUZMAN,26/12/2025,52,ALMC,4/1/2026,1,6/1/2026,EG03-00011986,EG07-00007602,,4700004050-9,26/12/2025,
2025-2026,LIQUIDADO,HF PERU,25-132-HPER,4700004050-9,GONZALO, AVIBIOL ,SUSTRATOS,FIBRA DE COCO,M&S,F001-00002982,"25,000.00",KG,USD,"16,442.83","16,442.83",60,CIF,SEA,FCL,ESPAÑA,VALENCIA,CALLAO,1,40 HC,24,PALLET,29/10/2025,NA,NA,DIRECTO,NA,MAERSK,259867014,UETU8328370,ML-ES0224811,"24,080.00",4/11/2025,45,MAEU259867014,MAERSK BATAM 545S,12/12/2025,50,NO,NA,NEW AGE,AVM,25/001761,14/11/2025,11/12/2025,118-2025-10-546485-01-2-00,19/12/2025,19/12/2025,24/12/2025,1/1/2026,ALMACEN LIMA,AVM,26/12/2025,T001-4270,GUZMAN,26/12/2025,52,ALMC,7/1/2026,2,7/1/2026,EG03-00012016,EG07-00007624,,4700004050-9,26/12/2025,
2025-2026,LIQUIDADO,HF PERU,25-132-HPER,4700004050-9,GONZALO, AVIBIOL ,SUSTRATOS,FIBRA DE COCO,M&S,F001-00002982,"25,000.00",KG,USD,"16,442.83","16,442.83",60,CIF,SEA,FCL,ESPAÑA,VALENCIA,CALLAO,1,40 HC,24,PALLET,29/10/2025,NA,NA,DIRECTO,NA,MAERSK,259867014,MRSU7199544,ML-ES0361713,"24,080.00",4/11/2025,45,MAEU259867014,MAERSK BATAM 545S,12/12/2025,50,NO,NA,NEW AGE,AVM,25/001761,14/11/2025,11/12/2025,118-2025-10-546485-01-2-00,19/12/2025,19/12/2025,24/12/2025,1/1/2026,ALMACEN LIMA,AVM,26/12/2025,T001-4266,GUZMAN,26/12/2025,52,ALMC,4/1/2026,1,7/1/2026,EG03-00011982,EG07-00007603,,4700004050-9,26/12/2025,
2025-2026,LIQUIDADO,HF PERU,25-133-HPER,4700004050-10,GONZALO, AVIBIOL ,SUSTRATOS,FIBRA DE COCO,M&S,F001-00002983,"25,000.00",KG,USD,"16,442.83","16,442.83",60,CIF,SEA,FCL,ESPAÑA,VALENCIA,CALLAO,1,40 HC,24,PALLET,29/10/2025,NA,NA,DIRECTO,NA,MAERSK,261248793,MRSU3387939,ML-ES0538305,"24,320.00",4/11/2025,45,MAEU261248793,MAERSK BATAM 545S,12/12/2025,50,NO,NA,NEW AGE,AVM,25/001759,14/11/2025,11/12/2025,118-2025-10-545992-01-8-00,19/12/2025,19/12/2025,25/12/2025,1/1/2026,ALMACEN LIMA,AVM,27/12/2025,T001-4286,GUZMAN,27/12/2025,52,ALMC,7/1/2026,2,7/1/2026,EG03-00012012,EG07-00007626,,4700004050-10,26/12/2025,
2025-2026,LIQUIDADO,HF PERU,25-133-HPER,4700004050-10,GONZALO, AVIBIOL ,SUSTRATOS,FIBRA DE COCO,M&S,F001-00002983,"25,000.00",KG,USD,"16,442.83","16,442.83",60,CIF,SEA,FCL,ESPAÑA,VALENCIA,CALLAO,1,40 HC,24,PALLET,29/10/2025,NA,NA,DIRECTO,NA,MAERSK,261248793,MRKU4354156,ML-ES0538297,"23,820.00",4/11/2025,45,MAEU261248793,MAERSK BATAM 545S,12/12/2025,50,NO,NA,NEW AGE,AVM,25/001759,14/11/2025,11/12/2025,118-2025-10-545992-01-8-00,19/12/2025,19/12/2025,25/12/2025,1/1/2026,ALMACEN LIMA,AVM,27/12/2025,T001-4285,GUZMAN,27/12/2025,52,ALMC,7/1/2026,2,8/1/2026,EG03-00012014,EG07-00007627,,4700004050-10,26/12/2025,
2025-2026,LIQUIDADO,HF PERU,25-133-HPER,4700004050-10,GONZALO, AVIBIOL ,SUSTRATOS,FIBRA DE COCO,M&S,F001-00002983,"25,000.00",KG,USD,"16,442.83","16,442.83",60,CIF,SEA,FCL,ESPAÑA,VALENCIA,CALLAO,1,40 HC,24,PALLET,29/10/2025,NA,NA,DIRECTO,NA,MAERSK,261248793,BMOU5076150,ML-ES0538314,"23,700.00",4/11/2025,45,MAEU261248793,MAERSK BATAM 545S,12/12/2025,50,NO,NA,NEW AGE,AVM,25/001759,14/11/2025,11/12/2025,118-2025-10-545992-01-8-00,19/12/2025,19/12/2025,25/12/2025,1/1/2026,ALMACEN LIMA,AVM,27/12/2025,T001-4287,GUZMAN,27/12/2025,52,ALMC,15/1/2026,3,19/1/2026,EG03-00012163,EG07-00007715,,4700004050-10,26/12/2025,
2025-2026,LIQUIDADO,HF PERU,25-133-HPER,4700004050-10,GONZALO, AVIBIOL ,SUSTRATOS,FIBRA DE COCO,M&S,F001-00002983,"25,000.00",KG,USD,"16,442.83","16,442.83",60,CIF,SEA,FCL,ESPAÑA,VALENCIA,CALLAO,1,40 HC,24,PALLET,29/10/2025,NA,NA,DIRECTO,NA,MAERSK,261248793,MRSU7543330,ML-ES0543749,"23,980.00",4/11/2025,45,MAEU261248793,MAERSK BATAM 545S,12/12/2025,50,NO,NA,NEW AGE,AVM,25/001759,14/11/2025,11/12/2025,118-2025-10-545992-01-8-00,19/12/2025,19/12/2025,25/12/2025,1/1/2026,ALMACEN LIMA,AVM,27/12/2025,T001-4283,GUZMAN,27/12/2025,52,ALMC,7/1/2026,2,8/1/2026,EG03-00012013,EG07-00007625,,4700004050-10,26/12/2025,
2025-2026,LIQUIDADO,HF PERU,25-133-HPER,4700004050-10,GONZALO, AVIBIOL ,SUSTRATOS,FIBRA DE COCO,M&S,F001-00002983,"25,000.00",KG,USD,"16,442.83","16,442.83",60,CIF,SEA,FCL,ESPAÑA,VALENCIA,CALLAO,1,40 HC,24,PALLET,29/10/2025,NA,NA,DIRECTO,NA,MAERSK,261248793,MRSU8400885,ML-ES0383351,"24,100.00",4/11/2025,45,MAEU261248793,MAERSK BATAM 545S,12/12/2025,50,NO,NA,NEW AGE,AVM,25/001759,14/11/2025,11/12/2025,118-2025-10-545992-01-8-00,19/12/2025,19/12/2025,25/12/2025,1/1/2026,ALMACEN LIMA,AVM,27/12/2025,T001-4284,GUZMAN,27/12/2025,52,ALMC,7/1/2026,2,8/1/2026,EG03-00012015,EG07-00007628,,4700004050-10,26/12/2025,
2025-2026,LIQUIDADO,HF PERU,25-158-HPER,4700004128-13,GONZALO, PROJAR ,SUSTRATOS,FIBRA DE COCO,M&S,FE25-01147,22.00,UN,EUR,"12,540.00","14,797.20",90,CIF,SEA,FCL,ESPAÑA,VALENCIA,CALLAO,1,40 HC,22,PALLET,29/10/2025,NA,NA,DIRECTO,NA,MAERSK,261573880,GAOU7675624,ML-ES0617379,"23,445.00",12/11/2025,46,MAEU261573880,MAERSK BATAM 545S,12/12/2025,50,NO,NA,NEW AGE,AVM,25/001786,25/11/2025,11/12/2025,118-2025-10-546436-01-1-00,19/12/2025,19/12/2025,27/12/2025,1/1/2026,ALMACEN LIMA,AVM,29/12/2025,T001-4296,GUZMAN,29/12/2025,1,ALMC,10/1/2026,2,12/1/2026,EG03-00012079,EG07-00007664,,4700004128-13,26/12/2025,
2025-2026,LIQUIDADO,HF PERU,25-158-HPER,4700004128-13,GONZALO, PROJAR ,SUSTRATOS,FIBRA DE COCO,M&S,FE25-01147,22.00,UN,EUR,"12,540.00","14,797.20",90,CIF,SEA,FCL,ESPAÑA,VALENCIA,CALLAO,1,40 HC,22,PALLET,29/10/2025,NA,NA,DIRECTO,NA,MAERSK,261573880,MRKU2654806,ML-ES0617381,"22,734.00",12/11/2025,46,MAEU261573880,MAERSK BATAM 545S,12/12/2025,50,NO,NA,NEW AGE,AVM,25/001786,25/11/2025,11/12/2025,118-2025-10-546436-01-1-00,19/12/2025,19/12/2025,27/12/2025,1/1/2026,ALMACEN LIMA,AVM,29/12/2025,T001-4297,GUZMAN,29/12/2025,1,ALMC,11/1/2026,2,13/1/2026,EG03-00012093,EG07-00007670,,4700004128-13,26/12/2025,
2025-2026,LIQUIDADO,HF PERU,25-158-HPER,4700004128-13,GONZALO, PROJAR ,SUSTRATOS,FIBRA DE COCO,M&S,FE25-01147,22.00,UN,EUR,"12,540.00","14,797.20",90,CIF,SEA,FCL,ESPAÑA,VALENCIA,CALLAO,1,40 HC,22,PALLET,29/10/2025,NA,NA,DIRECTO,NA,MAERSK,261573880,MRKU4829987,ML-ES0617378,"23,274.00",12/11/2025,46,MAEU261573880,MAERSK BATAM 545S,12/12/2025,50,NO,NA,NEW AGE,AVM,25/001786,25/11/2025,11/12/2025,118-2025-10-546436-01-1-00,19/12/2025,19/12/2025,27/12/2025,1/1/2026,ALMACEN LIMA,AVM,29/12/2025,T001-4298,GUZMAN,29/12/2025,1,ALMC,11/1/2026,2,13/1/2026,EG03-00012089,EG07-00007671,,4700004128-13,26/12/2025,
2025-2026,LIQUIDADO,HF PERU,25-158-HPER,4700004128-13,GONZALO, PROJAR ,SUSTRATOS,FIBRA DE COCO,M&S,FE25-01147,22.00,UN,EUR,"12,540.00","14,797.20",90,CIF,SEA,FCL,ESPAÑA,VALENCIA,CALLAO,1,40 HC,22,PALLET,29/10/2025,NA,NA,DIRECTO,NA,MAERSK,261573880,MSKU9754748,ML-ES0617383,"23,229.00",12/11/2025,46,MAEU261573880,MAERSK BATAM 545S,12/12/2025,50,NO,NA,NEW AGE,AVM,25/001786,25/11/2025,11/12/2025,118-2025-10-546436-01-1-00,19/12/2025,19/12/2025,27/12/2025,1/1/2026,ALMACEN LIMA,AVM,29/12/2025,T001-4294,GUZMAN,29/12/2025,1,ALMC,10/1/2026,2,12/1/2026,EG03-00012077,EG07-00007662,,4700004128-13,26/12/2025,
2025-2026,LIQUIDADO,HF PERU,25-158-HPER,4700004128-13,GONZALO, PROJAR ,SUSTRATOS,FIBRA DE COCO,M&S,FE25-01147,22.00,UN,EUR,"12,540.00","14,797.20",90,CIF,SEA,FCL,ESPAÑA,VALENCIA,CALLAO,1,40 HC,22,PALLET,29/10/2025,NA,NA,DIRECTO,NA,MAERSK,261573880,MSKU9090309,ML-ES0617380,"23,210.00",12/11/2025,46,MAEU261573880,MAERSK BATAM 545S,12/12/2025,50,NO,NA,NEW AGE,AVM,25/001786,25/11/2025,11/12/2025,118-2025-10-546436-01-1-00,19/12/2025,19/12/2025,27/12/2025,1/1/2026,ALMACEN LIMA,AVM,29/12/2025,T001-4295,GUZMAN,29/12/2025,1,ALMC,10/1/2026,2,12/1/2026,EG03-00012078,EG07-00007663,,4700004128-13,26/12/2025,
2025-2026,LIQUIDADO,HF PERU,25-159-HPER,4700004128-14,GONZALO, PROJAR ,SUSTRATOS,FIBRA DE COCO,M&S,FE25-01153,22.00,UN,EUR,"12,540.00","14,797.20",90,CIF,SEA,FCL,ESPAÑA,VALENCIA,CALLAO,1,40 HC,22,PALLET,29/10/2025,NA,NA,DIRECTO,NA,MAERSK,260198648,CIPU5005785,ML-ES0617384,"22,968.00",12/11/2025,46,MAEU260198648,MAERSK BATAM 545S,12/12/2025,50,NO,NA,NEW AGE,AVM,25/001787,25/11/2025,11/12/2025,118-2025-10-546096-01-6-00,19/12/2025,19/12/2025,28/12/2025,1/1/2026,ALMACEN LIMA,AVM,30/12/2025,T001-4311,GUZMAN,30/12/2025,1,ALMC,11/1/2026,2,13/1/2026,EG03-00012090,EG07-00007672,,4700004128-14,26/12/2025,
2025-2026,LIQUIDADO,HF PERU,25-159-HPER,4700004128-14,GONZALO, PROJAR ,SUSTRATOS,FIBRA DE COCO,M&S,FE25-01153,22.00,UN,EUR,"12,540.00","14,797.20",90,CIF,SEA,FCL,ESPAÑA,VALENCIA,CALLAO,1,40 HC,22,PALLET,29/10/2025,NA,NA,DIRECTO,NA,MAERSK,260198648,MSKU9192300,ML-ES0617382,"23,205.00",12/11/2025,46,MAEU260198648,MAERSK BATAM 545S,12/12/2025,50,NO,NA,NEW AGE,AVM,25/001787,25/11/2025,11/12/2025,118-2025-10-546096-01-6-00,19/12/2025,19/12/2025,28/12/2025,1/1/2026,ALMACEN LIMA,AVM,30/12/2025,T001-4308,GUZMAN,30/12/2025,1,ALMC,11/1/2026,2,13/1/2026,EG03-00012095,EG07-00007675,,4700004128-14,26/12/2025,
2025-2026,LIQUIDADO,HF PERU,25-159-HPER,4700004128-14,GONZALO, PROJAR ,SUSTRATOS,FIBRA DE COCO,M&S,FE25-01153,22.00,UN,EUR,"12,540.00","14,797.20",90,CIF,SEA,FCL,ESPAÑA,VALENCIA,CALLAO,1,40 HC,22,PALLET,29/10/2025,NA,NA,DIRECTO,NA,MAERSK,260198648,TCKU7796708,ML-ES0617386,"23,039.00",12/11/2025,46,MAEU260198648,MAERSK BATAM 545S,12/12/2025,50,NO,NA,NEW AGE,AVM,25/001787,25/11/2025,11/12/2025,118-2025-10-546096-01-6-00,19/12/2025,19/12/2025,28/12/2025,1/1/2026,ALMACEN LIMA,AVM,30/12/2025,T001-4312,GUZMAN,30/12/2025,1,ALMC,16/1/2026,3,20/1/2026,EG03-00012212,EG07-00007721,,4700004128-14,26/12/2025,
2025-2026,LIQUIDADO,HF PERU,25-159-HPER,4700004128-14,GONZALO, PROJAR ,SUSTRATOS,FIBRA DE COCO,M&S,FE25-01153,22.00,UN,EUR,"12,540.00","14,797.20",90,CIF,SEA,FCL,ESPAÑA,VALENCIA,CALLAO,1,40 HC,22,PALLET,29/10/2025,NA,NA,DIRECTO,NA,MAERSK,260198648,TGBU6014970,ML-ES0617385,"23,146.00",12/11/2025,46,MAEU260198648,MAERSK BATAM 545S,12/12/2025,50,NO,NA,NEW AGE,AVM,25/001787,25/11/2025,11/12/2025,118-2025-10-546096-01-6-00,19/12/2025,19/12/2025,28/12/2025,1/1/2026,ALMACEN LIMA,AVM,30/12/2025,T001-4309,GUZMAN,30/12/2025,1,ALMC,11/1/2026,2,13/1/2026,EG03-00012096,EG07-00007674,,4700004128-14,26/12/2025,
2025-2026,LIQUIDADO,HF PERU,25-159-HPER,4700004128-14,GONZALO, PROJAR ,SUSTRATOS,FIBRA DE COCO,M&S,FE25-01153,22.00,UN,EUR,"12,540.00","14,797.20",90,CIF,SEA,FCL,ESPAÑA,VALENCIA,CALLAO,1,40 HC,22,PALLET,29/10/2025,NA,NA,DIRECTO,NA,MAERSK,260198648,TIIU4594918,ML-ES0617387,"23,182.00",12/11/2025,46,MAEU260198648,MAERSK BATAM 545S,12/12/2025,50,NO,NA,NEW AGE,AVM,25/001787,25/11/2025,11/12/2025,118-2025-10-546096-01-6-00,19/12/2025,19/12/2025,28/12/2025,1/1/2026,ALMACEN LIMA,AVM,30/12/2025,T001-4310,GUZMAN,30/12/2025,1,ALMC,16/1/2026,3,20/1/2026,EG03-00012213,EG07-00007722,,4700004128-14,26/12/2025,
2025-2026,LIQUIDADO,HF PERU,25-076-HPER,4700003998-15,FIORELLA, JCK ,E & E,PUNNET 150GR,ENV,1182,"820,125.00",UN,USD,"21,733.31","21,733.31",90,EXW,SEA,FCL,CHILE,SAN ANTONIO,CALLAO,1,40 HC,675,CAJA,NA,3/6/2025,10/6/2025,AIRSEALOG,S00058283,CMA CGM,SNG0485597,ECMU5264298,M5623271,"7,830.00",12/12/2025,50,ASLCLS00058283,COSCO SHIPPING SEINE 0WCMGN1MA,15/12/2025,51,SI,3/12/2025,IMUPESA,AVM,25/001818,5/12/2025,6/12/2025,118-2025-10-542413-01-7-00,NA,NA,21/12/2025,3/1/2026,DIRECTO,NA,22/12/2025,NA,GASTALDI,23/12/2025,52,MAQ0,23/12/2025,52,27/12/2025,EG03-00000001,EG07-00007492,,4700003998-15,26/12/2025,
2025-2026,ENTREGADO,HFE BERRIES,25-026-HFEB,4700004300,FIORELLA, CINTRANSFER ,E & E,PUNNET CELULOSA EC 2843,-,2501133,"176,400.00",UN,EUR,"16,493.00","19,461.74",0,EXW,SEA,FCL,PAISES BAJOS,ROTTERDAM,CALLAO,1,20 ST,14,PALLET,NA,27/10/2025,28/10/2025,GASTALDI,RO-2500000191,HAPAG LLOYD,69111619,HLBU4142461,LC352061,"1,940.40",13/11/2025,46,NLRTM-QCS-SE-005041,VALPARAISO EXPRESS 5246S,19/12/2025,51,SI,13/11/2025,IMUPESA,LIP,19712,10/12/2025,17/12/2025,118-2025-10-558106-01-1-00,NA,NA,27/12/2025,1/1/2026,DIRECTO,NA,27/12/2025,NA,LIP,29/12/2025,1,OLMOS,29/12/2025,1,NA,NA,NA,,4700004300,,
2025-2026,LIQUIDADO,HF PERU,25-185-HPER,4700004266,MELANIE, UNITEC ,SPAREPARTS,REPUESTOS VARIOS,-,405,16.00,UN,EUR,"4,173.70","4,924.97",0,EXW,AIR,AIR,CHILE,SANTIAGO,LIMA,NA,NA,1,CAJA,NA,12/12/2025,15/12/2025,FORBIS,PE-25120354-01,SKY CARGO,605-00633463,NA,1,110.00,26/12/2025,52,S2512816701,SKY CARGO,26/12/2025,52,SI,23/12/2025,SHOHIN,LIP,20231,23/12/2025,23/12/2025,235-2025-10-213669-01-9-00,NA,NA,29/12/2025,NA,COURIER,NA,30/12/2025,T001-8703,LIP,30/12/2025,1,PLSA,3/1/2026,1,6/1/2026,V002-5574,NA,,4700004266,21/5/2025,
2025-2026,LIQUIDADO,HF PERU,25-185-HPER,4700004266,MELANIE, UNITEC ,SPAREPARTS,REPUESTOS VARIOS,-,404,1.00,UN,EUR,"5,710.50","6,738.39",0,EXW,AIR,AIR,CHILE,SANTIAGO,LIMA,NA,NA,0.5,CAJA,NA,12/12/2025,15/12/2025,FORBIS,PE-25120354-01,SKY CARGO,605-00633463,NA,2,110.00,26/12/2025,52,S2512816701,SKY CARGO,26/12/2025,52,SI,23/12/2025,SHOHIN,LIP,20231,23/12/2025,23/12/2025,235-2025-10-213669-01-9-00,NA,NA,29/12/2025,NA,COURIER,NA,30/12/2025,T001-8703,LIP,30/12/2025,1,PLSA,3/1/2026,1,6/1/2026,V002-5574,NA,,4700004266,21/5/2025,
2025-2026,LIQUIDADO,HF PERU,25-185-HPER,4700004366,MELANIE, UNITEC ,SPAREPARTS,REPUESTOS VARIOS,-,403,1.00,UN,EUR,"2,562.30","3,023.51",0,EXW,AIR,AIR,CHILE,SANTIAGO,LIMA,NA,NA,0.5,CAJA,NA,12/12/2025,15/12/2025,FORBIS,PE-25120354-01,SKY CARGO,605-00633463,NA,3,110.00,26/12/2025,52,S2512816701,SKY CARGO,26/12/2025,52,SI,23/12/2025,SHOHIN,LIP,20231,23/12/2025,23/12/2025,235-2025-10-213669-01-9-00,NA,NA,29/12/2025,NA,COURIER,NA,30/12/2025,T001-8703,LIP,30/12/2025,1,PLSA,3/1/2026,1,6/1/2026,V002-5574,NA,,4700004366,14/5/2025,
2025-2026,LIQUIDADO,HF PERU,25-175-HPER,4700004329,OMAR, BIOCONSUL ,AGQ,ORGANCAB K,-,BE025/25,"20,000.00",LT,EUR,"15,000.00","17,700.00",60,EXW,SEA,FCL,ESPAÑA,VALENCIA,CALLAO,1,40 HC,20,PALLET,NA,4/11/2025,4/11/2025,AIRSEALOG,S00060212 ,HAPAG LLOYD,24270843,HAMU3124170,HLD2364166,"26,760.00",17/11/2025,47,PAEM021762,CARTAGENA EXPRESS 5247S,26/12/2025,52,SI,10/11/2025,IMUPESA,AVM,25/001868,15/12/2025,18/12/2025,118-2025-10-559116-01-0-00,NA,NA,31/12/2025,8/1/2026,ALMACEN LIMA,AVM,2/1/2026,T001-4318,GUZMAN,2/1/2026,1,ALMC,15/1/2026,3,16/1/2026,EG03-00012158,EG07-00007716,,4700004329,26/1/2026,
2025-2026,LIQUIDADO,HF PERU,25-160-HPER,4700004128-15,GONZALO, PROJAR ,SUSTRATOS,FIBRA DE COCO,M&S,FE25-01196,22.00,UN,EUR,"12,540.00","14,797.20",90,CIF,SEA,FCL,ESPAÑA,VALENCIA,CALLAO,1,40 HC,22,PALLET,29/10/2025,NA,NA,DIRECTO,NA,MAERSK,261871131,CIPU5032327,ML-ES0535086,"23,603.00",20/11/2025,47,MAEU261871131,FORT DESAIX 547S,26/12/2025,52,NO,NA,NEW AGE,AVM,25/001871,10/12/2025,23/12/2025,118-2025-10-566891-01-6-00,30/12/2025,13/1/2026,12/1/2026,15/1/2026,ALMACEN LIMA,AVM,14/1/2026,T001-4443,GUZMAN,14/1/2026,3,ALMC,17/1/2026,3,20/1/2026,EG03-00012248,EG07-00007735,,4700004128-15,31/12/2025,
2025-2026,LIQUIDADO,HF PERU,25-160-HPER,4700004128-15,GONZALO, PROJAR ,SUSTRATOS,FIBRA DE COCO,M&S,FE25-01196,22.00,UN,EUR,"12,540.00","14,797.20",90,CIF,SEA,FCL,ESPAÑA,VALENCIA,CALLAO,1,40 HC,22,PALLET,29/10/2025,NA,NA,DIRECTO,NA,MAERSK,261871131,MRKU4725832,ML-ES0535084,"23,786.00",20/11/2025,47,MAEU261871131,FORT DESAIX 547S,26/12/2025,52,NO,NA,NEW AGE,AVM,25/001871,10/12/2025,23/12/2025,118-2025-10-566891-01-6-00,30/12/2025,13/1/2026,12/1/2026,15/1/2026,ALMACEN LIMA,AVM,14/1/2026,T001-4445,GUZMAN,14/1/2026,3,ALMC,17/1/2026,3,20/1/2026,EG03-00012249,EG07-00007736,,4700004128-15,31/12/2025,
2025-2026,LIQUIDADO,HF PERU,25-160-HPER,4700004128-15,GONZALO, PROJAR ,SUSTRATOS,FIBRA DE COCO,M&S,FE25-01196,22.00,UN,EUR,"12,540.00","14,797.20",90,CIF,SEA,FCL,ESPAÑA,VALENCIA,CALLAO,1,40 HC,22,PALLET,29/10/2025,NA,NA,DIRECTO,NA,MAERSK,261871131,MRSU4552719,ML-ES0545085,"23,345.00",20/11/2025,47,MAEU261871131,FORT DESAIX 547S,26/12/2025,52,NO,NA,NEW AGE,AVM,25/001871,10/12/2025,23/12/2025,118-2025-10-566891-01-6-00,30/12/2025,13/1/2026,12/1/2026,15/1/2026,ALMACEN LIMA,AVM,14/1/2026,T001-4441,GUZMAN,14/1/2026,3,ALMC,17/1/2026,3,20/1/2026,EG03-00012246,EG07-00007737,,4700004128-15,31/12/2025,
2025-2026,LIQUIDADO,HF PERU,25-160-HPER,4700004128-15,GONZALO, PROJAR ,SUSTRATOS,FIBRA DE COCO,M&S,FE25-01196,22.00,UN,EUR,"12,540.00","14,797.20",90,CIF,SEA,FCL,ESPAÑA,VALENCIA,CALLAO,1,40 HC,22,PALLET,29/10/2025,NA,NA,DIRECTO,NA,MAERSK,261871131,MRSU5969369,ML-ES0620493,"22,906.00",20/11/2025,47,MAEU261871131,FORT DESAIX 547S,26/12/2025,52,NO,NA,NEW AGE,AVM,25/001871,10/12/2025,23/12/2025,118-2025-10-566891-01-6-00,30/12/2025,13/1/2026,12/1/2026,15/1/2026,ALMACEN LIMA,AVM,14/1/2026,T001-4442,GUZMAN,14/1/2026,3,ALMC,17/1/2026,3,20/1/2026,EG03-00012247,EG07-00007734,,4700004128-15,31/12/2025,
2025-2026,LIQUIDADO,HF PERU,25-160-HPER,4700004128-15,GONZALO, PROJAR ,SUSTRATOS,FIBRA DE COCO,M&S,FE25-01196,22.00,UN,EUR,"12,540.00","14,797.20",90,CIF,SEA,FCL,ESPAÑA,VALENCIA,CALLAO,1,40 HC,22,PALLET,29/10/2025,NA,NA,DIRECTO,NA,MAERSK,261871131,UETU8151535,ML-ES0535083,"21,448.00",20/11/2025,47,MAEU261871131,FORT DESAIX 547S,26/12/2025,52,NO,NA,NEW AGE,AVM,25/001871,10/12/2025,23/12/2025,118-2025-10-566891-01-6-00,30/12/2025,13/1/2026,12/1/2026,15/1/2026,ALMACEN LIMA,AVM,14/1/2026,T001-4444,GUZMAN,14/1/2026,3,ALMC,16/1/2026,3,20/1/2026,EG03-00012211,EG07-00007723,,4700004128-15,31/12/2025,
2025-2026,LIQUIDADO,HF PERU,25-161-HPER,4700004128-16,GONZALO, PROJAR ,SUSTRATOS,FIBRA DE COCO,M&S,FE25-01197,22.00,UN,EUR,"12,540.00","14,797.20",90,CIF,SEA,FCL,ESPAÑA,VALENCIA,CALLAO,1,40 HC,22,PALLET,29/10/2025,NA,NA,DIRECTO,NA,MAERSK,258878627,FFAU5712464,ML-ES5642156,"23,474.00",20/11/2025,47,MAEU258878627,FORT DESAIX 547S,26/12/2025,52,NO,NA,NEW AGE,AVM,25/001872,10/12/2025,23/12/2025,118-2025-10-566944-01-2-00,30/12/2025,13/1/2026,13/1/2026,15/1/2026,ALMACEN LIMA,AVM,15/1/2026,T001-4465,GUZMAN,15/1/2026,3,ALMC,18/1/2026,3,20/1/2026,EG03-00012287,EG07-00007749,,4700004128-16,31/12/2025,
2025-2026,LIQUIDADO,HF PERU,25-161-HPER,4700004128-16,GONZALO, PROJAR ,SUSTRATOS,FIBRA DE COCO,M&S,FE25-01197,22.00,UN,EUR,"12,540.00","14,797.20",90,CIF,SEA,FCL,ESPAÑA,VALENCIA,CALLAO,1,40 HC,22,PALLET,29/10/2025,NA,NA,DIRECTO,NA,MAERSK,258878627,FFAU5763055,ML-ES0533886,"23,134.00",20/11/2025,47,MAEU258878627,FORT DESAIX 547S,26/12/2025,52,NO,NA,NEW AGE,AVM,25/001872,10/12/2025,23/12/2025,118-2025-10-566944-01-2-00,30/12/2025,13/1/2026,13/1/2026,15/1/2026,ALMACEN LIMA,AVM,15/1/2026,T001-4461,GUZMAN,15/1/2026,3,ALMC,18/1/2026,3,20/1/2026,EG03-00012286,EG07-00007748,,4700004128-16,31/12/2025,
2025-2026,LIQUIDADO,HF PERU,25-161-HPER,4700004128-16,GONZALO, PROJAR ,SUSTRATOS,FIBRA DE COCO,M&S,FE25-01197,22.00,UN,EUR,"12,540.00","14,797.20",90,CIF,SEA,FCL,ESPAÑA,VALENCIA,CALLAO,1,40 HC,22,PALLET,29/10/2025,NA,NA,DIRECTO,NA,MAERSK,258878627,MRSU3702455,ML-ES0545088,"23,216.00",20/11/2025,47,MAEU258878627,FORT DESAIX 547S,26/12/2025,52,NO,NA,NEW AGE,AVM,25/001872,10/12/2025,23/12/2025,118-2025-10-566944-01-2-00,30/12/2025,13/1/2026,13/1/2026,15/1/2026,ALMACEN LIMA,AVM,15/1/2026,T001-4463,GUZMAN,15/1/2026,3,ALMC,18/1/2026,3,20/1/2026,EG03-00012284,EG07-00007746,,4700004128-16,31/12/2025,
2025-2026,LIQUIDADO,HF PERU,25-161-HPER,4700004128-16,GONZALO, PROJAR ,SUSTRATOS,FIBRA DE COCO,M&S,FE25-01197,22.00,UN,EUR,"12,540.00","14,797.20",90,CIF,SEA,FCL,ESPAÑA,VALENCIA,CALLAO,1,40 HC,22,PALLET,29/10/2025,NA,NA,DIRECTO,NA,MAERSK,258878627,MRSU8197660,ML-ES0533874,"23,003.00",20/11/2025,47,MAEU258878627,FORT DESAIX 547S,26/12/2025,52,NO,NA,NEW AGE,AVM,25/001872,10/12/2025,23/12/2025,118-2025-10-566944-01-2-00,30/12/2025,13/1/2026,13/1/2026,15/1/2026,ALMACEN LIMA,AVM,15/1/2026,T001-4464,GUZMAN,15/1/2026,3,ALMC,18/1/2026,3,20/1/2026,EG03-00012285,EG07-00007747,,4700004128-16,31/12/2025,
2025-2026,LIQUIDADO,HF PERU,25-161-HPER,4700004128-16,GONZALO, PROJAR ,SUSTRATOS,FIBRA DE COCO,M&S,FE25-01197,22.00,UN,EUR,"12,540.00","14,797.20",90,CIF,SEA,FCL,ESPAÑA,VALENCIA,CALLAO,1,40 HC,22,PALLET,29/10/2025,NA,NA,DIRECTO,NA,MAERSK,258878627,MSKU1621184,ML-ES0533877,"23,556.00",20/11/2025,47,MAEU258878627,FORT DESAIX 547S,26/12/2025,52,NO,NA,NEW AGE,AVM,25/001872,10/12/2025,23/12/2025,118-2025-10-566944-01-2-00,30/12/2025,13/1/2026,13/1/2026,15/1/2026,ALMACEN LIMA,AVM,15/1/2026,T001-4462,GUZMAN,15/1/2026,3,ALMC,18/1/2026,3,21/1/2026,EG03-00012283,EG07-00007750,,4700004128-16,31/12/2025,
2025-2026,LIQUIDADO,HF PERU,25-187-HPER,4700004438,FIORELLA, HF IMPORTS ,E & E,SHAKERS,-,12112025,"4,720.00",UN,USD,424.80,424.80,30,EXW,AIR,AIR,USA,PHILADELPHIA,LIMA,NA,NA,5,CAJA,NA,NA,NA,COURIER,NA,DHL,1047781335,NA,NA,NA,16/12/2025,51,1047781335,DHL COURIER,26/12/2025,52,NO,NA,NA,DHL,NA,NA,19/12/2025,235-2025-28-17291371-10-4,NA,NA,24/12/2025,NA,COURIER,NA,26/12/2025,NA,NA,26/12/2025,52,ALMC,26/12/2025,52,27/12/2025,NA,NA,,4700004438,7/1/2026,
2025-2026,LIQUIDADO,HF PERU,25-139-HPER,4700004332,OMAR,PROMISOL,AGQ,CYTOFLOW AMIN,-,F/25467,"6,000.00",KG,EUR,"61,800.00","72,924.00",90,EXW,SEA,FCL,ESPAÑA,BARCELONA,CALLAO,0.5,20 ST,8,PALLET,NA,6/11/2025,7/11/2025,FORBIS,PE-25110155-01,MSC,048IBC0400747,MSMU1869720,FX35497451,"4,250.00",23/11/2025,47,FBME2515921/1,MSC EDNA NX548A,28/12/2025,52,SI,24/11/2025,IMUPESA,AVM,25/001893,18/12/2025,22/12/2025,118-2025-10-565853-01-3-00,NA,NA,1/1/2026,10/1/2026,ALMACEN LIMA,AVM,3/1/2026,T001-4553,GUZMAN,3/1/2026,1,ALMC,10/1/2026,2,14/1/2026,EG03-00012067,EG07-00007645,,4700004332,31/12/2025,
2025-2026,LIQUIDADO,HF PERU,25-139-HPER,4700004332,OMAR,PROMISOL,AGQ,CYTOLAN,-,F/25467,"2,000.00",KG,EUR,"21,700.00","25,606.00",90,EXW,SEA,FCL,ESPAÑA,BARCELONA,CALLAO,0.5,20 ST,2,PALLET,NA,6/11/2025,7/11/2025,FORBIS,PE-25110155-01,MSC,048IBC0400747,MSMU1869720,FX35497451,"4,250.00",23/11/2025,47,FBME2515921/1,MSC EDNA NX548A,28/12/2025,52,SI,24/11/2025,IMUPESA,AVM,25/001893,18/12/2025,22/12/2025,118-2025-10-565853-01-3-00,NA,NA,1/1/2026,10/1/2026,ALMACEN LIMA,AVM,3/1/2026,T001-4553,GUZMAN,3/1/2026,1,ALMC,10/1/2026,2,14/1/2026,EG03-00012067,EG07-00007645,,4700004332,31/12/2025,
2025-2026,ENTREGADO,HFE BERRIES,25-029-HFEB,4700004245,OMAR, PROMISOL ,AGQ,MUCIGEL,-,F/25468,"2,000.00",LT,EUR,"16,800.00","19,824.00",120,EXW,SEA,LCL,ESPAÑA,BARCELONA,CALLAO,NA,NA,2,PALLET,NA,8/11/2025,10/11/2025,AIRSEALOG,S00060481,CMA CGM,PECAO25008P,CMAU9606837,M1841405,"2,550.00",25/11/2025,48,EBCN25115697,ISTANBUL EXPRESS 0WCMNS1MA,1/1/2026,1,SI,1/12/2025,DPW,AVM,25/001894,22/12/2025,26/12/2025,118-2025-10-571336-01-7-00,6/1/2026,NA,22/1/2026,NA,DIRECTO,NA,24/1/2026,NA,GASTALDI,24/1/2026,4,OLMOS,24/1/2026,4,NA,NA,NA,,4700004245,,
2025-2026,LIQUIDADO,HF PERU,25-162-HPER,4700004128-17,GONZALO, PROJAR ,SUSTRATOS,FIBRA DE COCO,M&S,FE25-01246,22.00,UN,EUR,"12,540.00","14,797.20",90,CIF,SEA,FCL,ESPAÑA,VALENCIA,CALLAO,1,40 HC,22,PALLET,29/10/2025,NA,NA,DIRECTO,NA,MAERSK,260994535,MRKU2011878,ML-ES0625951,"23,762.00",26/11/2025,48,MAEU260994535,MAERSK BOGOR 548S,2/1/2026,1,NO,NA,NEW AGE,AVM,25/001873,10/12/2025,29/12/2025,118-2025-10-575662-01-6-00,6/1/2026,6/1/2026,11/1/2026,22/1/2026,DIRECTO,NA,12/1/2026,NA,MERIDIAN,13/1/2026,3,ALMC,13/1/2026,3,15/1/2026,EG03-00055457,EG07-00007684,,4700004128-17,31/12/2025,
2025-2026,LIQUIDADO,HF PERU,25-162-HPER,4700004128-17,GONZALO, PROJAR ,SUSTRATOS,FIBRA DE COCO,M&S,FE25-01246,22.00,UN,EUR,"12,540.00","14,797.20",90,CIF,SEA,FCL,ESPAÑA,VALENCIA,CALLAO,1,40 HC,22,PALLET,29/10/2025,NA,NA,DIRECTO,NA,MAERSK,260994535,MRKU3162009,ML-ES0625985,"23,001.00",26/11/2025,48,MAEU260994535,MAERSK BOGOR 548S,2/1/2026,1,NO,NA,NEW AGE,AVM,25/001873,10/12/2025,29/12/2025,118-2025-10-575662-01-6-00,6/1/2026,6/1/2026,12/1/2026,22/1/2026,DIRECTO,NA,13/1/2026,NA,MERIDIAN,14/1/2026,3,ALMC,14/1/2026,3,15/1/2026,EG03-00055508,EG07-00007700,,4700004128-17,31/12/2025,
2025-2026,LIQUIDADO,HF PERU,25-162-HPER,4700004128-17,GONZALO, PROJAR ,SUSTRATOS,FIBRA DE COCO,M&S,FE25-01246,22.00,UN,EUR,"12,540.00","14,797.20",90,CIF,SEA,FCL,ESPAÑA,VALENCIA,CALLAO,1,40 HC,22,PALLET,29/10/2025,NA,NA,DIRECTO,NA,MAERSK,260994535,MSKU1598361,ML-ES0525064,"23,695.00",26/11/2025,48,MAEU260994535,MAERSK BOGOR 548S,2/1/2026,1,NO,NA,NEW AGE,AVM,25/001873,10/12/2025,29/12/2025,118-2025-10-575662-01-6-00,6/1/2026,6/1/2026,12/1/2026,22/1/2026,DIRECTO,NA,13/1/2026,NA,MERIDIAN,14/1/2026,3,ALMC,14/1/2026,3,15/1/2026,EG03-00055507,EG07-00007701,,4700004128-17,31/12/2025,
2025-2026,LIQUIDADO,HF PERU,25-162-HPER,4700004128-17,GONZALO, PROJAR ,SUSTRATOS,FIBRA DE COCO,M&S,FE25-01246,22.00,UN,EUR,"12,540.00","14,797.20",90,CIF,SEA,FCL,ESPAÑA,VALENCIA,CALLAO,1,40 HC,22,PALLET,29/10/2025,NA,NA,DIRECTO,NA,MAERSK,260994535,SEKU6971389,ML-ES0625974,"23,764.00",26/11/2025,48,MAEU260994535,MAERSK BOGOR 548S,2/1/2026,1,NO,NA,NEW AGE,AVM,25/001873,10/12/2025,29/12/2025,118-2025-10-575662-01-6-00,6/1/2026,6/1/2026,11/1/2026,22/1/2026,DIRECTO,NA,12/1/2026,NA,MERIDIAN,13/1/2026,3,ALMC,13/1/2026,3,15/1/2026,EG03-00055456,EG07-00007682,,4700004128-17,31/12/2025,
2025-2026,LIQUIDADO,HF PERU,25-162-HPER,4700004128-17,GONZALO, PROJAR ,SUSTRATOS,FIBRA DE COCO,M&S,FE25-01246,22.00,UN,EUR,"12,540.00","14,797.20",90,CIF,SEA,FCL,ESPAÑA,VALENCIA,CALLAO,1,40 HC,22,PALLET,29/10/2025,NA,NA,DIRECTO,NA,MAERSK,260994535,TGBU5400134,ML-ES0625952,"23,794.00",26/11/2025,48,MAEU260994535,MAERSK BOGOR 548S,2/1/2026,1,NO,NA,NEW AGE,AVM,25/001873,10/12/2025,29/12/2025,118-2025-10-575662-01-6-00,6/1/2026,6/1/2026,12/1/2026,22/1/2026,DIRECTO,NA,13/1/2026,NA,MERIDIAN,14/1/2026,3,ALMC,14/1/2026,3,15/1/2026,EG03-00055506,EG07-00007699,,4700004128-17,31/12/2025,
2025-2026,LIQUIDADO,HF PERU,25-162-HPER,4700004128-17,GONZALO, PROJAR ,SUSTRATOS,FIBRA DE COCO,M&S,FE25-01246,22.00,UN,EUR,"12,540.00","14,797.20",90,CIF,SEA,FCL,ESPAÑA,VALENCIA,CALLAO,1,40 HC,22,PALLET,29/10/2025,NA,NA,DIRECTO,NA,MAERSK,260994535,UETU6822676,ML-ES0525062,"23,351.00",26/11/2025,48,MAEU260994535,MAERSK BOGOR 548S,2/1/2026,1,NO,NA,NEW AGE,AVM,25/001873,10/12/2025,29/12/2025,118-2025-10-575662-01-6-00,6/1/2026,6/1/2026,11/1/2026,22/1/2026,DIRECTO,NA,12/1/2026,NA,MERIDIAN,13/1/2026,3,ALMC,13/1/2026,3,15/1/2026,EG03-00055455,EG07 - 00007681,,4700004128-17,31/12/2025,
2025-2026,ENTREGADO,HFE BERRIES,25-027-HFEB,4700004100,VICTOR, DEHUAN ,EQP & INST,EQUIPOS VARIOS,-,TLD25022DW,606.00,UN,USD,"100,477.14","100,477.14",0,CIF,SEA,FCL,CHINA,SHENZHEN,CALLAO,0.9,40 HC,142,CAJA,NA,NA,NA,DIRECTO,NA,CMA CGM,SHZ7664840,CAIU9765332-1,M5830734,"10,676.39",9/11/2025,45,SHZ7664840,CMA CGM LITANI 1MH0LW1MA,5/1/2026,2,NO,NA,MERKUR,LIP,20513,26/12/2025,30/12/2025,118-2025-10-578104-01-4-00,NA,NA,12/1/2026,26/1/2026,DIRECTO,NA,12/1/2026,NA,GASTALDI,14/1/2026,3,OLMOS,14/1/2026,3,NA,NA,NA,,4700004100,28/5/2025,
2025-2026,ENTREGADO,HFE BERRIES,25-027-HFEB,4700004100,VICTOR, DEHUAN ,EQP & INST,EQUIPOS VARIOS,SAMPLE,TLD25022DW-B,64.00,UN,USD,"1,719.17","1,719.17",0,CIF,SEA,FCL,CHINA,SHENZHEN,CALLAO,0.1,40 HC,142,CAJA,NA,NA,NA,DIRECTO,NA,CMA CGM,SHZ7664840,CAIU9765332-2,M5830734,"1,186.27",9/11/2025,45,SHZ7664840,CMA CGM LITANI 1MH0LW1MA,5/1/2026,2,NO,NA,MERKUR,LIP,20513,26/12/2025,30/12/2025,118-2025-10-578104-01-4-00,NA,NA,12/1/2026,26/1/2026,DIRECTO,NA,12/1/2026,NA,GASTALDI,14/1/2026,3,OLMOS,14/1/2026,3,NA,NA,NA,,4700004100,6/5/2025,
2025-2026,LIQPARCIAL,HF PERU,25-191-HPER,4700004425-1,MELANIE, A&B ,SPAREPARTS,REPUESTOS VARIOS,-,1251,1.00,UN,USD,"1,963.77","1,963.77",0,EXW,AIR,AIR,USA,MIAMI,LIMA,NA,NA,1,CAJA,NA,22/12/2025,22/12/2025,AIRSEALOG,S00062263,AIRMAX,658-30875073,NA,NA,9.00,7/1/2026,2,CTS19430, AIRMAX CARGO ,7/1/2026,2,SI,6/1/2026,SHOHIN,LIP,400,6/1/2026,6/1/2026,235-2026-10-001426-01-8-00,NA,NA,8/1/2026,NA,ALMACEN LIMA,LIP,9/1/2026,T001-8780,GUZMAN,9/1/2026,2,9/1/2026,13/1/2026,3,19/1/2026,EG03-00012119,EG07-00007690,,4700004425-1,,
2025-2026,SIN GASTOS,HF PERU,25-192-HPER,NA,GONZALO, DEHUAN ,E & E,MACETAS DE PLASTICO,SAMPLE,001,2.00,UN,USD,2.00,2.00,0,,AIR,AIR,CHINA,SHANGHAI,LIMA,NA,NA,1,CAJA,NA,NA,NA,COURIER,NA,UPS,0E793DFJWW4,NA,NA,2.00,26/11/2025,48,1Z0E793D6738645897,UPS COURIER,7/1/2026,2,NO,NA,,PASOC,NA,NA,26/12/2025,235-2025-28-17941169-67-5-00,NA,NA,,,COURIER,NA,,NA,,,52,ALMC,,52,,,,,NA,,
2025-2026,LIQUIDADO,HF PERU,25-181-HPER,4700004387,OMAR, PROMISOL ,AGQ,CYTOFLOW AMIN,-,F/25479,"3,000.00",KG,EUR,"30,900.00","36,462.00",90,EXW,SEA,LCL,ESPAÑA,BARCELONA,CALLAO,NA,NA,4,PALLET,NA,24/11/2025,24/11/2025,AIRSEALOG,S00061152 ,CMA CGM,,CMAU3637640,L7777533,"3,100.00",9/12/2025,50,012025113078,CMA CGM CARL ANTOINE 0WCMRS1MA,16/1/2026,3,SI,12/12/2025,VILLAS OQUENDO,AVM,26/000119,6/1/2026,14/1/2026,118-2026-10-022770-01-3-00,NA,NA,19/1/2026,NA,ALMACEN LIMA,AVM,21/1/2026,T001-4508,GUZMAN,21/1/2026,4,ALMC,28/1/2026,5,13/2/2026,EG03-00012825,EG07-00007833,,4700004387,16/2/2026,17/2/2026
2025-2026,LIQPARCIAL,HF PERU,25-188-HPER,4700004429,FIORELLA, SIRANE ,E & E,PADS ABSORBENTES,-,5578,"420,000.00",UN,USD,"2,730.00","2,730.00",0,EXW,SEA,LCL,MEXICO,MANZANILLO,CALLAO,NA,NA,1,PALLET,NA,10/12/2025,11/12/2025,FORBIS,PE-25120296,ONE,PECAO26001A,TRHU7012790,LAAD09083,330.00,10/1/2026,2,MZO26011-8,HMM BLESSING 0037W,19/1/2026,4,SI,9/1/2026,ALFOSAC,LIP,735,12/1/2026,16/1/2026,118-2026-10-027288-01-5-00,NA,NA,22/1/2026,NA,ALMACEN LIMA,LIP,23/1/2026,T001-8849,GUZMAN,23/1/2026,4,PLSA,28/1/2026,5,29/1/2026,EG03-00012730,EG07-00007835,,4700004429,,
2025-2026,LIQUIDADO,HF PERU,25-186-HPER,4700004290,GONZALO, BVB ,SUSTRATOS,TURBA,-,36134514,22.00,BOL,USD,"22,426.00","22,426.00",0,CIF,SEA,FCL,ESTONIA,TALLIN,CALLAO,1,40 HC,22,PALLET,NA,NA,NA,DIRECTO,NA,MAERSK,262192220,HASU4458786,EE0013766,"25,000.00",7/12/2025,49,MAEU262192220,HALSTED 603S,20/1/2026,4,NO,NA,NEW AGE,AVM,26/000044,11/12/2025,19/1/2026,118-2026-10-031852-01-9-01,23/1/2026,9/2/2026,9/2/2026,10/2/2026,ALMACEN LIMA,AVM,10/2/2026,T001-4572,GUZMAN,10/2/2026,7,ALMC,15/2/2026,7,19/2/2026,EG03-00013023,EG07-00007979,,4700004290,,
2025-2026,LIQUIDADO,HF PERU,25-186-HPER,4700004290,GONZALO, BVB ,SUSTRATOS,TURBA,-,36134514,22.00,BOL,USD,"22,426.00","22,426.00",0,CIF,SEA,FCL,ESTONIA,TALLIN,CALLAO,1,40 HC,22,PALLET,NA,NA,NA,DIRECTO,NA,MAERSK,262192220,UETU5489468,EE0013691,"25,100.00",7/12/2025,49,MAEU262192220,HALSTED 603S,20/1/2026,4,NO,NA,NEW AGE,AVM,26/000044,11/12/2025,19/1/2026,118-2026-10-031852-01-9-01,23/1/2026,9/2/2026,9/2/2026,10/2/2026,ALMACEN LIMA,AVM,10/2/2026,T001-4573,GUZMAN,10/2/2026,7,ALMC,15/2/2026,7,19/2/2026,EG03-00013022,EG07-00007980,,4700004290,,
2025-2026,LIQPARCIAL,HF PERU,25-195-HPER,4700004425-2,MELANIE, A&B ,SPAREPARTS,REPUESTOS VARIOS,-,1251A,20.00,UN,USD,"1,477.40","1,477.40",0,EXW,AIR,AIR,USA,MIAMI,LIMA,NA,NA,1,CAJA,NA,22/12/2025,22/12/2025,AIRSEALOG,S00063054,AIRMAX,658-30875095,NA,NA,2.00,23/1/2026,4,CTS19661, AIRMAX CARGO ,23/1/2026,4,SI,20/1/2026,SHOHIN,LIP,1186,20/1/2026,20/1/2026,235-2026-10-008933-01-2-00,NA,NA,26/1/2026,NA,ALMACEN LIMA,LIP,27/1/2026,T001-8865,GUZMAN,27/1/2026,5,PLSA,4/2/2026,6,7/2/2026,EG03-00012824,EG07-00007898,,4700004425-2,,
2025-2026,ENTREGADO,HFE BERRIES,25-031-HFEB,4700004388,OMAR, PROMISOL ,AGQ,CYTOFLOW AMIN,-,F/25480,"2,000.00",KG,EUR,"20,600.00","24,308.00",120,EXW,SEA,LCL,ESPAÑA,BARCELONA,CALLAO,NA,NA,3,PALLET,NA,24/11/2025,24/11/2025,FORBIS,PE-25110847,CMA CGM,PECAO25010K,FFAU4462524,,"2,100.00",16/12/2025,51,FBEBCN25127326,GUAYAQUIL EXPRESS 0WCMTS1MA,23/1/2026,4,SI,16/12/2025,ALFOSAC,AVM,26/000158,13/1/2026,22/1/2026,118-2026-10-036329-01-2-00,NA,NA,27/1/2026,NA,DIRECTO,NA,31/1/2026,NA,GASTALDI,2/2/2026,6,OLMOS,2/2/2026,6,NA,NA,NA,,4700004388,,
2025-2026,ENTREGADO,HFE BERRIES,25-031-HFEB,4700004388,OMAR, PROMISOL ,AGQ,CYTOLAN,-,F/25480,"1,500.00",KG,EUR,"16,275.00","19,204.50",120,EXW,SEA,LCL,ESPAÑA,BARCELONA,CALLAO,NA,NA,2,PALLET,NA,24/11/2025,24/11/2025,FORBIS,PE-25110847,CMA CGM,PECAO25010K,FFAU4462524,,"1,575.00",16/12/2025,51,FBEBCN25127326,GUAYAQUIL EXPRESS 0WCMTS1MA,23/1/2026,4,SI,16/12/2025,ALFOSAC,AVM,26/000158,13/1/2026,22/1/2026,118-2026-10-036329-01-2-00,NA,NA,27/1/2026,NA,DIRECTO,NA,31/1/2026,NA,GASTALDI,2/2/2026,6,OLMOS,2/2/2026,6,NA,NA,NA,,4700004388,,
2025-2026,ENTREGADO,HFE BERRIES,25-030-HFEB,4700004370,OMAR, PROMISOL ,AGQ,CYTOLAN,-,F/25475,"2,000.00",KG,EUR,"21,700.00","25,606.00",120,EXW,SEA,LCL,ESPAÑA,BARCELONA,CALLAO,NA,NA,3,PALLET,NA,18/11/2025,18/11/2025,FORBIS,PE-25110632,CMA CGM,PECAO25011E,FFAU4462524,M1841400,"2,790.00",16/12/2025,51,PECAO25011E,GUAYAQUIL EXPRESS 0WCMTS1MA,23/1/2026,4,SI,16/12/2025,ALFOSAC,AVM,26/000159,13/1/2026,22/1/2026,118-2026-10-036455-01-8-00,NA,NA,27/1/2026,NA,DIRECTO,NA,31/1/2026,NA,GASTALDI,2/2/2026,6,OLMOS,2/2/2026,6,NA,NA,NA,,4700004370,,
2025-2026,ENTREGADO,HFE BERRIES,25-030-HFEB,4700004370,OMAR, PROMISOL ,AGQ,MUCIGEL,-,F/25475,"2,000.00",LT,EUR,"16,800.00","19,824.00",120,EXW,SEA,LCL,ESPAÑA,BARCELONA,CALLAO,NA,NA,2,PALLET,NA,18/11/2025,18/11/2025,FORBIS,PE-25110632,CMA CGM,PECAO25011E,FFAU4462524,M1841400,"1,860.00",16/12/2025,51,PECAO25011E,GUAYAQUIL EXPRESS 0WCMTS1MA,23/1/2026,4,SI,16/12/2025,ALFOSAC,AVM,26/000159,13/1/2026,22/1/2026,118-2026-10-036455-01-8-00,NA,NA,27/1/2026,NA,DIRECTO,NA,31/1/2026,NA,GASTALDI,2/2/2026,6,OLMOS,2/2/2026,6,NA,NA,NA,,4700004370,,
2025-2026,LIQUIDADO,HF PERU,25-178-HPER,4700004369,OMAR, EDEN ,AGQ,DISPER COMPLEX,-,2025-1786,"24,000.00",KG,EUR,"176,160.00","207,868.80",90,EXW,SEA,FCL,ESPAÑA,BARCELONA,CALLAO,1,40 HC,40,PALLET,NA,18/11/2025,18/11/2025,AIRSEALOG,S00060836,CMA CGM,,GCXU5135378,L3647261,"26,120.00",20/12/2025,51,PVAL25230930,GUAYAQUIL EXPRESS 0WCMTS1MA,23/1/2026,4,SI,16/12/2025,IMUPESA,AVM,26/000160,13/1/2026,22/1/2026,118-2026-10-037140-01-0-00,NA,NA,27/1/2026,5/2/2026,ALMACEN LIMA,AVM,29/1/2026,T001-4544,GUZMAN,29/1/2026,5,ALMC,5/2/2026,6,7/2/2026,EG03-00012838,EG07-00007908,,4700004369,11/2/2026,
2025-2026,LIQPARCIAL,HF PERU,25-196-HPER,4700004420,MELANIE, UNITEC ,SPAREPARTS,REPUESTOS VARIOS,-,411,14.00,UN,EUR,949.54,"1,120.46",0,EXW,AIR,AIR,CHILE,SANTIAGO,LIMA,NA,NA,0.5,CAJA,NA,20/1/2026,22/1/2026,FORBIS,PE-26010620-01,SKY CARGO,PELIM26015C,1,NA,8.00,27/1/2026,5,PELIM26015C,SKY CARGO,27/1/2026,5,SI,26/1/2026,ALFOSAC,LIP,1496,26/1/2026,26/1/2026,235-2026-10-012400-01-5-00,NA,NA,28/1/2026,NA,ALMACEN LIMA,LIP,29/1/2026,T001-8871,GUZMAN,29/1/2026,5,PLSA,4/2/2026,6,24/2/2026,EG03-00012826,EG07-00007897,,4700004420,,
2025-2026,LIQPARCIAL,HF PERU,25-196-HPER,4700004365,MELANIE, UNITEC ,SPAREPARTS,REPUESTOS VARIOS,-,410,1.00,UN,EUR,162.68,191.96,0,EXW,AIR,AIR,CHILE,SANTIAGO,LIMA,NA,NA,0.5,CAJA,NA,20/1/2026,22/1/2026,FORBIS,PE-26010620-01,SKY CARGO,PELIM26015C,2,NA,0.10,27/1/2026,5,PELIM26015C,SKY CARGO,27/1/2026,5,SI,26/1/2026,ALFOSAC,LIP,1496,26/1/2026,26/1/2026,235-2026-10-012400-01-5-00,NA,NA,28/1/2026,NA,ALMACEN LIMA,LIP,29/1/2026,T001-8871,GUZMAN,29/1/2026,5,PLSA,4/2/2026,6,9/2/2026,EG03-00012826,EG07-00007897,,4700004365,,
2025-2026,LIQPARCIAL,HF PERU,25-196-HPER,4700004465,MELANIE, UNITEC ,SPAREPARTS,REPUESTOS VARIOS,-,409,721.00,UN,EUR,"4,695.98","5,541.26",0,EXW,AIR,AIR,CHILE,SANTIAGO,LIMA,NA,NA,1,CAJA,NA,20/1/2026,22/1/2026,FORBIS,PE-26010620-01,SKY CARGO,PELIM26015C,3,NA,2.00,27/1/2026,5,PELIM26015C,SKY CARGO,27/1/2026,5,SI,26/1/2026,ALFOSAC,LIP,1496,26/1/2026,26/1/2026,235-2026-10-012400-01-5-00,NA,NA,28/1/2026,NA,ALMACEN LIMA,LIP,29/1/2026,T001-8871,GUZMAN,29/1/2026,5,PLSA,4/2/2026,6,9/2/2026,EG03-00012826,EG07-00007897,,4700004465,,
2025-2026,ENTREGADO,HFE BERRIES,25-034-HFEB,4700004394,VICTOR, SMARTPACK ,SPAREPARTS,REPUESTOS VARIOS,-,281,5.00,UN,USD,"1,755.11","1,755.11",30,EXW,AIR,AIR,CHILE,SANTIAGO,LIMA,NA,NA,1,CAJA,NA,20/1/2026,20/1/2026,AIRSEALOG,S00063117,SKY CARGO,605-00654146,NA,NA,2.00,27/1/2026,5,PELIM26015A,SKY CARGO,27/1/2026,5,SI,26/1/2026,ALFOSAC,LIP,1498,26/1/2026,27/1/2026,235-2026-10-012755-01-8-00,NA,NA,28/1/2026,NA,COURIER,NA,29/1/2026,T001-8889,LIP,2/1/2026,1,OLMOS,2/1/2026,1,NA,NA,NA,,4700004394,,
2025-2026,LIQUIDADO,HF PERU,25-189-HPER,4700004440,OMAR, BIOCONSUL ,AGQ,ORGANCAB K,-,BE032/25,"20,000.00",LT,EUR,"15,000.00","17,700.00",60,EXW,SEA,FCL,ESPAÑA,VALENCIA,CALLAO,1,40 HC,20,PALLET,NA,12/12/2025,12/12/2025,AIRSEALOG,S00061872,CMA CGM,IBC1437186,TEMU8346530,M1893814,"26,760.00",29/12/2025,1,PAEM022099,CMA CGM JACQUES JOSEPH 0WCMVS1MA,30/1/2026,5,SI,23/12/2025,IMUPESA,AVM,26/000185,19/1/2026,28/1/2026,118-2026-10-045117-01-4-00,NA,NA,2/2/2026,,ALMACEN LIMA,AVM,3/2/2026,T001-4553,GUZMAN,3/2/2026,6,ALMC,5/2/2026,6,6/2/2026,EG03-00012837,EG07-00007909,,4700004440,,
2025-2026,LIQPARCIAL,HF PERU,25-193-HPER,4700004475,HUB,UF BREEDING,PLANTAS,PLANTAS IN VITRO,SAMPLE,25-12C-PH,965.00,UN,USD,241.25,241.25,0,CPT,AIR,AIR,USA,ORLANDO,LIMA,NA,NA,1,CAJA,NA,NA,NA,DIRECTO,NA,LAN CARGO,045-91314834,NA,NA,11.00,30/1/2026,5,045-91314834,LAN CARGO,1/2/2026,5,SI,2/2/2026,TALMA,AVM,26/00132,7/1/2026,3/2/2026,235-2026-10-016892-01-1-00,6/2/2026,6/2/2026,6/2/2026,NA,DIRECTO,NA,10/2/2026,T001-4567,AVM,11/2/2026,7,ALMC,11/2/2026,7,24/2/2026,NA,NA,,4700004475,,
2025-2026,LIQPARCIAL,HF PERU,25-197-HPER,5400001595,HUB,NAM PLANTS,PLANTAS,PLANTAS IN VITRO,SAMPLE,7020000703,"1,440.00",UN,USD,"4,663.79","4,663.79",30,CPT,AIR,AIR,USA,PORTLAND,LIMA,NA,NA,2,CAJA,NA,NA,NA,DIRECTO,NA,AIR CANADA,014-38645062,NA,NA,59.50,30/1/2026,5,014-38645062,AIR CANADA CARGO,2/2/2026,6,SI,2/2/2026,TALMA,AVM,26/000242,28/1/2026,3/2/2026,235-2026-10-016985-01-8-00,4/2/2026,4/2/2026,4/2/2026,NA,DIRECTO,NA,10/2/2026,T001-4568,AVM,11/2/2026,7,ALMC,11/2/2026,7,24/2/2026,NA,NA,,5400001595,,
2025-2026,LIQPARCIAL,HF PERU,25-197-HPER,5400001595,HUB,NAM PLANTS,PLANTAS,PLANTAS DE ARANDANO,SAMPLE,7020000703,372.00,UN,USD,"1,204.81","1,204.81",30,CPT,AIR,AIR,USA,PORTLAND,LIMA,NA,NA,1,CAJA,NA,NA,NA,DIRECTO,NA,AIR CANADA,014-38645062,NA,NA,59.50,30/1/2026,5,014-38645062,AIR CANADA CARGO,2/2/2026,6,SI,2/2/2026,TALMA,AVM,26/000242,28/1/2026,3/2/2026,235-2026-10-016985-01-8-00,4/2/2026,4/2/2026,4/2/2026,NA,DIRECTO,NA,10/2/2026,T001-4568,AVM,11/2/2026,7,ALMC,11/2/2026,7,24/2/2026,NA,NA,,5400001595,,
2025-2026,ENTREGADO,HFE BERRIES,25-033-HFEB,4700004175,FIORELLA, FASTIK ,E & E,FILM PUNNET PET 11OZ,-,111022,"1,030,044.00",UN,USD,"43,303.05","43,303.05",0,EXW,SEA,LCL,USA,MIAMI,CALLAO,NA,NA,4,PALLET,NA,27/11/2025,27/11/2025,AIRSEALOG,S00061381,MAERSK,26200879,TRHU5615389,112006,"2,236.00",22/1/2026,4,26200879,MAERSK NACALA 601S,6/2/2026,6,SI,19/1/2026,VILLAS OQUENDO,LIP,1829,29/1/2026,4/2/2026,118-2026-10-057918-01-7-00,NA,NA,9/2/2026,NA,DIRECTO,NA,10/2/2026,NA,GASTALDI,12/2/2026,7,OLMOS,12/2/2026,7,NA,NA,NA,,4700004175,,
2025-2026,LIQUIDADO,HF PERU,25-190-HPER,4700004439,OMAR, PROMISOL ,AGQ,MUCIGEL,-,25505,"18,000.00",LT,EUR,"151,200.00","178,416.00",90,EXW,SEA,FCL,ESPAÑA,BARCELONA,CALLAO,1,20 ST,18,PALLET,NA,15/12/2025,15/12/2025,AIRSEALOG,S00061927,MSC,048IBC0404500,MSMU2699207,FX39600754,"23,040.00",28/12/2025,52,PBCN25248853,MSC CASSANDRE NX552A,8/2/2026,6,SI,31/12/2025,IMUPESA,AVM,26/000217,27/1/2026,2/2/2026,118-2026-10-051988-01-3-00,NA,NA,11/2/2026,21/2/2026,ALMACEN LIMA,AVM,12/2/2026,T001-4587,GUZMAN,12/2/2026,7,ALMC,14/2/2026,7,17/2/2026,EG03-00012972,EG07-00007977,,4700004439,,
2025-2026,LIQPARCIAL,HF PERU,25-200-HPER,4700004492,GONZALO, RITEC ,EQP & INST,APARATOS DE RIEGO,-,26/60,25.00,UN,USD,"2,014.50","2,014.50",0,EXW,AIR,AIR,ESPAÑA,MADRID,LIMA,NA,NA,1,CAJA,NA,2/2/2026,2/2/2026,AIRSEALOG,S00063557,LAN CARGO,045-13586683,NA,NA,8.00,8/2/2026,6,P6GBM0205491,LAN CARGO,8/2/2026,6,SI,6/2/2026,SHOHIN,LIP,2066,7/2/2026,7/2/2026,235-2026-10-020280-01-5-01,NA,NA,9/2/2026,NA,ALMACEN LIMA,LIP,10/2/2026,T001-8924,LIP,10/2/2026,7,12/2/2026,12/2/2026,7,5/3/2026,EG03-00012907,EG07-00007959,,4700004492,,
2025-2026,ENTREGADO,HFE BERRIES,25-028-HFEB,4700004225,GONZALO, CARFIA ,SUSTRATOS,FIBRA DE COCO,-,A/25039,"20,000.00",KG,USD,"15,884.00","15,884.00",0,EXW,SEA,FCL,SRI LANKA,SRI LANKA,CALLAO,1,40 HC,20,PALLET,NA,5/11/2025,6/11/2025,AIRSEALOG,S00060331,MSC,EBKG14880189,MSDU7329298,FX38423373,"20,540.00",22/11/2025,47,SALSE25110139-01,MSC ALANYA NX601A,12/2/2026,7,SI,12/12/2025,NEW AGE,AVM,26/000077,10/12/2025,11/2/2026,118-2026-10-068202-01-8-00,17/2/2026,17/2/2026,17/2/2026,4/3/2026,DIRECTO,NA,23/2/2026,NA,GASTALDI,25/2/2026,9,OLMOS,25/2/2026,9,NA,NA,NA,,4700004225,16/4/2025,
2025-2026,LIQPARCIAL,HF PERU,25-203-HPER,4700004493,MELANIE, INTRALOX ,SPAREPARTS,REPUESTOS VARIOS,-,43883614,40.00,UN,USD,982.00,982.00,0,EXW,AIR,AIR,USA,MIAMI,LIMA,NA,NA,1,CAJA,NA,4/2/2026,4/2/2026,FORBIS,PE-26020117,LAN CARGO,045-21818974,NA,NA,2.85,12/2/2026,7,FOR70376378 ,LAN CARGO,12/2/2026,7,SI,10/2/2026,TALMA,LIP,2160,10/2/2026,11/2/2026,235-2026-10-022095-01-0-00,NA,NA,13/2/2026,NA,ALMACEN LIMA,LIP,14/2/2026,T001-8939,GUZMAN,14/2/2026,7,PLSA,20/2/2026,8,21/2/2026,EG03-00013201,EG07-00008003,,4700004493,16/4/2025,
2025-2026,LIQPARCIAL,HF PERU,25-203-HPER,4700004485,MELANIE, INTRALOX ,SPAREPARTS,REPUESTOS VARIOS,-,43883631,48.00,UN,USD,"1,178.40","1,178.40",0,EXW,AIR,AIR,USA,MIAMI,LIMA,NA,NA,1,CAJA,NA,4/2/2026,4/2/2026,FORBIS,PE-26020117,LAN CARGO,045-21818974,NA,NA,2.85,12/2/2026,7,FOR70376378 ,LAN CARGO,12/2/2026,7,SI,10/2/2026,TALMA,LIP,2160,10/2/2026,11/2/2026,235-2026-10-022095-01-0-00,NA,NA,13/2/2026,NA,ALMACEN LIMA,LIP,14/2/2026,T001-8939,GUZMAN,14/2/2026,7,MAQ0,20/2/2026,8,23/2/2026,EG03-00013201,EG07-00008003,,4700004485,27/3/2025,
2025-2026,LIQPARCIAL,HF PERU,25-198-HPER,4700004430-1,MELANIE, A&B ,SPAREPARTS,REPUESTOS VARIOS,-,1255,253.00,UN,USD,"45,110.79","45,110.79",0,EXW,AIR,AIR,USA,MIAMI,LIMA,NA,NA,1,CAJA,NA,30/1/2026,30/1/2026,AIRSEALOG,S00063540,AIRMAX,658-30870350,NA,NA,195.00,15/2/2026,7,54676,AIRMAX CARGO,15/2/2026,7,SI,13/2/2026,SHOHIN,LIP,2302,13/2/2026,14/2/2026,235-2026-10-024956-01-3-00,NA,NA,16/2/2026,NA,ALMACEN LIMA,LIP,17/2/2026,T001-8945,GUZMAN,17/2/2026,8,17-feb,20/2/2026,8,23/2/2026,EG03-00013201,EG07-00008003,,4700004430-1,,
2025-2026,LIQUIDADO,HF PERU,25-194-HPER,4700004403,GONZALO, PROJAR ,SUSTRATOS,FIBRA DE COCO SUPRA,GEN,FE26-00061,22.00,BOL,EUR,"12,276.00","14,485.68",0,CIF,SEA,FCL,ESPAÑA,VALENCIA,CALLAO,1,40 HC,22,PALLET,NA,NA,NA,DIRECTO,NA,MAERSK,263695447,MRSU5443672,ML-ES0528135,"21,383.00",21/1/2026,4,MAEU263695447,MAERSK BAYETE 603S,20/2/2026,8,NO,NA,NEW AGE,AVM,26/000204,21/1/2026,13/2/2026,118-2026-10-074625-01-4-00,24/2/2026,24/2/2026,24/2/2026,11/3/2026,ALMACEN LIMA,AVM,25/2/2026,T001-4645,GUZMAN,26/2/2026,9,ALMC,17/3/2026,12,27/3/2026,EG03-00013392,EG07-00008153,,4700004403,,
2025-2026,LIQUIDADO,HF PERU,25-194-HPER,4700004403,GONZALO, PROJAR ,SUSTRATOS,FIBRA DE COCO SUPRA,GEN,FE26-00061,22.00,BOL,EUR,"12,276.00","14,485.68",0,CIF,SEA,FCL,ESPAÑA,VALENCIA,CALLAO,1,40 HC,22,PALLET,NA,NA,NA,DIRECTO,NA,MAERSK,263695447,TCNU2813710,ML-ES0380505,"21,844.00",21/1/2026,4,MAEU263695447,MAERSK BAYETE 603S,20/2/2026,8,NO,NA,NEW AGE,AVM,26/000204,21/1/2026,13/2/2026,118-2026-10-074625-01-4-00,24/2/2026,24/2/2026,24/2/2026,11/3/2026,ALMACEN LIMA,AVM,25/2/2026,T001-4647,GUZMAN,26/2/2026,9,ALMC,18/3/2026,12,27/3/2026,EG03-00013402,EG07-00008162,,4700004403,,
2025-2026,LIQUIDADO,HF PERU,25-194-HPER,4700004403,GONZALO, PROJAR ,SUSTRATOS,FIBRA DE COCO SUPRA,GEN,FE26-00061,22.00,BOL,EUR,"12,276.00","14,485.68",0,CIF,SEA,FCL,ESPAÑA,VALENCIA,CALLAO,1,40 HC,22,PALLET,NA,NA,NA,DIRECTO,NA,MAERSK,263695447,CAAU8909941,ML-ES0310651,"21,265.00",21/1/2026,4,MAEU263695447,MAERSK BAYETE 603S,20/2/2026,8,NO,NA,NEW AGE,AVM,26/000204,21/1/2026,13/2/2026,118-2026-10-074625-01-4-00,24/2/2026,24/2/2026,24/2/2026,11/3/2026,ALMACEN LIMA,AVM,25/2/2026,T001-4644,GUZMAN,26/2/2026,9,ALMC,18/3/2026,12,27/3/2026,EG03-00013403,EG07-00008161,,4700004403,,
2025-2026,LIQUIDADO,HF PERU,25-194-HPER,4700004403,GONZALO, PROJAR ,SUSTRATOS,FIBRA DE COCO SUPRA,GEN,FE26-00061,22.00,BOL,EUR,"12,276.00","14,485.68",0,CIF,SEA,FCL,ESPAÑA,VALENCIA,CALLAO,1,40 HC,22,PALLET,NA,NA,NA,DIRECTO,NA,MAERSK,263695447,TIIU4880022,ML-ES0314039,"21,135.00",21/1/2026,4,MAEU263695447,MAERSK BAYETE 603S,20/2/2026,8,NO,NA,NEW AGE,AVM,26/000204,21/1/2026,13/2/2026,118-2026-10-074625-01-4-00,24/2/2026,24/2/2026,24/2/2026,11/3/2026,ALMACEN LIMA,AVM,26/2/2026,T001-4648,GUZMAN,27/2/2026,9,ALMC,17/3/2026,12,27/3/2026,EG03-00013393,EG07-00008154,,4700004403,,
2025-2026,LIQUIDADO,HF PERU,25-194-HPER,4700004403,GONZALO, PROJAR ,SUSTRATOS,FIBRA DE COCO SUPRA,GEN,FE26-00061,13.00,BOL,EUR,"7,281.43","8,592.09",0,CIF,SEA,FCL,ESPAÑA,VALENCIA,CALLAO,0.6,40 HC,13,PALLET,NA,NA,NA,DIRECTO,NA,MAERSK,263695447,MRSU6237022,ML-ES0528198,"12,371.00",21/1/2026,4,MAEU263695447,MAERSK BAYETE 603S,20/2/2026,8,NO,NA,NEW AGE,AVM,26/000204,21/1/2026,13/2/2026,118-2026-10-074625-01-4-00,24/2/2026,24/2/2026,24/2/2026,11/3/2026,ALMACEN LIMA,AVM,26/2/2026,T001-4649,GUZMAN,27/2/2026,9,ALMC,19/3/2026,12,27/3/2026,EG03-00013411,EG07-00008169,,4700004403,,
2025-2026,LIQUIDADO,HF PERU,25-194-HPER,4700004403,GONZALO, PROJAR ,SUSTRATOS,PERLITA AGRICOLA,GEN,FE26-00061,305.00,UN,EUR,"4,847.96","5,720.59",0,CIF,SEA,FCL,ESPAÑA,VALENCIA,CALLAO,0.4,40 HC,351,SACO,NA,NA,NA,DIRECTO,NA,MAERSK,263695447,MRSU6237022,ML-ES0528198,"3,246.00",21/1/2026,4,MAEU263695447,MAERSK BAYETE 603S,20/2/2026,8,NO,NA,NEW AGE,AVM,26/000204,21/1/2026,13/2/2026,118-2026-10-074625-01-4-00,24/2/2026,24/2/2026,24/2/2026,11/3/2026,ALMACEN LIMA,AVM,26/2/2026,T001-4649,GUZMAN,27/2/2026,9,ALMC,19/3/2026,12,27/3/2026,EG03-00013411,EG07-00008169,,4700004403,,
2025-2026,LIQUIDADO,HF PERU,25-202-HPER,4700004472,MELANIE, AGROGENIUS ,SPAREPARTS,REPUESTOS VARIOS,-, INV-2026012701 ,2.00,UN,USD,"4,219.28","4,219.28",0,DDP,AIR,AIR,,,LIMA,,,,,NA,NA,NA,DIRECTO,NA,UPS,1ZW012W96716583691,NA,NA,,7/2/2026,6,1ZW012W96716583691,UPS COURIER,23/2/2026,9,NO,NA,NA,UPS,OR457,12/2/2026,12/2/2026,235-2026-10-022905-01-2-00,NA,NA,19/2/2026,NA,COURIER,,,,,23/2/2026,9,PLSA,23/2/2026,9,3/3/2026,NA,NA,,4700004472,,
2025-2026,RETIRADO,HF PERU,25-199-HPER,4700004496,OMAR, BIOCONSUL ,AGQ,ORGANCAB K,-, BE005/26 ,"20,000.00",LT,EUR,"15,000.00","17,700.00",60,EXW,SEA,FCL,ESPAÑA,VALENCIA,CALLAO,1,40 HC,20,PALLET,NA,2/2/2026,2/2/2026,AIRSEALOG,S00063551,MSC,EBKG15748308,CAAU7785609,FX39520155,"26,760.00",19/2/2026,8,PVAL26023124,MSC SAMIA NX607A,20/3/2026,12,SI,16/2/2026,IMUPESA,AVM,26/000417,13/3/2026,17/3/2026,118-2026-10-123536-01-2-00,NA,NA,23/3/2026,1/4/2026,ALMACEN LIMA,AVM,24/3/2026,,GUZMAN,24/3/2026,13,,,52,,,,,4700004496,,
2025-2026,RETIRADO,HF PERU,25-201-HPER,4700004461,OMAR, CODIAGRO ,AGQ,FITOKONTROL-K,-,72,"17,000.00",LT,EUR,"44,390.40","52,380.67",0,EXW,SEA,FCL,ESPAÑA,BARCELONA,CALLAO,1,20 ST,17,PALLET,NA,3/2/2026,3/2/2026,AIRSEALOG,S00063602,MSC,EBKG15775307,MEDU5042803,FX39520085,"23,885.00",18/2/2026,8,PVAL26024422,MSC SAMIA NX607A,20/3/2026,12,SI,16/2/2026,IMUPESA,AVM,26/000415,13/3/2026,17/3/2026,118-2026-10-122678-01-8-00,NA,NA,23/3/2026,1/4/2026,ALMACEN LIMA,AVM,24/3/2026,,GUZMAN,24/3/2026,13,,,52,,,,,4700004461,,
2025-2026,ADUANAS,HFE BERRIES,25-035-HFEB,4700004524,OMAR, PROMISOL ,AGQ,MUCIGEL,-,F/26036,"2,000.00",LT,EUR,"16,800.00","19,824.00",90,EXW,SEA,LCL,ESPAÑA,BARCELONA,CALLAO,NA,NA,2,PALLET,NA,11/2/2026,11/2/2026,FORBIS,PE-26020362-01,CMA CGM,PECLL26030F,SEKU6377485,M2054906,"2,393.33",27/2/2026,9,FBEBCN26024857,GUAYAQUIL EXPRESS 0WCNDS1MA,2/4/2026,14,SI,23/2/2026,ALFOSAC,AVM,26/000450,25/3/2026,30/3/2026,118-2026-10-146707-01-8-00,NA,NA,,,,,,,,,52,,,52,,,,,4700004524,,
2025-2026,ADUANAS,HFE BERRIES,25-035-HFEB,4700004524,OMAR, PROMISOL ,AGQ,PROMI FERTIL MIX,-,F/26036,"1,000.00",KG,EUR,"7,550.00","8,909.00",90,EXW,SEA,LCL,ESPAÑA,BARCELONA,CALLAO,NA,NA,1,PALLET,NA,11/2/2026,11/2/2026,FORBIS,PE-26020362-01,CMA CGM,PECLL26030F,SEKU6377485,M2054906,"1,196.67",27/2/2026,9,FBEBCN26024857,GUAYAQUIL EXPRESS 0WCNDS1MA,2/4/2026,14,SI,23/2/2026,ALFOSAC,AVM,26/000450,25/3/2026,30/3/2026,118-2026-10-146707-01-8-00,NA,NA,,,,,,,,,52,,,52,,,,,4700004524,,
2025-2026,ADUANAS,HF PERU,25-218-HPER,4700004609,GONZALO, RITEC ,EQP & INST,APARATOS DE RIEGO,-,26/249,12.00,UN,USD,600.00,600.00,0,EXW,AIR,AIR,ESPAÑA,MADRID,LIMA,NA,NA,1,CAJA,NA,NA,NA,COURIER,NA,DHL,9863245803,NA,NA,2.00,30/3/2026,14,9863245803,DHL COURIER,6/4/2026,15,NO,NA,NA,DHL,NA,NA,30/3/2026,235-2026-28-07947419-47-4-00,NA,NA,,,,,,,,,52,,,52,,,,,4700004609,,
2025-2026,LIQPARCIAL,HF PERU,25-205-HPER,4700004516,MELANIE, A&B ,SPAREPARTS,REPUESTOS VARIOS,-,1278,24.00,UN,USD,"12,933.28","12,933.28",0,EXW,AIR,AIR,USA,MIAMI,LIMA,NA,NA,1,CAJA,NA,16/2/2026,16/2/2026,FORBIS,PE-26020492,LAN CARGO,FOR70376672,NA,NA,15.90,25/2/2026,9,FOR70376672,LAN CARGO,25/2/2026,9,SI,24/2/2026,TALMA,LIP,2703,24/2/2026,24/2/2026,235-2026-10-030508-01-9-00,NA,NA,NA,NA,ALMACEN LIMA,LIP,26/2/2026,T001-8992,GUZMAN,27/2/2026,9,MAQ0,5/3/2026,10,6/3/2026,EG03-00013314,EG07-00008074,,4700004516,,
2025-2026,LIQPARCIAL,HF PERU,25-206-HPER,4700004574,CORPORATIVO, ECE ,MAQUINARIA,NANOBURBUJAS,-,48495,1.00,UN,USD,,0.00,0,EXW,AIR,AIR,USA,MIAMI,LIMA,NA,NA,0.8,PALLET,NA,17/2/2026,17/2/2026,AIRSEALOG,S00064040 ,AIRMAX,55301,1,NA,434.00,25/2/2026,9,55301,AIRMAX CARGO,25/2/2026,9,SI,24/2/2026,SHOHIN,LIP,2720,23/2/2026,3/3/2026,235-26-20-000229-01-0-00,NA,NA,4/3/2026,NA,DIRECTO,NA,5/3/2026,NA,LIP,6/3/2026,10,ALMC,6/3/2026,10,27/3/2026,T001-9011,NA,,4700004574,,
2025-2026,LIQPARCIAL,HF PERU,25-206-HPER,4700004574,CORPORATIVO, ECE ,MAQUINARIA,MANGUERA,-,48496,1.00,UN,USD,"1,625.00","1,625.00",0,EXW,AIR,AIR,USA,MIAMI,LIMA,NA,NA,0.2,PALLET,NA,17/2/2026,17/2/2026,AIRSEALOG,S00064040 ,AIRMAX,55301,2,NA,10.00,25/2/2026,9,55301,AIRMAX CARGO,25/2/2026,9,SI,24/2/2026,SHOHIN,LIP,2720,23/2/2026,3/3/2026,235-26-20-000229-01-0-00,NA,NA,4/3/2026,NA,DIRECTO,NA,5/3/2026,NA,LIP,6/3/2026,10,ALMC,6/3/2026,10,27/3/2026,T001-9011,NA,,4700004574,,
2025-2026,LIQPARCIAL,HF PERU,25-207-HPER,4700004494,MELANIE, SMARTPACK ,SPAREPARTS,REPUESTOS VARIOS,-,284,112.00,UN,USD,"17,281.85","17,281.85",30,EXW,AIR,AIR,CHILE,SANTIAGO,LIMA,NA,NA,1,CAJA,NA,24/2/2026,25/2/2026,FORBIS,PE-26020764-01,KOREAN AIRLINES,PELIM26036,NA,NA,19.00,6/3/2026,10,PELIM26036,KOREAN AIRLINES,6/3/2026,10,SI,5/3/2026,ALFOSAC,LIP,2993,5/3/2026,5/3/2026,235-2026-10-035986-01-6-00,NA,NA,6/3/2026,NA,ALMACEN LIMA,LIP,9/3/2026,T001-9017,GUZMAN,9/3/2026,11,12/3/2026,12/3/2026,11,13/3/2026,EG03-00013361,EG07-00008117,,4700004494,,
2025-2026,ADUANAS,HF PERU,25-208-HPER,4700004548,OMAR, BIOCONSUL ,AGQ,ORGANCAB K,-,BE008/26,"20,000.00",LT,EUR,"15,000.00","17,700.00",60,EXW,SEA,FCL,ESPAÑA,VALENCIA,CALLAO,0.9,40 HC,20,PALLET,NA,27/2/2026,27/2/2026,AIRSEALOG,S00064338,MSC,EBKG16050009,MSDU5331444,FX39520178,"26,793.70",15/3/2026,11,PVAL26045948,MSC PISA NX610A,9/4/2026,15,SI,17/3/2026,,AVM,31/3/2026,,,,NA,NA,,,,,,,,,52,,,52,,,,,4700004548,,
2025-2026,ADUANAS,HF PERU,25-208-HPER,4700004548,OMAR, BIOCONSUL ,AGQ,FORTICAB SK,SAMPLE,M261/25,25.00,LT,EUR,0.25,0.30,60,EXW,SEA,FCL,ESPAÑA,VALENCIA,CALLAO,0.1,40 HC,1,PALLET,NA,27/2/2026,27/2/2026,AIRSEALOG,S00064338,MSC,EBKG16050009,MSDU5331444,FX39520178,33.70,15/3/2026,11,PVAL26045948,MSC PISA NX610A,9/4/2026,15,SI,17/3/2026,,AVM,31/3/2026,,,,NA,NA,,,,,,,,,52,,,52,,,,,4700004548,,
2025-2026,TRANSITO,HF PERU,25-211-HPER,4700004559,OMAR, PROMISOL ,AGQ,PROMI CALFOR,-,F/26079,"24,000.00",KG,EUR,"86,400.00","101,952.00",90,EXW,SEA,FCL,ESPAÑA,BARCELONA,CALLAO,1,20 ST,20,PALLET,NA,9/3/2026,10/3/2026,AIRSEALOG,S00064587,MSC,EBKG16152478,MEDU2596606,FX39592729,"24,880.00",18/3/2026,12,PBEM065623,MSC CASSANDRE NX611A,16/4/2026,16,SI,17/3/2026,IMUPESA,AVM,,,,,NA,NA,,,,,,,,,52,,,52,,,,,4700004559,,
2025-2026,TRANSITO,HF PERU,25-204-HPER,4700004529,OMAR, PROMISOL ,AGQ,PROMI CALFOR,-,F/26060,"24,000.00",KG,EUR,"84,600.00","99,828.00",90,EXW,SEA,FCL,ESPAÑA,BARCELONA,CALLAO,1,20 ST,20,PALLET,NA,12/2/2026,12/2/2026,AIRSEALOG,S00063929,MSC,EBKG15867397,TGBU2644013,FX39548211,"24,880.00",18/3/2026,12,PBEM065431,MSC CASSANDRE NX611A,16/4/2026,16,SI,17/3/2026,IMUPESA,AVM,,,,,NA,NA,,,,,,,,,52,,,52,,,,,4700004529,,
2025-2026,TRANSITO,HFE BERRIES,25-036-HFEB,4700004549,OMAR, PROMISOL ,AGQ,PROMI FERTIL MIX,-,F/26063,"1,500.00",KG,EUR,"11,325.00","13,363.50",90,EXW,SEA,LCL,ESPAÑA,BARCELONA,CALLAO,NA,NA,2,PALLET,NA,23/2/2026,23/2/2026,AIRSEALOG,S00064177,CMA CGM,,ECMU7437577,M2054070,"1,560.00",11/3/2026,11,012026023597,CALLAO EXPRESS 0WCNHS1MA,17/4/2026,16,SI,6/3/2026,,AVM,,,,,NA,NA,,,,,,,,,52,,,52,,,,,4700004549,,
2025-2026,RETIRADO,HF PERU,25-209-HPER,4700004430-2,MELANIE, A&B ,SPAREPARTS,REPUESTOS VARIOS,-,1255,"2,186.00",UN,USD,"19,395.68","19,395.68",0,EXW,AIR,AIR,USA,MIAMI,LIMA,NA,NA,2,CAJA,NA,2/3/2026,2/3/2026,AIRSEALOG,S00064386,AIRMAX,658-30887721,NA,NA,48.00,18/3/2026,12,ASLUSS00064386,AIRMAX CARGO,18/3/2026,12,SI,13/3/2026,SHOHIN,LIP,3356,13/3/2026,13/3/2026,235-2026-10-040909-01-6-00,NA,NA,19/3/2026,NA,ALMACEN LIMA,LIP,20/3/2026,,GUZMAN,20/3/2026,12,,,52,,,,,4700004430-2,,
2025-2026,TRANSITO,HFE BERRIES,25-037-HFEB,4700004561,OMAR, PROMISOL ,AGQ,CYTOFLOW AMIN,-,F/26083,"1,000.00",KG,EUR,"10,300.00","12,154.00",90,EXW,SEA,LCL,ESPAÑA,BARCELONA,CALLAO,NA,NA,2,PALLET,NA,9/3/2026,10/3/2026,FORBIS,PE-26030285-01,CMA CGM,,TCLU1589260,M2054076,"1,060.00",24/3/2026,13,012026031687, CMA CGM ESTELLE 0WCNLS1MA ,1/5/2026,18,SI,25/3/2026,,AVM,,,,,NA,NA,,,,,,,,,52,,,52,,,,,4700004561,,
2025-2026,ORIGEN,HF PERU,25-213-HPER,4700004580,OMAR, BIOCONSUL ,AGQ,ORGANCAB K,-,BE012/26,"20,000.00",LT,EUR,"15,000.00","17,700.00",60,EXW,SEA,FCL,ESPAÑA,VALENCIA,CALLAO,1,40 HC,20,PALLET,NA,13/3/2026,16/3/2026,AIRSEALOG,S00064759,MSC,,MSBU7159321,FX44635398,"26,760.00",28/3/2026,13,H2601281,MSC EUGENIA NX613A,30/4/2026,18,SI,26/3/2026,,PASOC,,,,,NA,NA,,,,,,,,,52,,,52,,,,,4700004580,,
2025-2026,ORIGEN,HF PERU,25-213-HPER,4700004580,OMAR, BIOCONSUL ,AGQ,ORGANCAB K,-,BE012/26,"20,000.00",LT,EUR,"15,000.00","17,700.00",60,EXW,SEA,FCL,ESPAÑA,VALENCIA,CALLAO,1,40 HC,20,PALLET,NA,13/3/2026,16/3/2026,AIRSEALOG,S00064759,MSC,,TIIU4036618,FX44635394,"26,760.00",28/3/2026,13,H2601281,MSC EUGENIA NX613A,30/4/2026,18,SI,26/3/2026,,PASOC,,,,,NA,NA,,,,,,,,,52,,,52,,,,,4700004580,,
2025-2026,ORIGEN,HF PERU,25-210-HPER,4700004532,GONZALO, POPPELMAN ,E & E,PORTA-MACETAS,-,30019273,"7,800.00",UN,EUR,"13,522.03","15,956.00",0,CIF,SEA,FCL,ALEMANIA,BREMERHAVEN,CALLAO,1,40 HC,390,CAJA,NA,NA,NA,DIRECTO,NA,MSC,459IHA1539733,MSMU4741688,GW319495,"4,026.52",28/3/2026,13,MEDUR8268829,MSC EUGENIA NX613A,1/5/2026,18,NO,NA,IMUPESA,AVM,,23/2/2026,,,NA,NA,,,,,,,,,52,,,52,,,,,4700004532,,
2025-2026,ORIGEN,HF PERU,25-216-HPER,4700004578,OMAR, PROMISOL ,AGQ,PROMI CALFOR,-,F/26116,"24,000.00",KG,EUR,"86,400.00","101,952.00",90,EXW,SEA,FCL,ESPAÑA,BARCELONA,CALLAO,1,20 ST,20,PALLET,NA,20/3/2026,23/3/2026,FORBIS,PE-26030800-01,MSC,048IBC0412361,MSBU2817420,FX39598531,"24,880.00",7/4/2026,15,ME2604485/1,MSC EMILIA NX614A,8/5/2026,19,SI,,,PASOC,,,,,NA,NA,,,,,,,,,52,,,52,,,,,4700004578,,
2025-2026,ORIGEN,HF PERU,25-214-HPER,4700004577,OMAR, PROMISOL ,AGQ,MUCIGEL,-,F/26103,"18,000.00",LT,EUR,"151,200.00","178,416.00",90,EXW,SEA,FCL,ESPAÑA,,CALLAO,1,20 ST,18,PALLET,NA,16/3/2026,16/3/2026,FORBIS,PE-26030568-01,ZIM,ZIMUBCN10204379,JXJU3258831,ZZZA225225933,"23,040.00",4/4/2026,14,ME2604068/1,BOX ENDURANCE 65S,6/5/2026,19,SI,,,AVM,,,,,NA,NA,,,,,,,,,52,,,52,,,,,4700004577,,
2025-2026,ADUANAS,HF PERU,25-215-HPER,4700004499,GONZALO,GUANGDONG,EQP & INST,LAMPARAS,-, 01120260123 ,"3,360.00",UN,USD,"9,850.80","9,850.80",30% AD,EXW,AIR,AIR,CHINA,PUDONG,LIMA,NA,NA,6,PALLET,NA,16/3/2026,20/3/2026,AIRSEALOG,S00064981 ,DELTA,006-52995983,NA,NA,311.00,4/4/2026,14,SA260307009,DELTA CARGO,5/4/2026,14,SI,1/4/2026,SHOHIN,LIP,4266,1/4/2026,1/4/2026,235-2026-10-052934-01-0-00,NA,NA,,,,,,,,,52,,,52,,,,,4700004499,,
2025-2026,ORIGEN,HF PERU,25-217-HPER,4700004504,OMAR, CODIAGRO ,AGQ,FITOKONTROL-K,-,123,"17,000.00",LT,EUR,"44,390.40","52,380.67",0,EXW,SEA,FCL,ESPAÑA,VALENCIA,CALLAO,1,20 ST,17,PALLET,NA,23/3/2026,24/3/2026,FORBIS,PE-26030857-01,MSC,048IBC0412405,MEDU6438379,FX44632332,,8/4/2026,15,,MSC EMILIA NX614A,8/5/2026,19,SI,,,AVM,,,,,NA,NA,,,,,,,,,52,,,52,,,,,4700004504,,
2025-2026,ORIGEN,HF PERU,25-217-HPER,4700004558,OMAR, CODIAGRO ,AGQ,FITOKONTROL-K,-,203,"17,000.00",LT,EUR,"44,390.40","52,380.67",0,EXW,SEA,FCL,ESPAÑA,VALENCIA,CALLAO,1,20 ST,17,PALLET,NA,23/3/2026,24/3/2026,FORBIS,PE-26030857-01,MSC,048IBC0412405,CXDU2093739,FX44632326,,8/4/2026,15,,MSC EMILIA NX614A,8/5/2026,19,SI,,,AVM,,,,,NA,NA,,,,,,,,,52,,,52,,,,,4700004558,,
2025-2026,ORIGEN,HFE BERRIES,25-038-HFEB,4700004614,OMAR, BIOCONSUL ,AGQ,ORGANCAB K,-,,"20,000.00",LT,EUR,"15,000.00","17,700.00",60,EXW,SEA,FCL,ESPAÑA,VALENCIA,CALLAO,1,40 HC,20,PALLET,NA,26/3/2026,26/3/2026,AIRSEALOG,S00065133 ,MSC,EBKG16375329,,,,16/4/2026,16,,,,52,SI,,,PASOC,,,,,NA,NA,,,,,,,,,52,,,52,,,,,4700004614,,
2025-2026,ORIGEN,HF PERU,25-219-HPER,4700004618,OMAR, PROMISOL ,AGQ,CYTOLAN,-,,"1,000.00",KG,EUR,"10,850.00","12,803.00",90,EXW,SEA,LCL,ESPAÑA,BARCELONA,CALLAO,NA,NA,2,PALLET,NA,30/3/2026,30/3/2026,AIRSEALOG,S00065248,MSC,,,,,12/4/2026,15,,,,52,,,,PASOC,,,,,NA,NA,,,,,,,,,52,,,52,,,,,4700004618,,
2025-2026,ORIGEN,HFE BERRIES,25-039-HFEB,4700004584,OMAR, PROMISOL ,AGQ,CYTOFLOW AMIN,-,,"2,000.00",KG,EUR,"20,600.00","24,308.00",90,EXW,SEA,FCL,ESPAÑA,BARCELONA,CALLAO,0.25,40 HC,,PALLET,NA,31/3/2026,31/3/2026,FORBIS,PE-26031258-01,MSC,,,,,,52,,,,52,,,,PASOC,,,,,NA,NA,,,,,,,,,52,,,52,,,,,4700004584,,
2025-2026,ORIGEN,HFE BERRIES,25-039-HFEB,4700004584,OMAR, PROMISOL ,AGQ,CYTOLAN,-,,"2,000.00",KG,EUR,"21,700.00","25,606.00",90,EXW,SEA,FCL,ESPAÑA,BARCELONA,CALLAO,0.25,40 HC,,PALLET,NA,31/3/2026,31/3/2026,FORBIS,PE-26031258-01,MSC,,,,,,52,,,,52,,,,PASOC,,,,,NA,NA,,,,,,,,,52,,,52,,,,,4700004584,,
2025-2026,ORIGEN,HFE BERRIES,25-039-HFEB,4700004584,OMAR, PROMISOL ,AGQ,MUCIGEL,-,,"3,000.00",KG,EUR,"25,200.00","29,736.00",90,EXW,SEA,FCL,ESPAÑA,BARCELONA,CALLAO,0.25,40 HC,,PALLET,NA,31/3/2026,31/3/2026,FORBIS,PE-26031258-01,MSC,,,,,,52,,,,52,,,,PASOC,,,,,NA,NA,,,,,,,,,52,,,52,,,,,4700004584,,
2025-2026,ORIGEN,HFE BERRIES,25-039-HFEB,4700004584,OMAR, PROMISOL ,AGQ,PROMI FERTIL MIX,-,,"1,000.00",KG,EUR,"7,550.00","8,909.00",90,EXW,SEA,FCL,ESPAÑA,BARCELONA,CALLAO,0.25,40 HC,,PALLET,NA,31/3/2026,31/3/2026,FORBIS,PE-26031258-01,MSC,,,,,,52,,,,52,,,,PASOC,,,,,NA,NA,,,,,,,,,52,,,52,,,,,4700004584,,
2025-2026,ORIGEN,HF PERU,25-220-HPER,4700004486,GONZALO, SMARTPACK ,SPAREPARTS,REPUESTOS VARIOS,-,288,4.00,UN,USD,330.80,330.80,30,EXW,AIR,AIR,CHILE,SANTIAGO,LIMA,NA,NA,1,CAJA,NA,NA,NA,COURIER,NA,DHL,2342727623,NA,NA,0.60,6/5/2026,19,2342727623,DHL COURIER,9/5/2026,19,NO,NA,NA,DHL,,,,,NA,NA,,,,,,,,,52,,,52,,,,,4700004486,,
2025-2026,PENDIENTE,HF PERU,Pendiente,4700004430-3,MELANIE, A&B ,SPAREPARTS,REPUESTOS VARIOS,-,1255,17.00,UN,USD,"1,029.60","1,029.60",0,EXW,AIR,AIR,USA,MIAMI,LIMA,NA,NA,1,CAJA,NA,,,,,,,,,,,52,,,,52,SI,,,LIP,,,,,NA,NA,,,,,,,,,52,,,52,,,,,4700004430-3,,
2025-2026,PENDIENTE,HF PERU,Pendiente,4700004560,MELANIE, A&B ,SPAREPARTS,REPUESTOS VARIOS,-,1299,26.00,UN,USD,"1,986.56","1,986.56",0,EXW,AIR,AIR,USA,MIAMI,LIMA,NA,NA,,CAJA,NA,,,,,,,,,,,52,,,,52,,,,LIP,,,,,NA,NA,,,,,5/3/2026,,,,52,PLSA,,52,,,,,4700004560,,
2025-2026,PENDIENTE,HFE BERRIES,Pendiente,4700004466,VICTOR, SMARTPACK ,SPAREPARTS,REPUESTOS VARIOS,-,289,1.00,UN,USD,"4,876.00","4,876.00",30,EXW,AIR,AIR,CHILE,SANTIAGO,LIMA,NA,NA,1,CAJA,NA,,,,,,,,,,,52,,,,52,SI,,,LIP,,,,,NA,NA,,,,,,,,,52,,,52,,,,,4700004466,,
2025-2026,PENDIENTE,HFE BERRIES,Pendiente,4700004531,SEBASTIAN, SMARTPACK ,SPAREPARTS,REPUESTOS VARIOS,-,,3.00,UN,USD,"3,252.00","3,252.00",30,EXW,AIR,AIR,CHILE,SANTIAGO,LIMA,NA,NA,1,CAJA,NA,,,,,,,,,,,52,,,,52,,,,LIP,,,,,NA,NA,,,,,,,,,52,,,52,,,,,4700004531,,
2025-2026,PENDIENTE,HF PERU,Pendiente,4700004173,GERMAN, GREMON ,EQP & INST,SENSORES,-,,1.00,UN,EUR,"1,250.00","1,475.00",0,EXW,AIR,AIR,HUNGRIA,,LIMA,NA,NA,,CAJA,NA,,,,,,,,,,,52,,,,52,SI,,,LIP,,,,,NA,NA,,,,,,,,,52,,,52,,,,,4700004173,,
2025-2026,PENDIENTE,HFE BERRIES,Pendiente,4700004523,SEBASTIAN, A&B ,SPAREPARTS,REPUESTOS VARIOS,-,1285,9.00,UN,USD,"2,683.61","2,683.61",0,EXW,AIR,AIR,USA,MIAMI,LIMA,NA,NA,,CAJA,NA,,,,,,,,,,,52,,,,52,,,,LIP,,,,,NA,NA,,,,,,,,,52,,,52,,,,,4700004523,,
2025-2026,PENDIENTE,HF PERU,Pendiente,4700004557,OMAR, EDEN ,AGQ,DISPER COMPLEX,-,,"20,000.00",KG,EUR,"146,800.00","173,224.00",90,EXW,SEA,FCL,ESPAÑA,BARCELONA,CALLAO,1,,,,PENDIENTE,,,,,,,,,,,52,,,,52,,,,PASOC,,,,,NA,NA,,,,,,,,,52,,,52,,,,,4700004557,,
2025-2026,PENDIENTE,HF PERU,Pendiente,4700004617,GONZALO, INTRALOX ,SPAREPARTS,REPUESTOS VARIOS,-,,74.00,UN,USD,"6,528.20","6,528.20",0,EXW,AIR,AIR,USA,MIAMI,LIMA,NA,NA,,,NA,,,,,,,,,,,52,,,,52,,,,LIP,,,,,NA,NA,,,,,,,,,52,,,52,,,,,4700004617,,
2025-2026,PENDIENTE,HFE BERRIES,Pendiente,4700004502,GONZALO, CARFIA ,SUSTRATOS,FIBRA DE COCO,-,,"20,000.00",KG,USD,,0.00,,EXW,SEA,FCL,SRI LANKA,SRI LANKA,CALLAO,1,40 HC,20,PALLET,NA,,,,,,,,,,,52,,,,52,,,,AVM,,,,,PENDIENTE,PENDIENTE,,,,,,,,,52,,,52,,,,,4700004502,,
