CAMPAÑA,STATUS,OP,OC,BUYER,SUPPLIER,CATEGORY,PRODUCTO,PROYECT,FACTURA,QTY,UM,CUR,AMOUNT,AMOUNT USD,PAYMENT TERM,INCOTERM,MODE,TYPE,COUNTRY ORIGIN,POL,POD,CTNR QTY,CTNR TYPE,BULKS,CARGO READY,CP OPENNING,QUOTE REQUEST RATE,ASSIGMENT DATE2,FFW,NAVIERA / AEROLINEA,BOOKING,CNTR NR,PICK UP DATE,STACKING,ATD,WEEK ATD,B/L- AWB,NAVE,ATA,WEEK ATA,INSURANCE HPER,INSURANCE POLICY DATE,DEPOT,AG. ADUANA,Orden,FECHA IE,FECHA NUM DAM,DAM,FECHA DESCARGA,FECHA TARJA,FECHA LEVANTE,FECHA VISTO BUENO,FECHA INSPECCION SENASA,FECHA LIBERACION SENASA,FECHA VCTO SOBRESTADIA,TRANSP LIMA (T1),FECHA RETIRO (T1),GR T1 ,TRANSP TRUX (T2),FECHA ENTREGA BASE T2 (T1),FECHA GATE IN (T1),PUNTO DE LLEGADA,FECHA INICIO DE VIAJE  (T2),FECHA FIN DE VIAJE (T2),WEEK TRUX ,FECHA CONFIRMACION RECEPCION,GR T2 ,GR HORTIFRUT,WEEK NECESIDAD,FECHA ENVIO ARCHIV,NRO CAJA ARCHIVO,COURIER PARA ENVÍO DE DOCS,NRO DE TRACKING DOCS ,OBSERVACIONES HORTIFRUT,CARGO PRODUCE OBSERVACIONES
2022-2023,LIQUIDADO,22-001-HPER,4700002273,RENE,HFCH,PLANTAS,DIVINE,-,12118,"25,000",UN,USD,"52,036.99","52,036.99",90,CFR,AIR,AIR,,SANTIAGO,LIMA,-,-,1,-,,,NA,DIRECTO,KOREAN,-, -,-,-,3/1/2022,1,180-48437443,KE0274/03,3/1/2022,1,SI,31/12/2021,SAASA,AVM,26,3/1/2022,6/1/2022,235-2022-10-001340-01-4-00,3/1/2022,3/1/2022,6/1/2022,,8/1/2022,8/1/2022,NA,RVC,9/1/2022,001-0109666,RVC,NA,NA,VIVERO ILUSION,9/1/2022,10/1/2022,2,,0004-0002022,NA,-,24/5/2022,2022-1,NA,NA,-,No cargada por medio de transporte AIRE [22-001-HPER-1 // 4700002273]
2022-2023,LIQUIDADO,22-001-HPER,4700002273,RENE,HFCH,PLANTAS,ROCIO,-,12118,"37,700",UN,USD,"110,516.78","110,516.78",90,CFR,AIR,AIR,,SANTIAGO,LIMA,-,-,2,-,,,NA,DIRECTO,KOREAN,-, -,-,-,3/1/2022,1,180-48437443,KE0274/03,3/1/2022,1,SI,31/12/2021,SAASA,AVM,26,3/1/2022,6/1/2022,235-2022-10-001340-01-4-00,3/1/2022,3/1/2022,6/1/2022,,8/1/2022,8/1/2022,NA,RVC,9/1/2022,001-0109666,RVC,NA,NA,VIVERO ILUSION,9/1/2022,10/1/2022,2,,0004-0002022,NA,-,24/5/2022,2022-1,NA,NA,-,No cargada por medio de transporte AIRE [22-001-HPER-2 // 4700002273]
2022-2023,LIQUIDADO,22-001-HPER,4700002273,RENE,HFCH,PLANTAS,SEEDLINGS,-,12118,"4,317",UN,USD,"4,755.09","4,755.09",90,CFR,AIR,AIR,,SANTIAGO,LIMA,-,-,4,-,,,NA,DIRECTO,KOREAN,-,-,-,-,3/1/2022,1,180-48437443,KE0274/03,3/1/2022,1,SI,31/12/2021,SAASA,AVM,26,3/1/2022,6/1/2022,235-2022-10-001340-01-4-00,3/1/2022,3/1/2022,6/1/2022,,8/1/2022,8/1/2022,NA,RVC,9/1/2022,001-0109666,RVC,NA,NA,VIVERO ILUSION,9/1/2022,10/1/2022,2,,0004-0002022,NA,-,24/5/2022,2022-1,NA,NA,-,No cargada por medio de transporte AIRE [22-001-HPER-3 // 4700002273]
2021-2022,LIQUIDADO,22-002-HPER,4700001929,RENE,OZ,PLANTAS,MAGICA,RV11,INV-OVAU-1505 / INV-OVAU-1606 / INV-OVAU-1607,"93,600",UN,USD,"243,360.00","243,360.00",0,FCA,AIR,AIR,,SANTIAGO,LIMA,-,-,3,-,,,NA,DIRECTO,KOREAN,-,-,-,-,3/1/2022,1,180-48437432,KE0274/03,3/1/2022,1,SI,4/1/2022,SAASA,AVM,66,4/1/2022,5/1/2022,235-2022-10-000897-01-5-00,3/1/2022,3/1/2022,6/1/2022,,8/1/2022,8/1/2022,NA,RVC,9/1/2022,001-0109665,RVC,NA,NA,VIVERO ILUSION,9/1/2022,10/1/2022,2,,0004-0002022,NA,-,24/5/2022,2022-1,NA,NA,-,No cargada por medio de transporte AIRE [22-002-HPER-1 // 4700001929]
2021-2022,LIQUIDADO,22-002-HPER,4700001929,RENE,OZ,PLANTAS,BONITA,RV11,INV-OVAU-1505 / INV-OVAU-1606 / INV-OVAU-1607,"312,000",UN,USD,"811,200.00","811,200.00",0,FCA,AIR,AIR,,SANTIAGO,LIMA,-,-,10,-,,,NA,DIRECTO,KOREAN,-,-,-,-,3/1/2022,1,180-48437432,KE0274/03,3/1/2022,1,SI,4/1/2022,SAASA,AVM,66,4/1/2022,5/1/2022,235-2022-10-000897-01-5-00,3/1/2022,3/1/2022,6/1/2022,,8/1/2022,8/1/2022,NA,RVC,9/1/2022,001-0109665,RVC,NA,NA,VIVERO ILUSION,9/1/2022,10/1/2022,2,,0004-0002022,NA,-,24/5/2022,2022-1,NA,NA,-,No cargada por medio de transporte AIRE [22-002-HPER-2 // 4700001929]
2022-2023,LIQUIDADO,22-003-HPER,4700002113,GERMAN,UNITEC,SPAREPARTS,RPTOS VARIOS PARA MAQUINA CALIBRADORA DE ARANDANOS,-,63,2,UN,USD,"2,764.13","2,764.13",0,EXW,AIR,AIR,,SANTIAGO,LIMA,-,-,1,30/12/2021,,,NA,DIRECTO,DHL,-,-,3/1/2021,-,3/1/2022,1,1868096672,DHL COURIER,7/1/2022,1,SI,7/1/2022,DHL,DHL,NA,NA,7/1/2022,235-2022-10-002137-01-8-00,7/1/2022,8/1/2022,7/1/2022,,NA,NA,NA,DHL,10/1/2022,NA,DHL,NA,NA,PACKING SALAVERRY,11/1/2022,12/1/2022,2,,NA,NA,-,24/5/2022,2022-1,NA,NA,-,No cargada por medio de transporte AIRE [22-003-HPER-1 // 4700002113]
2022-2023,LIQUIDADO,22-004-HPER,PEA2H10101,RENE,INFIA ,E & E,MUESTRAS,-,NA,1,UN,USD,0.00,0.00,0,DAP,AIR,AIR,,BOLOGNA,LIMA,-,-,1,-,,,NA,DIRECTO,DHL,-,-,-,-,4/1/2022,1,3010937576,-,10/1/2022,2,NO,NA,DHL,DHL,NA,NA,NA,NA,10/1/2022,10/1/2022,NA,,NA,NA,NA,NA,9/1/2022,NA,DHL,NA,NA,PACKING SALAVERRY,9/1/2022,10/1/2022,2,,NA,NA,-,,-,NA,NA,-,No cargada por medio de transporte AIRE [21-004-HPER-1 // PEA2H10101]
2021-2022,LIQUIPARCIAL,22-005-HPER,4700002323,RENE,VERITAS,SUSTRATOS ,"5KG NAKED BRICKS-BLUEBERRY
BLEND",RV11,202122/194A,"5,100",UN,USD,"31,595.00","31,595.00",20% AP,CIF,SEA,FCL/FCL,,COLOMBO,CALLAO,1,40HC,20,-,,,NA,DIRECTO,MSC,EBKG02422572,FFAU1769097,-,-,10/1/2022,2,MEDUC0772474,MSC BRANKA NX208A,5/4/2022,14,NO,NA,IMUPESA,AVM,405,23/3/2022,31/3/2022,118-2022-10-117549-01-7-00,6/4/2022,6/4/2022,5/4/2022,,8/4/2022,8/4/2022,9/4/2022,AVM,12/4/2022,001-0111491,TRANSPESA,12/4/2022,12/4/2022,FUNDO ARMONIA,26/5/2022,27/5/2022,21,,0008-000490,036-0000008,-,24/5/2022,2022-1,DHL,7051526075,-,Cargada en CP - [22-005-HPER // 4700002323-1 // FFAU1769097]
2021-2022,LIQUIPARCIAL,22-005-HPER,4700002323,RENE,VERITAS,SUSTRATOS ,"5KG NAKED BRICKS-BLUEBERRY
BLEND",RV11,202122/194A,"5,100",UN,USD,"31,595.00","31,595.00",20% AP,CIF,SEA,FCL/FCL,,COLOMBO,CALLAO,1,40HC,20,-,,,NA,DIRECTO,MSC,EBKG02422572,TCNU1358020,-,-,10/1/2022,2,MEDUC0772474,MSC BRANKA NX208A,5/4/2022,14,NO,NA,IMUPESA,AVM,405,23/3/2022,31/3/2022,118-2022-10-117549-01-7-00,6/4/2022,6/4/2022,5/4/2022,,8/4/2022,8/4/2022,9/4/2022,AVM,12/4/2022,001-0111489,TRANSPESA,12/4/2022,12/4/2022,FUNDO ARMONIA,22/5/2022,23/5/2022,21,,0007-000485,036-0000006,-,24/5/2022,2022-1,DHL,7051526075,-,Cargada en CP - [22-005-HPER // 4700002323-2 // TCNU1358020]
2021-2022,LIQUIPARCIAL,22-005-HPER,4700002323,RENE,VERITAS,SUSTRATOS ,"5KG NAKED BRICKS-BLUEBERRY
BLEND",RV11,202122/194A,"5,100",UN,USD,"31,595.00","31,595.00",20% AP,CIF,SEA,FCL/FCL,,COLOMBO,CALLAO,1,40HC,20,-,,,NA,DIRECTO,MSC,EBKG02422572,CAIU7462722,-,-,10/1/2022,2,MEDUC0772474,MSC BRANKA NX208A,5/4/2022,14,NO,NA,IMUPESA,AVM,405,23/3/2022,31/3/2022,118-2022-10-117549-01-7-00,6/4/2022,6/4/2022,5/4/2022,,8/4/2022,8/4/2022,9/4/2022,AVM,12/4/2022,001-0111490,TRANSPESA,12/4/2022,12/4/2022,FUNDO ARMONIA,23/5/2022,24/5/2022,21,,0013-002822,036-0000007,-,24/5/2022,2022-1,DHL,7051526075,-,Cargada en CP - [22-005-HPER // 4700002323-3 // CAIU7462722]
2021-2022,LIQUIDADO,22-006-HPER,4700002324,RENE,VERITAS,SUSTRATOS ,"5KG NAKED BRICKS-BLUEBERRY
BLEND",RV11,202122/194B,"5,100",UN,USD,"31,595.00","31,595.00",20% AP,CIF,SEA,FCL/FCL,,COLOMBO,CALLAO,1,40HC,20,-,,,NA,DIRECTO,MSC,EBKG02422572,MSMU7174438,-,-,10/1/2022,2,MEDUC0772482,MSC BRANKA NX208A,5/4/2022,14,NO,NA,IMUPESA,AVM,404,23/3/2022,31/3/2022,118-2022-10-117398-01-9-00,6/4/2022,6/4/2022,5/4/2022,,8/4/2022,8/4/2022,9/4/2022,AVM,11/4/2022,001-0111487,AGERSA,11/4/2022,11/4/2022,FUNDO ARMONIA,26/4/2022,27/4/2022,17,,0040-002332,036-0000065,-,24/5/2022,2022-1,DHL,7051526075,-,Cargada en CP - [22-006-HPER // 4700002324-1 // MSMU7174438]
2021-2022,LIQUIDADO,22-006-HPER,4700002324,RENE,VERITAS,SUSTRATOS ,"5KG NAKED BRICKS-BLUEBERRY
BLEND",RV11,202122/194B,"5,100",UN,USD,"31,595.00","31,595.00",20% AP,CIF,SEA,FCL/FCL,,COLOMBO,CALLAO,1,40HC,20,-,,,NA,DIRECTO,MSC,EBKG02422572,MEDU8333166,-,-,10/1/2022,2,MEDUC0772482,MSC BRANKA NX208A,5/4/2022,14,NO,NA,IMUPESA,AVM,404,23/3/2022,31/3/2022,118-2022-10-117398-01-9-00,6/4/2022,6/4/2022,5/4/2022,,8/4/2022,8/4/2022,9/4/2022,AVM,11/4/2022,001-0111488,AGERSA,11/4/2022,11/4/2022,FUNDO ARMONIA,28/4/2022,29/4/2022,17,,0052-001925,036-0000070,-,24/5/2022,2022-1,DHL,7051526075,-,Cargada en CP - [22-006-HPER // 4700002324-2 // MEDU8333166]
2021-2022,LIQUIDADO,22-006-HPER,4700002324,RENE,VERITAS,SUSTRATOS ,"5KG NAKED BRICKS-BLUEBERRY
BLEND",RV11,202122/194B,"5,100",UN,USD,"31,595.00","31,595.00",20% AP,CIF,SEA,FCL/FCL,,COLOMBO,CALLAO,1,40HC,20,-,,,NA,DIRECTO,MSC,EBKG02422572,MSMU7210670,-,-,10/1/2022,2,MEDUC0772482,MSC BRANKA NX208A,5/4/2022,14,NO,NA,IMUPESA,AVM,404,23/3/2022,31/3/2022,118-2022-10-117398-01-9-00,6/4/2022,6/4/2022,5/4/2022,,8/4/2022,8/4/2022,9/4/2022,AVM,11/4/2022,001-0111486,AGERSA,11/4/2022,11/4/2022,FUNDO ARMONIA,26/4/2022,27/4/2022,17,,0052-001924,036-0000066,-,24/5/2022,2022-1,DHL,7051526075,-,Cargada en CP - [22-006-HPER // 4700002324-3 // MSMU7210670]
2021-2022,LIQUIDADO,22-007-HPER,4700002325,RENE,VERITAS,SUSTRATOS ,"5KG NAKED BRICKS-BLUEBERRY
BLEND",RV11,202122/194C,"5,100",UN,USD,"31,595.00","31,595.00",20% AP,CIF,SEA,FCL/FCL,,COLOMBO,CALLAO,1,40HC,20,-,,,NA,DIRECTO,MSC,EBKG02422572,CAIU8571651,-,-,10/1/2022,2,MEDUC0772516,MSC BRANKA NX208A,5/4/2022,14,NO,NA,IMUPESA,AVM,403,23/3/2022,1/4/2022,118-2022-10-119069-01-2-00,6/4/2022,6/4/2022,5/4/2022,,8/4/2022,8/4/2022,9/4/2022,AVM,11/4/2022,001-0111485,JOSELITO,11/4/2022,11/4/2022,FUNDO ARMONIA,17/4/2022,18/4/2022,16,,0001-0206344,014-0001408,-,24/5/2022,2022-1,DHL,7051526075,-,Cargada en CP -  [22-007-HPER // 4700002325-1 // CAIU8571651]
2021-2022,LIQUIDADO,22-007-HPER,4700002325,RENE,VERITAS,SUSTRATOS ,"5KG NAKED BRICKS-BLUEBERRY
BLEND",RV11,202122/194C,"5,100",UN,USD,"31,595.00","31,595.00",20% AP,CIF,SEA,FCL/FCL,,COLOMBO,CALLAO,1,40HC,20,-,,,NA,DIRECTO,MSC,EBKG02422572,CAIU7259309,-,-,10/1/2022,2,MEDUC0772516,MSC BRANKA NX208A,5/4/2022,14,NO,NA,IMUPESA,AVM,403,23/3/2022,1/4/2022,118-2022-10-119069-01-2-00,6/4/2022,6/4/2022,5/4/2022,,8/4/2022,8/4/2022,9/4/2022,AVM,11/4/2022,001-0111483,JOSELITO,11/4/2022,11/4/2022,FUNDO ARMONIA,2/5/2022,3/5/2022,18,,0001-0021480,014-0001410,-,24/5/2022,2022-1,DHL,7051526075,-,Cargada en CP - [22-007-HPER // 4700002325-2 // CAIU7259309]
2021-2022,LIQUIDADO,22-007-HPER,4700002325,RENE,VERITAS,SUSTRATOS ,"5KG NAKED BRICKS-BLUEBERRY
BLEND",RV11,0,"5,100",UN,USD,"31,595.00","31,595.00",20% AP,CIF,SEA,FCL/FCL,,COLOMBO,CALLAO,1,40HC,20,-,,,NA,DIRECTO,MSC,EBKG02422572,MEDU8089044,-,-,10/1/2022,2,MEDUC0772516,MSC BRANKA NX208A,5/4/2022,14,NO,NA,IMUPESA,AVM,403,23/3/2022,1/4/2022,118-2022-10-119069-01-2-00,6/4/2022,6/4/2022,5/4/2022,,8/4/2022,8/4/2022,9/4/2022,AVM,11/4/2022,001-0111484,JOSELITO,11/4/2022,11/4/2022,FUNDO ARMONIA,28/4/2022,29/4/2022,17,,0001-0206630,014-0001409,-,24/5/2022,2022-1,DHL,7051526075,-,Cargada en CP -  [22-007-HPER // 4700002325-3 // MEDU8089044]
2021-2022,LIQUIDADO,22-008-HPER,4700002326,RENE,VERITAS,SUSTRATOS ,"5KG NAKED BRICKS-BLUEBERRY
BLEND",RV11,202122/193A,"5,100",UN,USD,"31,595.00","31,595.00",20% AP,CIF,SEA,FCL/FCL,,COLOMBO,CALLAO,1,40HC,20,-,,,NA,DIRECTO,MSC,EBKG02422527,MEDU4759301,-,-,10/1/2022,2,MEDUC0773423,MSC BRANKA NX208A,5/4/2022,14,NO,NA,IMUPESA,AVM,402,23/3/2022,31/3/2022,118-2022-10-117392-01-0-00,6/4/2022,6/4/2022,5/4/2022,,8/4/2022,8/4/2022,9/4/2022,AVM,11/4/2022,001-0111480,RVC,11/4/2022,11/4/2022,FUNDO ARMONIA,11/4/2022,12/4/2022,15,,0026-000574,014-0001988,-,24/5/2022,2022-1,DHL,7051526075,-,Cargada en CP - [22-008-HPER // 4700002326-1 // MEDU4759301]
2021-2022,LIQUIDADO,22-008-HPER,4700002326,RENE,VERITAS,SUSTRATOS ,"5KG NAKED BRICKS-BLUEBERRY
BLEND",RV11,202122/193A,"5,100",UN,USD,"31,595.00","31,595.00",20% AP,CIF,SEA,FCL/FCL,,COLOMBO,CALLAO,1,40HC,20,-,,,NA,DIRECTO,MSC,EBKG02422527,TCNU5426340,-,-,10/1/2022,2,MEDUC0773423,MSC BRANKA NX208A,5/4/2022,14,NO,NA,IMUPESA,AVM,402,23/3/2022,31/3/2022,118-2022-10-117392-01-0-00,6/4/2022,6/4/2022,5/4/2022,,8/4/2022,8/4/2022,9/4/2022,AVM,11/4/2022,001-0111482,RVC,11/4/2022,11/4/2022,FUNDO ARMONIA,11/4/2022,12/4/2022,15,,0015-000928,014-0001989,-,24/5/2022,2022-1,DHL,7051526075,-,Cargada en CP - [22-008-HPER // 4700002326-2 // TCNU5426340]
2021-2022,LIQUIDADO,22-008-HPER,4700002326,RENE,VERITAS,SUSTRATOS ,"5KG NAKED BRICKS-BLUEBERRY
BLEND",RV11,202122/193A,"5,100",UN,USD,"31,595.00","31,595.00",20% AP,CIF,SEA,FCL/FCL,,COLOMBO,CALLAO,1,40HC,20,-,,,NA,DIRECTO,MSC,EBKG02422527,BEAU5860738,-,-,10/1/2022,2,MEDUC0773423,MSC BRANKA NX208A,5/4/2022,14,NO,NA,IMUPESA,AVM,402,23/3/2022,31/3/2022,118-2022-10-117392-01-0-00,6/4/2022,6/4/2022,5/4/2022,,8/4/2022,8/4/2022,9/4/2022,AVM,11/4/2022,001-0111481,RVC,11/4/2022,11/4/2022,FUNDO ARMONIA,11/4/2022,12/4/2022,15,,0031-0000131,014-0001990,-,24/5/2022,2022-1,DHL,7051526075,-,Cargada en CP - [22-008-HPER // 4700002326-3 // BEAU5860738]
2021-2022,LIQUIDADO,22-009-HPER,4700002327,RENE,VERITAS,SUSTRATOS ,"5KG NAKED BRICKS-BLUEBERRY
BLEND",RV11,202122/193B,"5,100",UN,USD,"31,595.00","31,595.00",20% AP,CIF,SEA,FCL/FCL,,COLOMBO,CALLAO,1,40HC,20,-,,,NA,DIRECTO,MSC,EBKG02422527,TCNU6009968,-,-,10/1/2022,2,MEDUC0773431,MSC BRANKA NX208A,5/4/2022,14,NO,NA,IMUPESA,AVM,401,23/3/2022,1/4/2022,118-2022-10-118852-01-5-00,6/4/2022,6/4/2022,5/4/2022,,8/4/2022,8/4/2022,9/4/2022,AVM,11/4/2022,001-0111478,TRANSPESA,11/4/2022,11/4/2022,FUNDO ARMONIA,17/5/2022,18/5/2022,20,,0010-000228,036-0000004,-,24/5/2022,2022-1,DHL,7051526075,-,Cargada en CP - [22-009-HPER // 4700002327-1 // TCNU6009968]
2021-2022,LIQUIDADO,22-009-HPER,4700002327,RENE,VERITAS,SUSTRATOS ,"5KG NAKED BRICKS-BLUEBERRY
BLEND",RV11,202122/193B,"5,100",UN,USD,"31,595.00","31,595.00",20% AP,CIF,SEA,FCL/FCL,,COLOMBO,CALLAO,1,40HC,20,-,,,NA,DIRECTO,MSC,EBKG02422527,BMOU5545453,-,-,10/1/2022,2,MEDUC0773431,MSC BRANKA NX208A,5/4/2022,14,NO,NA,IMUPESA,AVM,401,23/3/2022,1/4/2022,118-2022-10-118852-01-5-00,6/4/2022,6/4/2022,5/4/2022,,8/4/2022,8/4/2022,9/4/2022,AVM,11/4/2022,001-0111479,TRANSPESA,11/4/2022,11/4/2022,FUNDO ARMONIA,11/5/2022,12/5/2022,19,,0009-000212,036-0000002,-,24/5/2022,2022-1,DHL,7051526075,-,Cargada en CP - [22-009-HPER // 4700002327-2 // BMOU5545453]
2021-2022,LIQUIPARCIAL,22-009-HPER,4700002327,RENE,VERITAS,SUSTRATOS ,"5KG NAKED BRICKS-BLUEBERRY
BLEND",RV11,202122/193B,"5,100",UN,USD,"31,595.00","31,595.00",20% AP,CIF,SEA,FCL/FCL,,COLOMBO,CALLAO,1,40HC,20,-,,,NA,DIRECTO,MSC,EBKG02422527,TCNU7817256,-,-,10/1/2022,2,MEDUC0773431,MSC BRANKA NX208A,5/4/2022,14,NO,NA,IMUPESA,AVM,401,23/3/2022,1/4/2022,118-2022-10-118852-01-5-00,6/4/2022,6/4/2022,5/4/2022,,8/4/2022,8/4/2022,9/4/2022,AVM,11/4/2022,001-0111477,TRANSPESA,11/4/2022,11/4/2022,FUNDO ARMONIA,20/5/2022,21/5/2022,20,,0026-008114,036-0000005,-,24/5/2022,2022-1,DHL,7051526075,-,Cargada en CP - [22-009-HPER // 4700002327-3 // TCNU7817256]
2021-2022,LIQUIDADO,22-010-HPER,4700002328,RENE,VERITAS,SUSTRATOS ,"5KG NAKED BRICKS-BLUEBERRY
BLEND",RV11,202122/193C,"5,100",UN,USD,"31,595.00","31,595.00",20% AP,CIF,SEA,FCL/FCL,,COLOMBO,CALLAO,1,40HC,20,-,,,NA,DIRECTO,MSC,EBKG02422527,CARU9900362,-,-,10/1/2022,2,MEDUC0773449,MSC BRANKA NX208A,5/4/2022,14,NO,NA,IMUPESA,AVM,400,23/3/2022,31/3/2022,118-2022-10-117213-01-9-00,6/4/2022,6/4/2022,5/4/2022,,8/4/2022,8/4/2022,9/4/2022,AVM,12/4/2022,001-111475,RVC,12/4/2022,12/4/2022,FUNDO ARMONIA,17/4/2022,18/4/2022,16,,0027-0000267,014-0001991,-,24/5/2022,2022-1,DHL,7051526075,-,Cargada en CP - [22-010-HPER // 4700002328-1 // CARU9900362]
2021-2022,LIQUIDADO,22-010-HPER,4700002328,RENE,VERITAS,SUSTRATOS ,"5KG NAKED BRICKS-BLUEBERRY
BLEND",RV11,202122/193C,"5,100",UN,USD,"31,595.00","31,595.00",20% AP,CIF,SEA,FCL/FCL,,COLOMBO,CALLAO,1,40HC,20,-,,,NA,DIRECTO,MSC,EBKG02422527,XINU8144936,-,-,10/1/2022,2,MEDUC0773449,MSC BRANKA NX208A,5/4/2022,14,NO,NA,IMUPESA,AVM,400,23/3/2022,31/3/2022,118-2022-10-117213-01-9-00,6/4/2022,6/4/2022,5/4/2022,,8/4/2022,8/4/2022,9/4/2022,AVM,12/4/2022,001-111476,RVC,12/4/2022,12/4/2022,FUNDO ARMONIA,17/4/2022,18/4/2022,16,,0015-0000931,014-0001992,-,24/5/2022,2022-1,DHL,7051526075,-,Cargada en CP - [22-010-HPER // 4700002328-2 // XINU8144936]
2021-2022,LIQUIDADO,22-011-HPER,4700001929,RENE,OZ,PLANTAS,MAGICA,RV11,INV-OVAU-1505 / INV-OVAU-1606 / INV-OVAU-1607,"312,000",UN,USD,"811,200.00","811,200.00",0,FCA,AIR,AIR,,SANTIAGO,LIMA,-,-,10,-,,,NA,DIRECTO,KOREAN,-,-,-,-,17/1/2022,3,180-48440291,KE274/17,17/1/2022,3,SI,17/1/2022,SAASA,AVM,163,17/1/2022,19/1/2022,235-2022-10-007460-01-1-00,17/1/2022,17/1/2022,19/1/2022,,21/1/2022,8/4/2022,NA,NA,23/1/2022,NA,AVM,NA,NA,VIVERO ILUSION,23/1/2022,24/1/2022,4,,001-0109845,NA,-,24/5/2022,2022-1,NA,NA,-,No cargada por medio de transporte AIRE [22-011-HPER-1 // 4700001929] 
2022-2023,LIQUIDADO,22-012-HPER,4700002312,RENE,HFCH,PLANTAS,"HT78, HT76, HT73, H5115",-,12321,"18,600",UN,USD,"16,368.00","16,368.00",90,CFR,AIR,AIR,,SANTIAGO,LIMA,-,-,1,-,,,NA,DIRECTO,KOREAN,-,-,-,-,17/1/2022,3,180-48440302,KE274/17,17/1/2022,3,SI,17/1/2022,SAASA,AVM,166,17/1/2022,19/1/2022,235-2022-10-007515-01-0-00,17/1/2022,17/1/2022,19/1/2022,,21/1/2022,8/4/2022,NA,NA,23/1/2022,NA,AVM,NA,NA,VIVERO ILUSION,23/1/2022,24/1/2022,4,,001-0109846,NA,-,24/5/2022,2022-1,NA,NA,-,No cargada por medio de transporte AIRE [22-012-HPER-1 // 4700002312]
2022-2023,LIQUIDADO,22-012-HPER,4700002312,RENE,HFCH,PLANTAS,"ROCIO, DIVINE",-,12320,"126,925",UN,USD,"352,224.48","352,224.48",90,CFR,AIR,AIR,,SANTIAGO,LIMA,-,-,5,-,,,NA,DIRECTO,KOREAN,-,-,-,-,17/1/2022,3,180-48440302,KE274/17,17/1/2022,3,SI,17/1/2022,SAASA,AVM,166,17/1/2022,19/1/2022,235-2022-10-007515-01-0-00,17/1/2022,17/1/2022,19/1/2022,,21/1/2022,8/4/2022,NA,NA,23/1/2022,NA,AVM,NA,NA,VIVERO ILUSION,23/1/2022,24/1/2022,4,,001-0109846,NA,-,24/5/2022,2022-1,NA,NA,-,No cargada por medio de transporte AIRE [22-012-HPER-2 // 4700002313]
2021-2022,LIQUIDADO,22-013-HPER,4700002319,RENE,PROJAR,SUSTRATOS ,TURBA BLEND 1530F,RV11,FX22-00002,22,UN,EUR,"9,725.06","10,697.57",20% AP,CIF,SEA,FCL/FCL,,RIGA,CALLAO,1,40HC,22,-,,,NA,DIRECTO,HAPAG,78901791,FFAU2208911,-,-,16/1/2022,2,HLCURIX220110172,CALLAO EXPRESS 2203S,18/2/2022,7,NO,NA,IMUPESA,AVM,265,8/2/2022,17/2/2022,118-2022-10-061564-01-1-00,19/2/2022,20/2/2022,18/2/2022,,23/2/2022,8/4/2022,23/2/2022,AVM,4/3/2022,001-0110894,AGERSA,4/3/2022,4/3/2022,FUNDO ARMONIA,7/3/2022,8/3/2022,10,,001-0109882,014-0001946,-,24/5/2022,2022-1,UPS,1Z48V0570495745734,-,Cargada en CP - [22-013-HPER-1 // FFAU2208911]
2021-2022,LIQUIDADO,22-013-HPER,4700002319,RENE,PROJAR,SUSTRATOS ,TURBA BLEND 1530F,RV11,FX22-00002,22,UN,EUR,"9,725.06","10,697.57",20% AP,CIF,SEA,FCL/FCL,,RIGA,CALLAO,1,40HC,22,-,,,NA,DIRECTO,HAPAG,78901791,HLBU2783168,-,-,16/1/2022,2,HLCURIX220110172,CALLAO EXPRESS 2203S,18/2/2022,7,NO,NA,IMUPESA,AVM,265,8/2/2022,17/2/2022,118-2022-10-061564-01-1-00,19/2/2022,20/2/2022,18/2/2022,,23/2/2022,23/2/2022,23/2/2022,AVM,4/3/2022,001-0110893,AGERSA,4/3/2022,4/3/2022,FUNDO ARMONIA,7/3/2022,8/3/2022,10,,001-0109882,014-0001945,-,24/5/2022,2022-1,UPS,1Z48V0570495745734,-,Cargada en CP - [22-013-HPER-2 // HLBU2783168]
2021-2022,LIQUIDADO,22-014-HPER,4700002320,RENE,PROJAR,SUSTRATOS ,TURBA BLEND 1530F,RV11,FX22-00010,22,UN,EUR,"9,725.06","10,697.57",20% AP,CIF,SEA,FCL/FCL,,RIGA,CALLAO,1,40HC,22,-,,,NA,DIRECTO,HAPAG,79098462,HLBU2678901,-,-,21/1/2022,3,HLCURIX220110764,SANTOS EXPRESS 2204S,25/2/2022,8,NO,NA,IMUPESA,AVM,279,15/2/2022,23/2/2022,118-2022-10-070864-01-2-00,26/2/2022,27/2/2022,25/2/2022,,1/3/2022,9/3/2022,10/3/2022,AVM,10/3/2022,001-0111087,RVC,10/3/2022,10/3/2022,FUNDO ARMONIA,11/3/2022,12/3/2022,10,,001-0110270,014-0001976,-,24/5/2022,2022-1,UPS,1Z48V0570495745734,-,Cargada en CP - [22-014-HPER-1 // HLBU2678901]
2021-2022,LIQUIDADO,22-015-HPER,4700002321,RENE,PROJAR,SUSTRATOS ,TURBA BLEND 1530F,RV11,FX22-00011,22,UN,EUR,"9,725.06","10,697.57",20% AP,CIF,SEA,FCL/FCL,,RIGA,CALLAO,1,40HC,22,-,,,NA,DIRECTO,HAPAG,78606794,HLBU2801507,-,-,21/1/2022,3,HLCURIX220110731,SANTOS EXPRESS 2204S,25/2/2022,8,NO,NA,IMUPESA,AVM,278,15/2/2022,23/2/2022,118-2022-10-070780-01-3-00,26/2/2022,26/2/2022,25/2/2022,,1/3/2022,9/3/2022,10/3/2022,AVM,10/3/2022,001-0111085,TRANSPESA,10/3/2022,10/3/2022,FUNDO ARMONIA,16/3/2022,17/3/2022,11,,001-0110270,014-0001965,-,24/5/2022,2022-1,UPS,1Z48V0570495745734,-,Cargada en CP - [22-015-HPER-1 // HLBU2801507]
2021-2022,LIQUIDADO,22-015-HPER,4700002321,RENE,PROJAR,SUSTRATOS ,TURBA BLEND 1530F,RV11,FX22-00011,22,UN,EUR,"9,725.06","10,697.57",20% AP,CIF,SEA,FCL/FCL,,RIGA,CALLAO,1,40HC,22,-,,,NA,DIRECTO,HAPAG,78606794,GCXU5090680,-,-,21/1/2022,3,HLCURIX220110731,SANTOS EXPRESS 2204S,25/2/2022,8,NO,NA,IMUPESA,AVM,278,15/2/2022,23/2/2022,118-2022-10-070780-01-3-00,26/2/2022,26/2/2022,25/2/2022,,1/3/2022,9/3/2022,10/3/2022,AVM,10/3/2022,001-0111086,TRANSPESA,10/3/2022,10/3/2022,FUNDO ARMONIA,16/3/2022,17/3/2022,11,,001-0110558,014-0001966,-,24/5/2022,2022-1,UPS,1Z48V0570495745734,-,Cargada en CP - [22-015-HPER-2 // GCXU5090680]
2022-2023,LIQUIDADO,22-016-HPER,4700002346,RENE,HFCH,PLANTAS,"ROCIO, SEEDLINGS",-,12460,"35,339",UN,USD,"10,003.95","10,003.95",90,CFR,AIR,AIR,,SANTIAGO,LIMA,-,-,5,-,,,NA,DIRECTO,KOREAN,-,-,-,-,24/1/2022,4,180-48440571,KE274/24,24/1/2022,4,SI,24/1/2022,SAASA,AVM,204,24/1/2022,25/1/2022,235-2022-10-010867-01-1-00,24/1/2022,24/1/2022,25/1/2022,,26/1/2022,11/2/2022,NA,RVC,13/2/2022,001-0110288,RVC,NA,NA,VIVERO ILUSION,13/2/2022,14/2/2022,7,,001-0110558,NA,-,24/5/2022,2022-1,NA,NA,-,No cargada por medio de transporte AIRE [22-016-HPER-1 // 4700002346]
2021-2022,LIQUIDADO,22-017-HPER,4700001929,RENE,OZ,PLANTAS,MAGICA,RV11,INV-OVAU-1505 / INV-OVAU-1606 / INV-OVAU-1607,"93,600",UN,USD,"243,360.00","243,360.00",0,CPT,AIR,AIR,,SANTIAGO,LIMA,-,-,3,-,,,NA,DIRECTO,KOREAN,-,-,-,-,24/1/2022,4,180-48440582,KE274/24,24/1/2022,4,SI,24/1/2022,SAASA,AVM,205,24/1/2022,25/1/2022,235-2022-10-010715-01-7-00,24/1/2022,24/1/2022,25/1/2022,,26/1/2022,11/2/2022,NA,NA,13/2/2022,001-0110289,RVC,NA,NA,VIVERO ILUSION,13/2/2022,14/2/2022,7,,001-0110559,NA,-,24/5/2022,2022-1,NA,NA,-,No cargada por medio de transporte AIRE [22-017-HPER-1 // 4700001929]
2021-2022,LIQUIDADO,22-017-HPER,4700001929,RENE,OZ,PLANTAS,BONITA,RV11,INV-OVAU-1505 / INV-OVAU-1606 / INV-OVAU-1607,"62,400",UN,USD,"162,240.00","162,240.00",0,CPT,AIR,AIR,,SANTIAGO,LIMA,-,-,2,-,,,NA,DIRECTO,KOREAN,-,-,-,-,24/1/2022,4,180-48440582,KE274/24,24/1/2022,4,SI,24/1/2022,SAASA,AVM,205,24/1/2022,25/1/2022,235-2022-10-010715-01-7-00,24/1/2022,24/1/2022,25/1/2022,,26/1/2022,11/2/2022,NA,NA,13/2/2022,001-0110289,RVC,NA,NA,VIVERO ILUSION,13/2/2022,14/2/2022,7,,001-0110559,NA,-,24/5/2022,2022-1,NA,NA,-,No cargada por medio de transporte AIRE [22-017-HPER-2 // 4700001929]
2021-2022,LIQUIDADO,22-018-HPER,4700002352,RENE,PROJAR,SUSTRATOS ,EASY PLANTER 14.4 L,RV11,FX22-00020,"13,000",UN,USD,"27,340.00","27,340.00",20% AP,CIF,SEA,FCL/FCL,,COLOMBO,CALLAO,1,40HC,20,-,,,NA,DIRECTO,MSC,93INO399621221,MSMU8119029,-,-,10/1/2022,2,MEDUC0772565,MSC BRANKA NX208A,5/4/2022,14,NO,NA,IMUPESA,AVM,393,23/3/2022,31/3/2022,118-2022-10-117715-01-4-00,6/4/2022,6/4/2022,5/4/2022,,8/4/2022,8/4/2022,10/4/2022,AVM,12/4/2022,001-111492,JOSELITO,12/4/2022,12/4/2022,FUNDO ARMONIA,15/4/2022,16/4/2022,15,,001-0113028,014-0001406,-,24/5/2022,2022-1,UPS,1Z48V0570491367212,-,Cargada en CP - [22-018-HPER-1 // 4700002252 // MSMU8119029]
2021-2022,LIQUIDADO,22-018-HPER,4700002352,RENE,PROJAR,SUSTRATOS ,EASY PLANTER 14.4 L,RV11,FX22-00020,"13,000",UN,USD,"27,340.00","27,340.00",20% AP,CIF,SEA,FCL/FCL,,COLOMBO,CALLAO,1,40HC,20,-,,,NA,DIRECTO,MSC,93INO399621221,MSMU6419623,-,-,10/1/2022,2,MEDUC0772565,MSC BRANKA NX208A,5/4/2022,14,NO,NA,IMUPESA,AVM,393,23/3/2022,31/3/2022,118-2022-10-117715-01-4-00,6/4/2022,6/4/2022,5/4/2022,,8/4/2022,8/4/2022,10/4/2022,AVM,12/4/2022,001-111493,JOSELITO,12/4/2022,12/4/2022,FUNDO ARMONIA,15/4/2022,16/4/2022,15,,001-205066,014-0001407,-,24/5/2022,2022-1,UPS,1Z48V0570491367212,-,Cargada en CP - [22-018-HPER-2 // 4700002252 // MSMU6419623]
2021-2022,LIQUIDADO,22-019-HPER,4700002353,RENE,PROJAR,SUSTRATOS ,EASY PLANTER 14.4 L,RV11,FX22-00024,"13,000",UN,USD,"27,340.00","27,340.00",20% AP,CIF,SEA,FCL/FCL,,COLOMBO,CALLAO,1,40HC,20,-,,,NA,DIRECTO,MSC,93INO399621221,TGBU9335700,-,-,10/1/2022,2,MEDUC0772557,MSC BRANKA NX208A,5/4/2022,14,NO,NA,IMUPESA,AVM,394,23/3/2022,31/3/2022,118-2022-10-117870-01-1-00,6/4/2022,6/4/2022,5/4/2022,,8/4/2022,8/4/2022,10/4/2022,AVM,12/4/2022,001-0111495,AGERSA,12/4/2022,12/4/2022,FUNDO ARMONIA,15/4/2022,16/4/2022,15,,0039-2374,014-0001497,-,24/5/2022,2022-1,UPS,1Z48V0570491367212,-,Cargada en CP - [22-019-HPER-1 // 4700002253 // TGBU9335700]
2021-2022,LIQUIDADO,22-019-HPER,4700002353,RENE,PROJAR,SUSTRATOS ,EASY PLANTER 14.4 L,RV11,FX22-00024,"13,000",UN,USD,"27,340.00","27,340.00",20% AP,CIF,SEA,FCL/FCL,,COLOMBO,CALLAO,1,40HC,20,-,,,NA,DIRECTO,MSC,93INO399621221,FSCU8342009,-,-,10/1/2022,2,MEDUC0772557,MSC BRANKA NX208A,5/4/2022,14,NO,NA,IMUPESA,AVM,394,23/3/2022,31/3/2022,118-2022-10-117870-01-1-00,6/4/2022,6/4/2022,5/4/2022,,8/4/2022,8/4/2022,10/4/2022,AVM,12/4/2022,001-0111494,AGERSA,12/4/2022,12/4/2022,FUNDO ARMONIA,15/4/2022,16/4/2022,15,,0042-2124,014-0001498,-,24/5/2022,2022-1,UPS,1Z48V0570491367212,-,Cargada en CP - [22-019-HPER-2 // 4700002253 // FSCU8342009]
2021-2022,LIQUIDADO,22-020-HPER,4700002292,RENE,VERITAS,SUSTRATOS ,"5KG NAKED BRICKS-BLUEBERRY
BLEND",RV11,202122/178A,"5,100",UN,USD,"31,595.00","31,595.00",20% AP,CIF,SEA,FCL/FCL,,COLOMBO,CALLAO,1,40HC,20,-,,,NA,DIRECTO,CMA CGM,CBO0238163A,BMOU4333486,-,-,27/11/2021,47,HBG1598989,CALLAO EXPRESS 0WCB5S1MA,18/2/2022,7,NO,NA,IMUPESA,AVM,263,7/2/2022,17/2/2022,118-2022-10-061134-01-5-00,19/2/2022,19/2/2022,22/2/2022,,24/2/2022,24/2/2022,24/2/2022,AVM,2/3/2022,001-0110802,AGERSA,2/3/2022,2/3/2022,FUNDO ARMONIA,2/3/2022,3/3/2022,9,,0050-002228,014-0001939,-,24/5/2022,2022-1,DHL,7515605101,Split de Reserva: BK CBO0238163A,Cargada en CP - [22-020-HPER-1 // 4700002292 // BMOU4333486]
2021-2022,LIQUIDADO,22-021-HPER,4700002293,RENE,VERITAS,SUSTRATOS ,"5KG NAKED BRICKS-BLUEBERRY
BLEND",RV11,202122/178B,"5,100",UN,USD,"31,595.00","31,595.00",20% AP,CIF,SEA,FCL/FCL,,COLOMBO,CALLAO,1,40HC,20,-,,,NA,DIRECTO,CMA CGM,CBO0238163B,CAIU8289210,-,-,27/11/2021,47,HBG1599124,CALLAO EXPRESS 0WCB5S1MA,18/2/2022,7,NO,NA,IMUPESA,AVM,262,7/2/2022,17/2/2022,118-2022-10-061108-01-4-00,19/2/2022,19/2/2022,22/2/2022,,24/2/2022,24/2/2022,25/2/2022,AVM,28/2/2022,001-0110801,AGERSA,1/3/2022,1/3/2022,FUNDO ARMONIA,1/3/2022,2/3/2022,9,,0015-002855,014-0001938,-,24/5/2022,2022-1,DHL,7515605101,Split de Reserva: BK CBO0238163B,Cargada en CP - [22-021-HPER-1 // 4700002293 // CAIU8289210]
2021-2022,LIQUIDADO,22-022-HPER,4700002295,RENE,VERITAS,SUSTRATOS ,"5KG NAKED BRICKS-BLUEBERRY
BLEND",RV11,202122/178D,"5,100",UN,USD,"31,595.00","31,595.00",20% AP,CIF,SEA,FCL/FCL,,COLOMBO,CALLAO,1,40HC,20,-,,,NA,DIRECTO,CMA CGM,CBO0238163D,CMAU4400252,-,-,27/11/2021,47,HBG1599115,CALLAO EXPRESS 0WCB5S1MA,18/2/2022,7,NO,NA,IMUPESA,AVM,261,7/2/2022,17/2/2022,118-2022-10-061018-01-5-00,19/2/2022,19/2/2022,22/2/2022,,24/2/2022,24/2/2022,24/2/2022,AVM,1/3/2022,001-0110799,TRANSPESA,1/3/2022,1/3/2022,FUNDO ARMONIA,13/3/2022,14/3/2022,11,,0038-001592,014-0001958,-,24/5/2022,2022-1,DHL,7515605101,Split de Reserva: BK CBO0238163D,Cargada en CP - [22-022-HPER-1 // 4700002295 // CMAU4400252]
2021-2022,LIQUIDADO,22-022-HPER,4700002295,RENE,VERITAS,SUSTRATOS ,"5KG NAKED BRICKS-BLUEBERRY
BLEND",RV11,202122/178D,"5,100",UN,USD,"31,595.00","31,595.00",20% AP,CIF,SEA,FCL/FCL,,COLOMBO,CALLAO,1,40HC,20,-,,,NA,DIRECTO,CMA CGM,CBO0238163D,CAIU7264516,-,-,27/11/2021,47,HBG1599115,CALLAO EXPRESS 0WCB5S1MA,18/2/2022,7,NO,NA,IMUPESA,AVM,261,7/2/2022,17/2/2022,118-2022-10-061018-01-5-00,19/2/2022,19/2/2022,22/2/2022,,24/2/2022,24/2/2022,24/2/2022,AVM,1/3/2022,001-0110800,TRANSPESA,1/3/2022,1/3/2022,FUNDO ARMONIA,13/3/2022,14/3/2022,11,,0007-000450,014-0001959,-,24/5/2022,2022-1,DHL,7515605101,Split de Reserva: BK CBO0238163D ,Cargada en CP - [22-022-HPER-2 // 4700002295 // CAIU7264516]
2022-2023,LIQUIDADO,22-023-HPER,4700002341,RENE,HFCH,PLANTAS,ROCIO,-,12591,"95,000",UN,USD,"273,600.00","273,600.00",90,CFR,AIR,AIR,,SANTIAGO,LIMA,-,-,3,-,,,NA,DIRECTO,KOREAN,-,-,-,-,31/1/2022,5,180-48460366,KE0274/31,31/1/2022,5,SI,31/1/2022,SAASA,AVM,207,31/1/2022,1/2/2022,235-2022-10-014930-01-1-00,31/1/2022,31/1/2022,1/2/2022,,7/2/2022,7/2/2022,NA,NA,8/2/2022,NA,AVM,NA,NA,VIVERO ILUSION,8/2/2022,9/2/2022,6,,001-0109882,NA,-,24/5/2022,2022-1,NA,NA,-,No cargada por medio de transporte AIRE [22-023-HPER-2 // 4700002341]
2022-2023,LIQUIDADO,22-023-HPER,4700002342,RENE,HFCH,PLANTAS,ROCIO,-,12590,"5,000",UN,USD,"14,400.00","14,400.00",90,CFR,AIR,AIR,,SANTIAGO,LIMA,-,-,1,-,,,NA,DIRECTO,KOREAN,-,-,-,-,31/1/2022,5,180-48460366,KE0274/31,31/1/2022,5,SI,31/1/2022,SAASA,AVM,207,31/1/2022,1/2/2022,235-2022-10-014930-01-1-00,31/1/2022,31/1/2022,1/2/2022,,7/2/2022,7/2/2022,NA,NA,8/2/2022,NA,AVM,NA,NA,VIVERO ILUSION,8/2/2022,9/2/2022,6,,001-0109882,NA,-,24/5/2022,2022-1,NA,NA,-,No cargada por medio de transporte AIRE [22-023-HPER-1 // 4700002342]
2021-2022,LIQUIDADO,22-024-HPER,4700001929,RENE,OZ,PLANTAS,MAGICA,RV11,INV-OVAU-1505 / INV-OVAU-1606 / INV-OVAU-1607,"124,800",UN,USD,"324,480.00","324,480.00",0,FCA,AIR,AIR,,SANTIAGO,LIMA,-,-,4,-,,,NA,DIRECTO,LATAM,-,-,-,-,30/1/2022,4,045-46021850,LA2376/30,30/1/2022,4,SI,31/1/2022,TALMA,AVM,231,31/1/2022,1/2/2022,235-2022-10-014963-01-5-00,30/1/2022,30/1/2022,1/2/2022,,7/2/2022,9/2/2022,NA,NA,10/2/2022,NA,RVC,NA,NA,VIVERO ILUSION,10/2/2022,11/2/2022,6,,001-0109881,NA,-,24/5/2022,2022-1,NA,NA,-,No cargada por medio de transporte AIRE [22-024-HPER-1 // 4700001929]
2021-2022,LIQUIDADO,22-024-HPER,4700001929,RENE,OZ,PLANTAS,BONITA,RV11,INV-OVAU-1505 / INV-OVAU-1606 / INV-OVAU-1607,"19,500",UN,USD,"50,700.00","50,700.00",0,FCA,AIR,AIR,,SANTIAGO,LIMA,-,-,1,-,,,NA,DIRECTO,LATAM,-,-,-,-,30/1/2022,4,045-46021850,LA2376/30,30/1/2022,4,SI,31/1/2022,TALMA,AVM,231,31/1/2022,1/2/2022,235-2022-10-014963-01-5-00,30/1/2022,30/1/2022,1/2/2022,,7/2/2022,9/2/2022,NA,NA,10/2/2022,NA,RVC,NA,NA,VIVERO ILUSION,10/2/2022,11/2/2022,6,,001-0109881,NA,-,24/5/2022,2022-1,NA,NA,-,No cargada por medio de transporte AIRE [22-024-HPER-2 // 4700001929]
2021-2022,LIQUIPARCIAL,22-025-HPER,4700002357,RENE,VERITAS,SUSTRATOS ,"5KG NAKED BRICKS-BLUEBERRY
BLEND",RV11,202122/202A,"5,100",UN,USD,"31,595.00","31,595.00",20% AP,CIF,SEA,FCL/FCL,,COLOMBO,CALLAO,1,40HC,20,-,,,NA,DIRECTO,MSC,EBKG02486797,MEDU8834091,-,-,31/1/2022,5,MEDUC0784081,CAPE KORTIA NX210A,21/4/2022,16,NO,NA,IMUPESA,AVM,447,8/4/2022,12/4/2022,118-2022-10-134064-01-8-00,22/4/2022,22/4/2022,22/4/2022,,26/4/2022,26/4/2022,26/4/2022,AVM,27/4/2022,,TRANSPESA,27/4/2022,27/4/2022,FUNDO ARMONIA,13/6/2022,14/6/2022,24,,001-0111759,036-0000010,-,24/5/2022,2022-1,DHL,1998578665,-,Cargada en CP - [22-025-HPER-1 // MEDU8834091]
2021-2022,LIQUIPARCIAL,22-025-HPER,4700002357,RENE,VERITAS,SUSTRATOS ,"5KG NAKED BRICKS-BLUEBERRY
BLEND",RV11,202122/202A,"5,100",UN,USD,"31,595.00","31,595.00",20% AP,CIF,SEA,FCL/FCL,,COLOMBO,CALLAO,1,40HC,20,-,,,NA,DIRECTO,MSC,EBKG02486797,TEMU8700562,-,-,31/1/2022,5,MEDUC0784081,CAPE KORTIA NX210A,21/4/2022,16,NO,NA,IMUPESA,AVM,447,8/4/2022,12/4/2022,118-2022-10-134064-01-8-00,22/4/2022,22/4/2022,22/4/2022,,26/4/2022,26/4/2022,26/4/2022,AVM,27/4/2022,,TRANSPESA,27/4/2022,27/4/2022,FUNDO ARMONIA,31/5/2022,1/6/2022,22,,001-0111758,036-0000009,-,24/5/2022,2022-1,DHL,1998578665,-,Cargada en CP - [22-025-HPER-2 // TEMU8700562]
2021-2022,LIQUIPARCIAL,22-025-HPER,4700002357,RENE,VERITAS,SUSTRATOS ,"5KG NAKED BRICKS-BLUEBERRY
BLEND",RV11,202122/202A,"5,100",UN,USD,"31,595.00","31,595.00",20% AP,CIF,SEA,FCL/FCL,,COLOMBO,CALLAO,1,40HC,20,-,,,NA,DIRECTO,MSC,EBKG02486797,TCNU6285380,-,-,31/1/2022,5,MEDUC0784081,CAPE KORTIA NX210A,21/4/2022,16,NO,NA,IMUPESA,AVM,447,8/4/2022,12/4/2022,118-2022-10-134064-01-8-00,22/4/2022,22/4/2022,22/4/2022,,26/4/2022,26/4/2022,26/4/2022,AVM,27/4/2022,,TRANSPESA,27/4/2022,27/4/2022,FUNDO ARMONIA,9/5/2022,10/5/2022,19,,001-0111760,036-00000001,-,24/5/2022,2022-1,DHL,1998578665,-,Cargada en CP - [22-025-HPER-3 // TCNU6285380]
2021-2022,LIQUIDADO,22-026-HPER,4700002358,RENE,VERITAS,SUSTRATOS ,"5KG NAKED BRICKS-BLUEBERRY
BLEND",RV11,202122/202B,"5,100",UN,USD,"31,595.00","31,595.00",20% AP,CIF,SEA,FCL/FCL,,COLOMBO,CALLAO,1,40HC,20,-,,,NA,DIRECTO,MSC,EBKG02486797,FCIU8220130,-,-,31/1/2022,5,MEDUC0784065,CAPE KORTIA NX210A,21/4/2022,16,NO,NA,IMUPESA,AVM,448,8/4/2022,13/4/2022, 118-2022-10-135496-01-9-00,22/4/2022,22/4/2022,22/4/2022,,26/4/2022,26/4/2022,26/4/2022,AVM,27/4/2022,,RVC,27/4/2022,27/4/2022,FUNDO ARMONIA,9/5/2022,10/5/2022,19,,001-0111763,014-0001995,-,24/5/2022,2022-1,DHL,1998578665,-,Cargada en CP - [22-026-HPER-1 // FCIU8220130]
2021-2022,LIQUIDADO,22-026-HPER,4700002358,RENE,VERITAS,SUSTRATOS ,"5KG NAKED BRICKS-BLUEBERRY
BLEND",RV11,202122/202B,"5,100",UN,USD,"31,595.00","31,595.00",20% AP,CIF,SEA,FCL/FCL,,COLOMBO,CALLAO,1,40HC,20,-,,,NA,DIRECTO,MSC,EBKG02486797,MEDU8795863,-,-,31/1/2022,5,MEDUC0784065,CAPE KORTIA NX210A,21/4/2022,16,NO,NA,IMUPESA,AVM,448,8/4/2022,13/4/2022, 118-2022-10-135496-01-9-00,22/4/2022,22/4/2022,22/4/2022,,26/4/2022,26/4/2022,26/4/2022,AVM,27/4/2022,,RVC,27/4/2022,27/4/2022,FUNDO ARMONIA,4/5/2022,5/5/2022,18,,001-0111762,014-0001993,-,24/5/2022,2022-1,DHL,1998578665,-,Cargada en CP - [22-026-HPER-2 // MEDU8795863]
2021-2022,LIQUIDADO,22-026-HPER,4700002358,RENE,VERITAS,SUSTRATOS ,"5KG NAKED BRICKS-BLUEBERRY
BLEND",RV11,202122/202B,"5,100",UN,USD,"31,595.00","31,595.00",20% AP,CIF,SEA,FCL/FCL,,COLOMBO,CALLAO,1,40HC,20,-,,,NA,DIRECTO,MSC,EBKG02486797,TGHU9315691,-,-,31/1/2022,5,MEDUC0784065,CAPE KORTIA NX210A,21/4/2022,16,NO,NA,IMUPESA,AVM,448,8/4/2022,13/4/2022, 118-2022-10-135496-01-9-00,22/4/2022,22/4/2022,22/4/2022,,26/4/2022,26/4/2022,26/4/2022,AVM,27/4/2022,,RVC,27/4/2022,27/4/2022,FUNDO ARMONIA,5/5/2022,6/5/2022,18,,001-0111761,014-0001994,-,24/5/2022,2022-1,DHL,1998578665,-,Cargada en CP - [22-026-HPER-3 // TGHU9315691]
2021-2022,LIQUIDADO,22-027-HPER,4700002359,RENE,VERITAS,SUSTRATOS ,"5KG NAKED BRICKS-BLUEBERRY
BLEND",RV11,202122/202C,"5,100",UN,USD,"31,595.00","31,595.00",20% AP,CIF,SEA,FCL/FCL,,COLOMBO,CALLAO,1,40HC,20,-,,,NA,DIRECTO,MSC,EBKG02486797,TGCU5102750,-,-,31/1/2022,5,MEDUC0784016,CAPE KORTIA NX210A,21/4/2022,16,NO,NA,IMUPESA,AVM,449,8/4/2022,15/4/2022,118-2022-10-134104-01-1-00,22/4/2022,22/4/2022,22/4/2022,,26/4/2022,26/4/2022,26/4/2022,AVM,27/4/2022,,AGERSA,27/4/2022,27/4/2022,FUNDO ARMONIA,5/5/2022,6/5/2022,18,,001-0111764,036-0000075,-,24/5/2022,2022-1,DHL,1998578665,-,Cargada en CP - [22-027-HPER-1 // TGCU5102750]
2021-2022,LIQUIDADO,22-027-HPER,4700002359,RENE,VERITAS,SUSTRATOS ,"5KG NAKED BRICKS-BLUEBERRY
BLEND",RV11,202122/202C,"5,100",UN,USD,"31,595.00","31,595.00",20% AP,CIF,SEA,FCL/FCL,,COLOMBO,CALLAO,1,40HC,20,-,,,NA,DIRECTO,MSC,EBKG02486797,TGCU5011326,-,-,31/1/2022,5,MEDUC0784016,CAPE KORTIA NX210A,21/4/2022,16,NO,NA,IMUPESA,AVM,449,8/4/2022,15/4/2022,118-2022-10-134104-01-1-00,22/4/2022,22/4/2022,22/4/2022,,26/4/2022,26/4/2022,26/4/2022,AVM,27/4/2022,,AGERSA,27/4/2022,27/4/2022,FUNDO ARMONIA,6/5/2022,7/5/2022,18,,001-0111765,036-0000076,-,24/5/2022,2022-1,DHL,1998578665,-,Cargada en CP - [22-027-HPER-2 // TGCU5011326]
2022-2023,LIQUIDADO,22-028-HPER,4700002247,JOSE,RITEC,EQP & INST,PARTES PARA SISTEMAS DE RIEGO,-,22/08,7,UN,USD,"1,300.00","1,300.00",0,CPT,AIR,AIR,,MADRID,CALLAO,-,-,1,-,,,NA,DIRECTO,IBERIA,-,-,-,-,21/1/2022,3,075-60509396,IB9321,23/1/2022,3,SI,3/2/2022,SAASA,AVM,248,3/2/2022,9/2/2022,235-2022-10-018923-01-8-00,23/1/2022,23/1/2022,10/2/2022,,NA,NA,NA,AVM,11/2/2022,PENDIENTE,AGERSA,NA,NA,FUNDO ARMONIA,18/2/2022,19/2/2022,7,,001-0110273,014-0001912,-,24/5/2022,2022-1,NA,NA,-,No cargada por medio de transporte AIRE [22-028-HPER-2 // 4700002247]
2022-2023,LIQUIDADO,22-028-HPER,4700002259,JOSE,RITEC,EQP & INST,PARTES PARA SISTEMAS DE RIEGO,-,22/08,7,UN,USD,"1,000.00","1,000.00",0,CPT,AIR,AIR,,MADRID,CALLAO,-,-,1,-,,,NA,DIRECTO,IBERIA,-,-,-,-,21/1/2022,3,075-60509396,IB9321,23/1/2022,3,SI,3/2/2022,SAASA,AVM,248,3/2/2022,9/2/2022,235-2022-10-018923-01-8-00,23/1/2022,23/1/2022,10/2/2022,,NA,NA,NA,AVM,11/2/2022,PENDIENTE,AGERSA,NA,NA,FUNDO ARMONIA,18/2/2022,19/2/2022,7,,001-0110273,014-0001912,-,24/5/2022,2022-1,NA,NA,-,No cargada por medio de transporte AIRE [22-028-HPER-1 // 4700002259]
2022-2023,LIQUIDADO,22-029-HPER,4700002314,OMAR,PROMISOL ,AGQ,MUCIGEL,-,F-22036,"2,000",LT,EUR,"17,900.00","19,690.00",90,FOB,SEA,LCL/LCL,,BARCELONA,CALLAO,-,-,2,14/2/2022,,,4/2/2022,AIRSEALOG,CMA CGM,-,-,-,-,19/2/2022,7,BCN/CAL/05556,CMA CGM ARKANSAS 0WCBDS1MA,29/3/2022,13,SI,23/2/2022,DPW,AVM,363,9/3/2022,25/3/2022,"	 118-2022-10-109452-01-8-00",30/3/2022,31/3/2022,29/3/2022,,NA,NA,NA,AVM,6/4/2022,,AGERSA,6/4/2022,NA,FUNDO ARMONIA,22/4/2022,23/4/2022,16,,001-111257,036-00057,-,24/5/2022,2022-1,NA,NA,-,Cargada en CP - Se sacaron datos de carpeta compartida y naviera [22-029-HPER // 4700002314 // TCNU7220070]
2021-2022,LIQUIDADO,22-030-HPER,4700001929,RENE,OZ,PLANTAS,MAGICA,RV11,INV-OVAU-1505 / INV-OVAU-1606 / INV-OVAU-1607,"90,000",UN,USD,"234,000.00","234,000.00",0,FCA,AIR,AIR,,SANTIAGO,LIMA,-,-,3,-,,,NA,DIRECTO,KOREAN,-,-,-,-,7/2/2022,6,180-48460510,KE0274/07,7/2/2022,6,SI,7/2/2022,SAASA,AVM,259,7/2/2022,8/2/2022,235-2022-10-018504-01-5-00,7/2/2022,7/2/2022,8/2/2022,,9/2/2022,9/2/2022,NA,NA,10/2/2022,NA,AVM,NA,NA,VIVERO ILUSION,10/2/2022,11/2/2022,6,,001-0110270,NA,-,24/5/2022,2022-1,NA,NA,-,No cargada por medio de transporte AIRE [22-030-HPER-1 // 4700001929]
2021-2022,LIQUIDADO,22-030-HPER,4700001929,RENE,OZ,PLANTAS,BONITA,RV11,INV-OVAU-1505 / INV-OVAU-1606 / INV-OVAU-1607,"8,000",UN,USD,"20,800.00","20,800.00",0,FCA,AIR,AIR,,SANTIAGO,LIMA,-,-,1,-,,,NA,DIRECTO,KOREAN,-,-,-,-,7/2/2022,6,180-48460510,KE0274/07,7/2/2022,6,SI,7/2/2022,SAASA,AVM,259,7/2/2022,8/2/2022,235-2022-10-018504-01-5-00,7/2/2022,7/2/2022,8/2/2022,,9/2/2022,9/2/2022,NA,NA,10/2/2022,NA,AVM,NA,NA,VIVERO ILUSION,10/2/2022,11/2/2022,6,,001-0110270,NA,-,24/5/2022,2022-1,NA,NA,-,No cargada por medio de transporte AIRE [22-030-HPER-2 // 4700001929]
2022-2023,LIQUIDADO,22-031-HPER,4700002334,TATIANA,UNITEC,SPAREPARTS,RPTOS VARIOS PARA MAQUINA CALIBRADORA DE ARANDANOS,-,79,507,UN,EUR,"7,233.46","7,956.81",0,EXW,AIR,AIR,,SANTIAGO,LIMA,-,-,1,5/4/2022,,,13/4/2022,AIRSEALOG,KOREAN,-,-,-,-,24/4/2022,16,PELIM22044D,KE0274 ,25/4/2022,17,SI,22/4/2022,ALFOSAC,AVM,481,22/4/2022,26/4/2022,235-2022-10-060459-01-4-00,25/4/2022,25/4/2022,26/4/2022,,NA,NA,NA,AVM,27/4/2022,PENDIENTE,AGERSA,27/4/2022,NA,PACKING CHAO,28/4/2022,29/4/2022,17,,001-0111766,036-000068,-,24/5/2022,2022-1,NA,NA,-,No cargada por medio de transporte AIRE [4700002334]
2022-2023,LIQUIDADO,22-031-HPER,4700002369,TATIANA,UNITEC,SPAREPARTS,RPTOS VARIOS PARA MAQUINA CALIBRADORA DE ARANDANOS,-,81,52,UN,EUR,"2,730.03","3,003.03",0,EXW,AIR,AIR,,SANTIAGO,LIMA,-,-,1,8/4/2022,,,13/4/2022,AIRSEALOG,KOREAN,-,-,-,-,24/4/2022,16,PELIM22044D,KE0274 ,25/4/2022,17,SI,22/4/2022,ALFOSAC,AVM,481,22/4/2022,26/4/2022,235-2022-10-060459-01-4-00,25/4/2022,25/4/2022,26/4/2022,,NA,NA,NA,AVM,27/4/2022,PENDIENTE,AGERSA,27/4/2022,NA,PACKING SALAVERRY,28/4/2022,29/4/2022,17,,001-0111766,036-000068,-,24/5/2022,2022-1,NA,NA,-,No cargada por medio de transporte AIRE [4700002369]
2022-2023,LIQUIDADO,22-032-HPER,4700002252,JOSE,AMMS,EQP & INST,MANÓMETROS,-,VD2022-02-0002,4,UN,EUR,"5,322.00","5,854.20",0,DAP,AIR,AIR,,MIAMI,LIMA,-,-,2,-,,,NA,DIRECTO,FEDEX,-,-,-,-,10/2/2022,6,775947160075,-,13/2/2022,6,NO,NA,SCHRAFF,SCHRAFF,NA,NA,12/2/2022,235-2022-10-21338-01-5-01,13/2/2022,13/2/2022,22/2/2022,,NA,NA,NA,NA,22/2/2022,NA,SCHRAFF,NA,NA,PACKING SALAVERRY,24/2/2022,25/2/2022,8,,NA,NA,-,24/5/2022,2022-1,NA,NA,-,No cargada por medio de transporte AIRE (22/04) [22-032-HPER-1 // 4700002252]
2021-2022,LIQUIDADO,22-033-HPER,4700002380,RENE,PROJAR,SUSTRATOS ,FIBRA DE COCO EN BIG BAG 5.5 M3,RV11,FE22-00138,24,BOLSAS,EUR,"15,704.64","17,275.10",0,CIF,SEA,FCL/FCL,,ALGECIRAS,CALLAO,1,40HC,24,-,,,NA,DIRECTO,CMA CGM,IBC0857294,BMOU6407654,-,-,9/2/2022,6,IBC0857294,CMA CGM ARKANSAS 0WCAXS1MA,29/3/2022,13,NO,NA,IMUPESA,AVM,392,18/3/2022,28/3/2022,118-2022-10-112523-01-1-00,30/3/2022,31/3/2022,29/3/2022,,4/4/2022,NA,7/4/2022,AVM,8/4/2022,,RVC,8/4/2022,8/4/2022,FUNDO ARMONIA,10/4/2022,11/4/2022,15,,001-0111471,014-0001987,-,24/5/2022,2022-1,UPS,1Z48V0570496745956,-,Cargada en CP - [22-033-HPER-1 // 4700002380 // BMOU6407654]
2021-2022,LIQUIDADO,22-033-HPER,4700002380,RENE,PROJAR,SUSTRATOS ,FIBRA DE COCO EN BIG BAG 5.5 M3,RV11,FE22-00138,24,BOLSAS,EUR,"15,704.64","17,275.10",0,CIF,SEA,FCL/FCL,,ALGECIRAS,CALLAO,1,40HC,24,-,,,NA,DIRECTO,CMA CGM,IBC0857294,SEGU4185299,-,-,9/2/2022,6,IBC0857294,CMA CGM ARKANSAS 0WCAXS1MA,29/3/2022,13,NO,NA,IMUPESA,AVM,392,18/3/2022,28/3/2022,118-2022-10-112523-01-1-00,30/3/2022,31/3/2022,29/3/2022,,4/4/2022,4/4/2022,7/4/2022,AVM,8/4/2022,,RVC,8/4/2022,8/4/2022,FUNDO ARMONIA,10/4/2022,11/4/2022,15,,001-0111472,014-0001986,-,24/5/2022,2022-1,UPS,1Z48V0570496745956,-,Cargada en CP - [22-033-HPER-2 // 4700002380 // SEGU4185299]
2022-2023,LIQUIDADO,22-034-HPER,4700002313,OMAR,PROMISOL ,AGQ,MUCIGEL,-,F-22062,"16,000",LT,EUR,"143,200.00","157,520.00",90,FOB,SEA,FCL/FCL,,BARCELONA,CALLAO,1,20ST,16,1/3/2022,,,9/2/2022,AIRSEALOG,MSC,EBKG02666279,GLDU9439248,-,-,19/3/2022,11,PBEM041074,CAPE TAINARO NX209A,13/4/2022,15,SI,14/3/2022,IMUPESA,AVM,436,5/4/2022,8/4/2022,118-2022-10-129439-01-7-00,13/4/2022,14/4/2022,13/4/2022,,NA,NA,17/4/2022,AVM,19/4/2022,,AGERSA,20/4/2022,20/4/2022,FUNDO ARMONIA,28/4/2022,29/4/2022,17,,001-0111534,036-0000067,-,24/5/2022,2022-1,NA,NA,-,Cargada en CP - [22-034-HPER-1 // 4700002313 // GLDU9439248]
2022-2023,LIQUIDADO,22-035-HPER ,4700002225,TATIANA,LIPPEL ,SPAREPARTS,RPTOS VARIOS PARA MAQUINA CHIPEADORA,-,32017,15,UN,USD,333.00,333.00,0,EXW,AIR,AIR,,VIRACOPOS,LIMA,-,-,1,14/2/2022,,,10/2/2022,AIRSEALOG,ATLAS AIR,-,-,-,-,28/2/2022,9,1EAVCP73,5Y0064,28/2/2022,9,SI,22/2/2022,ALFOSAC,AVM,305,22/2/2022,23/2/2022,235-2022-10-026954-01-6-00,28/2/2022,28/2/2022,2/3/2022,,NA,NA,NA,AVM,4/3/2022,PENDIENTE,AGERSA,4/3/2022,NA,FUNDO ARMONIA,6/3/2022,7/3/2022,10,,001-0110895,PENDIENTE,-,24/5/2022,2022-1,NA,NA,-,No cargada por medio de transporte AIRE [22-035-HPER-1 // 4700002225]
2022-2023,LIQUIDADO,22-036-HPER,4700002274,OMAR,EDEN MODERN,AGQ,DISPER COMPLEX,-,2022-1405,"20,000",KG,EUR,"110,400.00","121,440.00",90,CIF,SEA,FCL/FCL,,VALENCIA,CALLAO,1,40HC,40,-,,,NA,DIRECTO,CMA CGM,ALC0131647,TRLU8188988,-,-,21/2/2022,8,ALC0131647,CMA CGM ARKANSAS 0WCAXS1MA,29/3/2022,13,NO,NA,IMUPESA,AVM,391,18/3/2022,28/3/2022,"	 118-2022-10-111823-01-1-00",30/3/2022,31/3/2022,29/3/2022,,NA,NA,5/4/2022,AVM,8/4/2022,,AGERSA,8/4/2022,8/4/2022,FUNDO ARMONIA,15/4/2022,16/4/2022,15,,001-0111470,014-1500 / 014-1499,-,24/5/2022,2022-1,DHL,9730476663,-,Cargada en CP - [22-036-HPER-1 // 4700002274 // TRLU8188988]
2022-2023,LIQUIDADO,22-037-HPER,4700002329,RENE,SONOCO,E & E,CLAMSHELL,-,SH171178,"7,860",UN,USD,"1,586.30","1,586.30",30,EXW,AIR,AIR,,MIAMI,LIMA,-,-,2,-,,,10/2/2022,FORBIS,LATAM,045-45963234,-,-,-,19/2/2022,7,FOR70353302,L71835,19/2/2022,7,SI,17-feb,TALMA,AVM,288,17/2/2022,21/2/2022,235-2022-10-025593-01-1-00,19/2/2022,19/2/2022,21/2/2022,,NA,NA,NA,AVM,23/2/2022,PENDIENTE,AGERSA,23/2/2022,NA,PACKING CHAO,27/2/2022,28/2/2022,9,,001-0110537,014-0001926,-,24/5/2022,2022-1,NA,NA,-,No cargada por medio de transporte AIRE [22-037-HPER-1 // 4700002329]
2022-2023,LIQUIDADO,22-038-HPER, PEA2450301,RENE,HFMX,E & E,MUESTRAS,-,NA,1,UN,USD,0.00,0.00,0,DDP,AIR,AIR,,LIMA,SINALOA,-,-,1,-,,,NA,DIRECTO,DHL,-,-,-,-,9/2/2022,6,6803299215,-,21/2/2022,8,NO,NA,DHL,DHL,NA,NA,NA,NA,21/2/2022,21/2/2022,NA,,NA,NA,NA,NA,21/2/2022,NA,NA,NA,NA,PACKING SALAVERRY,21/2/2022,22/2/2022,8,,NA,NA,-,,-,NA,NA,-,No cargada por medio de transporte AIRE [22-038-HPER-1]
2021-2022,LIQUIDADO,22-039-HPER,4700002354,RENE,PROJAR,SUSTRATOS ,EASY PLANTER 14.4 L,RV11,FX22-00023,"13,000",UN,USD,"25,131.00","25,131.00",20% AP,CIF,SEA,FCL/FCL,,COLOMBO,CALLAO,1,40HC,20,-,,,NA,DIRECTO,MAERSK,215808470,PONU8197484,-,-,12/1/2022,2,MAEU215808470,CARSTEN MAERSK 209W,6/3/2022,9,NO,NA,IMUPESA,AVM,336,28/2/2022,4/3/2022,118-2022-10-083157-01-8-00,7/3/2022,8/3/2022,6/3/2022,,10/3/2022,11/3/2022,,AVM,12/3/2022,,AGERSA,12/3/2022,12/3/2022,FUNDO ARMONIA,14/3/2022,15/3/2022,11,,001-0111102,014-0001480,-,24/5/2022,2022-1,UPS,1Z48V0570494947278,-,Cargada en CP - [22-039-HPER-1 // 4700002354 // PONU8197484]
2021-2022,LIQUIDADO,22-039-HPER,4700002354,RENE,PROJAR,SUSTRATOS ,EASY PLANTER 14.4 L,RV11,FX22-00023,"13,000",UN,USD,"25,131.00","25,131.00",20% AP,CIF,SEA,FCL/FCL,,COLOMBO,CALLAO,1,40HC,20,-,,,NA,DIRECTO,MAERSK,215808470,TCNU4578610,-,-,12/1/2022,2,MAEU215808470,CARSTEN MAERSK 209W,6/3/2022,9,NO,NA,IMUPESA,AVM,336,28/2/2022,4/3/2022,118-2022-10-083157-01-8-00,7/3/2022,8/3/2022,6/3/2022,,10/3/2022,11/3/2022,,AVM,12/3/2022,,AGERSA,12/3/2022,12/3/2022,FUNDO ARMONIA,14/3/2022,15/3/2022,11,,001-0111103,014-0001479,-,24/5/2022,2022-1,UPS,1Z48V0570494947278,-,Cargada en CP - [22-039-HPER-2 // 4700002354 // TCNU4578610]
2021-2022,LIQUIDADO,22-040-HPER,4700002355,RENE,PROJAR,SUSTRATOS ,EASY PLANTER 14.4 L,RV11,FX22-00057,"13,000",UN,USD,"25,131.00","25,131.00",20% AP,CIF,SEA,FCL/FCL,,COLOMBO,CALLAO,1,40HC,20,-,,,NA,DIRECTO,MAERSK,216040536,MSKU9349787,-,-,29/1/2022,4,MAEU216040536,SEALAND GUAYAQUIL 210S,22/3/2022,12,NO,NA,IMUPESA,AVM,367,11/3/2022,18/3/2022,118-2022-10-100021-01-4-00,23/3/2022,23/3/2022,22/3/2022,,25/3/2022,25/3/2022,3/4/2022,AVM,28/3/2022,,RVC,28/3/2022,28/3/2022,FUNDO ARMONIA,2/4/2022,3/4/2022,13,,001-111232,014-0001984,-,24/5/2022,2022-1,UPS,1Z48V0570494947278,-,Cargada en CP - [22-040-HPER-1 // 4700002355 // MSKU9349787]
2021-2022,LIQUIDADO,22-040-HPER,4700002355,RENE,PROJAR,SUSTRATOS ,EASY PLANTER 14.4 L,RV11,FX22-00057,"13,000",UN,USD,"25,131.00","25,131.00",20% AP,CIF,SEA,FCL/FCL,,COLOMBO,CALLAO,1,40HC,20,-,,,NA,DIRECTO,MAERSK,216040536,MSKU1930537,-,-,29/1/2022,4,MAEU216040536,SEALAND GUAYAQUIL 210S,22/3/2022,12,NO,NA,IMUPESA,AVM,367,11/3/2022,18/3/2022,118-2022-10-100021-01-4-00,23/3/2022,23/3/2022,22/3/2022,,25/3/2022,25/3/2022,3/4/2022,AVM,28/3/2022,,RVC,28/3/2022,28/3/2022,FUNDO ARMONIA,2/4/2022,3/4/2022,13,,001-111234,014-0001985,-,24/5/2022,2022-1,UPS,1Z48V0570494947278,-,Cargada en CP - [22-040-HPER-2 // 4700002355 // MSKU1930537]
2021-2022,LIQUIDADO,22-040-HPER,4700002355,RENE,PROJAR,SUSTRATOS ,EASY PLANTER 14.4 L,RV11,FX22-00057,"13,000",UN,USD,"25,131.00","25,131.00",20% AP,CIF,SEA,FCL/FCL,,COLOMBO,CALLAO,1,40HC,20,-,,,NA,DIRECTO,MAERSK,216040536,HASU4551029,-,-,29/1/2022,4,MAEU216040536,SEALAND GUAYAQUIL 210S,22/3/2022,12,NO,NA,IMUPESA,AVM,367,11/3/2022,18/3/2022,118-2022-10-100021-01-4-00,23/3/2022,23/3/2022,22/3/2022,,25/3/2022,25/3/2022,3/4/2022,AVM,28/3/2022,,RVC,28/3/2022,28/3/2022,FUNDO ARMONIA,1/4/2022,2/4/2022,13,,001-111233,014-0001983,-,24/5/2022,2022-1,UPS,1Z48V0570494947278,-,Cargada en CP - [22-040-HPER-3 // 4700002355 // HASU4551029]
2021-2022,LIQUIDADO,22-041-HPER,4700002356,RENE,PROJAR,SUSTRATOS ,EASY PLANTER 14.4 L,RV11,FX22-00058,"13,000",UN,USD,"25,131.00","25,131.00",20% AP,CIF,SEA,FCL/FCL,,COLOMBO,CALLAO,1,40HC,20,-,,,NA,DIRECTO,MAERSK,216040655,GCXU5824166,-,-,29/1/2022,4,MAEU216040655,SEALAND GUAYAQUIL 210S,22/3/2022,12,NO,NA,IMUPESA,AVM,371,11/3/2022,18/3/2022,118-2022-10-100098-01-7-00,23/3/2022,23/3/2022,22/3/2022,,25/3/2022,25/3/2022,3/4/2022,AVM,28/3/2022,,AGERSA,28/3/2022,28/3/2022,FUNDO ARMONIA,11/4/2022,12/4/2022,15,,001-0111231,014-0001496,-,24/5/2022,2022-1,UPS,1Z48V0570494947278,-,Cargada en CP - [22-041-HPER-1 // 4700002356 // GCXU5824166]
2021-2022,LIQUIDADO,22-042-HPER,4700001929,RENE,OZ,PLANTAS,MAGICA,RV11,INV-OVAU-1505 / INV-OVAU-1606 / INV-OVAU-1607,"32,000",UN,USD,"83,200.00","83,200.00",0,FCA,AIR,AIR,,SANTIAGO,LIMA,-,-,2,-,,,NA,DIRECTO,KOREAN,-,-,-,-,21/2/2022,8,180-48393811,KE0274/21,21/2/2022,8,SI,21/2/2022,SAASA,AVM,291,21/2/2022,22/2/2022,235-2022-10-026074-01-6-00,21/2/2022,21/2/2022,22/2/2022,,24/2/2022,24/2/2022,NA,NA,NA,NA,AVM,NA,NA,VIVERO ILUSION,24/2/2022,25/2/2022,8,,001-0110558,NA,-,24/5/2022,2022-1,NA,NA,-,No cargada por medio de transporte AIRE [22-042-HPER-1 // 4700001929]
2021-2022,LIQUIDADO,22-042-HPER,4700001929,RENE,OZ,PLANTAS,BONITA,RV11,INV-OVAU-1505 / INV-OVAU-1606 / INV-OVAU-1607,"35,000",UN,USD,"91,000.00","91,000.00",0,FCA,AIR,AIR,,SANTIAGO,LIMA,-,-,2,-,,,NA,DIRECTO,KOREAN,-,-,-,-,21/2/2022,8,180-48393811,KE0274/21,21/2/2022,8,SI,21/2/2022,SAASA,AVM,291,21/2/2022,22/2/2022,235-2022-10-026074-01-6-00,21/2/2022,21/2/2022,22/2/2022,,24/2/2022,24/2/2022,NA,NA,NA,NA,AVM,NA,NA,VIVERO ILUSION,24/2/2022,25/2/2022,8,,001-0110558,NA,-,24/5/2022,2022-1,NA,NA,-,No cargada por medio de transporte AIRE [22-042-HPER-2 // 4700001929]
2022-2023,LIQUIDADO,22-043-HPER,4700002343,RENE,HFCH,PLANTAS,ROCIO,-,12733,"187,200",UN,USD,"37,220.00","37,220.00",90,CFR,AIR,AIR,,SANTIAGO,LIMA,-,-,6,-,,,NA,DIRECTO,KOREAN,-,-,-,-,21/2/2022,8,180-48393870,KE0274/21,21/2/2022,8,SI,21/2/2022,SAASA,AVM,292,21/2/2022,22/2/2022,235-2022-10-026129-01-5-00,21/2/2022,21/2/2022,22/2/2022,,24/2/2022,24/2/2022,NA,NA,NA,NA,AVM,NA,NA,VIVERO ILUSION,24/2/2022,25/2/2022,8,,001-0110559,NA,-,24/5/2022,2022-1,NA,NA,-,No cargada por medio de transporte AIRE [22-043-HPER-2 // 4700002343]
2022-2023,LIQUIDADO,22-043-HPER,4700002345,RENE,HFCH,PLANTAS,ROCIO,-,12734,"12,800",UN,USD,"37,220.00","37,220.00",90,CFR,AIR,AIR,,SANTIAGO,LIMA,-,-,1,-,,,NA,DIRECTO,KOREAN,-,-,-,-,21/2/2022,8,180-48393870,KE0274/21,21/2/2022,8,SI,21/2/2022,SAASA,AVM,292,21/2/2022,22/2/2022,235-2022-10-026129-01-5-00,21/2/2022,21/2/2022,22/2/2022,,24/2/2022,24/2/2022,NA,NA,NA,NA,AVM,NA,NA,VIVERO ILUSION,24/2/2022,25/2/2022,8,,001-0110559,NA,-,24/5/2022,2022-1,NA,NA,-,No cargada por medio de transporte AIRE [22-043-HPER-1 // 4700002345]
2022-2023,LIQUIPARCIAL,22-044-HPER,4700002335,OMAR,CODIAGRO,AGQ,FITOKONTROL,-,116,"17,000",LT,EUR,"42,124.96","46,337.46",0,CIF,SEA,FCL/FCL,,VALENCIA,CALLAO,1,20ST,17,-,,,NA,DIRECTO,HAPAG,-,DFSU2492789,-,-,22/3/2022,12,23130114581,CALLAO EXPRESS 2212S,24/4/2022,16,NO,NA,IMUPESA,AVM,467,21/4/2022,21/4/2022,118-2022-10-146219-01-1-00,24/4/2022,25/4/2022,24/4/2022,,NA,NA,,AVM,3/5/2022,,AGERSA,3/5/2022,3/5/2022,FUNDO ARMONIA,6/5/2022,7/5/2022,18,,001-0111818,036-0000077,-,24/5/2022,2022-1,NA,NA,-,Cargada en CP - [22-044-HPER-1 // 4700002335 // DFSU2492789] 
2022-2023,LIQUIPARCIAL,22-044-HPER,4700002335,OMAR,CODIAGRO,AGQ,FITOKONTROL,-,116,"4,000",LT,EUR,"9,911.75","10,902.93",0,CIF,SEA,FCL/FCL,,VALENCIA,CALLAO,0.24,20ST,4,-,,,NA,DIRECTO,HAPAG,-,GLDU9542092,-,-,22/3/2022,12,23130114581,CALLAO EXPRESS 2212S,24/4/2022,16,NO,NA,IMUPESA,AVM,467,21/4/2022,21/4/2022,118-2022-10-146219-01-1-00,24/4/2022,25/4/2022,24/4/2022,,NA,NA,,AVM,3/5/2022,,AGERSA,3/5/2022,3/5/2022,FUNDO ARMONIA,22/5/2022,23/5/2022,21,,001-0111819,036-0000092,-,24/5/2022,2022-1,NA,NA,-,Cargada en CP - [22-044-HPER-2 // 4700002335 // GLDU9542092]
2022-2023,LIQUIPARCIAL,22-044-HPER,4700002335,OMAR,CODIAGRO,AGQ,FITOKONTROL,-,116,"3,000",LT,EUR,"7,433.81","8,177.20",0,CIF,SEA,FCL/FCL,,VALENCIA,CALLAO,0.18,20ST,3,-,,,NA,DIRECTO,HAPAG,-,GLDU9542092,-,-,22/3/2022,12,23130114581,CALLAO EXPRESS 2212S,24/4/2022,16,NO,NA,IMUPESA,AVM,467,21/4/2022,21/4/2022,118-2022-10-146219-01-1-00,24/4/2022,25/4/2022,24/4/2022,,NA,NA,,AVM,3/5/2022,,AGERSA,3/5/2022,3/5/2022,FUNDO ARMONIA,8/6/2022,9/6/2022,23,,001-0111819,036-0000030,-,24/5/2022,2022-1,NA,NA,-,Cargada en CP - [22-044-HPER-2 // 4700002335 // GLDU9542092]
2022-2023,LIQUIPARCIAL,22-044-HPER,4700002335,OMAR,CODIAGRO,AGQ,FITOKONTROL,-,116,"10,000",LT,EUR,"24,779.38","27,257.32",0,CIF,SEA,FCL/FCL,,VALENCIA,CALLAO,0.58,20ST,10,-,,,NA,DIRECTO,HAPAG,-,GLDU9542092,-,-,22/3/2022,12,23130114581,CALLAO EXPRESS 2212S,24/4/2022,16,NO,NA,IMUPESA,AVM,467,21/4/2022,21/4/2022,118-2022-10-146219-01-1-00,24/4/2022,25/4/2022,24/4/2022,,NA,NA,,AVM,3/5/2022,,AGERSA,3/5/2022,3/5/2022,FUNDO ARMONIA,13/6/2022,14/6/2022,24,,001-0111819,036-0000040,-,24/5/2022,2022-1,NA,NA,-,Cargada en CP - [22-044-HPER-2 // 4700002335 // GLDU9542092]
2022-2023,LIQUIDADO,22-045-HPER,4700002332,OMAR,PROINECO,AGQ,PROIN ORGANIC,-,1-220018,"18,000",LT,EUR,"14,400.00","15,840.00",60,EXW,SEA,FCL/FCL,,ALGECIRAS,CALLAO,1,20ST,18,21/2/2022,,,23/2/2022,AIRSEALOG,MSC,048IMA0072076,MSDU1009173,25/2/2022,-,14/3/2022,11,PMEM053547,CAPE TAINARO NX209A,13/4/2022,15,SI,18/3/2022,IMUPESA,AVM,438,6/4/2022,8/4/2022,"	118-2022-10-128647-01-5-00",13/4/2022,14/4/2022,13/4/2022,,NA,NA,17/4/2022,AVM,19/4/2022,,AGERSA,19/4/2022,19/4/2022,FUNDO ARMONIA,22/4/2022,23/4/2022,16,,001-0111538,036-0000060,-,24/5/2022,2022-1,NA,NA,-,Cargada en CP - [22-045-HPER-1 // 4700002332 // MSDU1009173]
2022-2023,LIQUIDADO,22-045-HPER,4700002332,OMAR,PROINECO,AGQ,PROIN ORGANIC,-,1-220018,"18,000",LT,EUR,"14,400.00","15,840.00",60,EXW,SEA,FCL/FCL,,ALGECIRAS,CALLAO,1,20ST,18,21/2/2022,,,23/2/2022,AIRSEALOG,MSC,048IMA0072076,MEDU3430517,25/2/2022,-,14/3/2022,11,PMEM053547,CAPE TAINARO NX209A,13/4/2022,15,SI,18/3/2022,IMUPESA,AVM,438,6/4/2022,8/4/2022,"	118-2022-10-128647-01-5-00",13/4/2022,14/4/2022,13/4/2022,,NA,NA,17/4/2022,AVM,19/4/2022,,AGERSA,19/4/2022,19/4/2022,FUNDO ARMONIA,4/5/2022,5/5/2022,18,,001-0111537,036-0000073,-,24/5/2022,2022-1,NA,NA,-,Cargada en CP  - [22-045-HPER-2 // 4700002332 // MEDU3430517] 
2022-2023,LIQUIDADO,22-045-HPER,4700002332,OMAR,PROINECO,AGQ,PROIN ORGANIC,-,1-220018,"18,000",LT,EUR,"14,400.00","15,840.00",60,EXW,SEA,FCL/FCL,,ALGECIRAS,CALLAO,1,20ST,18,21/2/2022,,,23/2/2022,AIRSEALOG,MSC,048IMA0072076,MSDU1535408,25/2/2022,-,14/3/2022,11,PMEM053547,CAPE TAINARO NX209A,13/4/2022,15,SI,18/3/2022,IMUPESA,AVM,438,6/4/2022,8/4/2022,118-2022-10-128647-01-5-00,13/4/2022,14/4/2022,13/4/2022,,NA,NA,17/4/2022,AVM,19/4/2022,,AGERSA,19/4/2022,19/4/2022,FUNDO ARMONIA,2/5/2022,3/5/2022,18,,001-0111535,036-0000071,-,24/5/2022,2022-1,NA,NA,-,Cargada en CP - [22-045-HPER-3 // 4700002332 // MSDU1535408]
2022-2023,LIQUIDADO,22-045-HPER,4700002332,OMAR,PROINECO,AGQ,PROIN ORGANIC,-,1-220018,"18,000",LT,EUR,"14,400.00","15,840.00",60,EXW,SEA,FCL/FCL,,ALGECIRAS,CALLAO,1,20ST,18,21/2/2022,,,23/2/2022,AIRSEALOG,MSC,048IMA0072076,MEDU1272351,25/2/2022,-,14/3/2022,11,PMEM053547,CAPE TAINARO NX209A,13/4/2022,15,SI,18/3/2022,IMUPESA,AVM,438,6/4/2022,8/4/2022,"	118-2022-10-128647-01-5-00",13/4/2022,14/4/2022,13/4/2022,,NA,NA,17/4/2022,AVM,19/4/2022,,AGERSA,19/4/2022,19/4/2022,FUNDO ARMONIA,4/5/2022,5/5/2022,18,,001-0111536,036-0000072,-,24/5/2022,2022-1,NA,NA,-,Cargada en CP - [22-045-HPER-4 // 4700002332 // MEDU1272351]
2022-2023,LIQUIDADO,22-046-HPER,4700002363,RENE,HFCH,PLANTAS,ROCIO,-,12851,"126,000",UN,USD,"365,515.00","365,515.00",90,CFR,AIR,AIR,,SANTIAGO,LIMA,-,-,5,-,,,NA,DIRECTO,KOREAN,-,-,-,-,7/3/2022,10,180-48439311,KE0274/07,7/3/2022,10,SI,7/3/2022,SAASA,AVM,348,7/3/2022,9/3/2022,235-2022-10-034508-01-1-00,7/3/2022,7/3/2022,9/3/2022,,14/3/2022,14/3/2022,NA,NA,15/3/2022,NA,RVC,NA,NA,VIVERO ILUSION,15/3/2022,16/3/2022,11,,001-0111108,NA,-,24/5/2022,2022-1,NA,NA,-,No cargada por medio de transporte AIRE [22-046-HPER-1]
2022-2023,LIQUIDADO,22-046-HPER,4700002365,RENE,HFCH,PLANTAS,ROCIO,-,12852,"14,000",UN,USD,"40,847.00","40,847.00",90,CFR,AIR,AIR,,SANTIAGO,LIMA,-,-,1,-,,,NA,DIRECTO,KOREAN,-,-,-,-,7/3/2022,10,180-48439311,KE0274/07,7/3/2022,10,SI,7/3/2022,SAASA,AVM,348,7/3/2022,9/3/2022,235-2022-10-034508-01-1-00,7/3/2022,7/3/2022,9/3/2022,,14/3/2022,14/3/2022,NA,NA,15/3/2022,NA,RVC,NA,NA,VIVERO ILUSION,15/3/2022,16/3/2022,11,,001-0111108,NA,-,24/5/2022,2022-1,NA,NA,-,No cargada por medio de transporte AIRE [22-046-HPER-2]
2022-2023,LIQUIPARCIAL,22-047-HPER,PEA23U1301,OMAR,EURAM,EQP & INST,MUESTRAS,-,NA,1,UN,USD,0.00,0.00,0,FCA,AIR,AIR,,SANTIAGO,LIMA,-,-,1,-,,,NA,DIRECTO,UPS,1Z3X00330491090323,-,26/5/2022,26/5/2022,1/6/2022,22,3X0033SYCXH,-,1/6/2022,22,NO,NA,UPS,UPS,NA,NA,1/6/2022,235-2022-28-00471765-10-4-00,1/6/2022,1/6/2022,1/6/2022,,NA,NA,NA,UPS,1/6/2022,NA,UPS,NA,NA,VIVERO ILUSION,8/6/2022,9/6/2022,23,,NA,NA,-,,,NA,NA,-,No cargada por medio de transporte AIRE [22-047-HPER-1 // 4700001929]
2022-2023,LIQUIDADO,22-048-HPER,4700002339,OMAR,PROMISOL ,AGQ,MUCIGEL,-,F-22076,"2,000",LT,EUR,"17,900.00","19,690.00",90,FOB,SEA,LCL/LCL,,BARCELONA,CALLAO,-,-,2,1/3/2022,,,4/3/2022,AIRSEALOG,CMA CGM,-,-,-,-,26/3/2022,12,BCNCLL2404284V,SANTOS EXPRESS 0DVBES1M0A,30/4/2022,17,SI,18/3/2022,VILLAS OQUENDO,AVM,482,22/4/2022,26/4/2022, 118-2022-10-152128-01-4-00,1/5/2022,2/5/2022,30/4/2022,,NA,NA,,AVM,3/5/2022,,AGERSA,3/5/2022,NA,FUNDO ARMONIA,4/5/2022,5/5/2022,18,,001-0111820,036-0000072,-,24/5/2022,2022-1,DHL,2506524053,-,OC de carga suelta. No cargada. [22-048-HPER-1// 4700002339]
2022-2023,LIQUIPARCIAL,22-049-HPER,4700002330,OMAR,PROMISOL ,AGQ,PROMI CALFOR,-,F-22125,"24,000",KG,EUR,"99,120.00","109,032.00",90,FOB,SEA,FCL/FCL,,BARCELONA,CALLAO,1,20ST,20,15/3/2022,,,4/3/2022,AIRSEALOG,CMA CGM,IBC0861948A,CMAU0210362,-,-,9/4/2022,14,PBEM041532,COSCO SHIPPING VOLGA 0WCBTS1MA,24/5/2022,21,SI,23/4/2022,IMUPESA,AVM,548,13/5/2022,18/5/2022,118-2022-10-177621-01-6-00 ,25/5/2022,25/5/2022,26/6/2022,,NA,NA,,AVM,27/5/2022,,AGERSA,27/5/2022,28/5/2022,FUNDO ARMONIA,13/6/2022,14/6/2022,24,,001-0112329,036-0000046,-,,,DHL,2506524053,-,Cargada en CP. Se sacaron datos de carpeta compartida [22-049-HPER-1 // 4700002330]
2022-2023,LIQUIPARCIAL,22-049-HPER,4700002330,OMAR,PROMISOL ,AGQ,PROMI CALFOR,-,F-22125,"24,000",KG,EUR,"99,120.00","109,032.00",90,FOB,SEA,FCL/FCL,,BARCELONA,CALLAO,1,20ST,20,15/3/2022,,,4/3/2022,AIRSEALOG,CMA CGM,IBC0861948A,GESU1117151,-,-,9/4/2022,14,PBEM041532,COSCO SHIPPING VOLGA 0WCBTS1MA,24/5/2022,21,SI,23/4/2022,IMUPESA,AVM,548,13/5/2022,18/5/2022,118-2022-10-177621-01-6-00 ,25/5/2022,25/5/2022,26/6/2022,,NA,NA,,AVM,27/5/2022,,AGERSA,27/5/2022,28/5/2022,FUNDO ARMONIA,14/6/2022,15/6/2022,24,,001-0112330,036-0000047,-,,,DHL,2506524053,-,Cargada en CP. Se sacaron datos de carpeta compartida [22-049-HPER-2 // 4700002330]
2022-2023,LIQUIDADO,22-050-HPER,4700002338,JOSE,RITEC,EQP & INST,"ELECTROBOMB 5.5KW+TABLERO
ARRANQUE+FLETE",-,22/193,1,UN,USD,"2,800.00","2,800.00",0,EXW,AIR,AIR,,MADRID,LIMA,-,-,1,7/3/2022,,,7/3/2022,FORBIS,PLUS,1194727,-,-,-,21/3/2022,12,1194727,PU-301,21/3/2022,12,NO,18/3/2022,ALFOSAC,AVM,388,18/3/2022,21/3/2022,235-2022-10-041363-01-5-00,21/3/2022,22/3/2022,21/3/2022,,NA,NA,NA,AVM,24/3/2022, 001-0111229,AGERSA,24/3/2022,NA,FUNDO ARMONIA,29/5/2022,30/3/2022,13,,001-0111229,PENDIENTE,-,24/5/2022,2022-1,NA,NA,-,No cargada por medio de transporte AIRE - [ 22-050-HPER-1 // 4700002338]
2022-2023,LIQUIDADO,22-051-HPER,PEA2710101,CORPORATIVO,HFMX,MAQUINARIAS ,LINEA DIRECTA COSECHA 1,-,2022-0001,1,UN,USD,"45,472.23","45,472.23",90,CIF,SEA,FCL/FCL,,MANZANILLO,CALLAO,1,40HC,5,-,,,NA,DIRECTO,COSCO,6329334100,BEAU6054110,17/3/2022,-,4/4/2022,14,S00038794,CSCL ZEEBRUGGE 038E,9/4/2022,14,NO,NA,IMUPESA,LIP,5460,6/4/2022,13/4/2022,118-2022-30-000050-01-0-00,10/4/2022,11/4/2022,21/4/2022,,21/4/2022,21/4/2022,,LIP,26/4/2022,,AGERSA,NA,28/4/2022,PACKING CHAO,26/4/2022,27/4/2022,17,,,036-00062,-,24/5/2022,2022-1,NA,NA,-,Cargada en CP [22-051-HPER-1 // BEAU6054110] 
2022-2023,LIQUIDADO,22-052-HPER,PEA2710101,CORPORATIVO,HFMX,MAQUINARIAS ,LINEA DIRECTA COSECHA 2,-,2022-0002,1,UN,USD,"45,968.23","45,968.23",90,CIF,SEA,FCL/FCL,,MANZANILLO,CALLAO,1,40HC,5,-,,,NA,DIRECTO,COSCO,6329334000,SEGU5175741,16/3/2022,-,26/3/2022,12,S00038770,XIN MEI ZHOU 145E,2/4/2022,13,NO,NA,IMUPESA,LIP,5459,2/4/2022,12/4/2022,118-2022-30-000051-01-5-00,3/4/2022,3/4/2022,21/4/2022,,21/4/2022,21/4/2022,,LIP,23/4/2022,,AGERSA,NA,26/4/2022,PACKING CHAO,24/5/2022,25/5/2022,21,,001-017701,036-00063,-,24/5/2022,2022-1,NA,NA,-,Cargada en CP [22-052-HPER-1 // SEGU5175741] 
2022-2023,LIQUIDADO,22-052-HPER,PEA2710101,CORPORATIVO,HFMX,MAQUINARIAS ,LINEA DIRECTA COSECHA 3,-,2022-0003,1,UN,USD,"53,596.86","53,596.86",90,CIF,SEA,FCL/FCL,,MANZANILLO,CALLAO,1,40HC,4,-,,,NA,DIRECTO,COSCO,6329334000,CNSU7426087,17/3/2022,-,26/3/2022,12,S00038770,XIN MEI ZHOU 145E,2/4/2022,13,NO,NA,IMUPESA,LIP,5459,2/4/2022,12/4/2022,118-2022-30-000051-01-5-00,3/4/2022,3/4/2022,21/4/2022,,21/4/2022,21/4/2022,,LIP,23/4/2022,,AGERSA,NA,26/4/2022,PACKING CHAO,24/5/2022,25/5/2022,21,,001-017701,036-00064,-,24/5/2022,2022-1,NA,NA,-,Cargada en CP [22-052-HPER-2 // CSNU7426087]
2022-2023,LIQUIPARCIAL,22-053-HPER,4700002336,TATIANA,A&B,SPAREPARTS,RPTOS VARIOS PARA MAQUINA PESADORA DE ARANDANOS A&B,-,19721,"1,905",UN,USD,"21,669.19","21,669.19",0,EXW,AIR,AIR,,MIAMI,LIMA,-,-,4,18/4/2022,,,22/4/2022,FORBIS,TAMPA,-,-,5/5/2022,5/5/2022,9/5/2022,19,FOR70354679,QT4041,9/5/2022,19,SI,6/5/2022,TALMA,AVM,526,6/5/2022,12/5/2022,235-2022-10-069511-01-9-00,9/5/2022,9/5/2022,12/5/2022,,NA,NA,NA,AVM,13/5/2022,PENDIENTE,AGERSA,13/5/2022,NA,PACKING CHAO,18/5/2022,19/5/2022,20,,001-0112124,036-00000086,-,24/5/2022,2022-1,NA,NA,-,No cargada por medio de transporte AIRE [4700002336]
2022-2023,LIQUIPARCIAL,22-054-HPER,4700002367-1,TATIANA,A&B,SPAREPARTS,RPTOS VARIOS PARA MAQUINA PESADORA DE ARANDANOS A&B,-,19814,"1,931",UN,USD,"21,923.46","21,923.46",0,EXW,AIR,AIR,,MIAMI,LIMA,-,-,7,2/6/2022,,,2/6/2022,AIRSEALOG,NORTHERN,345-29367483,-,8/6/2022,13/6/2022,18/6/2022,24,MIA/LIM/016407,NC860,18/6/2022,24,SI,17/6/2022,SHOHIN,AVM,640,17/6/2022,21/6/2022,235-2022-10-091198-01-8-00,18/6/2022,19/6/2022,21/6/2022,,NA,NA,NA,AVM,22/6/2022,PENDIENTE,AGERSA,22/6/2022,NA,PACKING SALAVERRY,29/6/2022,30/6/2022,26,,001-113030,036-0000112,-,,,NA,NA,-,No cargada por medio de transporte AIRE [4700002367]
2022-2023,LIQUIPARCIAL,22-055-HPER,4700002344,TATIANA,A&B,SPAREPARTS,RPTOS VARIOS PARA MAQUINA PESADORA DE ARANDANOS A&B,-,48137,72,UN,USD,"3,714.48","3,714.48",0,EXW,AIR,AIR,,MIAMI,LIMA,-,-,3,5/5/2022,,,5/5/2022,FORBIS,LAN,-,-,9/5/2022,-,13/5/2022,19,FOR70354771,L7-2529,13/5/2022,19,SI,12/5/2022,TALMA,AVM,546,12/5/2022,13/5/2022,235-2022-10-070340-01-1-00,13/5/2022,14/5/2022,16/5/2022,,NA,NA,NA,AVM,17/5/2022,PENDIENTE,AGERSA,17/5/2022,NA,PACKING CHAO,18/5/2022,19/5/2022,20,,001-0112131,036-00000086,-,24/5/2022,2022-1,NA,NA,-,No cargada por medio de transporte AIRE [4700002344]
2022-2023,LIQUIDADO,22-056-HPER,4700002363,RENE,HFCH,PLANTAS,ROCIO,-,12858,"180,000",UN,USD,"521,550.00","521,550.00",90,CFR,AIR,AIR,,SANTIAGO,LIMA,-,-,6,-,,,NA,DIRECTO,KOREAN,-,-,-,-,21/3/2022,12,180-48464754,KE0274/21,21/3/2022,12,SI,21/3/2022,SAASA,AVM,396,21/3/2022,22/3/2022,235-2022-10-042333-01-2-00,21/3/2022,21/3/2022,22/3/2022,,23/3/2022,23/3/2022,NA,NA,24/3/2022,NA,RVC,NA,NA,VIVERO ILUSION,24/3/2022,25/3/2022,12,,001-0111227,NA,-,24/5/2022,2022-1,NA,NA,-,No cargada por medio de transporte AIRE [22-056-HPER-1]
2022-2023,LIQUIDADO,22-056-HPER,4700002365,RENE,HFCH,PLANTAS,ROCIO,-,12859,"20,000",UN,USD,"58,230.00","58,230.00",90,CFR,AIR,AIR,,SANTIAGO,LIMA,-,-,1,-,,,NA,DIRECTO,KOREAN,-,-,-,-,21/3/2022,12,180-48464754,KE0274/21,21/3/2022,12,SI,21/3/2022,SAASA,AVM,396,21/3/2022,22/3/2022,235-2022-10-042333-01-2-00,21/3/2022,21/3/2022,22/3/2022,,23/3/2022,23/3/2022,NA,NA,24/3/2022,NA,RVC,NA,NA,VIVERO ILUSION,24/3/2022,25/3/2022,12,,0010-0001577,NA,-,24/5/2022,2022-1,NA,NA,-,No cargada por medio de transporte AIRE [22-056-HPER-2]
2022-2023,LIQUIDADO,22-057-HPER,4700002032,JOSE,PRECISION,SPAREPARTS,TITULADOR MOD.G20S,-,17,1,UN,USD,"20,474.93","20,474.93",0,EXW,AIR,AIR,,SANTIAGO,LIMA,-,-,2,10/3/2022,,,23/3/2023,AIRSEALOG,KOREAN,-,-,-,-,9/4/2022,14,PELIM22037,LA2376,9/4/2022,14,SI,6/4/2022,ALFOSAC,AVM,437,6/4/2022,6/4/2022,235-2022-10-050333-01-8-00,9/4/2022,9/4/2022,9/4/2022,,NA,NA,NA,AVM,12/4/2022,NA,AGERSA,12/4/2022,NA,FUNDO ARMONIA,24/4/2022,25/4/2022,17,,001-0111507,PENDIENTE,-,24/5/2022,2022-1,NA,NA,-,No cargada por medio de transporte AIRE [4700002032 // 22-057-HPER-1]
2022-2023,LIQUIDADO,22-058-HPER,4700002382,RENE,HFCH,PLANTAS,ROCIO,-,12860,"166,500",UN,USD,"483,369.00","483,369.00",90,CFR,AIR,AIR,,SANTIAGO,LIMA,-,-,6,-,,,NA,DIRECTO,KOREAN,-,-,-,-,28/3/2022,13,180-48464824,KE0274/28,28/3/2022,13,SI,28/3/2022,SAASA,AVM,420,28/3/2022,29/3/2022,235-2022-10-045938-01-2-01,28/3/2022,28/3/2022,29/3/2022,,4/4/2022,4/4/2022,NA,NA,6/4/2022,NA,RVC,NA,NA,VIVERO ILUSION,6/4/2022,7/4/2022,14,,001-0111259,NA,-,24/5/2022,2022-1,NA,NA,-,No cargada por medio de transporte AIRE [22-058-HPER-1]
2022-2023,LIQUIDADO,22-058-HPER,4700002382,RENE,HFCH,PLANTAS,ROCIO,-,12861,"18,500",UN,USD,"53,921.00","53,921.00",90,CFR,AIR,AIR,,SANTIAGO,LIMA,-,-,1,-,,,NA,DIRECTO,KOREAN,-,-,-,-,28/3/2022,13,180-48464824,KE0274/28,28/3/2022,13,SI,28/3/2022,SAASA,AVM,420,28/3/2022,29/3/2022,235-2022-10-045938-01-2-01,28/3/2022,28/3/2022,29/3/2022,,4/4/2022,4/4/2022,NA,NA,6/4/2022,NA,RVC,NA,NA,VIVERO ILUSION,6/4/2022,7/4/2022,14,,001-0111259,NA,-,24/5/2022,2022-1,NA,NA,-,No cargada por medio de transporte AIRE [22-058-HPER-2]
2022-2023,LIQUIDADO,22-059-HPER,4700002375,TATIANA,INTRALOX,SPAREPARTS,RPTOS VARIOS PARA FAJAS TRANSPORTADORAS ,-,40112544,101,UN,USD,"6,274.11","6,274.11",0,EXW,AIR,AIR,,MIAMI,LIMA,-,-,1,18/4/2022,,,18/3/2022,AIRSEALOG,NORTHERN,-,-,18/4/2022,-,1/5/2022,17,8EAMIA1426,NC-860,1/5/2022,17,SI,29/4/2022,SHOHIN,AVM,517,29/4/2022,6/5/2022,235-2022-10-066213-01-7-00,1/5/2022,2/5/2022,6/5/2022,,NA,NA,NA,AVM,6/5/2022,PENDIENTE,AGERSA,6/5/2022,NA,PACKING SALAVERRY,10/5/2022,11/5/2022,19,,001-0111877,036-0000081,-,24/5/2022,2022-1,NA,NA,-,No cargada por medio de transporte AIRE [22-059-HPER-1 // 4700002375]
2022-2023,LIQUIPARCIAL,22-060-HPER,4700002340,JOSE,QINGDAO,SPAREPARTS,LLANTAS PARA CARRITO COSECHERO,-,2022-PERU-01,"13,500",UN,USD,"55,350.00","55,350.00",0,FOB,SEA,FCL/FCL,,QINGDAO,CALLAO,1,40HC,1350,16/4/2022,,,7/4/2022,ANDES,MAERSK,217788741,MRSU6324261,-,-,30/4/2022,17,SWOSZX22043189,SANTA CATARINA 216E,30/5/2022,22,SI,2/5/2022,IMUPESA,AVM,562,24/5/2022,26/5/2022,118-2022-10-189516-01-8-00,30/5/2022,30/5/2022,30/5/2022,,NA,NA,NA,AVM,1/6/2022,,RVC,1/6/2022,1/6/2022,FUNDO ARMONIA,2/6/2022,3/6/2022,22,,001-0112415,014-0001996,-,,,NA,NA,-,Cargada en CP - [22-060-HPER-1 // 4700002340 // MRSU6324261]
2022-2023,LIQUIPARCIAL,22-061-HPER,4700002331,OMAR,EDEN MODERN,AGQ,DISPER COMPLEX,-,2022-1429,"10,000",KG,EUR,"54,500.00","59,950.00",90,EXW,SEA,FCL/FCL,,VALENCIA,CALLAO,0.5,40HC,20,22/4/2022,,,8/4/2022,NOATUM,HAPAG,HLCUBC1220457686,FANU3168669,1/5/2022,-,15/5/2022,19,538437,VALPARAISO EXPRESS 2219S,11/6/2022,23,SI,16/5/2022,IMUPESA,AVM,610,7/6/2022,9/6/2022,118-2022-10-209644-01-2-00,11/6/2022,13/6/2022,11/6/2022,,NA,NA,,AVM,16/6/2022,,AGERSA,16/6/2022,16/6/2022,FUNDO ARMONIA,20/6/2022,21/6/2022,25,,001-0112770,036-0000109,-,,,NA,NA,-,Cargada en CP - [22-061-HPER-1 // 4700002331// FANU3168669] 
2022-2023,LIQUIPARCIAL,22-061-HPER,4700002331,OMAR,EDEN MODERN,AGQ,DISPER COMPLEX,-,2022-1429,"3,000",KG,EUR,"16,350.00","17,985.00",90,EXW,SEA,FCL/FCL,,VALENCIA,CALLAO,0.3,40HC,6,22/4/2022,,,8/4/2022,NOATUM,HAPAG,HLCUBC1220457686,FANU3168669,1/5/2022,-,15/5/2022,19,538437,VALPARAISO EXPRESS 2219S,11/6/2022,23,SI,16/5/2022,IMUPESA,AVM,610,7/6/2022,9/6/2022,118-2022-10-209644-01-2-00,11/6/2022,13/6/2022,11/6/2022,,NA,NA,,AVM,16/6/2022,,AGERSA,16/6/2022,16/6/2022,FUNDO ARMONIA,20/6/2022,21/6/2022,25,,001-0112770,036-0000106,-,,,NA,NA,-,Cargada en CP - [22-061-HPER-1 // 4700002331// FANU3168669] 
2022-2023,LIQUIPARCIAL,22-061-HPER,4700002331,OMAR,EDEN MODERN,AGQ,DISPER COMPLEX,-,2022-1429,"2,500",KG,EUR,"13,625.00","14,987.50",90,EXW,SEA,FCL/FCL,,VALENCIA,CALLAO,0.25,40HC,5,22/4/2022,,,8/4/2022,NOATUM,HAPAG,HLCUBC1220457686,FANU3168669,1/5/2022,-,15/5/2022,19,538437,VALPARAISO EXPRESS 2219S,11/6/2022,23,SI,16/5/2022,IMUPESA,AVM,610,7/6/2022,9/6/2022,118-2022-10-209644-01-2-00,11/6/2022,13/6/2022,11/6/2022,,NA,NA,,AVM,16/6/2022,,AGERSA,16/6/2022,16/6/2022,FUNDO ARMONIA,23/6/2022,24/6/2022,25,,001-0112770,036-0000106,-,,,NA,NA,-,Cargada en CP - [22-061-HPER-1 // 4700002331// FANU3168669] 
2022-2023,LIQUIPARCIAL,22-061-HPER,4700002331,OMAR,EDEN MODERN,AGQ,DISPER COMPLEX,-,2022-1429,"1,000",KG,EUR,"5,450.00","5,995.00",90,EXW,SEA,FCL/FCL,,VALENCIA,CALLAO,0.1,40HC,2,22/4/2022,,,8/4/2022,NOATUM,HAPAG,HLCUBC1220457686,FANU3168669,1/5/2022,-,15/5/2022,19,538437,VALPARAISO EXPRESS 2219S,11/6/2022,23,SI,16/5/2022,IMUPESA,AVM,610,7/6/2022,9/6/2022,118-2022-10-209644-01-2-00,11/6/2022,13/6/2022,11/6/2022,,NA,NA,,AVM,16/6/2022,,AGERSA,16/6/2022,16/6/2022,FUNDO ARMONIA,2/7/2022,3/7/2022,26,,001-0112770,036-0000119,-,,,NA,NA,-,Cargada en CP - [22-061-HPER-1 // 4700002331// FANU3168669] 
2022-2023,LIQUIPARCIAL,22-061-HPER,4700002331,OMAR,EDEN MODERN,AGQ,DISPER COMPLEX,-,2022-1429,"3,500",KG,EUR,"19,075.00","20,982.50",90,EXW,SEA,FCL/FCL,,VALENCIA,CALLAO,0.35,40HC,7,22/4/2022,,,8/4/2022,NOATUM,HAPAG,HLCUBC1220457686,FANU3168669,1/5/2022,-,15/5/2022,19,538437,VALPARAISO EXPRESS 2219S,11/6/2022,23,SI,16/5/2022,IMUPESA,AVM,610,7/6/2022,9/6/2022,118-2022-10-209644-01-2-00,11/6/2022,13/6/2022,11/6/2022,,NA,NA,,AVM,16/6/2022,,AGERSA,16/6/2022,16/6/2022,FUNDO ARMONIA,13/7/2022,14/7/2022,28,,001-0112770,036-0000202,-,,,NA,NA,-,Cargada en CP - [22-061-HPER-1 // 4700002331// FANU3168669] 
2022-2023,LIQUIPARCIAL,22-061-HPER,4700002331,OMAR,EDEN MODERN,AGQ,DISPER COMPLEX,-,2022-1429,"10,000",KG,EUR,"54,500.00","59,950.00",90,EXW,SEA,FCL/FCL,,VALENCIA,CALLAO,0.5,40HC,20,22/4/2022,,,8/4/2022,NOATUM,HAPAG,HLCUBC1220457686,HLBU3280661,1/5/2022,-,15/5/2022,19,538437,VALPARAISO EXPRESS 2219S,11/6/2022,23,SI,16/5/2022,IMUPESA,AVM,610,7/6/2022,9/6/2022,118-2022-10-209644-01-2-00,11/6/2022,13/6/2022,11/6/2022,,NA,NA,,AVM,16/6/2022,,AGERSA,16/6/2022,16/6/2022,FUNDO ARMONIA,19/6/2022,20/6/2022,25,,001-0112769,036-0000103,-,,,NA,NA,-,Cargada en CP - [22-061-HPER-2 // 4700002331// HLBU3280661]
2022-2023,LIQUIPARCIAL,22-061-HPER,4700002331,OMAR,EDEN MODERN,AGQ,DISPER COMPLEX,-,2022-1429,"10,000",KG,EUR,"54,500.00","59,950.00",90,EXW,SEA,FCL/FCL,,VALENCIA,CALLAO,0.5,40HC,20,22/4/2022,,,8/4/2022,NOATUM,HAPAG,HLCUBC1220457686,HLBU3280661,1/5/2022,-,15/5/2022,19,538437,VALPARAISO EXPRESS 2219S,11/6/2022,23,SI,16/5/2022,IMUPESA,AVM,610,7/6/2022,9/6/2022,118-2022-10-209644-01-2-00,11/6/2022,13/6/2022,11/6/2022,,NA,NA,,AVM,16/6/2022,,AGERSA,16/6/2022,16/6/2022,FUNDO ARMONIA,17/6/2022,18/6/2022,24,,001-0112769,036-0000104,-,,,NA,NA,-,Cargada en CP - [22-061-HPER-2 // 4700002331// HLBU3280661]
2022-2023,LIQUIPARCIAL,22-062-HPER,4700002360,RENE,PROJAR,SUSTRATOS ,BERRYPOT FRAMBUESA 10L,-,FE22-00593,"15,000",UN,EUR,"8,055.00","8,860.50",30,FOB,SEA,FCL/FCL,,ALGECIRAS,CALLAO,0.5,40HC,6,-,,,11/4/2022,AIRSEALOG,CMA CGM,IBC0899743,APHU6881821,-,-,12/5/2022,19,PMEM054337,CALLAO EXPRESS V. 0WCC7S1MA,24/6/2022,25,SI,3/5/2022,IMUPESA,AVM,624,9/6/2022,22/6/2022,118-2022-10-225593-01-1-00,25/6/2022,26/6/2022,24/6/2022,,30/6/2022,30/6/2022,3/7/2022,AVM,1/7/2022,,JOSELITO,1/7/2022,1/7/2022,LABORATORIO GENETICA,24/7/2022,25/7/2022,30,,001-0113077,014-0001411,-,,,UPS,1Z48V0570498805342,-,Cargada en CP -  [22-062-HPER-1 // 4700002360 // APHU6881821]
2022-2023,LIQUIPARCIAL,22-062-HPER,4700002360,RENE,PROJAR,SUSTRATOS ,FIBRA DE COCO EN BIG BAG 6 M3,-,FE22-00593,18,UN,EUR,"9,221.22","10,143.34",30,FOB,SEA,FCL/FCL,,ALGECIRAS,CALLAO,0.5,40HC,18,-,,,11/4/2022,AIRSEALOG,CMA CGM,IBC0899743,APHU6881821,-,-,12/5/2022,19,PMEM054337,CALLAO EXPRESS V. 0WCC7S1MA,24/6/2022,25,SI,3/5/2022,IMUPESA,AVM,624,9/6/2022,22/6/2022,118-2022-10-225593-01-1-00,25/6/2022,26/6/2022,24/6/2022,,30/6/2022,30/6/2022,3/7/2022,AVM,1/7/2022,,JOSELITO,1/7/2022,1/7/2022,LABORATORIO GENETICA,24/7/2022,25/7/2022,30,,001-0113077,014-0001411,-,,,UPS,1Z48V0570498805342,-,Cargada en CP -  [22-062-HPER-2 // 4700002360 // APHU6881821]
2022-2023,LIQUIPARCIAL,22-062-HPER,4700002360,RENE,PROJAR,SUSTRATOS ,FIBRA DE COCO EN BIG BAG 6 M3,-,FE22-00593,24,UN,EUR,"12,294.96","13,524.46",30,FOB,SEA,FCL/FCL,,ALGECIRAS,CALLAO,1,40HC,24,-,,,11/4/2022,AIRSEALOG,CMA CGM,IBC0899743,SEGU4150501,-,-,12/5/2022,19,PMEM054337,CALLAO EXPRESS V. 0WCC7S1MA,24/6/2022,25,SI,3/5/2022,IMUPESA,AVM,624,9/6/2022,22/6/2022,118-2022-10-225593-01-1-00,25/6/2022,26/6/2022,24/6/2022,,30/6/2022,30/6/2022,3/7/2022,AVM,1/7/2022,,JOSELITO,1/7/2022,1/7/2022,LABORATORIO GENETICA,17/8/2022,18/8/2022,33,,001-0113076,014-0001412,-,,,UPS,1Z48V0570498805342,-,Cargada en CP -  [22-062-HPER-3 // 4700002360 // SEGU4150501]
2022-2023,LIQUIPARCIAL,22-063-HPER,4700002381,RENE,HFCH,PLANTAS,ROCIO,-,12855,"180,000",UN,USD,"468,546.60","468,546.60",90,CFR,AIR,AIR,,SANTIAGO,LIMA,-,-,6,-,,,NA,DIRECTO,KOREAN,-,-,-,-,11/4/2022,15,180-48466880,KE0274/11,11/4/2022,15,NO,11/4/2022,SAASA,AVM,451,11/4/2022,11/4/2022,235-2022-10-053178-01-3-00,11/4/2022,11/4/2022,11/4/2022,,18/4/2022,18/4/2022,NA,NA,19/4/2022,NA,RVC,NA,NA,VIVERO ILUSION,9/6/2022,20/4/2022,16,,001-0111533,NA,-,24/5/2022,2022-1,NA,NA,-,No cargada por medio de transporte AIRE [22-063-HPER-1]
2022-2023,LIQUIDADO,22-064-HPER,PEA23U0101,RENE,VERITAS,SUSTRATOS ,MUESTRAS,-,INV-ARS-001,40,UN,USD,398.67,398.67,0,DAP,AIR,AIR,,COLOMBO,LIMA,-,-,8,-,,,NA,DIRECTO,DHL,4706800361,-,-,29/4/2022,30/4/2022,17,4706800361,-,4/5/2022,18,NO,NA,DHL,DHL,NA,NA,4/5/2022,235-2022-28-382067-10-4-0,4/5/2022,4/5/2022,4/5/2022,,NA,NA,NA,DHL,15/5/2022,NA,DHL,15/5/2022,NA,PACKING SALAVERRY,9/6/2022,16/5/2022,20,,NA,NA,-,,,NA,NA,-,No cargada por medio de transporte AIRE [22-064-HPER]
2022-2023,ABANDONO,22-065-HPER,-,RENE,CARFIA ,SUSTRATOS ,MUESTRAS,-,001/CCI-SAN/22-23,2,UN,USD,1.60,1.60,0,DAP,AIR,AIR,,NHAVA SHEVA,LIMA,-,-,1,-,,,NA,DIRECTO,DHL,-,MEDU7811173 ,-,-,14/5/2022,19,1186207035,-,17/5/2022,20,NO,NA,DHL,DHL,NA,NA,NA,NA,17/5/2022,17/5/2022,NA,,NA,NA,NA,NA,27/5/2022,NA,DHL,28/5/2022,28/5/2022,FUNDO ARMONIA,29/5/2022,30/5/2022,22,,NA,NA,-,,,NA,NA,-,No cargada por medio de transporte AIRE [22-065-HPER]
2022-2023,LIQUIDADO,22-066-HPER,4700002385,JOSE,BERRYPRO,SPAREPARTS,RPTOS VARIOS PARA MAQUINA TRANSPORTADORA,-,2022-FV-0100,21,UN,EUR,"2,045.00","2,249.50",0,EXW,AIR,AIR,,SEVILLA,LIMA,-,-,1,28/6/2022,,,7/7/2022,DIRECTO,DHL,3795872485,-,8/7/2022,8/7/2022,8/7/2022,27,3795872485,-,11/7/2022,28,NO,NA,DHL,DHL,NA,NA,12/7/2022,235-2022-10-102646-01-8-00,11/7/2022,11/7/2022,12/7/2022,,NA,NA,NA,DHL,15/7/2022,NA,DHL,NA,NA,PACKING SALAVERRY,20/7/2022,21/7/2022,29,,NA,NA,-,,,NA,NA,-,No cargada por medio de transporte AIRE - [22-066-HPER // 4700002385]
2022-2023,LIQUIPARCIAL,22-067-HPER,4700002386,JOSE,UNITEC,SPAREPARTS,TERMINAL,-,86,1,UN,EUR,531.63,584.79,0,EXW,AIR,AIR,,SANTIAGO,LIMA,-,-,1,10/5/2022,,,13/5/2022,AIRSEALOG,KOREAN,-,-,-,-,20/5/2022,20,PELIM22049B,KE0274,20/5/2022,20,SI,19/5/2022,ALFOSAC,AVM,553,19/5/2022,23/5/2022,235-2022-10-075362-01-1-00,20/5/2022,20/5/2022,23/5/2022,,NA,NA,NA,AVM,24/5/2022,PENDIENTE,SOS LOGISTICA,24/5/2022,NA,PACKING SALAVERRY,24/5/2022,25/5/2022,21,,001-0112278,NA,-,,,NA,NA,-,No cargada por medio de transporte AIRE - [22-067-HPER]
2022-2023,LIQUIPARCIAL,22-068-HPER,4700002387,OMAR,PROMISOL ,AGQ,CYTOFLOW,-,F-22248,"1,600",KG,EUR,"17,200.00","18,920.00",90,FOB,SEA,LCL/LCL,,VALENCIA,CALLAO,-,-,2,16/5/2022,,,16/5/2022,FORBIS,CMA CGM,01E2022052120,-,-,26/5/2022,6/6/2022,23,12022051886,KRISTINA 0DVCES1MA,1/7/2022,26,SI,6/6/2022,VILLAS OQUENDO,AVM,642,29/6/2022,30/6/2022, 118-2022-10-238555-01-4-00,2/7/2022,3/7/2022,1/7/2022,,NA,NA,NA,AVM,6/7/2022,,AGERSA,6/7/2022,NA,FUNDO ARMONIA,7/7/2022,8/7/2022,27,,001-0113321,036-0000143,-,,,NA,NA,-,Cargada en CP - BL y booking son incorrectos en la naviera- [22-068-HPER // TXGU9000946]
2022-2023,LIQUIPARCIAL,22-069-HPER,4700002376,TATIANA,SMARTPACK,SPAREPARTS,RPTOS VARIOS PARA MAQUINA HEAT SEALER,-,103,18,UN,USD,"12,750.80","12,750.80",0,EXW,AIR,AIR,,SANTIAGO,LIMA,-,-,1,2/5/2022,,,2/5/2023,FORBIS,KOREAN,-,-,6/5/2022,-,12/5/2022,19,PELIM22047D,JA0402,12/5/2022,19,NO,10/5/2022,ALFOSAC,AVM,529,10/5/2022,11/5/2022,235-2022-10-069141-01-7-00,12/5/2022,12/5/2022,13/5/2022,,NA,NA,NA,AVM,17/5/2022,PENDIENTE,AGERSA,17/5/2022,NA,PACKING CHAO,18/5/2022,19/5/2022,20,,001-0112130,036-00000086,-,24/5/2022,2022-1,NA,NA,-,No cargada por medio de transporte AIRE [4700002376]
2022-2023,LIQUIDADO,22-070-HPER,PEA2710101,CORPORATIVO,HFMX,MAQUINARIAS ,LINEA DE EMPAQUE - CONVENCIONAL - LC 1 - SALAVERRY ,-,2022-0004,1,UN,USD,"225,250.00","225,250.00",90,CIF,SEA,FCL/FCL,,MANZANILLO,CALLAO,1,40HC,8,-,,,NA,EMO,ONE,GDLC01064301,TCNU9618654,-,7/5/2022,18/5/2022,20,S00039541,SEASPAN BRIGHTNESS 2217E,26/5/2022,21,NO,NA,IMUPESA,LIP,8477,31/5/2022,2/6/2022,118-2022-30-000067-01-9-00,27/5/2022,28/5/2022,8/6/2022,,7/6/2022,7/6/2022,,NA,9/6/2022,NA,LIP,NA,11/6/2022,PACKING SALAVERRY,9/6/2022,10/6/2022,23,,NA,,-,,,NA,NA,-,Cargada en CP - [22-070-HPER // TCNU9618654]
2022-2023,LIQUIDADO,22-071-HPER,PEA2710101,CORPORATIVO,HFMX,MAQUINARIAS ,LINEA DE EMPAQUE - CONVENCIONAL - LC 2 - SALAVERRY ,-,2022-0005,1,UN,USD,"193,465.00","193,465.00",90,CIF,SEA,FCL/FCL,,MANZANILLO,CALLAO,1,40HC,8,-,,,NA,EMO,ONE,GDLC01060600,TCLU1536742,-,7/5/2022,18/5/2022,20,S00039567,SEASPAN BRIGHTNESS 2217E,26/5/2022,21,NO,NA,IMUPESA,LIP,8473,31/5/2022,2/6/2022,118-2022-30-000066-01-2-00,27/5/2022,28/5/2022,9/6/2022,,7/6/2022,7/6/2022,,NA,10/6/2022,NA,LIP,NA,12/6/2022,PACKING SALAVERRY,10/6/2022,11/6/2022,23,,,,-,,,NA,NA,-,Cargada en CP - [22-071-HPER // TCLU1536742]
2022-2023,LIQUIDADO,22-072-HPER,PEA2710101,CORPORATIVO,HFMX,MAQUINARIAS ,LINEA DE EMPAQUE - CONVENCIONAL - LC 3 - SALAVERRY ,-,2022-0006,1,UN,USD,"207,250.00","207,250.00",90,CIF,SEA,FCL/FCL,,MANZANILLO,CALLAO,1,40HC,8,-,,,NA,EMO,ONE,GDLC01060601,TCNU3070265,-,8/5/2022,18/5/2022,20,S00040060,SEASPAN BRIGHTNESS 2217E,26/5/2022,21,NO,NA,IMUPESA,LIP,8471,31/5/2022,2/6/2022,118-2022-30-000069-01-1-00,27/5/2022,28/5/2022,10/6/2022,,7/6/2022,7/6/2022,,LIP,10/6/2022,,AGERSA,NA,13/6/2022,PACKING SALAVERRY,10/6/2022,11/6/2022,23,,,036-0032,-,,,NA,NA,-,Cargada en CP - [22-072-HPER // TCNU3070265]
2022-2023,LIQUIDADO,22-073-HPER,PEA2710101,CORPORATIVO,HFMX,MAQUINARIAS ,LINEA DE EMPAQUE - HEAT SEALER - SALAVERRY,-,2022-0007,1,UN,USD,"354,800.00","354,800.00",90,CIF,SEA,FCL/FCL,,MANZANILLO,CALLAO,1,40HC,7,-,,,NA,EMO,ONE,GDLC01064300,TLLU5726559,-,9/5/2022,18/5/2022,20,S00040061,SEASPAN BRIGHTNESS 2217E,26/5/2022,21,NO,NA,IMUPESA,LIP,8465,31/5/2022,6/6/2022,118-2022-20-000274-01-8-00,27/5/2022,29/5/2022,16/6/2022,,8/6/2022,8/6/2022,,NA,22/6/2022,NA,LIP,NA,24/6/2022,PACKING SALAVERRY,22/6/2022,23/6/2022,25,,,,-,,,NA,NA,-,Cargada en CP - [22-074-HPER // TLLU5726559]
2022-2023,LIQUIDADO,22-074-HPER,PEA2710101,CORPORATIVO,HFMX,MAQUINARIAS ,LINEA DE EMPAQUE - CONVENCIONAL - LC 1 - CHAO,-,2022-0008,1,UN,USD,"41,991.00","41,991.00",90,CIF,SEA,FCL/FCL,,MANZANILLO,CALLAO,1,40HC,4,-,,,NA,EMO,ONE,GDLC01063900,TCLU7872810,-,11/5/2022,18/5/2022,20,S00039540,SEASPAN BRIGHTNESS 2217E,26/5/2022,21,NO,NA,IMUPESA,LIP,8469,31/5/2022,2/6/2022,118-2022-30-000070-01-1-00,27/5/2022,29/5/2022,7/6/2022,,7/6/2022,7/6/2022,,LIP,9/6/2022,,AGERSA,NA,11/6/2022,PACKING CHAO,9/6/2022,10/6/2022,23,,, 036-0035,-,,,NA,NA,-,Cargada en CP - [22-075-HPER // TCLU7872810]
2022-2023,LIQUIDADO,22-074-HPER,PEA2710101,CORPORATIVO,HFMX,MAQUINARIAS ,LINEA DE EMPAQUE - CONVENCIONAL - LC 1 - CHAO,-,2022-0009,1,UN,USD,"158,090.00","158,090.00",90,CIF,SEA,FCL/FCL,,MANZANILLO,CALLAO,1,40HC,4,-,,,NA,EMO,ONE,GDLC01063900,ONEU0311380,-,11/5/2022,18/5/2022,20,S00039540,SEASPAN BRIGHTNESS 2217E,26/5/2022,21,NO,NA,IMUPESA,LIP,8469,31/5/2022,2/6/2022,118-2022-30-000070-01-1-00,27/5/2022,29/5/2022,7/6/2022,,7/6/2022,7/6/2022,,LIP,9/6/2022,,AGERSA,NA,11/6/2022,PACKING CHAO,9/6/2022,10/6/2022,23,,, 036-0035,-,,,NA,NA,-,Cargada en CP - [22-075-HPER // ONEU0311380]
2022-2023,LIQUIDADO,22-075-HPER,PEA2710101,CORPORATIVO,HFMX,MAQUINARIAS ,LINEA DE EMPAQUE - CONVENCIONAL - LC 2 - CHAO,-,2022-0010,1,UN,USD,"44,932.00","44,932.00",90,CIF,SEA,FCL/FCL,,MANZANILLO,CALLAO,1,40HC,4,-,,,NA,EMO,ONE,GDLC01061700,TCLU8813345,-,11/5/2022,18/5/2022,20,S00039569,SEASPAN BRIGHTNESS 2217E,26/5/2022,21,NO,NA,IMUPESA,LIP,8463,31/5/2022,2/6/2022,118-2022-30-000068-01-5-00,27/5/2022,28/5/2022,8/6/2022,,7/6/2022,7/6/2022,,LIP,9/6/2022,,AGERSA,NA,11/6/2022,PACKING CHAO,9/6/2022,10/6/2022,23,,,036-0038,-,,,NA,NA,-,Cargada en CP- [22-075-HPER // TCLU8813345]
2022-2023,LIQUIDADO,22-075-HPER,PEA2710101,CORPORATIVO,HFMX,MAQUINARIAS ,LINEA DE EMPAQUE - CONVENCIONAL - LC 2 - CHAO,-,2022-0011,1,UN,USD,"158,090.00","158,090.00",90,CIF,SEA,FCL/FCL,,MANZANILLO,CALLAO,1,40HC,4,-,,,NA,EMO,ONE,GDLC01061700,NYKU4290592,-,11/5/2022,18/5/2022,20,S00039569,SEASPAN BRIGHTNESS 2217E,26/5/2022,21,NO,NA,IMUPESA,LIP,8463,31/5/2022,2/6/2022,118-2022-30-000068-01-5-00,27/5/2022,28/5/2022,8/6/2022,,7/6/2022,7/6/2022,,LIP,9/6/2022,,AGERSA,NA,11/6/2022,PACKING CHAO,9/6/2022,10/6/2022,23,,,036-0038,-,,,NA,NA,-,Cargada en CP - [22-075-HPER // NYKU4290592]
2022-2023,LIQUIDADO,22-076-HPER,PEA2710101,CORPORATIVO,HFMX,MAQUINARIAS ,LINEA DE EMPAQUE - CONVENCIONAL - LC 3 - CHAO,-,2022-0012,1,UN,USD,"45,428.00","45,428.00",90,CIF,SEA,FCL/FCL,,MANZANILLO,CALLAO,1,40HC,4,-,,,NA,EMO,ONE,GDLC01096800,MOTU0615165,-,12/5/2022,18/5/2022,20,S00039614,SEASPAN BRIGHTNESS 2217E,26/5/2022,21,NO,NA,IMUPESA,LIP,8461,31/5/2022,2/6/2022,118-2022-30-000065-01-6-00,27/5/2022,29/5/2022,8/6/2022,,7/6/2022,7/6/2022,,LIP,9/6/2022,,AGERSA,NA,11/6/2022,PACKING CHAO,9/6/2022,10/6/2022,23,,,0036-0037,-,,,NA,NA,-,Cargada en CP - [22-076-HPER // MOTU0615165]
2022-2023,LIQUIDADO,22-076-HPER,PEA2710101,CORPORATIVO,HFMX,MAQUINARIAS ,LINEA DE EMPAQUE - CONVENCIONAL - LC 3 - CHAO,-,2022-0013,1,UN,USD,"158,090.00","158,090.00",90,CIF,SEA,FCL/FCL,,MANZANILLO,CALLAO,1,40HC,4,-,,,NA,EMO,ONE,GDLC01096800,NYKU0825079,-,12/5/2022,18/5/2022,20,S00039614,SEASPAN BRIGHTNESS 2217E,26/5/2022,21,NO,NA,IMUPESA,LIP,8461,31/5/2022,2/6/2022,118-2022-30-000065-01-6-00,27/5/2022,29/5/2022,8/6/2022,,7/6/2022,7/6/2022,,LIP,9/6/2022,,AGERSA,NA,11/6/2022,PACKING CHAO,9/6/2022,10/6/2022,23,,,0036-0037,-,,,NA,NA,-,Cargada en CP - [22-076-HPER // NYKU0825079]
2022-2023,LIQUIPARCIAL,22-077-HPER,4700002391,TATIANA,LIPPEL ,SPAREPARTS,RPTOS VARIOS PARA MAQUINA CHIPEADORA,-,33569,3,UN,USD,89.00,89.00,0,EXW,AIR,AIR,,VIRACOPOS,LIMA,-,-,1,11/4/2022,,,16/5/2022,FORBIS,ATLAS AIR,-,-,23/5/2022,-,2/6/2022,22,90010127151,5Y056,2/6/2022,22,SI,26/5/2022,TALMA,AVM,570,27/5/2022,31/5/2022,235-2022-10-079939-01-1-00,2/6/2022,2/6/2022,3/6/2022,,NA,NA,NA,LIP,6/6/2022,PENDIENTE,AGERSA,6/6/2022,NA,FUNDO ARMONIA,7/6/2022,8/6/2022,23,,001-0112720,036-0000099,-,,,NA,NA,-,No cargada por medio de transporte AIRE - [22-087-HPER // 4700002362]
2022-2023,LIQUIPARCIAL,22-078-HPER,4700002386,JOSE,UNITEC,SPAREPARTS,"""ENGRANAJE 1/2"""" (12.7) Z 36
CC3330192""",-,89,15,UN,EUR,"1,000.35","1,100.39",0,EXW,AIR,AIR,,SANTIAGO,LIMA,-,-,1,-,,,26/5/2022,AIRSEALOG,KOREAN,-,-,-,-,3/6/2022,22,PELIM22056C,KE0274,3/6/2022,22,SI,2/6/2022,ALFOSAC,AVM,599,2/6/2022,6/6/2022,235-2022-10-082996-01-2-00 ,3/6/2022,3/6/2022,6/6/2022,,NA,NA,NA,AVM,8/6/2022,PENDIENTE,AGERSA,8/6/2022,NA,PACKING SALAVERRY,8/6/2022,9/6/2022,23,,001-0112732,036-0000029,-,,,NA,NA,-,No cargada por medio de transporte AIRE [22-078-HPER // 4700002386]
2022-2023,LIQUIPARCIAL,22-079-HPER,605795,JOSE,RITEC,EQP & INST,PRODUCTO EN GARANTIA,REMANSO1,2022/ 754,108,UN,USD,409.50,409.50,0,DAP,AIR,AIR,,MADRID,LIMA,-,-,2,-,,,NA,DIRECTO,IBERIA,-,-,-,-,20/5/2022,20,075-60682075,IB9461,22/5/2022,20,NO,NA,SAASA,AVM,560,23/5/2022,27/5/2022,235-2022-10-077953-01-7-00,22/5/2022,22/5/2022,27/5/2022,,NA,NA,NA,AVM,31/5/2022,PENDIENTE,AGERSA,31/5/2022,NA,FUNDO ARMONIA,7/6/2022,8/6/2022,23,,001-0112408,036-0000099,-,,,NA,NA,-,No cargada por medio de transporte AIRE [22-079-HPER // 605795]
2022-2023,LIQUIPARCIAL,22-080-HPER,4700002426,RENE,LEGRO,SUSTRATOS ,SUSTRATO LEGRO LB 07PFINE,-,22HOR5231,24,BOLSAS,EUR,"13,356.00","14,691.60",30% AP,CFR,SEA,FCL/FCL,,ROTTERDAM,CALLAO,1,40HC,24,-,,,NA,DIRECTO,MAERSK,217915593,PONU8075824,-,-,9/5/2022,19,MAEU217915593,MAERSK BATUR 218S,3/6/2022,22,SI,10/5/2022,IMUPESA,AVM,597,2/6/2022,2/6/2022,118-2022-10-196768-01-9-00,4/6/2022,5/6/2022,3/6/2022,,7/6/2022,17/6/2022,23/6/2022,AVM,21/6/2022,,AGERSA,21/6/2022,21/6/2022,VIVERO ILUSION,23/6/2022,24/6/2022,25,,001-0112722,036-0000114,-,,,NA,NA,-,Cargada en CP  - [22-080-HPER // 4700002362]
2022-2023,LIQUIPARCIAL,22-080-HPER,4700002426,RENE,LEGRO,SUSTRATOS ,SUSTRATO LEGRO LB 07PFINE,-,22HOR5231,24,BOLSAS,EUR,"13,356.00","14,691.60",30% AP,CFR,SEA,FCL/FCL,,ROTTERDAM,CALLAO,1,40HC,24,-,,,NA,DIRECTO,MAERSK,217915593,MSKU0956178,-,-,9/5/2022,19,MAEU217915593,MAERSK BATUR 218S,3/6/2022,22,SI,10/5/2022,IMUPESA,AVM,597,2/6/2022,2/6/2022,118-2022-10-196768-01-9-00,4/6/2022,5/6/2022,3/6/2022,,7/6/2022,17/6/2022,23/6/2022,AVM,21/6/2022,,AGERSA,21/6/2022,21/6/2022,VIVERO ILUSION,23/6/2022,24/6/2022,25,,001-0112723,036-0000115,-,,,NA,NA,-,Cargada en CP  - [22-080-HPER // 4700002362]
2022-2023,LIQUIPARCIAL,22-080-HPER,4700002426,RENE,LEGRO,SUSTRATOS ,SUSTRATO LEGRO LB 07PFINE,-,22HOR5231,24,BOLSAS,EUR,"13,356.00","14,691.60",30% AP,CFR,SEA,FCL/FCL,,ROTTERDAM,CALLAO,1,40HC,24,-,,,NA,DIRECTO,MAERSK,217915593,PONU7550236,-,-,9/5/2022,19,MAEU217915593,MAERSK BATUR 218S,3/6/2022,22,SI,10/5/2022,IMUPESA,AVM,597,2/6/2022,2/6/2022,118-2022-10-196768-01-9-00,4/6/2022,5/6/2022,3/6/2022,,7/6/2022,17/6/2022,23/6/2022,AVM,21/6/2022,,AGERSA,21/6/2022,21/6/2022,VIVERO ILUSION,24/6/2022,25/6/2022,25,,001-0112724,036-0000117,-,,,NA,NA,-,Cargada en CP  - [22-080-HPER // 4700002362]
2022-2023,LIQUIPARCIAL,22-080-HPER,4700002426,RENE,LEGRO,SUSTRATOS ,SUSTRATO LEGRO LB 07PFINE,-,22HOR5231,24,BOLSAS,EUR,"13,356.00","14,691.60",30% AP,CFR,SEA,FCL/FCL,,ROTTERDAM,CALLAO,1,40HC,24,-,,,NA,DIRECTO,MAERSK,217915593,TCNU2736803,-,-,9/5/2022,19,MAEU217915593,MAERSK BATUR 218S,3/6/2022,22,SI,10/5/2022,IMUPESA,AVM,597,2/6/2022,2/6/2022,118-2022-10-196768-01-9-00,4/6/2022,5/6/2022,3/6/2022,,7/6/2022,17/6/2022,23/6/2022,AVM,21/6/2022,,AGERSA,21/6/2022,21/6/2022,VIVERO ILUSION,24/6/2022,25/6/2022,25,,001-0112725,036-0000116,-,,,NA,NA,-,Cargada en CP  - [22-080-HPER // 4700002362]
2022-2023,LIQUIPARCIAL,22-081-HPER,4700002427,RENE,LEGRO,SUSTRATOS ,SUSTRATO LEGRO LB 07PFINE,-,22HOR5873,24,BOLSAS,EUR,"13,308.00","14,638.80",30% AP,CFR,SEA,FCL/FCL,,ROTTERDAM,CALLAO,1,40HC,24,-,,,NA,DIRECTO,MAERSK,217916224,MRKU5959542,-,-,17/5/2022,20,MAEU217916224,MAERSK BULAN 219S,10/6/2022,23,SI,18/5/2022,IMUPESA,AVM,598,2/6/2022,7/6/2022, 118-2022-10-205217-01-2-00,11/6/2022,11/6/2022,10/6/2022,,15/6/2022,23/6/2022,29/6/2022,AVM,24/6/2022,,TRANSPESA,24/6/2022,24/6/2022,VIVERO ILUSION,10/7/2022,11/7/2022,28,,001-0112753,036-0000015,-,,,UPS,206978026,-,Cargada en CP  - [22-081-HPER // 4700002362]
2022-2023,LIQUIPARCIAL,22-081-HPER,4700002427,RENE,LEGRO,SUSTRATOS ,SUSTRATO LEGRO LB 07PFINE,-,22HOR5873,24,BOLSAS,EUR,"13,308.00","14,638.80",30% AP,CFR,SEA,FCL/FCL,,ROTTERDAM,CALLAO,1,40HC,24,-,,,NA,DIRECTO,MAERSK,217916224,MSKU9811175,-,-,17/5/2022,20,MAEU217916224,MAERSK BULAN 219S,10/6/2022,23,SI,18/5/2022,IMUPESA,AVM,598,2/6/2022,7/6/2022, 118-2022-10-205217-01-2-00,11/6/2022,11/6/2022,10/6/2022,,15/6/2022,23/6/2022,29/6/2022,AVM,24/6/2022,,TRANSPESA,24/6/2022,24/6/2022,VIVERO ILUSION,5/7/2022,6/7/2022,27,,001-0112755,036-0000012,-,,,UPS,206978026,-,Cargada en CP  - [22-081-HPER // 4700002362]
2022-2023,LIQUIPARCIAL,22-081-HPER,4700002427,RENE,LEGRO,SUSTRATOS ,SUSTRATO LEGRO LB 07PFINE,-,22HOR5873,24,BOLSAS,EUR,"13,308.00","14,638.80",30% AP,CFR,SEA,FCL/FCL,,ROTTERDAM,CALLAO,1,40HC,24,-,,,NA,DIRECTO,MAERSK,217916224,CAXU9184900,-,-,17/5/2022,20,MAEU217916224,MAERSK BULAN 219S,10/6/2022,23,SI,18/5/2022,IMUPESA,AVM,598,2/6/2022,7/6/2022, 118-2022-10-205217-01-2-00,11/6/2022,11/6/2022,10/6/2022,,15/6/2022,23/6/2022,29/6/2022,AVM,24/6/2022,,TRANSPESA,24/6/2022,24/6/2022,VIVERO ILUSION,7/8/2022,8/7/2022,27,,001-0112752,036-0000013,-,,,UPS,206978026,-,Cargada en CP  - [22-081-HPER // 4700002362]
2022-2023,LIQUIPARCIAL,22-081-HPER,4700002427,RENE,LEGRO,SUSTRATOS ,SUSTRATO LEGRO LB 07PFINE,-,22HOR5873,24,BOLSAS,EUR,"13,308.00","14,638.80",30% AP,CFR,SEA,FCL/FCL,,ROTTERDAM,CALLAO,1,40HC,24,-,,,NA,DIRECTO,MAERSK,217916224,MSKU1306773,-,-,17/5/2022,20,MAEU217916224,MAERSK BULAN 219S,10/6/2022,23,SI,18/5/2022,IMUPESA,AVM,598,2/6/2022,7/6/2022, 118-2022-10-205217-01-2-00,11/6/2022,11/6/2022,10/6/2022,,15/6/2022,23/6/2022,29/6/2022,AVM,24/6/2022,,TRANSPESA,24/6/2022,24/6/2022,VIVERO ILUSION,10/7/2022,11/7/2022,28,,001-0112754,036-0000014,-,,,UPS,206978026,-,Cargada en CP  - [22-081-HPER // 4700002362]
2022-2023,LIQUIPARCIAL,22-082-HPER,4700002428,RENE,LEGRO,SUSTRATOS ,SUSTRATO LEGRO LB 07PFINE,-,22HOR5874,24,BOLSAS,EUR,"13,686.00","15,054.60",30% AP,CFR,SEA,FCL/FCL,,ROTTERDAM,CALLAO,1,40HC,24,-,,,NA,DIRECTO,MAERSK,217932811,CAIU8589753,-,-,17/5/2022,20,MAEU217932811,MAERSK BULAN 219S,10/6/2022,23,SI,18/5/2022,IMUPESA,AVM,609,7/6/2022,8/6/2022,118-2022-10-208364-01-6-00,11/6/2022,11/6/2022,10/6/2022,,15/6/2022,23/6/2022,29/6/2022,AVM,24/6/2022,,AGERSA,24/6/2022,24/6/2022,VIVERO ILUSION,4/7/2022,5/7/2022,27,,001-0112761,036-0000124,-,,,UPS,206982325,-,Cargada en CP - [22-082-HPER // 4700002362]
2022-2023,LIQUIPARCIAL,22-082-HPER,4700002428,RENE,LEGRO,SUSTRATOS ,SUSTRATO LEGRO LB 07PFINE,-,22HOR5874,24,BOLSAS,EUR,"13,686.00","15,054.60",30% AP,CFR,SEA,FCL/FCL,,ROTTERDAM,CALLAO,1,40HC,24,-,,,NA,DIRECTO,MAERSK,217932811,MSKU0410119,-,-,17/5/2022,20,MAEU217932811,MAERSK BULAN 219S,10/6/2022,23,SI,18/5/2022,IMUPESA,AVM,609,7/6/2022,8/6/2022,118-2022-10-208364-01-6-00,11/6/2022,11/6/2022,10/6/2022,,15/6/2022,23/6/2022,29/6/2022,AVM,24/6/2022,,AGERSA,24/6/2022,24/6/2022,VIVERO ILUSION,4/7/2022,5/7/2022,27,,001-0112762,036-0000129,-,,,UPS,206982325,-,Cargada en CP - [22-082-HPER // 4700002362]
2022-2023,LIQUIPARCIAL,22-082-HPER,4700002428,RENE,LEGRO,SUSTRATOS ,SUSTRATO LEGRO LB 07PFINE,-,22HOR5874,24,BOLSAS,EUR,"13,686.00","15,054.60",30% AP,CFR,SEA,FCL/FCL,,ROTTERDAM,CALLAO,1,40HC,24,-,,,NA,DIRECTO,MAERSK,217932811,SUDU6779860,-,-,17/5/2022,20,MAEU217932811,MAERSK BULAN 219S,10/6/2022,23,SI,18/5/2022,IMUPESA,AVM,609,7/6/2022,8/6/2022,118-2022-10-208364-01-6-00,11/6/2022,11/6/2022,10/6/2022,,15/6/2022,23/6/2022,29/6/2022,AVM,24/6/2022,,AGERSA,24/6/2022,24/6/2022,VIVERO ILUSION,4/7/2022,5/7/2022,27,,001-0112764,036-0000127,-,,,UPS,206982325,-,Cargada en CP - [22-082-HPER // 4700002362]
2022-2023,LIQUIPARCIAL,22-082-HPER,4700002428,RENE,LEGRO,SUSTRATOS ,SUSTRATO LEGRO LB 07PFINE,-,22HOR5874,24,BOLSAS,EUR,"13,686.00","15,054.60",30% AP,CFR,SEA,FCL/FCL,,ROTTERDAM,CALLAO,1,40HC,24,-,,,NA,DIRECTO,MAERSK,217932811,MSKU1002066,-,-,17/5/2022,20,MAEU217932811,MAERSK BULAN 219S,10/6/2022,23,SI,18/5/2022,IMUPESA,AVM,609,7/6/2022,8/6/2022,118-2022-10-208364-01-6-00,11/6/2022,11/6/2022,10/6/2022,,15/6/2022,23/6/2022,29/6/2022,AVM,24/6/2022,,AGERSA,24/6/2022,24/6/2022,VIVERO ILUSION,4/7/2022,5/7/2022,27,,001-0112763,036-0000125,-,,,UPS,206982325,-,Cargada en CP - [22-082-HPER // 4700002362]
2022-2023,LIQUIPARCIAL,22-083-HPER,4700002429,RENE,LEGRO,SUSTRATOS ,SUSTRATO LEGRO LB 07PFINE,-,22HOR5875,24,BOLSAS,EUR,"13,686.00","15,054.60",30% AP,CFR,SEA,FCL/FCL,,ROTTERDAM,CALLAO,1,40HC,24,-,,,NA,DIRECTO,MAERSK,217932970,MSKU1684135,-,-,17/5/2022,20,MAEU217932970,MAERSK BULAN 219S,10/6/2022,23,SI,18/5/2022,IMUPESA,AVM,608,7/6/2022,9/6/2022,118-2022-10-209175-01-2-00,11/6/2022,11/6/2022,10/6/2022,,15/6/2022,23/6/2022,29/6/2022,AVM,24/6/2022,,RVC,24/6/2022,24/6/2022,VIVERO ILUSION,27/6/2022,28/6/2022,26,,001-0112758,014-0001998,-,,,UPS,206982325,-,Cargada en CP  - [22-083-HPER // 4700002362]
2022-2023,LIQUIPARCIAL,22-083-HPER,4700002429,RENE,LEGRO,SUSTRATOS ,SUSTRATO LEGRO LB 07PFINE,-,22HOR5875,24,BOLSAS,EUR,"13,686.00","15,054.60",30% AP,CFR,SEA,FCL/FCL,,ROTTERDAM,CALLAO,1,40HC,24,-,,,NA,DIRECTO,MAERSK,217932970,MSKU9425383,-,-,17/5/2022,20,MAEU217932970,MAERSK BULAN 219S,10/6/2022,23,SI,18/5/2022,IMUPESA,AVM,608,7/6/2022,9/6/2022,118-2022-10-209175-01-2-00,11/6/2022,11/6/2022,10/6/2022,,15/6/2022,23/6/2022,29/6/2022,AVM,24/6/2022,,RVC,24/6/2022,24/6/2022,VIVERO ILUSION,29/6/2022,30/6/2022,26,,001-0112760,014-0001999,-,,,UPS,206982325,-,Cargada en CP - [22-083-HPER // 4700002362]
2022-2023,LIQUIPARCIAL,22-083-HPER,4700002429,RENE,LEGRO,SUSTRATOS ,SUSTRATO LEGRO LB 07PFINE,-,22HOR5875,24,BOLSAS,EUR,"13,686.00","15,054.60",30% AP,CFR,SEA,FCL/FCL,,ROTTERDAM,CALLAO,1,40HC,24,-,,,NA,DIRECTO,MAERSK,217932970,MRKU3053179,-,-,17/5/2022,20,MAEU217932970,MAERSK BULAN 219S,10/6/2022,23,SI,18/5/2022,IMUPESA,AVM,608,7/6/2022,9/6/2022,118-2022-10-209175-01-2-00,11/6/2022,11/6/2022,10/6/2022,,15/6/2022,23/6/2022,29/6/2022,AVM,24/6/2022,,RVC,24/6/2022,24/6/2022,VIVERO ILUSION,29/6/2022,30/6/2022,26,,001-0112759,014-0002000,-,,,UPS,206982325,-,Cargada en CP - [22-083-HPER // 4700002362]
2022-2023,LIQUIPARCIAL,22-083-HPER,4700002429,RENE,LEGRO,SUSTRATOS ,SUSTRATO LEGRO LB 07PFINE,-,22HOR5875,24,BOLSAS,EUR,"13,686.00","15,054.60",30% AP,CFR,SEA,FCL/FCL,,ROTTERDAM,CALLAO,1,40HC,24,-,,,NA,DIRECTO,MAERSK,217932970,MRSU3205084,-,-,17/5/2022,20,MAEU217932970,MAERSK BULAN 219S,10/6/2022,23,SI,18/5/2022,IMUPESA,AVM,608,7/6/2022,9/6/2022,118-2022-10-209175-01-2-00,11/6/2022,11/6/2022,10/6/2022,,15/6/2022,23/6/2022,29/6/2022,AVM,24/6/2022,,RVC,24/6/2022,24/6/2022,VIVERO ILUSION,3/7/2022,4/7/2022,27,,001-0112757,014-00001997,-,,,UPS,206982325,-,Cargada en CP  - [22-083-HPER // 4700002362]
2022-2023,LIQUIPARCIAL,22-084-HPER,4700002430,RENE,LEGRO,SUSTRATOS ,SUSTRATO LEGRO LB 07PFINE,-,22HOR5876,24,BOLSAS,EUR,"13,356.00","14,691.60",30% AP,CFR,SEA,FCL/FCL,,ROTTERDAM,CALLAO,1,40HC,24,-,,,NA,DIRECTO,MAERSK,218073530,MRKU3136592,-,-,23/5/2022,21,MAEU218073530,MAERSK BRANI 220S,17/6/2022,24,SI,23/5/2022,IMUPESA,AVM,625,9/6/2022,16/6/2022,118-2022-10-217049-01-2-00,17/6/2022,19/6/2022,17/6/2022,,22/6/2022,28/6/2022,6/7/2022,AVM,1/7/2022,,AGERSA,1/7/2022,NA,VIVERO ILUSION,5/7/2022,6/7/2022,27,,001-0113019,036-0000130,-,,,UPS,206983982,-,Cargada en CP - [22-084-HPER // 4700002362 // MRKU3136592]
2022-2023,LIQUIPARCIAL,22-084-HPER,4700002430,RENE,LEGRO,SUSTRATOS ,SUSTRATO LEGRO LB 07PFINE,-,22HOR5876,24,BOLSAS,EUR,"13,356.00","14,691.60",30% AP,CFR,SEA,FCL/FCL,,ROTTERDAM,CALLAO,1,40HC,24,-,,,NA,DIRECTO,MAERSK,218073530,SUDU8827123,-,-,23/5/2022,21,MAEU218073530,MAERSK BRANI 220S,17/6/2022,24,SI,23/5/2022,IMUPESA,AVM,625,9/6/2022,16/6/2022,118-2022-10-217049-01-2-00,17/6/2022,19/6/2022,17/6/2022,,22/6/2022,28/6/2022,6/7/2022,AVM,1/7/2022,,AGERSA,1/7/2022,NA,VIVERO ILUSION,5/7/2022,6/7/2022,27,,001-0113020,036-0000131,-,,,UPS,206983982,-,Cargada en CP - [22-084-HPER // 4700002362 // SUDU8827123]
2022-2023,LIQUIPARCIAL,22-084-HPER,4700002430,RENE,LEGRO,SUSTRATOS ,SUSTRATO LEGRO LB 07PFINE,-,22HOR5876,24,BOLSAS,EUR,"13,356.00","14,691.60",30% AP,CFR,SEA,FCL/FCL,,ROTTERDAM,CALLAO,1,40HC,24,-,,,NA,DIRECTO,MAERSK,218073530,TCKU6738142,-,-,23/5/2022,21,MAEU218073530,MAERSK BRANI 220S,17/6/2022,24,SI,23/5/2022,IMUPESA,AVM,625,9/6/2022,16/6/2022,118-2022-10-217049-01-2-00,17/6/2022,19/6/2022,17/6/2022,,22/6/2022,28/6/2022,6/7/2022,AVM,1/7/2022,,RVC,1/7/2022,1/7/2022,VIVERO ILUSION,10/7/2022,11/7/2022,28,,001-0113021,036-0000153,-,,,UPS,206983982,-,Cargada en CP - [22-084-HPER // 4700002362 // TCKU6738142] 
2022-2023,LIQUIPARCIAL,22-084-HPER,4700002430,RENE,LEGRO,SUSTRATOS ,SUSTRATO LEGRO LB 07PFINE,-,22HOR5876,24,BOLSAS,EUR,"13,356.00","14,691.60",30% AP,CFR,SEA,FCL/FCL,,ROTTERDAM,CALLAO,1,40HC,24,-,,,NA,DIRECTO,MAERSK,218073530,MSKU1167575,-,-,23/5/2022,21,MAEU218073530,MAERSK BRANI 220S,17/6/2022,24,SI,23/5/2022,IMUPESA,AVM,625,9/6/2022,16/6/2022,118-2022-10-217049-01-2-00,17/6/2022,19/6/2022,17/6/2022,,22/6/2022,28/6/2022,6/7/2022,AVM,1/7/2022,,AGERSA,1/7/2022,NA,VIVERO ILUSION,5/7/2022,6/7/2022,27,,001-0113022,036-0000132,-,,,UPS,206983982,-,Cargada en CP - [22-084-HPER // 4700002362 // MSKU1167575]
2022-2023,LIQUIPARCIAL,22-085-HPER,4700002433,RENE,LEGRO,SUSTRATOS ,SUSTRATO LEGRO LB 07PFINE,-,22HOR5877,24,BOLSAS,EUR,"13,356.00","14,691.60",30% AP,CFR,SEA,FCL/FCL,,ROTTERDAM,CALLAO,1,40HC,24,-,,,NA,DIRECTO,MAERSK,218073702,SUDU5782278,-,-,23/5/2022,21,MAEU218073702,MAERSK BRANI 220S,17/6/2022,24,SI,1/6/2022,IMUPESA,AVM,626,9/6/2022,16/6/2022,118-2022-10-217134-01-1-00,17/6/2022,19/6/2022,17/6/2022,,22/6/2022,28/6/2022,6/7/2022,AVM,1/7/2022,,RVC,1/7/2022,1/7/2022,VIVERO ILUSION,1/7/2022,2/7/2022,26,,001-0113024,036-0000151,-,,,UPS,206983982,-,Cargada en CP - [22-085-HPER // 4700002362 // SUDU5782278]
2022-2023,LIQUIPARCIAL,22-085-HPER,4700002433,RENE,LEGRO,SUSTRATOS ,SUSTRATO LEGRO LB 07PFINE,-,22HOR5877,24,BOLSAS,EUR,"13,356.00","14,691.60",30% AP,CFR,SEA,FCL/FCL,,ROTTERDAM,CALLAO,1,40HC,24,-,,,NA,DIRECTO,MAERSK,218073702,MRKU3939212,-,-,23/5/2022,21,MAEU218073702,MAERSK BRANI 220S,17/6/2022,24,SI,1/6/2022,IMUPESA,AVM,626,9/6/2022,16/6/2022,118-2022-10-217134-01-1-00,17/6/2022,19/6/2022,17/6/2022,,22/6/2022,28/6/2022,6/7/2022,AVM,1/7/2022,,RVC,1/7/2022,1/7/2022,VIVERO ILUSION,10/7/2022,11/7/2022,28,,001-0113025,036-0000154,-,,,UPS,206983982,-,Cargada en CP - [22-085-HPER // 4700002362 // MRKU3939212]
2022-2023,LIQUIPARCIAL,22-085-HPER,4700002433,RENE,LEGRO,SUSTRATOS ,SUSTRATO LEGRO LB 07PFINE,-,22HOR5877,24,BOLSAS,EUR,"13,356.00","14,691.60",30% AP,CFR,SEA,FCL/FCL,,ROTTERDAM,CALLAO,1,40HC,24,-,,,NA,DIRECTO,MAERSK,218073702,MSKU1179581,-,-,23/5/2022,21,MAEU218073702,MAERSK BRANI 220S,17/6/2022,24,SI,1/6/2022,IMUPESA,AVM,626,9/6/2022,16/6/2022,118-2022-10-217134-01-1-00,17/6/2022,19/6/2022,17/6/2022,,22/6/2022,28/6/2022,6/7/2022,AVM,1/7/2022,,RVC,1/7/2022,1/7/2022,VIVERO ILUSION,10/7/2022,11/7/2022,28,,001-0113023,036-0000155,-,,,UPS,206983982,-,Cargada en CP - [22-085-HPER // 4700002362 // MSKU1179581] 
2022-2023,LIQUIPARCIAL,22-086-HPER,4700002434,RENE,LEGRO,SUSTRATOS ,SUSTRATO LEGRO LB 07PFINE,-,22HOR5879,24,BOLSAS,EUR,"13,356.00","14,691.60",30% AP,CFR,SEA,FCL/FCL,,ROTTERDAM,CALLAO,1,40HC,24,-,,,NA,DIRECTO,MAERSK,1KT536047,FCIU9077662,-,-,30/5/2022,22,MAEU1KT536047,MAERSK BATAM 221S,24/6/2022,25,SI,1/6/2022,IMUPESA,AVM,629,14/6/2022,20/6/2022, 118-2022-10-222881-01-4-00,25/6/2022,26/6/2022,24/6/2022,,28/6/2022,4/7/2022,13/7/2022,AVM,7/7/2022,,TRANSPESA,7/7/2022,7/7/2022,VIVERO ILUSION,11/7/2022,12/7/2022,28,,001-0113078,036-0000018,-,,,UPS,206983980,-,Cargada en CP -  [22-086-HPER // 4700002362 // FCIU9077662] 
2022-2023,LIQUIPARCIAL,22-086-HPER,4700002434,RENE,LEGRO,SUSTRATOS ,SUSTRATO LEGRO LB 07PFINE,-,22HOR5879,24,BOLSAS,EUR,"13,356.00","14,691.60",30% AP,CFR,SEA,FCL/FCL,,ROTTERDAM,CALLAO,1,40HC,24,-,,,NA,DIRECTO,MAERSK,1KT536047,TEMU8348554,-,-,30/5/2022,22,MAEU1KT536047,MAERSK BATAM 221S,24/6/2022,25,SI,1/6/2022,IMUPESA,AVM,629,14/6/2022,20/6/2022, 118-2022-10-222881-01-4-00,25/6/2022,26/6/2022,24/6/2022,,28/6/2022,4/7/2022,13/7/2022,AVM,7/7/2022,,TRANSPESA,7/7/2022,7/7/2022,VIVERO ILUSION,11/7/2022,12/7/2022,28,,001-0113080,036-0000016,-,,,UPS,206983980,-,Cargada en CP -  [22-086-HPER // 4700002362 // TEMU8348554] 
2022-2023,LIQUIPARCIAL,22-086-HPER,4700002434,RENE,LEGRO,SUSTRATOS ,SUSTRATO LEGRO LB 07PFINE,-,22HOR5879,24,BOLSAS,EUR,"13,356.00","14,691.60",30% AP,CFR,SEA,FCL/FCL,,ROTTERDAM,CALLAO,1,40HC,24,-,,,NA,DIRECTO,MAERSK,1KT536047,TCKU6403642,-,-,30/5/2022,22,MAEU1KT536047,MAERSK BATAM 221S,24/6/2022,25,SI,1/6/2022,IMUPESA,AVM,629,14/6/2022,20/6/2022, 118-2022-10-222881-01-4-00,25/6/2022,26/6/2022,24/6/2022,,28/6/2022,4/7/2022,13/7/2022,AVM,7/7/2022,,TRANSPESA,7/7/2022,7/7/2022,VIVERO ILUSION,11/7/2022,12/7/2022,28,,001-0113079,036-0000017,-,,,UPS,206983980,-,Cargada en CP - [22-086-HPER // 4700002362 // TCKU6403642]
2022-2023,LIQUIPARCIAL,22-087-HPER,4700002435,RENE,LEGRO,SUSTRATOS ,SUSTRATO LEGRO LB 07PFINE,-,22HOR5880,24,BOLSAS,EUR,"13,356.00","14,691.60",30% AP,CFR,SEA,FCL/FCL,,ROTTERDAM,CALLAO,1,40HC,24,-,,,NA,DIRECTO,MAERSK,1KT536050,MRKU5893954,-,-,30/5/2022,22,MAEU1KT536050,MAERSK BATAM 221S,24/6/2022,25,SI,1/6/2022,IMUPESA,AVM,630,14/6/2022,20/6/2022, 118-2022-10-222933-01-4-00,25/6/2022,26/6/2022,24/6/2022,,28/6/2022,4/7/2022,13/7/2022,AVM,11/7/2022,,RVC,11/7/2022,11/7/2022,VIVERO ILUSION,18/7/2022,19/7/2022,29,,001-0113081,036-0000166,-,,,UPS,206983980,-,Cargada en CP -  [22-087-HPER // 4700002362 // MRKU5893954] 
2022-2023,LIQUIPARCIAL,22-087-HPER,4700002435,RENE,LEGRO,SUSTRATOS ,SUSTRATO LEGRO LB 07PFINE,-,22HOR5880,24,BOLSAS,EUR,"13,356.00","14,691.60",30% AP,CFR,SEA,FCL/FCL,,ROTTERDAM,CALLAO,1,40HC,24,-,,,NA,DIRECTO,MAERSK,1KT536050,TCLU5069369,-,-,30/5/2022,22,MAEU1KT536050,MAERSK BATAM 221S,24/6/2022,25,SI,1/6/2022,IMUPESA,AVM,630,14/6/2022,20/6/2022, 118-2022-10-222933-01-4-00,25/6/2022,26/6/2022,24/6/2022,,28/6/2022,4/7/2022,13/7/2022,AVM,11/7/2022,,RVC,11/7/2022,11/7/2022,VIVERO ILUSION,19/7/2022,20/7/2022,29,,001-0113083,036-0000165,-,,,UPS,206983980,-,Cargada en CP -  [22-087-HPER // 4700002362 // TCLU5069369]
2022-2023,LIQUIPARCIAL,22-087-HPER,4700002435,RENE,LEGRO,SUSTRATOS ,SUSTRATO LEGRO LB 07PFINE,-,22HOR5880,24,BOLSAS,EUR,"13,356.00","14,691.60",30% AP,CFR,SEA,FCL/FCL,,ROTTERDAM,CALLAO,1,40HC,24,-,,,NA,DIRECTO,MAERSK,1KT536050,HASU4458620,-,-,30/5/2022,22,MAEU1KT536050,MAERSK BATAM 221S,24/6/2022,25,SI,1/6/2022,IMUPESA,AVM,630,14/6/2022,20/6/2022, 118-2022-10-222933-01-4-00,25/6/2022,26/6/2022,24/6/2022,,28/6/2022,4/7/2022,13/7/2022,AVM,11/7/2022,,RVC,11/7/2022,11/7/2022,VIVERO ILUSION,11/7/2022,12/7/2022,28,,001-0113082,036-0000156,-,,,UPS,206983980,-,Cargada en CP -  [22-087-HPER // 4700002362 // HASU4458620]
2022-2023,LIQUIPARCIAL,22-088-HPER,4700002377,JOSE,BBC,SPAREPARTS,RPTOS VARIOS PARA MAQUINA LLENADORA Y PESADORA DE ARANDANOS MARCA CURO,-,AD-1322000035,55,UN,USD,"3,110.00","3,110.00",0,DAP,AIR,AIR,,AUCKLAND,LIMA,-,-,1,-,,,NA,DIRECTO,DHL,5742866636,-,10/6/2022,10/6/2022,10/6/2022,23,5742866636,-,16/6/2022,24,NO,NA,DHL,DHL,NA,NA,6/7/2022,235-10-2022-111966,16/6/2022,16/6/2022,7/7/2022,,NA,NA,NA,DHL,8/7/2022,NA,DHL,NA,NA,PACKING SALAVERRY,10/7/2022,11/7/2022,28,,NA,NA,-,,,NA,NA,-,No cargada por medio de transporte AIRE [22-088-HPER // 4700002377]
2022-2023,LIQUIDADO,22-089-HPER,PEA23U0101,RENE,INSEASON,EQP & INST,MUESTRAS,-,1,3,UN,USD,15.00,15.00,0,DAP,AIR,AIR,,SANTIAGO,LIMA,-,-,1,-,,,NA,DIRECTO,DHL,3865430741,-,17/5/2022,17/5/2022,18/5/2022,20,3865430741,-,21/5/2022,20,NO,NA,DHL,DHL,NA,NA,20/5/2022,235-2022-28-00437730-01-7-00,21/5/2022,21/5/2022,21/5/2022,,NA,NA,NA,DHL,23/5/2022,NA,DHL,23/5/2022,NA,PACKING SALAVERRY,23/5/2022,24/5/2022,21,,NA,NA,-,,,NA,NA,-,No cargada por medio de transporte AIRE [22-089-HPER // 4700002377]
2022-2023,LIQUIDADO,22-090-HPER,4700002420,GONZALO,SMARTPACK,SPAREPARTS,RPTOS VARIOS PARA MAQUINA HEAT SEALER,-,106,4,UN,USD,"2,620.00","2,620.00",0,EXW,AIR,AIR,,SANTIAGO,LIMA,-,-,1,30/6/2022,,,5/7/2022,DIRECTO,DHL,8308134656,-,6/7/2022,6/7/2022,6/7/2022,27,8308134656,-,8/7/2022,27,NO,NA,DHL,DHL,NA,NA,8/7/2022,235-2022-10-100904-01-1-00,8/7/2022,8/7/2022,8/7/2022,,NA,NA,NA,DHL,13/7/2022,NA,DHL,NA,NA,PACKING SALAVERRY,13/7/2022,14/7/2022,28,,NA,NA,-,,,NA,NA,-,No cargada por medio de transporte AIRE [4700002420 // 22-090-HPER]
2022-2023,LIQUIDADO,22-091-HPER,4700002414,RENE,SJP,E & E,BOLSA DE POLIETILENO PARA ENVASAR ARANDANO,-,56,42000,UN,USD,"77,101.50","77,101.50",60,CIF,SEA,FCL/FCL,,SAN ANTONIO,CALLAO,0.5,20ST,5,-,,,NA,DIRECTO,MAERSK,218667919,MRKU7909704,-,-,29/5/2022,21,PE22050019444,ROBIN 4 219-W,2/6/2022,22,NO,NA,IMUPESA,AVM,601,3/6/2022,7/6/2022,118-2022-10-205548-01-9-00,2/6/2022,4/6/2022,7/6/2022,,NA,NA,,AVM,8/6/2022,,AGERSA,9/6/2022,NA,PACKING CHAO,12/6/2022,13/6/2022,24,,001-0112741,NA,-,,,NA,NA,-,Cargada en CP - [22-091-HPER // 4700002414 // MRKU7909704] (30/05)
2022-2023,LIQUIDADO,22-091-HPER,4700002414,RENE,SJP,E & E,BOLSA DE POLIETILENO PARA ENVASAR ARANDANO,-,56,42000,UN,USD,"77,101.50","77,101.50",60,CIF,SEA,FCL/FCL,,SAN ANTONIO,CALLAO,0.5,20ST,5,-,,,NA,DIRECTO,MAERSK,218667919,MRKU7909704,-,-,29/5/2022,21,PE22050019444,ROBIN 4 219-W,2/6/2022,22,NO,NA,IMUPESA,AVM,601,3/6/2022,7/6/2022,118-2022-10-205548-01-9-00,2/6/2022,4/6/2022,7/6/2022,,NA,NA,,AVM,8/6/2022,,AGERSA,9/6/2022,NA,PACKING SALAVERRY,12/6/2022,13/6/2022,24,,001-0112741,,-,,,NA,NA,-,Cargada en CP - [22-091-HPER // 4700002414 // MRKU7909704] (30/05)
2022-2023,LIQUIDADO,22-092-HPER,PEA2710101,CORPORATIVO,HFMX,MAQUINARIAS ,LINEA COSECHA DIRECTA - SALAVERRY,-,2022-0014,1,UN,USD,"37,350.00","37,350.00",90,CIF,SEA,FCL/FCL,,MANZANILLO,CALLAO,1,40HC,4,-,,,NA,EMO,ONE,GDLC01425400,TRHU4174150,-,-,2/7/2022,26,ES202206-8284,ANTOFAGASTA EXPRESS 224W,9/6/2022,23,SI,4/7/2022,IMUPESA,LIP,9158,15/6/2022,20/6/2022,118-2022-30-000076-01-8-00,9/6/2022,10/6/2022,1/7/2022,,NA,NA,,NA,5/7/2022,NA,LIP,NA,7/7/2022,PACKING CHAO,5/7/2022,6/7/2022,27,,NA,,-,,,NA,NA,-,Cargada en CP - [22-092-HPER // TRHU4174150]
2022-2023,LIQUIDADO,22-093-HPER,4700002388,RENE,INFIA ,E & E,"PUNNET CESTA PET UK 300G K62
H40-INFIA",-,82220740,"427,700",UN,EUR,"34,216.00","37,637.60",90,CIF,SEA,FCL/FCL,,GENOVA,CALLAO,1,40HC,611,-,,,NA,DIRECTO,CMA CGM,GEN1432045,CMAU5782191,-,-,20/6/2022,25,GEN1432045,CMA CGM ARKANSAS 0WCCFS1MA,22/7/2022,29,NO,NA,IMUPESA,AVM,736,15/7/2022,19/7/2022,118-2022-10-270788-01-0-00,23/7/2022,23/7/2022,22/7/2022,,NA,NA,31/7/2022,AVM,27/7/2022,,AGERSA,27/7/2022,27/7/2022,PACKING CHAO,14/8/2022,15/8/2022,33,,,036-0000235,-,,,NA,NA,-,"Cargada en CP - Falta ag. carga, depósito y aduana  [22-093-HPER // CMAU5782191]"
2022-2023,LIQUIPARCIAL,22-094-HPER,4700002423,RENE,HFCH,PLANTAS,ROCIO,-,12864,"156,000",UN,USD,"405,930.00","405,930.00",90,CFR,AIR,AIR,,SANTIAGO,LIMA,-,-,5,-,,,NA,DIRECTO,KOREAN,-,-,-,-,30/5/2022,22,180-48518024,-,30/5/2022,22,SI,4/7/2022,SAASA,AVM,704,30/5/2022,31/5/2022,235-2022-10-079794-01-3-00,30/5/2022,30/5/2022,31/5/2022,,NA,NA,NA,NA,2/6/2022,001-0112418,RVC,NA,NA,VIVERO ILUSION,2/6/2022,3/6/2022,22,,020-000821,NA,-,24/5/2022,2022-1,NA,NA,-,No cargada por medio de transporte AIRE [22-094-HPER-1]
2022-2023,LIQUIPARCIAL,22-095-HPER,4700002422,OMAR,PROMISOL ,AGQ,MUCIGEL,-,F-22290,"18,000",LT,EUR,"160,200.00","176,220.00",90,EXW,SEA,FCL/FCL,,BARCELONA,CALLAO,1,20ST,18,28/5/2022,,,8/6/2022,NOATUM,CMA CGM,IBC0942416,TRHU1778984,-,-,10/7/2022,27,543884,CMA CGM CARL ANTOINE 0WCCNS1MA,19/8/2022,33,SI,27/7/2022,IMUPESA,PASOC,51190,8/8/2022,18/8/2022, 118-2022-10-314937-01-2-00,20/8/2022,21/8/2022,19/8/2022,,NA,NA,,PASOC,26/8/2022,,AGERSA,26/8/2022,26/8/2022,FUNDO ARMONIA,27/9/2022,28/9/2022,39,,001-0380403,036-0000364,-,,,DHL,9497536473,-,Cargada en CP - [22-095-HPER // 4700002422 // TRHU1778984]
2022-2023,LIQUIPARCIAL,22-096-HPER,4700002432,RENE,HFCH,PLANTAS,ROCIO,-,12865,"228,480",UN,USD,"594,304.40","594,304.40",90,CFR,AIR,AIR,,SANTIAGO,LIMA,-,-,7,-,,,NA,DIRECTO,KOREAN,-,-,-,-,6/6/2022,23,180-48464721,KE0274/28,6/6/2022,23,SI,6/6/2022,SAASA,AVM,702,6/6/2022,9/6/2022,235-2022-10-084752-01-3-00,6/6/2022,6/6/2022,9/6/2022,,10/6/2022,10/6/2022,NA,NA,12/6/2022,NA,RVC,NA,NA,VIVERO ILUSION,12/6/2022,13/6/2022,24,,0008-001913,NA,-,,2022-1,NA,NA,-,No cargada por medio de transporte AIRE [22-096-HPER-2]
2022-2023,LIQUIDADO,22-097-HPER,4700002410-1,RENE,JCK,E & E,PUNNET PET 11OZ 5X7,-,704,"498,240",UN,USD,"40,706.21","40,706.21",90,FOB,SEA,FCL/FCL,,SAN ANTONIO,CALLAO,1,40HC,692,15/6/2022,,,16/6/2022,ULOG,HSUD,2SCL010884,HASU4263275,-,-,26/6/2022,25,ES202206-8199,NORTHERN PRIORITY 223W,30/6/2022,26,SI,28/6/2022,IMUPESA,AVM,674,28/6/2022,29/6/2022,118-2022-10-236361-01-8-00,1/7/2022,1/7/2022,30/6/2022,,NA,NA,9/7/2022,AVM,7/7/2022,,RVC,7/7/2022,7/7/2022,PACKING CHAO,14/7/2022,15/7/2022,28,,001-0113813,036-0000158,-,,,NA,NA,-,Cargada en CP - [22-097-HPER // 4700002410-1 // HASU4263275]
2022-2023,LIQUIDADO,22-097-HPER,4700002410-1,RENE,JCK,E & E,PUNNET PET 11OZ 5X7,-,704,"498,240",UN,USD,"40,706.21","40,706.21",90,FOB,SEA,FCL/FCL,,SAN ANTONIO,CALLAO,1,40HC,692,15/6/2022,,,16/6/2022,ULOG,HSUD,2SCL010884,MRSU6142740,-,-,26/6/2022,25,ES202206-8199,NORTHERN PRIORITY 223W,30/6/2022,26,SI,28/6/2022,IMUPESA,AVM,674,28/6/2022,29/6/2022,118-2022-10-236361-01-8-00,1/7/2022,1/7/2022,30/6/2022,,NA,NA,9/7/2022,AVM,7/7/2022,,RVC,7/7/2022,7/7/2022,PACKING CHAO,14/7/2022,15/7/2022,28,,001-0113815,036-0000160,-,,,NA,NA,-,Cargada en CP - [22-097-HPER // 4700002410-1 // MRSU6142740]
2022-2023,LIQUIDADO,22-097-HPER,4700002410-1,RENE,JCK,E & E,PUNNET PET 11OZ 5X7,-,704,"498,240",UN,USD,"40,706.21","40,706.21",90,FOB,SEA,FCL/FCL,,SAN ANTONIO,CALLAO,1,40HC,692,15/6/2022,,,16/6/2022,ULOG,HSUD,2SCL010884,MRSU3365077,-,-,26/6/2022,25,ES202206-8199,NORTHERN PRIORITY 223W,30/6/2022,26,SI,28/6/2022,IMUPESA,AVM,674,28/6/2022,29/6/2022,118-2022-10-236361-01-8-00,1/7/2022,1/7/2022,30/6/2022,,NA,NA,9/7/2022,AVM,7/7/2022,,RVC,7/7/2022,7/7/2022,PACKING CHAO,12/7/2022,13/7/2022,28,,001-0113814,036-0000157,-,,,NA,NA,-,Cargada en CP - [22-097-HPER // 4700002410-1 // MRSU3365077]
2022-2023,LIQUIDADO,22-098-HPER,PEA2H10101,RENE,INFIA ,E & E,MUESTRAS,-,NA,1,UN,EUR,0.00,0.00,0,DAP,AIR,AIR,,LIVORNO,LIMA,-,-,1,-,,,NA,DIRECTO,UPS,-,-,27/6/2022,27/6/2022,28/6/2022,26,W89816SX3VW ,-,1/7/2022,26,NO,NA,UPS,UPS,NA,NA,1/7/2022,235-2022-28-00633448-10-1-00,2/7/2022,2/7/2022,1/7/2022,,NA,NA,NA,UPS,NA,NA,UPS,NA,NA,PACKING SALAVERRY,10/7/2022,11/7/2022,28,,NA,NA,-,,,NA,NA,-,No cargada por medio de transporte AIRE [22-098-HPER]
2022-2023,LIQUIPARCIAL,22-099-HPER,4700002443,RENE,HFCH,PLANTAS,ROCIO,-,12878,"76,800",UN,USD,"199,908.40","199,908.40",90,CFR,AIR,AIR,,SANTIAGO,LIMA,-,-,3,-,,,NA,DIRECTO,KOREAN,-,-,-,-,20/6/2022,25,180-48398184,KE0274,20/6/2022,25,SI,20/6/2022,SAASA,AVM,643,20/6/2022,20/6/2022,235-2022-10-090725-01-4-00,20/6/2022,20/6/2022,20/6/2022,,22/6/2022,22/6/2022,NA,NA,22/6/2022,NA,AVM,22/6/2022,NA,VIVERO ILUSION,22/6/2022,23/6/2022,25,,001-0113028,NA,-,,2022-1,NA,NA,-,No cargada por medio de transporte AIRE [22-099-HPER // 4700002443]
2022-2023,LIQUIDADO,22-100-HPER,4700002408-1,RENE,JCK,E & E,PUNNET PET 18OZ 7X7 CESTA,-,705,"244,776",UN,USD,"28,345.06","28,345.06",90,FOB,SEA,FCL/FCL,,SAN ANTONIO,CALLAO,1,40HC,658,15/6/2022,,,16/6/2022,JAS,HAPAG,63828374,FANU1258700,-,-,26/6/2022,25,SCL205739310,NORTHERN PRIORITY 223W,30/6/2022,26,SI,4/7/2022,IMUPESA,AVM,675,28/6/2022,29/6/2022,118-2022-10-236365-01-3-01,1/7/2022,1/7/2022,30/6/2022,,NA,NA,11/7/2022,AVM,7/7/2022,001-0113816,AGERSA,7/7/2022,7/7/2022,PACKING CHAO,7/7/2022,8/7/2022,27,,0042-002157,036-0000138,-,,,NA,NA,-,Cargada en CP - [4700002408-1 // 22-100-HPER // FANU1258700]
2022-2023,LIQUIDADO,22-100-HPER,4700002408-1,RENE,JCK,E & E,PUNNET PET 18OZ 7X7 CESTA,-,705,"244,776",UN,USD,"28,345.06","28,345.06",90,FOB,SEA,FCL/FCL,,SAN ANTONIO,CALLAO,1,40HC,658,15/6/2022,,,16/6/2022,JAS,HAPAG,63828374,HLBU1929915,-,-,26/6/2022,25,SCL205739310,NORTHERN PRIORITY 223W,30/6/2022,26,SI,4/7/2022,IMUPESA,AVM,675,28/6/2022,29/6/2022,118-2022-10-236365-01-3-01,1/7/2022,1/7/2022,30/6/2022,,NA,NA,11/7/2022,AVM,7/7/2022,001-0113817,AGERSA,7/7/2022,7/7/2022,PACKING CHAO,11/7/2022,12/7/2022,28,,0042-002162,036-0000146,-,,,NA,NA,-,Cargada en CP - [4700002408-1 // 22-100-HPER // HLBU1929915]
2022-2023,LIQUIDADO,22-100-HPER,4700002408-1,RENE,JCK,E & E,PUNNET PET 18OZ 7X7 CESTA,-,705,"244,776",UN,USD,"28,345.06","28,345.06",90,FOB,SEA,FCL/FCL,,SAN ANTONIO,CALLAO,1,40HC,658,15/6/2022,,,16/6/2022,JAS,HAPAG,63828374,HLBU2025532,-,-,26/6/2022,25,SCL205739310,NORTHERN PRIORITY 223W,30/6/2022,26,SI,4/7/2022,IMUPESA,AVM,675,28/6/2022,29/6/2022,118-2022-10-236365-01-3-01,1/7/2022,1/7/2022,30/6/2022,,NA,NA,11/7/2022,AVM,8/7/2022,001-0113818,AGERSA,8/7/2022,8/7/2022,PACKING CHAO,11/7/2022,12/7/2022,28,,0045-002356,036-0000144,-,,,NA,NA,-,Cargada en CP - [4700002408-1 // 22-100-HPER // HLBU2025532]
2022-2023,LIQUIDADO,22-100-HPER,4700002408-1,RENE,JCK,E & E,PUNNET PET 18OZ 7X7 CESTA,-,705,"244,776",UN,USD,"28,345.06","28,345.06",90,FOB,SEA,FCL/FCL,,SAN ANTONIO,CALLAO,1,40HC,658,15/6/2022,,,16/6/2022,JAS,HAPAG,63828374,TRHU4961793,-,-,26/6/2022,25,SCL205739310,NORTHERN PRIORITY 223W,30/6/2022,26,SI,4/7/2022,IMUPESA,AVM,675,28/6/2022,29/6/2022,118-2022-10-236365-01-3-01,1/7/2022,1/7/2022,30/6/2022,,NA,NA,11/7/2022,AVM,8/7/2022,001-0113819,AGERSA,8/7/2022,8/7/2022,PACKING CHAO,11/7/2022,12/7/2022,28,,0052-001963,036-0000145,-,,,NA,NA,-,Cargada en CP - [4700002408-1 // 22-100-HPER // TRHU4961793]
2022-2023,LIQUIDADO,22-101-HPER,4700002412,RENE,JCK,E & E,PUNNET 250G H40 JCK,-,706,"590,760",UN,USD,"22,921.49","22,921.49",90,FOB,SEA,FCL/FCL,,SAN ANTONIO,CALLAO,1,40HC,547,15/6/2022,,,16/6/2022,JAS,HAPAG,67495039,UASU1058120,-,-,26/6/2022,25,SCL205739334,NORTHERN PRIORITY 223W,30/6/2022,26,SI,28/6/2022,IMUPESA,AVM,676,28/6/2022,29/6/2022,118-2022-10-236367-01-6-00,1/7/2022,1/7/2022,30/6/2022,,NA,NA,11/7/2022,AVM,6/7/2022,001-0113320,RVC,6/7/2022,6/7/2022,PACKING CHAO,6/7/2022,7/7/2022,27,,0017-001130,,-,,,NA,NA,-,Cargada en CP - [4700002412 // 22-101-HPER // UASU1058120]
2022-2023,LIQUIDADO,22-102-HPER,4700002436,RENE,SONOCO,E & E,CLAM H232 2lb 7x7 PET -SONOCO,-,SH174237,"60,480",UN,USD,"12,661.49","12,661.49",0,EXW,SEA,FCL/LCL,,MIAMI,CALLAO,0.33,40HC,6,-,,,7/7/2022,FORBIS,SEABOARD,-,SMLU7907330,11/7/2022,11/7/2022,15/7/2022,28,HBOL0003874,HELLE RITSCHER 52,26/7/2022,30,SI,20/7/2022,IMUPESA,AVM,761,23/7/2022,25/7/2022,"	 118-2022-10-279105-01-3-00",27/7/2022,27/7/2022,26/7/2022,,NA,NA,,AVM,3/8/2022,001-0114731,JOSELITO,3/8/2022,3/8/2022,PACKING SALAVERRY,11/9/2022,12/9/2022,37,,0001-0021853,014-0001413,-,,,NA,NA,-,Cargada en CP - [22-102-HPER // 4700002390 // SMLU7907330]
2022-2023,LIQUIDADO,22-102-HPER,4700002436,RENE,SONOCO,E & E,CLAM H224-24oz 7x7 PET -Sonoco,-,SH174237,"32,400",UN,USD,"6,774.84","6,774.84",0,EXW,SEA,FCL/LCL,,MIAMI,CALLAO,0.67,40HC,12,-,,,7/7/2022,FORBIS,SEABOARD,-,SMLU7907330,11/7/2022,11/7/2022,15/7/2022,28,HBOL0003874,HELLE RITSCHER 52,26/7/2022,30,SI,20/7/2022,IMUPESA,AVM,761,23/7/2022,25/7/2022,"	 118-2022-10-279105-01-3-00",27/7/2022,27/7/2022,26/7/2022,,NA,NA,,AVM,3/8/2022,001-0114731,JOSELITO,3/8/2022,3/8/2022,PACKING SALAVERRY,11/9/2022,12/9/2022,37,,0001-0021853,014-0001413,-,,,NA,NA,-,Cargada en CP - [22-102-HPER // 4700002390 // SMLU7907330]
2022-2023,LIQUIDADO,22-103-HPER,4700002390,RENE,SONOCO,E & E,CLAM H232 2lb 7x7 PET -SONOCO,-,SH174236,"20,160",UN,USD,"4,220.50","4,220.50",30,EXW,SEA,LCL/LCL,,MIAMI,CALLAO,-,-,4,-,,,7/7/2022,FORBIS,SEABOARD,-,-,11/7/2022,11/7/2022,15/7/2022,28,FBMIA22072493-35,HELLE RITSCHER 52,26/7/2022,30,SI,19/7/2022,ALFOSAC,AVM,752,21/7/2022,22/7/2022,118-2022-10-276454-01-7-00,27/7/2022,27/7/2022,26/7/2022,,NA,NA,NA,AVM,3/8/2022,001-0114694,AGERSA,3/8/2022,NA,PACKING CHAO,11/8/2022,12/8/2022,32,,0053-001873,036-0000233,-,,,NA,NA,-,Cargada en CP - [22-103-HPER // 4700002436]
2022-2023,LIQUIDADO,22-103-HPER,4700002390,RENE,SONOCO,E & E,CLAM H224-24oz 7x7 PET -Sonoco,-,SH174236,"21,600",UN,USD,"4,516.56","4,516.56",30,EXW,SEA,LCL/LCL,,MIAMI,CALLAO,-,-,4,-,,,7/7/2022,FORBIS,SEABOARD,-,-,11/7/2022,11/7/2022,15/7/2022,28,FBMIA22072493-35,HELLE RITSCHER 52,26/7/2022,30,SI,19/7/2022,ALFOSAC,AVM,752,21/7/2022,22/7/2022,118-2022-10-276454-01-7-00,27/7/2022,27/7/2022,26/7/2022,,NA,NA,NA,AVM,3/8/2022,001-0114694,AGERSA,3/8/2022,NA,PACKING CHAO,11/8/2022,12/8/2022,32,,0053-001873,036-0000233,-,,,NA,NA,-,Cargada en CP - [22-103-HPER // 4700002390]
2022-2023,LIQUIPARCIAL,22-104-HPER,PEA2F20202,TATIANA,RITEC,EQP & INST,PRODUCTO EN GARANTIA,-,2022-1386,1,CAJA,USD,990.99,990.99,0,CPT,AIR,AIR,,ALICANTE,LIMA,-,-,1,-,,,NA,DIRECTO,AVIANCA,-,-,-,-,5/8/2022,31,729-46061621,2H8610,7/8/2022,31,SI,4/8/2022,TALMA,LIP,12044,4/8/2022,5/8/2022,235-2022-10-116209-01-4-01,7/8/2022,7/8/2022,9/8/2022,,NA,NA,NA,LIP,9/8/2022,0001-018824,AGERSA,10/8/2022,NA,FUNDO ARMONIA,11/8/2022,12/8/2022,32,,0053-001873,036-0000233,-,,,NA,NA,-,No cargada por medio de transporte AIRE - producto en garantía - [22-104-HPER]
2022-2023,LIQUIDADO,22-105-HPER,4700002408-2,RENE,JCK,E & E,PUNNET PET 18OZ 7X7 CESTA,-,711,"244,776",UN,USD,"28,345.06","28,345.06",90,FOB,SEA,FCL/FCL,,SAN ANTONIO,CALLAO,1,40HC,658,22/6/2022,,,23/6/2022,ULOG,HSUD,2SCL013940,MRKU6024770,-,-,2/7/2022,26,ES202206-8284,ANTOFAGASTA EXPRESS 224W,8/7/2022,27,SI,4/7/2022,IMUPESA,AVM,704,5/7/2022,7/7/2022,118-2022-10-247571-01-9-00,9/7/2022,9/7/2022,8/7/2022,,NA,NA,17/7/2022,AVM,14/7/2022,001-0113959,AGERSA,14/7/2022,14/7/2022,PACKING CHAO,14/7/2022,15/7/2022,28,,0052-001965,036-0000206,-,,,NA,NA,-,Cargada en CP - [4700002408-2 // 22-105-HPER // MRKU6024770]
2022-2023,LIQUIDADO,22-105-HPER,4700002408-2,RENE,JCK,E & E,PUNNET PET 18OZ 7X7 CESTA,-,711,"244,776",UN,USD,"28,345.06","28,345.06",90,FOB,SEA,FCL/FCL,,SAN ANTONIO,CALLAO,1,40HC,658,22/6/2022,,,23/6/2022,ULOG,HSUD,2SCL013940,SUDU6930955,-,-,2/7/2022,26,ES202206-8284,ANTOFAGASTA EXPRESS 224W,8/7/2022,27,SI,4/7/2022,IMUPESA,AVM,704,5/7/2022,7/7/2022,118-2022-10-247571-01-9-00,9/7/2022,9/7/2022,8/7/2022,,NA,NA,17/7/2022,AVM,14/7/2022,001-0113960,AGERSA,14/7/2022,14/7/2022,PACKING CHAO,14/7/2022,15/7/2022,28,,0051-002428,036-0000205,-,,,NA,NA,-,Cargada en CP - [4700002408-2 // 22-105-HPER // SUDU6930955]
2022-2023,LIQUIDADO,22-105-HPER,4700002408-2,RENE,JCK,E & E,PUNNET PET 18OZ 7X7 CESTA,-,711,"244,776",UN,USD,"28,345.06","28,345.06",90,FOB,SEA,FCL/FCL,,SAN ANTONIO,CALLAO,1,40HC,658,22/6/2022,,,23/6/2022,ULOG,HSUD,2SCL013940,MIEU0057144,-,-,2/7/2022,26,ES202206-8284,ANTOFAGASTA EXPRESS 224W,8/7/2022,27,SI,4/7/2022,IMUPESA,AVM,704,5/7/2022,7/7/2022,118-2022-10-247571-01-9-00,9/7/2022,9/7/2022,8/7/2022,,NA,NA,17/7/2022,AVM,14/7/2022,001-0113961,RVC,14/7/2022,14/7/2022,PACKING SALAVERRY,21/7/2022,22/7/2022,29,,0022-000992,036-0000168,-,,,NA,NA,-,Cargada en CP - [4700002408-2 // 22-105-HPER // MIEU0057144]
2022-2023,LIQUIDADO,22-105-HPER,4700002408-2,RENE,JCK,E & E,PUNNET PET 18OZ 7X7 CESTA,-,711,"244,776",UN,USD,"28,345.06","28,345.06",90,FOB,SEA,FCL/FCL,,SAN ANTONIO,CALLAO,1,40HC,658,22/6/2022,,,23/6/2022,ULOG,HSUD,2SCL013940,MRKU2637901,-,-,2/7/2022,26,ES202206-8284,ANTOFAGASTA EXPRESS 224W,8/7/2022,27,SI,4/7/2022,IMUPESA,AVM,704,5/7/2022,7/7/2022,118-2022-10-247571-01-9-00,9/7/2022,9/7/2022,8/7/2022,,NA,NA,17/7/2022,AVM,14/7/2022,001-0113962,RVC,14/7/2022,14/7/2022,PACKING SALAVERRY,22/7/2022,23/7/2022,29,,0021-000940,036-0000169,-,,,NA,NA,-,Cargada en CP - [4700002408-2 // 22-105-HPER // MRKU2637901]
2022-2023,LIQUIDADO,22-106-HPER,4700002410-2,RENE,JCK,E & E,PUNNET PET 11OZ 5X7,-,712,"498,240",UN,USD,"40,706.21","40,706.21",90,FOB,SEA,FCL/FCL,,SAN ANTONIO,CALLAO,1,40HC,692,22/6/2022,,,23/6/2022,ULOG,HSUD,2SCL013940,GESU5527935,-,-,2/7/2022,26,ES202206-8282,ANTOFAGASTA EXPRESS 224W,8/7/2022,27,SI,4/7/2022,IMUPESA,AVM,702,5/7/2022,6/7/2022,118-2022-10-247291-01-6-00,9/7/2022,9/7/2022,8/7/2022,,NA,NA,17/7/2022,AVM,15/7/2022,001-0113963,RVC,15/7/2022,15/7/2022,PACKING CHAO,17/7/2022,18/7/2022,29,,0030-000192,036-0000162,-,,,NA,NA,-,Cargada en CP - [4700002410-2 // 22-106-HPER // GESU5527935]
2022-2023,LIQUIDADO,22-107-HPER,4700002411-1,RENE,JCK,E & E,PUNNET PET 11OZ 5X7,-,713,"498,240",UN,USD,"40,706.21","40,706.21",90,FOB,SEA,FCL/FCL,,SAN ANTONIO,CALLAO,1,40HC,692,22/6/2022,,,20/6/2022,ULOG,HSUD,2SCL013940,MRSU3152343,-,-,2/7/2022,26,ES202206-8283,ANTOFAGASTA EXPRESS 224W,8/7/2022,27,SI,4/7/2022,IMUPESA,AVM,703,5/7/2022,6/7/2022,118-2022-10-247307-01-1-00,9/7/2022,9/7/2022,8/7/2022,,NA,NA,17/7/2022,AVM,13/7/2022,001-0113958,AGERSA,13/7/2022,13/7/2022,PACKING SALAVERRY,13/7/2022,14/7/2022,28,,0027-002900,036-0000147,-,,,NA,NA,-,Cargada en CP - [4700002411-1 // 22-107-HPER // MRKU4972961]
2022-2023,LIQUIDADO,22-107-HPER,4700002411-1,RENE,JCK,E & E,PUNNET PET 11OZ 5X7,-,713,"498,240",UN,USD,"40,706.21","40,706.21",90,FOB,SEA,FCL/FCL,,SAN ANTONIO,CALLAO,1,40HC,692,22/6/2022,,,20/6/2022,ULOG,HSUD,2SCL013940,MRKU4972961,-,-,2/7/2022,26,ES202206-8283,ANTOFAGASTA EXPRESS 224W,8/7/2022,27,SI,4/7/2022,IMUPESA,AVM,703,5/7/2022,6/7/2022,118-2022-10-247307-01-1-00,9/7/2022,9/7/2022,8/7/2022,,NA,NA,17/7/2022,AVM,13/7/2022,001-0113957,AGERSA,13/7/2022,13/7/2022,PACKING SALAVERRY,13/7/2022,14/7/2022,28,,0041-002277,036-0000204,-,,,NA,NA,-,Cargada en CP - [4700002411-1 // 22-107-HPER // MRSU3152343]
2022-2023,LIQUIDADO,22-108-HPER,4700002424,RENE,JCK,E & E,PUNNET CESTA PET UK 150g,-,715,"820,125",UN,USD,"25,833.94","25,833.94",90,FOB,SEA,FCL/FCL,,SAN ANTONIO,CALLAO,1,40HC,675,20/6/2022,,,20/6/2022,NOATUM,ONE,SCLC16768400,GAOU6561381,-,4/7/2022,15/7/2022,28,MIQSCL014697,MSC CAPELLA FA218A,26/7/2022,30,SI,14/7/2022,IMUPESA,AVM,744,19/7/2022,21/7/2022,118-2022-10-275001-01-9-00,26/7/2022,27/7/2022,26/7/2022,,NA,NA,,AVM,2/8/2022,001-0114439,AGERSA,3/8/2022,3/8/2022,PACKING CHAO,17/8/2022,18/8/2022,33,,0052-001986,036-0000243,-,,,NA,NA,-,Cargada en CP - [22-108-HPER // 4700002424 // GAOU6561381]
2022-2023,LIQUIDADO,22-108-HPER,4700002424,RENE,JCK,E & E,PUNNET CESTA PET UK 150g,-,715,"820,125",UN,USD,"25,833.94","25,833.94",90,FOB,SEA,FCL/FCL,,SAN ANTONIO,CALLAO,1,40HC,675,20/6/2022,,,20/6/2022,NOATUM,ONE,SCLC16768400,TEMU8284104,-,4/7/2022,15/7/2022,28,MIQSCL014697,MSC CAPELLA FA218A,26/7/2022,30,SI,14/7/2022,IMUPESA,AVM,744,19/7/2022,21/7/2022,118-2022-10-275001-01-9-00,26/7/2022,27/7/2022,26/7/2022,,NA,NA,,AVM,2/8/2022,001-0114438,RVC,2/8/2022,2/8/2022,PACKING CHAO,4/8/2022,5/8/2022,31,,0015-000980,036-0000170,-,,,NA,NA,-,Cargada en CP - [22-108-HPER // 4700002424 // TEMU8284104]
2022-2023,LIQUIDADO,22-109-HPER,4700002409-1,RENE,JCK,E & E,PUNNET PET 18OZ 7X7 CESTA,-,716,"252,672",UN,USD,"29,259.42","29,259.42",90,FOB,SEA,FCL/FCL,,SAN ANTONIO,CALLAO,1,40HC,658,-,,,16/6/2022,FORBIS,ONE,SCLC17094400,NYKU0764796,-,8/7/2022,17/7/2022,28,EM17001419,SEASPAN BEAUTY 2219E,24/7/2022,29,SI,18/7/2022,IMUPESA,AVM,743,19/7/2022,21/7/2022,118-2022-10-275568-01-9-00,24/7/2022,25/7/2022,24/7/2022,,NA,NA,31/7/2022,AVM,30/7/2022,001-0114432,TRANSPESA,30/7/2022,30/7/2022,PACKING SALAVERRY,19/9/2022,20/9/2022,38,, 0004-258805,036-0000179,-,,,NA,NA,-,Cargada en CP - [22-109-HPER // 4700002409-1]
2022-2023,LIQUIDADO,22-109-HPER,4700002409-1,RENE,JCK,E & E,PUNNET PET 18OZ 7X7 CESTA,-,716,"252,672",UN,USD,"29,259.42","29,259.42",90,FOB,SEA,FCL/FCL,,SAN ANTONIO,CALLAO,1,40HC,658,-,,,16/6/2022,FORBIS,ONE,SCLC17094400,ONEU0312345,-,8/7/2022,17/7/2022,28,EM17001419,SEASPAN BEAUTY 2219E,24/7/2022,29,SI,18/7/2022,IMUPESA,AVM,743,19/7/2022,21/7/2022,118-2022-10-275568-01-9-00,24/7/2022,25/7/2022,24/7/2022,,NA,NA,31/7/2022,AVM,30/7/2022,001-0114431,TRANSPESA,30/7/2022,30/7/2022,PACKING SALAVERRY,17/8/2022,18/8/2022,33,,016-003629,036-0000021,-,,,NA,NA,-,Cargada en CP - [22-109-HPER // 4700002409-1 // FFAU1848468]
2022-2023,LIQUIDADO,22-109-HPER,4700002409-1,RENE,JCK,E & E,PUNNET PET 18OZ 7X7 CESTA,-,716,"252,672",UN,USD,"29,259.42","29,259.42",90,FOB,SEA,FCL/FCL,,SAN ANTONIO,CALLAO,1,40HC,658,-,,,16/6/2022,FORBIS,ONE,SCLC17094400,SEGU4463471,-,8/7/2022,17/7/2022,28,EM17001419,SEASPAN BEAUTY 2219E,24/7/2022,29,SI,18/7/2022,IMUPESA,AVM,743,19/7/2022,21/7/2022,118-2022-10-275568-01-9-00,24/7/2022,25/7/2022,24/7/2022,,NA,NA,31/7/2022,AVM,30/7/2022,,TRANSPESA,30/7/2022,30/7/2022,PACKING SALAVERRY,11/11/2022,12/11/2022,45,,,,-,,,NA,NA,-,Cargada en CP - [22-109-HPER // 4700002409-1 // SEGU4463471]
2022-2023,LIQUIDADO,22-109-HPER,4700002409-1,RENE,JCK,E & E,PUNNET PET 18OZ 7X7 CESTA,-,716,"252,672",UN,USD,"29,259.42","29,259.42",90,FOB,SEA,FCL/FCL,,SAN ANTONIO,CALLAO,1,40HC,658,-,,,16/6/2022,FORBIS,ONE,SCLC17094400,FFAU1848468,-,8/7/2022,17/7/2022,28,EM17001419,SEASPAN BEAUTY 2219E,24/7/2022,29,SI,18/7/2022,IMUPESA,AVM,743,19/7/2022,21/7/2022,118-2022-10-275568-01-9-00,24/7/2022,25/7/2022,24/7/2022,,NA,NA,31/7/2022,AVM,30/7/2022,001-0114429,TRANSPESA,30/7/2022,30/7/2022,PACKING SALAVERRY,30/8/2022,31/8/2022,35,,016-003654,036-0000024,-,,,NA,NA,-,Cargada en CP - [22-109-HPER // 4700002409-1]
2022-2023,LIQUIDADO,22-110-HPER,4700002413,RENE,JCK,E & E,PUNNET 250G H40 JCK,-,720,"590,760",UN,USD,"22,921.49","22,921.49",90,FOB,SEA,FCL/FCL,,SAN ANTONIO,CALLAO,1,40HC,547,-,,,30/6/2022,ULOG,HSUD,2SCL013974,BSIU8061062,-,-,27/7/2022,30,ES202207-8483,SAN ANTONIO EXPRESS 227W,30/7/2022,30,SI,20/7/2022,IMUPESA,AVM,754,22/7/2022,27/7/2022, 118-2022-10-284622-01-2-00,31/7/2022,31/7/2022,30/7/2022,,NA,NA,8/8/2022,AVM,9/8/2022,001-0114743,AGERSA,9/8/2022,9/8/2022,PACKING SALAVERRY,12/8/2022,13/8/2022,32,,0052-001984,036-0000234,-,,,NA,NA,-,Cargada en CP - [22-110-HPER // 4700002413]
2022-2023,LIQUIDADO,22-111-HPER,4700002425,RENE,JCK,E & E,PUNNET CESTA PET UK 150g,-,719,"820,125",UN,USD,"25,833.94","25,833.94",90,FOB,SEA,FCL/FCL,,SAN ANTONIO,CALLAO,1,40HC,675,-,,,30/6/2022,ULOG,HSUD,2SCL013974,GCXU5745920,-,-,27/7/2022,30,ES202207-8482,SAN ANTONIO EXPRESS 227W,30/7/2022,30,SI,20/7/2022,IMUPESA,AVM,753,22/7/2022,27/7/2022,118-2022-10-284620-01-1-00,31/7/2022,31/7/2022,30/7/2022,,NA,NA,8/8/2022,AVM,9/8/2022,001-0114741,TRANSPESA,9/8/2022,9/8/2022,PACKING SALAVERRY,26/8/2022,27/8/2022,34,,0004-257940,036-0000023,-,,,NA,NA,-,Cargada en CP - [22-111-HPER // 4700002425]
2022-2023,LIQUIDADO,22-111-HPER,4700002425,RENE,JCK,E & E,PUNNET CESTA PET UK 150g,-,719,"820,125",UN,USD,"25,833.94","25,833.94",90,FOB,SEA,FCL/FCL,,SAN ANTONIO,CALLAO,1,40HC,675,-,,,30/6/2022,ULOG,HSUD,2SCL013974,GCXU5562235,-,-,27/7/2022,30,ES202207-8482,SAN ANTONIO EXPRESS 227W,30/7/2022,30,SI,20/7/2022,IMUPESA,AVM,753,22/7/2022,27/7/2022,118-2022-10-284620-01-1-00,31/7/2022,31/7/2022,30/7/2022,,NA,NA,8/8/2022,AVM,9/8/2022,001-0114742,TRANSPESA,9/8/2022,9/8/2022,PACKING CHAO,16/8/2022,17/8/2022,33,,001-0114741,036-0000020,-,,,NA,NA,-,Cargada en CP - [22-111-HPER // 4700002425]
2022-2023,LIQUIDADO,22-112-HPER,4700002411-2,RENE,JCK,E & E,PUNNET PET 11OZ 5X7,-,723,"498,240",UN,USD,"40,706.21","40,706.21",90,FOB,SEA,FCL/FCL,,SAN ANTONIO,CALLAO,1,40HC,692,-,,,30/6/2022,ULOG,HSUD,2SCL016695,TRHU4257613,-,-,31/7/2022,30,ES202207-8552,MARIANETTA 227W,4/8/2022,31,SI,1/8/2022,IMUPESA,AVM,802,4/8/2022,4/8/2022,118-2022-10-293568-01-7-00,5/8/2022,7/8/2022,4/8/2022,,NA,NA,,AVM,12/8/2022,001-0115084,RVC,12/8/2022,13/8/2022,PACKING SALAVERRY,21/8/2022,22/8/2022,34,,0004-002119,036-0000172,-,,,NA,NA,-,Cargada en CP - [22-112-HPER // 4700002411-2 // TRHU4257613]
2022-2023,LIQUIDADO,22-112-HPER,4700002411-2,RENE,JCK,E & E,PUNNET PET 11OZ 5X7,-,723,"498,240",UN,USD,"40,706.21","40,706.21",90,FOB,SEA,FCL/FCL,,SAN ANTONIO,CALLAO,1,40HC,692,-,,,30/6/2022,ULOG,HSUD,2SCL016695,MSKU9154189,-,-,31/7/2022,30,ES202207-8552,MARIANETTA 227W,4/8/2022,31,SI,1/8/2022,IMUPESA,AVM,802,4/8/2022,4/8/2022,118-2022-10-293568-01-7-00,5/8/2022,7/8/2022,4/8/2022,,NA,NA,,AVM,12/8/2022,001-0115085,RVC,12/8/2022,13/8/2022,PACKING SALAVERRY,14/8/2022,15/8/2022,33,,008-001938,036-0000171,-,,,NA,NA,-,Cargada en CP - [22-112-HPER // 4700002411-2 // MSKU9154189]
2022-2023,LIQUIDADO,22-113-HPER,4700002409-2,RENE,JCK,E & E,PUNNET PET 18OZ 7X7 CESTA,-,722,"244,776",UN,USD,"28,345.06","28,345.06",90,FOB,SEA,FCL/FCL,,SAN ANTONIO,CALLAO,1,40HC,658,-,,,30/6/2022,ULOG,HSUD,2SCL016695,MRKU5054153,-,-,31/7/2022,30,ES202207-8553,MARIANETTA 227W,4/8/2022,31,SI,1/8/2022,IMUPESA,AVM,803,4/8/2022,4/8/2022, 118-2022-10-293638-01-5-00,5/8/2022,7/8/2022,4/8/2022,,NA,NA,,AVM,12/8/2022,001-0115205,AGERSA,12/8/2022,12/8/2022,PACKING SALAVERRY,15/9/2022,16/9/2022,37,,0032-002414,036-0000278,-,,,NA,NA,-,Cargada en CP - [22-113-HPER // 4700002409-2 // MRKU5054153]
2022-2023,LIQUIDADO,22-113-HPER,4700002409-2,RENE,JCK,E & E,PUNNET PET 18OZ 7X7 CESTA,-,722,"244,776",UN,USD,"28,345.06","28,345.06",90,FOB,SEA,FCL/FCL,,SAN ANTONIO,CALLAO,1,40HC,658,-,,,30/6/2022,ULOG,HSUD,2SCL016695,TCKU7451440,-,-,31/7/2022,30,ES202207-8553,MARIANETTA 227W,4/8/2022,31,SI,1/8/2022,IMUPESA,AVM,803,4/8/2022,4/8/2022, 118-2022-10-293638-01-5-00,5/8/2022,7/8/2022,4/8/2022,,NA,NA,,AVM,12/8/2022,001-0115202,RVC,12/8/2022,12/8/2022,PACKING SALAVERRY,13/11/2022,14/11/2022,46,,0032-000255,036-0000188 ,-,,,NA,NA,-,Cargada en CP - [22-113-HPER // 4700002409-2 // TCKU7451440]
2022-2023,LIQUIDADO,22-113-HPER,4700002409-2,RENE,JCK,E & E,PUNNET PET 18OZ 7X7 CESTA,-,722,"244,776",UN,USD,"28,345.06","28,345.06",90,FOB,SEA,FCL/FCL,,SAN ANTONIO,CALLAO,1,40HC,658,-,,,30/6/2022,ULOG,HSUD,2SCL016695,TCKU6421800,-,-,31/7/2022,30,ES202207-8553,MARIANETTA 227W,4/8/2022,31,SI,1/8/2022,IMUPESA,AVM,803,4/8/2022,4/8/2022, 118-2022-10-293638-01-5-00,5/8/2022,7/8/2022,4/8/2022,,NA,NA,,AVM,12/8/2022,001-0115203,RVC,12/8/2022,12/8/2022,PACKING SALAVERRY,4/11/2022,5/11/2022,44,,0021-001011, 036-0000186,-,,,NA,NA,-,Cargada en CP - [22-113-HPER // 4700002409-2 // TCKU6421800]
2022-2023,LIQUIDADO,22-113-HPER,4700002409-2,RENE,JCK,E & E,PUNNET PET 18OZ 7X7 CESTA,-,722,"244,776",UN,USD,"28,345.06","28,345.06",90,FOB,SEA,FCL/FCL,,SAN ANTONIO,CALLAO,1,40HC,658,-,,,30/6/2022,ULOG,HSUD,2SCL016695,MRKU2278524,-,-,31/7/2022,30,ES202207-8553,MARIANETTA 227W,4/8/2022,31,SI,1/8/2022,IMUPESA,AVM,803,4/8/2022,4/8/2022, 118-2022-10-293638-01-5-00,5/8/2022,7/8/2022,4/8/2022,,NA,NA,,AVM,12/8/2022,001-0115204,AGERSA,12/8/2022,12/8/2022,PACKING SALAVERRY,14/10/2022,15/10/2022,41,, 0030-003655,036-0000394,-,,,NA,NA,-,Cargada en CP - [22-113-HPER // 4700002409-2 // MRKU2278524]
2022-2023,LIQUIPARCIAL,22-114-HPER,4700002421,RENE,AGROGENIUS,EQP & INST,BAXLOS,-,INV-2022070101,30,UN,USD,"26,265.30","26,265.30",0,DDP,AIR,AIR,,MIAMI,LIMA,-,-,1,-,,,NA,DIRECTO,UPS,1ZW012W96702545507,-,-,-,22/7/2022,29,W012W93MKMH ,-,22/7/2022,29,NO,NA,AQP,UPS,NA,NA,20/7/2022,235-2022-10-107299-01-4-01,22/7/2022,22/7/2022,2/8/2022,,NA,NA,NA,UPS,3/8/2022,NA,UPS,NA,NA,PACKING SALAVERRY,7/8/2022,8/8/2022,32,,NA,NA,-,,,NA,NA,-,No cargada por medio de transporte AIRE [22-114-HPER // 4700002421]
2021-2022,LIQUIDADO,22-115-HPER,4700001929,RENE,OZ,PLANTAS,MAGICA,RV11,INV-OVAU-1505 / INV-OVAU-1606 / INV-OVAU-1607,"62,400",UN,USD,"162,240.00","162,240.00",0,CFR,AIR,AIR,,SANTIAGO,LIMA,-,-,1,-,,,NA,DIRECTO,KOREAN,-,-,-,-,22/11/2021,47,-,-,22/11/2021,47,NO,NA,SAASA,AVM,NA,NA,NA,NA,22/11/2021,22/11/2021,NA,,26/11/2021,26/11/2021,NA,NA,26/11/2021,NA,AVM,NA,NA,VIVERO ILUSION,26/11/2021,27/11/2021,47,,NA,NA,-,,,NA,NA,-,No cargada por medio de transporte AIRE - [22-115-HPER // 4700001929]
2022-2023,LIQUIPARCIAL,22-116-HPER,4700002462,RENE,HFCH,PLANTAS,ROCIO 325,-,12879,"19,485",UN,USD,"50,709.71","50,709.71",90,CFR,AIR,AIR,,SANTIAGO,LIMA,-,-,2,-,,,NA,DIRECTO,KOREAN,-,-,-,-,4/7/2022,27,180-48516090,-,4/7/2022,27,SI,4/7/2022,SAASA,AVM,699,4/7/2022,4/7/2022,235-2022-10-098309-01-1-00,4/7/2022,4/7/2022,4/7/2022,,5/7/2022,5/7/2022,NA,NA,6/7/2022,NA,AVM,NA,NA,VIVERO ILUSION,6/7/2022,7/7/2022,27,,001-0113318,NA,-,,,NA,NA,-,No cargada por medio de transporte AIRE [22-116-HPER]
2022-2023,LIQUIPARCIAL,22-116-HPER,4700002462,RENE,HFCH,PLANTAS,ROCIO 360,-,12879,"122,400",UN,USD,"318,625.39","318,625.39",90,CFR,AIR,AIR,,SANTIAGO,LIMA,-,-,3,-,,,NA,DIRECTO,KOREAN,-,-,-,-,4/7/2022,27,180-48516090,-,4/7/2022,27,SI,4/7/2022,SAASA,AVM,699,4/7/2022,4/7/2022,235-2022-10-098309-01-1-00,4/7/2022,4/7/2022,4/7/2022,,5/7/2022,5/7/2022,NA,NA,6/7/2022,NA,AVM,NA,NA,VIVERO ILUSION,6/7/2022,7/7/2022,27,,001-0113318,NA,-,,,NA,NA,-,No cargada por medio de transporte AIRE [22-116-HPER]
2022-2023,LIQUIPARCIAL,22-117-HPER,4700002442,OMAR,PROINECO,AGQ,PROIN ORGANIC,-,1-220043,"18,000",LT,EUR,"14,400.00","15,840.00",60,EXW,SEA,FCL/FCL,,ALGECIRAS,CALLAO,1,20ST,18,4/7/2022,,,7/7/2022,NOATUM,CMA CGM,ALG016567,SGRU2129708,12/7/2022,12/7/2022,19/7/2022,29,547740,CALLAO EXPRESS 0WCCPS1MA,29/8/2022,35,SI,14/7/2022,IMUPESA,PASOC,52511,24/8/2022,26/8/2022,118-2022-10-330653-01-5-00,29/8/2022,30/8/2022,29/8/2022,,NA,NA,4/9/2022,PASOC,6/9/2022,001-0381979,AGERSA,6/9/2022,6/9/2022,FUNDO ARMONIA,22/9/2022,23/9/2022,38,,040-002414,036-0000357,-,,,NA,NA,-,Cargada en CP - [22-117-HPER // 4700002442]
2022-2023,LIQUIPARCIAL,22-117-HPER,4700002442,OMAR,PROINECO,AGQ,PROIN ORGANIC,-,1-220043,"18,000",LT,EUR,"14,400.00","15,840.00",60,EXW,SEA,FCL/FCL,,ALGECIRAS,CALLAO,1,20ST,18,4/7/2022,,,7/7/2022,NOATUM,CMA CGM,ALG016567,TEMU4252109,12/7/2022,12/7/2022,19/7/2022,29,547740,CALLAO EXPRESS 0WCCPS1MA,29/8/2022,35,SI,14/7/2022,IMUPESA,PASOC,52511,24/8/2022,26/8/2022,118-2022-10-330653-01-5-00,29/8/2022,30/8/2022,29/8/2022,,NA,NA,4/9/2022,PASOC,6/9/2022,001-0381978,AGERSA,6/9/2022,6/9/2022,FUNDO ARMONIA,21/9/2022,22/9/2022,38,,0039-002445,036-0000351,-,,,NA,NA,-,Cargada en CP - [22-117-HPER // 4700002442]
2022-2023,LIQUIPARCIAL,22-117-HPER,4700002442,OMAR,PROINECO,AGQ,PROIN ORGANIC,-,1-220043,"18,000",LT,EUR,"14,400.00","15,840.00",60,EXW,SEA,FCL/FCL,,ALGECIRAS,CALLAO,1,20ST,18,4/7/2022,,,7/7/2022,NOATUM,CMA CGM,ALG016567,TCLU7437120,12/7/2022,12/7/2022,19/7/2022,29,547740,CALLAO EXPRESS 0WCCPS1MA,29/8/2022,35,SI,14/7/2022,IMUPESA,PASOC,52511,24/8/2022,26/8/2022,118-2022-10-330653-01-5-00,29/8/2022,30/8/2022,29/8/2022,,NA,NA,4/9/2022,PASOC,6/9/2022,001-0381977,AGERSA,7/9/2022,7/9/2022,FUNDO ARMONIA,22/9/2022,23/9/2022,38,,0052-002011,036-0000356,-,,,NA,NA,-,Cargada en CP - [22-117-HPER // 4700002442]
2022-2023,LIQUIPARCIAL,22-118-HPER,4700002439,OMAR,PROMISOL ,AGQ,PROMI CALFOR,-,F-22321,"24,000",KG,EUR,"100,800.00","110,880.00",90,EXW,SEA,FCL/FCL,,BARCELONA,CALLAO,1,20ST,20,4/7/2022,,,7/7/2022,NOATUM,CMA CGM,IBC0952854,DFSU2844621,26/7/2022,12/7/2022,30/7/2022,30,547712,CALLAO EXPRESS 0WCCPS1MA,29/8/2022,35,SI,25/7/2022,IMUPESA,PASOC,52513,24/8/2022,26/8/2022,118-2022-10-330372-01-6-00,29/8/2022,30/8/2022,29/8/2022,,NA,NA,4/9/2022,PASOC,6/9/2022,001-0381980,JOSELITO,6/9/2022,6/9/2022,FUNDO ARMONIA,15/11/2022,16/11/2022,46,,0001-0210184,014-0001416,-,,,NA,NA,-,Cargada en CP - [22-118-HPER // 4700002439 // DFSU2844621]
2022-2023,LIQUIPARCIAL,22-119-HPER,4700002440,OMAR,CODIAGRO,AGQ,FITOKONTROL,-,462,"17,000",LT,EUR,"39,493.40","43,442.74",0,FOB,SEA,FCL/FCL,,VALENCIA,CALLAO,1,20ST,17,15/7/2022,,,7/7/2022,NOATUM,CMA CGM,IBC0955568,CMAU0624887,26/7/2022,12/7/2022,9/8/2022,32,547737,"	CMA CGM OHIO",16/9/2022,37,SI,27/7/2022,IMUPESA,PASOC,53854,4/9/2022,14/9/2022, 118-2022-10-355995-01-7-00,17/9/2022,17/9/2022,16/9/2022,,NA,NA,22/9/2022,PASOC,21/9/2022, 001-0382219,AGERSA,21/9/2022,21/9/2022,FUNDO ARMONIA,11/10/2022,12/10/2022,41,,0051-002477,036-0000391,-,,,NA,NA,-,Cargada en CP -  [22-119-HPER // 4700002440 // CMAU0624887]
2022-2023,LIQUIPARCIAL,22-120-HPER,4700002451,RENE,PROJAR,SUSTRATOS ,TURBA BLEND 1530F,RV12,FX22-00300,22,MB,EUR,"11,269.06","12,395.97",20% AP,CIF,SEA,FCL/FCL,,RIGA,CALLAO,1,40HC,22,-,,,NA,DIRECTO,MAERSK,218731989,MSKU8404792,-,-,16/6/2022,24,MAEU218731989,MAERSK BRANI 228S,12/8/2022,32,NO,NA,IMUPESA,AVM,787,3/8/2022,8/8/2022,118-2022-10-298851-01-9-00,12/8/2022,13/8/2022,12/8/2022,,1/9/2022,8/9/2022,,AVM,9/9/2022, 001-0115279,TRANSPESA,9/9/2022,9/9/2022,FUNDO ARMONIA,4/12/2022,5/12/2022,49,, 0001-0022885,036-0000560,42,,,UPS,1Z48V0570497490461,-,Cargada en CP - [22-120-HPER // 4700002407-1 // GCXU5591594] 
2022-2023,LIQUIPARCIAL,22-120-HPER,4700002451,RENE,PROJAR,SUSTRATOS ,TURBA BLEND 1530F,RV12,FX22-00300,22,MB,EUR,"11,269.06","12,395.97",20% AP,CIF,SEA,FCL/FCL,,RIGA,CALLAO,1,40HC,22,-,,,NA,DIRECTO,MAERSK,218731989,GCXU5591594,-,-,16/6/2022,24,MAEU218731989,MAERSK BRANI 228S,12/8/2022,32,NO,NA,IMUPESA,AVM,787,3/8/2022,8/8/2022,118-2022-10-298851-01-9-00,12/8/2022,13/8/2022,12/8/2022,,1/9/2022,8/9/2022,,AVM,9/9/2022, 001-0115277,TRANSPESA,9/9/2022,9/9/2022,FUNDO ARMONIA,28/11/2022,29/11/2022,48,,0001-00585, 036-0000556,42,,,UPS,1Z48V0570497490461,-,Cargada en CP - [22-120-HPER // 4700002407-1 // MRSU4156148] 
2022-2023,LIQUIPARCIAL,22-120-HPER,4700002451,RENE,PROJAR,SUSTRATOS ,TURBA BLEND 1530F,RV12,FX22-00300,22,MB,EUR,"11,269.06","12,395.97",20% AP,CIF,SEA,FCL/FCL,,RIGA,CALLAO,1,40HC,22,-,,,NA,DIRECTO,MAERSK,218731989,MRSU4156148,-,-,16/6/2022,24,MAEU218731989,MAERSK BRANI 228S,12/8/2022,32,NO,NA,IMUPESA,AVM,787,3/8/2022,8/8/2022,118-2022-10-298851-01-9-00,12/8/2022,13/8/2022,12/8/2022,,1/9/2022,8/9/2022,,AVM,9/9/2022,001-0115278,JOSELITO,9/9/2022,9/9/2022,FUNDO ARMONIA,4/12/2022,5/12/2022,49,, 0001-0210741 ,036-0000562,42,,,UPS,1Z48V0570497490461,-,Cargada en CP - [22-120-HPER // 4700002407-1 // MSKU8404792] 
2022-2023,LIQUIPARCIAL,22-120-HPER,4700002451,RENE,PROJAR,SUSTRATOS ,TURBA BLEND 1530F,RV12,FX22-00300,22,MB,EUR,"11,269.06","12,395.97",20% AP,CIF,SEA,FCL/FCL,,RIGA,CALLAO,1,40HC,22,-,,,NA,DIRECTO,MAERSK,218731989,TCNU7964766,-,-,16/6/2022,24,MAEU218731989,MAERSK BRANI 228S,12/8/2022,32,NO,NA,IMUPESA,AVM,787,3/8/2022,8/8/2022,118-2022-10-298851-01-9-00,12/8/2022,13/8/2022,12/8/2022,,1/9/2022,8/9/2022,,AVM,9/9/2022, 001-0115280,TRANSPESA,9/9/2022,9/9/2022,FUNDO ARMONIA,4/12/2022,5/12/2022,49,, 0102-001187, 036-0000561 ,42,,,UPS,1Z48V0570497490461,-,Cargada en CP - [22-120-HPER // 4700002407-1 // TCNU7964766] 
2022-2023,LIQUIPARCIAL,22-121-HPER,4700002452,RENE,PROJAR,SUSTRATOS ,TURBA BLEND 1530F,RV12,FX22-00301,22,MB,EUR,"11,269.06","12,395.97",20% AP,CIF,SEA,FCL/FCL,,RIGA,CALLAO,1,40HC,22,-,,,NA,DIRECTO,MAERSK,218731771,MSKU9142790,-,-,16/6/2022,24,MAEU218731771,MAERSK BRANI 228S,12/8/2022,32,NO,NA,IMUPESA,AVM,764,26/7/2022,8/8/2022,118-2022-10-298862-01-0-00,12/8/2022,13/8/2022,12/8/2022,,16/8/2022,30/8/2022,,AVM,24/8/2022,001-0115288,RVC,24/8/2022,24/8/2022,FUNDO ARMONIA,5/9/2022,6/9/2022,36,,029-000236,036-0000303,42,,,UPS,1Z48V0570497490461,-,Cargada en CP - [22-121-HPER // 4700002407-2 // SUDU8520728] 
2022-2023,LIQUIPARCIAL,22-121-HPER,4700002452,RENE,PROJAR,SUSTRATOS ,TURBA BLEND 1530F,RV12,FX22-00301,22,MB,EUR,"11,269.06","12,395.97",20% AP,CIF,SEA,FCL/FCL,,RIGA,CALLAO,1,40HC,22,-,,,NA,DIRECTO,MAERSK,218731771,MRKU3143436,-,-,16/6/2022,24,MAEU218731771,MAERSK BRANI 228S,12/8/2022,32,NO,NA,IMUPESA,AVM,764,26/7/2022,8/8/2022,118-2022-10-298862-01-0-00,12/8/2022,13/8/2022,12/8/2022,,16/8/2022,30/8/2022,,AVM,24/8/2022,001-0115285,RVC,24/8/2022,24/8/2022,FUNDO ARMONIA,19/9/2022,20/9/2022,38,,0029-000254,036-0000312,42,,,UPS,1Z48V0570497490461,-,Cargada en CP - [22-121-HPER // 4700002407-2 // MRKU3143436] 
2022-2023,LIQUIPARCIAL,22-121-HPER,4700002452,RENE,PROJAR,SUSTRATOS ,TURBA BLEND 1530F,RV12,FX22-00301,22,MB,EUR,"11,269.06","12,395.97",20% AP,CIF,SEA,FCL/FCL,,RIGA,CALLAO,1,40HC,22,-,,,NA,DIRECTO,MAERSK,218731771,SUDU8520728,-,-,16/6/2022,24,MAEU218731771,MAERSK BRANI 228S,12/8/2022,32,NO,NA,IMUPESA,AVM,764,26/7/2022,8/8/2022,118-2022-10-298862-01-0-00,12/8/2022,13/8/2022,12/8/2022,,16/8/2022,30/8/2022,,AVM,24/8/2022,001-0115286,RVC,24/8/2022,24/8/2022,FUNDO ARMONIA,19/9/2022,20/9/2022,38,,0008-001971,036-0000313,42,,,UPS,1Z48V0570497490461,-,Cargada en CP -  [22-121-HPER // 4700002407-2 // MSKU9142790] 
2022-2023,LIQUIPARCIAL,22-121-HPER,4700002452,RENE,PROJAR,SUSTRATOS ,TURBA BLEND 1530F,RV12,FX22-00301,22,MB,EUR,"11,269.06","12,395.97",20% AP,CIF,SEA,FCL/FCL,,RIGA,CALLAO,1,40HC,22,-,,,NA,DIRECTO,MAERSK,218731771,MSKU8421315,-,-,16/6/2022,24,MAEU218731771,MAERSK BRANI 228S,12/8/2022,32,NO,NA,IMUPESA,AVM,764,26/7/2022,8/8/2022,118-2022-10-298862-01-0-00,12/8/2022,13/8/2022,12/8/2022,,16/8/2022,30/8/2022,,AVM,24/8/2022,001-0115287,RVC,24/8/2022,24/8/2022,FUNDO ARMONIA,2/10/2022,3/10/2022,40,,0003-003815,036-0000319,42,,,UPS,1Z48V0570497490461,-,Cargada en CP - [22-121-HPER // 4700002407-2 // MSKU8421315] 
2022-2023,LIQUIPARCIAL,22-122-HPER,4700002453,RENE,PROJAR,SUSTRATOS ,TURBA BLEND 1530F,RV12,FX22-00302,22,MB,EUR,"11,269.06","12,395.97",20% AP,CIF,SEA,FCL/FCL,,RIGA,CALLAO,1,40HC,22,-,,,NA,DIRECTO,MAERSK,218731875,TCKU7087560,-,-,16/6/2022,24,MAEU218731875,MAERSK BRANI 228S,12/8/2022,32,NO,NA,IMUPESA,AVM,788,2/8/2022,8/8/2022,118-2022-10-298856-01-0-00,12/8/2022,13/8/2022,12/8/2022,,1/9/2022,8/9/2022,,AVM,9/9/2022,001-0115281,RVC,9/9/2022,9/9/2022,FUNDO ARMONIA,13/9/2022,14/9/2022,37,,0004-002141,036-0000308,42,,,UPS,1Z48V0570497490461,-,Cargada en CP - [22-122-HPER // 4700002407-1 // MSKU8782426] 
2022-2023,LIQUIPARCIAL,22-122-HPER,4700002453,RENE,PROJAR,SUSTRATOS ,TURBA BLEND 1530F,RV12,FX22-00302,22,MB,EUR,"11,269.06","12,395.97",20% AP,CIF,SEA,FCL/FCL,,RIGA,CALLAO,1,40HC,22,-,,,NA,DIRECTO,MAERSK,218731875,CAAU6685020,-,-,16/6/2022,24,MAEU218731875,MAERSK BRANI 228S,12/8/2022,32,NO,NA,IMUPESA,AVM,788,2/8/2022,8/8/2022,118-2022-10-298856-01-0-00,12/8/2022,13/8/2022,12/8/2022,,1/9/2022,8/9/2022,,AVM,9/9/2022,001-0115284,RVC,9/9/2022,9/9/2022,FUNDO ESPERANZA,18/9/2022,19/9/2022,38,,0013-001152,036-0000309,42,,,UPS,1Z48V0570497490461,-,Cargada en CP - [22-122-HPER // 4700002407-1 // HASU4012304] 
2022-2023,LIQUIPARCIAL,22-122-HPER,4700002453,RENE,PROJAR,SUSTRATOS ,TURBA BLEND 1530F,RV12,FX22-00302,22,MB,EUR,"11,269.06","12,395.97",20% AP,CIF,SEA,FCL/FCL,,RIGA,CALLAO,1,40HC,22,-,,,NA,DIRECTO,MAERSK,218731875,MSKU8782426,-,-,16/6/2022,24,MAEU218731875,MAERSK BRANI 228S,12/8/2022,32,NO,NA,IMUPESA,AVM,788,2/8/2022,8/8/2022,118-2022-10-298856-01-0-00,12/8/2022,13/8/2022,12/8/2022,,1/9/2022,8/9/2022,,AVM,9/9/2022,001-0115282,RVC,9/9/2022,9/9/2022,FUNDO ARMONIA,20/9/2022,21/9/2022,38,,0009-001647,036-0000310,42,,,UPS,1Z48V0570497490461,-,Cargada en CP -  [22-122-HPER // 4700002407-1 // TCKU7087560] 
2022-2023,LIQUIPARCIAL,22-122-HPER,4700002453,RENE,PROJAR,SUSTRATOS ,TURBA BLEND 1530F,RV12,FX22-00302,22,MB,EUR,"11,269.06","12,395.97",20% AP,CIF,SEA,FCL/FCL,,RIGA,CALLAO,1,40HC,22,-,,,NA,DIRECTO,MAERSK,218731875,HASU4012304,-,-,16/6/2022,24,MAEU218731875,MAERSK BRANI 228S,12/8/2022,32,NO,NA,IMUPESA,AVM,788,2/8/2022,8/8/2022,118-2022-10-298856-01-0-00,12/8/2022,13/8/2022,12/8/2022,,1/9/2022,8/9/2022,,AVM,9/9/2022,001-115283,AGERSA,9/9/2022,9/9/2022,FUNDO ARMONIA,29/9/2022,30/9/2022,39,,0052-002014,036-0000365,42,,,UPS,1Z48V0570497490461,-,Cargada en CP -  [22-122-HPER // 4700002407-1 // CAAU6685020] (se corrigió cont por error en el excel. Se asignó el de la naviera)
2022-2023,LIQUIPARCIAL,22-123-HPER,4700002454,RENE,PROJAR,SUSTRATOS ,TURBA BLEND 1530F,RV12,FX22-00308,22,MB,EUR,"11,269.06","12,395.97",20% AP,CIF,SEA,FCL/FCL,,RIGA,CALLAO,1,40HC,22,-,,,NA,DIRECTO,MAERSK,218959519,MRSU6177999,-,-,18/7/2022,29,MAEU218959519,MAERSK BALI 233S,16/9/2022,37,NO,NA,IMUPESA,AVM,862,5/9/2022,14/9/2022,118-2022-10-358369-01-1-00,16/9/2022,17/9/2022,16/9/2022,,21/9/2022,27/9/2022,,AVM,28/9/2022,001-0116249,TRANSPESA,28/9/2022,28/9/2022,FUNDO ARMONIA,22/12/2022,23/12/2022,51,, 001-0022639, 036-000057,42,,,UPS,1Z48V0570492519225,-,Cargada en CP - [22-123-HPER // 4700002407-4 // MRSU6177999]
2022-2023,LIQUIPARCIAL,22-123-HPER,4700002454,RENE,PROJAR,SUSTRATOS ,TURBA BLEND 1530F,RV12,FX22-00308,22,MB,EUR,"11,269.06","12,395.97",20% AP,CIF,SEA,FCL/FCL,,RIGA,CALLAO,1,40HC,22,-,,,NA,DIRECTO,MAERSK,218959519,MSKU0530897,-,-,18/7/2022,29,MAEU218959519,MAERSK BALI 233S,16/9/2022,37,NO,NA,IMUPESA,AVM,862,5/9/2022,14/9/2022,118-2022-10-358369-01-1-00,16/9/2022,17/9/2022,16/9/2022,,21/9/2022,27/9/2022,,AVM,28/9/2022, 001-0116248 ,TRANSPESA,28/9/2022,28/9/2022,FUNDO ARMONIA,27/12/2022,28/12/2022,52,,0001-0211067, 036-0000587,42,,,UPS,1Z48V0570492519225,-,Cargada en CP - [22-123-HPER // 4700002407-4 // MSKU0530897]
2022-2023,LIQUIPARCIAL,22-123-HPER,4700002454,RENE,PROJAR,SUSTRATOS ,TURBA BLEND 1530F,RV12,FX22-00308,22,MB,EUR,"11,269.06","12,395.97",20% AP,CIF,SEA,FCL/FCL,,RIGA,CALLAO,1,40HC,22,-,,,NA,DIRECTO,MAERSK,218959519,MRSU6150597,-,-,18/7/2022,29,MAEU218959519,MAERSK BALI 233S,16/9/2022,37,NO,NA,IMUPESA,AVM,862,5/9/2022,14/9/2022,118-2022-10-358369-01-1-00,16/9/2022,17/9/2022,16/9/2022,,21/9/2022,27/9/2022,,AVM,28/9/2022, 001-0116247,TRANSPESA,28/9/2022,28/9/2022,FUNDO ARMONIA,26/12/2022,27/12/2022,52,,0001-0022699,036-0000585,43,,,UPS,1Z48V0570492519225,-,Cargada en CP - [22-123-HPER // 4700002407-4 // MRSU6150597]
2022-2023,LIQUIPARCIAL,22-123-HPER,4700002454,RENE,PROJAR,SUSTRATOS ,TURBA BLEND 1530F,RV12,FX22-00308,22,MB,EUR,"11,269.06","12,395.97",20% AP,CIF,SEA,FCL/FCL,,RIGA,CALLAO,1,40HC,22,-,,,NA,DIRECTO,MAERSK,218959519,MRKU6391668,-,-,18/7/2022,29,MAEU218959519,MAERSK BALI 233S,16/9/2022,37,NO,NA,IMUPESA,AVM,862,5/9/2022,14/9/2022,118-2022-10-358369-01-1-00,16/9/2022,17/9/2022,16/9/2022,,21/9/2022,27/9/2022,,AVM,28/9/2022, 001-0116246 ,TRANSPESA,28/9/2022,28/9/2022,FUNDO ARMONIA,26/12/2022,27/12/2022,52,,0001-0211516,036-0000584,43,,,UPS,1Z48V0570492519225,-,Cargada en CP - [22-123-HPER // 4700002407-4 // MRKU6391668]
2022-2023,LIQUIPARCIAL,22-124-HPER,4700002455,RENE,PROJAR,SUSTRATOS ,TURBA BLEND 1530F,RV12,FX22-00309,22,MB,EUR,"11,269.06","12,395.97",20% AP,CIF,SEA,FCL/FCL,,RIGA,CALLAO,1,40HC,22,-,,,NA,DIRECTO,MAERSK,218959596,MSKU9844353,-,-,7/7/2022,27,MAEU218959596,MAERSK BRANI 228S,12/8/2022,32,NO,NA,IMUPESA,AVM,805,4/8/2022,9/8/2022,118-2022-10-299334-01-8-00,12/8/2022,13/8/2022,12/8/2022,,1/9/2022,8/9/2022,,AVM,9/9/2022, 001-0115307 ,TRANSPESA,10/9/2022,10/9/2022,FUNDO ARMONIA,5/12/2022,6/12/2022,49,,0001-040690 ,,43,,,UPS,1Z48V0570498244510,-,Cargada en CP - [22-124-HPER // 4700002407-5 // MSKU9844353]
2022-2023,LIQUIPARCIAL,22-124-HPER,4700002455,RENE,PROJAR,SUSTRATOS ,TURBA BLEND 1530F,RV12,FX22-00309,22,MB,EUR,"11,269.06","12,395.97",20% AP,CIF,SEA,FCL/FCL,,RIGA,CALLAO,1,40HC,22,-,,,NA,DIRECTO,MAERSK,218959596,MSKU9549424,-,-,7/7/2022,27,MAEU218959596,MAERSK BRANI 228S,12/8/2022,32,NO,NA,IMUPESA,AVM,805,4/8/2022,9/8/2022,118-2022-10-299334-01-8-00,12/8/2022,13/8/2022,12/8/2022,,1/9/2022,8/9/2022,,AVM,9/9/2022, 001-0115305,TRANSPESA,10/9/2022,10/9/2022,FUNDO ARMONIA,5/12/2022,6/12/2022,49,,0001-040747, 036-0000565,43,,,UPS,1Z48V0570498244510,-,Cargada en CP - [22-124-HPER // 4700002407-5 // MSKU9549424]
2022-2023,LIQUIPARCIAL,22-124-HPER,4700002455,RENE,PROJAR,SUSTRATOS ,TURBA BLEND 1530F,RV12,FX22-00309,22,MB,EUR,"11,269.06","12,395.97",20% AP,CIF,SEA,FCL/FCL,,RIGA,CALLAO,1,40HC,22,-,,,NA,DIRECTO,MAERSK,218959596,MRSU3364044,-,-,7/7/2022,27,MAEU218959596,MAERSK BRANI 228S,12/8/2022,32,NO,NA,IMUPESA,AVM,805,4/8/2022,9/8/2022,118-2022-10-299334-01-8-00,12/8/2022,13/8/2022,12/8/2022,,1/9/2022,8/9/2022,,AVM,9/9/2022,001-0115306,JOSELITO,10/9/2022,10/9/2022,FUNDO ARMONIA,5/12/2022,6/12/2022,49,,0001-0208852 ,036-0000563,43,,,UPS,1Z48V0570498244510,-,Cargada en CP -  [22-124-HPER // 4700002407-5 // MRSU3364044]
2022-2023,LIQUIPARCIAL,22-124-HPER,4700002455,RENE,PROJAR,SUSTRATOS ,TURBA BLEND 1530F,RV12,FX22-00309,22,MB,EUR,"11,269.06","12,395.97",20% AP,CIF,SEA,FCL/FCL,,RIGA,CALLAO,1,40HC,22,-,,,NA,DIRECTO,MAERSK,218959596,MRKU5232928,-,-,7/7/2022,27,MAEU218959596,MAERSK BRANI 228S,12/8/2022,32,NO,NA,IMUPESA,AVM,805,4/8/2022,9/8/2022,118-2022-10-299334-01-8-00,12/8/2022,13/8/2022,12/8/2022,,1/9/2022,8/9/2022,,AVM,9/9/2022,001-0115308 ,JOSELITO,10/9/2022,10/9/2022,FUNDO ARMONIA,5/12/2022,6/12/2022,49,,0001-0209956,036-0000564 ,43,,,UPS,1Z48V0570498244510,-,Cargada en CP - [22-124-HPER // 4700002407-5 // MRKU5232928]
2022-2023,LIQUIPARCIAL,22-125-HPER,4700002456,RENE,PROJAR,SUSTRATOS ,TURBA BLEND 1530F,RV12,FX22-00310,22,MB,EUR,"11,269.06","12,395.97",20% AP,CIF,SEA,FCL/FCL,,RIGA,CALLAO,1,40HC,22,-,,,NA,DIRECTO,MAERSK,218959920,MSKU1946786,-,-,7/7/2022,27,MAEU218959920,MAERSK BRANI 228S,12/8/2022,32,NO,NA,IMUPESA,AVM,804,4/8/2022,9/8/2022,118-2022-10-299257-01-3-00,12/8/2022,13/8/2022,12/8/2022,,1/9/2022,8/9/2022,,AVM,9/9/2022, 001-0115304,TRANSPESA,10/9/2022,9/9/2022,FUNDO ARMONIA,21/12/2022,22/12/2022,51,,0001-0211214,036-0000568,43,,,UPS,1Z48V0570498244510,-,Cargada en CP -  [22-125-HPER // 4700002407-6 // MSKU1946786]
2022-2023,LIQUIPARCIAL,22-125-HPER,4700002456,RENE,PROJAR,SUSTRATOS ,TURBA BLEND 1530F,RV12,FX22-00310,22,MB,EUR,"11,269.06","12,395.97",20% AP,CIF,SEA,FCL/FCL,,RIGA,CALLAO,1,40HC,22,-,,,NA,DIRECTO,MAERSK,218959920,GCXU5651353,-,-,7/7/2022,27,MAEU218959920,MAERSK BRANI 228S,12/8/2022,32,NO,NA,IMUPESA,AVM,804,4/8/2022,9/8/2022,118-2022-10-299257-01-3-00,12/8/2022,13/8/2022,12/8/2022,,1/9/2022,8/9/2022,,AVM,9/9/2022, 001-0115302,TRANSPESA,10/9/2022,9/9/2022,FUNDO ARMONIA,21/12/2022,22/12/2022,51,, 0001-0022692,036-0000567 ,43,,,UPS,1Z48V0570498244510,-,Cargada en CP - [22-125-HPER // 4700002407-6 // GCXU5651353]
2022-2023,LIQUIPARCIAL,22-125-HPER,4700002456,RENE,PROJAR,SUSTRATOS ,TURBA BLEND 1530F,RV12,FX22-00310,22,MB,EUR,"11,269.06","12,395.97",20% AP,CIF,SEA,FCL/FCL,,RIGA,CALLAO,1,40HC,22,-,,,NA,DIRECTO,MAERSK,218959920,MRKU5482341,-,-,7/7/2022,27,MAEU218959920,MAERSK BRANI 228S,12/8/2022,32,NO,NA,IMUPESA,AVM,804,4/8/2022,9/8/2022,118-2022-10-299257-01-3-00,12/8/2022,13/8/2022,12/8/2022,,1/9/2022,8/9/2022,,AVM,9/9/2022,001-0115301,AGERSA,10/9/2022,9/9/2022,FUNDO ARMONIA,2/10/2022,3/10/2022,40,,0015-002986,036-0000374,43,,,UPS,1Z48V0570498244510,-,Cargada en CP - [22-125-HPER // 4700002407-6 // MRKU5482341]
2022-2023,LIQUIPARCIAL,22-125-HPER,4700002456,RENE,PROJAR,SUSTRATOS ,TURBA BLEND 1530F,RV12,FX22-00310,22,MB,EUR,"11,269.06","12,395.97",20% AP,CIF,SEA,FCL/FCL,,RIGA,CALLAO,1,40HC,22,-,,,NA,DIRECTO,MAERSK,218959920,MRKU3974240,-,-,7/7/2022,27,MAEU218959920,MAERSK BRANI 228S,12/8/2022,32,NO,NA,IMUPESA,AVM,804,4/8/2022,9/8/2022,118-2022-10-299257-01-3-00,12/8/2022,13/8/2022,12/8/2022,,1/9/2022,8/9/2022,,AVM,9/9/2022,001-0115303,AGERSA,10/9/2022,9/9/2022,FUNDO ARMONIA,2/10/2022,3/10/2022,40,,0039-002451,036-0000375,43,,,UPS,1Z48V0570498244510,-,Cargada en CP - [22-125-HPER // 4700002407-6 // MRKU3974240]
2022-2023,LIQUIPARCIAL,22-126-HPER,4700002457,RENE,PROJAR,SUSTRATOS ,TURBA BLEND 1530F,RV12,FX22-00314,22,MB,EUR,"11,269.06","12,395.97",20% AP,CIF,SEA,FCL/FCL,,RIGA,CALLAO,1,40HC,22,-,,,NA,DIRECTO,MSC,19935579789,MSMU7365049,-,-,3/7/2022,26,MEDUTF659428,MSC SASHA NX227A,11/8/2022,32,NO,NA,IMUPESA,AVM,773,27/7/2022,8/8/2022,118-2022-10-298176-01-1-00,12/8/2022,13/8/2022,11/8/2022,,16/8/2022,30/8/2022,,AVM,24/8/2022,001-0115292,AGERSA,24/8/2022,24/8/2022,FUNDO ARMONIA,6/9/2022,7/9/2022,36,,045-002396,036-0000261,43,,,UPS,1Z48V0570495204470,-,Cargada en CP - [22-126-HPER // 4700002407-7 // MSMU7365049]
2022-2023,LIQUIPARCIAL,22-126-HPER,4700002457,RENE,PROJAR,SUSTRATOS ,TURBA BLEND 1530F,RV12,FX22-00314,22,MB,EUR,"11,269.06","12,395.97",20% AP,CIF,SEA,FCL/FCL,,RIGA,CALLAO,1,40HC,22,-,,,NA,DIRECTO,MSC,19935579789,CAIU8751397,-,-,3/7/2022,26,MEDUTF659428,MSC SASHA NX227A,11/8/2022,32,NO,NA,IMUPESA,AVM,773,27/7/2022,8/8/2022,118-2022-10-298176-01-1-00,12/8/2022,13/8/2022,11/8/2022,,16/8/2022,30/8/2022,,AVM,24/8/2022,001-0115289,AGERSA,24/8/2022,24/8/2022,FUNDO ARMONIA,7/9/2022,8/9/2022,36,,0049-001926,036-0000262,44,,,UPS,1Z48V0570495204470,-,Cargada en CP - [22-126-HPER // 4700002407-7 // CAIU8751397]
2022-2023,LIQUIPARCIAL,22-126-HPER,4700002457,RENE,PROJAR,SUSTRATOS ,TURBA BLEND 1530F,RV12,FX22-00314,22,MB,EUR,"11,269.06","12,395.97",20% AP,CIF,SEA,FCL/FCL,,RIGA,CALLAO,1,40HC,22,-,,,NA,DIRECTO,MSC,19935579789,TCNU1926100,-,-,3/7/2022,26,MEDUTF659428,MSC SASHA NX227A,11/8/2022,32,NO,NA,IMUPESA,AVM,773,27/7/2022,8/8/2022,118-2022-10-298176-01-1-00,12/8/2022,13/8/2022,11/8/2022,,16/8/2022,30/8/2022,,AVM,24/8/2022,001-0115290,AGERSA,24/8/2022,24/8/2022,FUNDO ARMONIA,7/9/2022,8/9/2022,36,,0032-002409,036-0000263,44,,,UPS,1Z48V0570495204470,-,Cargada en CP - [22-126-HPER // 4700002407-7 // TCNU1926100]
2022-2023,LIQUIPARCIAL,22-126-HPER,4700002457,RENE,PROJAR,SUSTRATOS ,TURBA BLEND 1530F,RV12,FX22-00314,22,MB,EUR,"11,269.06","12,395.97",20% AP,CIF,SEA,FCL/FCL,,RIGA,CALLAO,1,40HC,22,-,,,NA,DIRECTO,MSC,19935579789,SEGU4725695,-,-,3/7/2022,26,MEDUTF659428,MSC SASHA NX227A,11/8/2022,32,NO,NA,IMUPESA,AVM,773,27/7/2022,8/8/2022,118-2022-10-298176-01-1-00,12/8/2022,13/8/2022,11/8/2022,,16/8/2022,30/8/2022,,AVM,24/8/2022,001-0115291,AGERSA,24/8/2022,24/8/2022,FUNDO ARMONIA,14/9/2022,15/9/2022,37,,0020-002805,036-0000275,43,,,UPS,1Z48V0570495204470,-,Cargada en CP - [22-126-HPER // 4700002407-7 // SEGU4725695]
2022-2023,LIQUIPARCIAL,22-127-HPER,4700002475,RENE,PROJAR,SUSTRATOS ,TURBA BLEND 1530F,RV12,FX22-00315,22,MB,EUR,"11,269.06","12,395.97",20% AP,CIF,SEA,FCL/FCL,,RIGA,CALLAO,1,40HC,22,-,,,NA,DIRECTO,MSC,19935579792,TGCU0231591,-,-,3/7/2022,26,MEDUTF659519,MSC SASHA NX227A,11/8/2022,32,NO,NA,IMUPESA,AVM,774,27/7/2022,8/8/2022,118-2022-10-298200-01-8-00,12/8/2022,13/8/2022,11/8/2022,,1/9/2022,8/9/2022,,AVM,9/9/2022,001-0115272,AGERSA,9/9/2022,9/9/2022,FUNDO ARMONIA,23/9/2022,24/9/2022,38,,0026-002862,036-0000359,44,,,UPS,1Z48V0570495204470,-,Cargada en CP - [22-127-HPER // 4700002475 // TGCU0231591]
2022-2023,LIQUIPARCIAL,22-127-HPER,4700002475,RENE,PROJAR,SUSTRATOS ,TURBA BLEND 1530F,RV12,FX22-00315,22,MB,EUR,"11,269.06","12,395.97",20% AP,CIF,SEA,FCL/FCL,,RIGA,CALLAO,1,40HC,22,-,,,NA,DIRECTO,MSC,19935579792,TCLU4926913,-,-,3/7/2022,26,MEDUTF659519,MSC SASHA NX227A,11/8/2022,32,NO,NA,IMUPESA,AVM,774,27/7/2022,8/8/2022,118-2022-10-298200-01-8-00,12/8/2022,13/8/2022,11/8/2022,,1/9/2022,8/9/2022,,AVM,9/9/2022,001-0115270,AGERSA,9/9/2022,9/9/2022,FUNDO ARMONIA,23/9/2022,24/9/2022,38,,0053-001894,036-0000358,44,,,UPS,1Z48V0570495204470,-,Cargada en CP - [22-127-HPER // 4700002475 // TCLU4926913]
2022-2023,LIQUIPARCIAL,22-127-HPER,4700002475,RENE,PROJAR,SUSTRATOS ,TURBA BLEND 1530F,RV12,FX22-00315,22,MB,EUR,"11,269.06","12,395.97",20% AP,CIF,SEA,FCL/FCL,,RIGA,CALLAO,1,40HC,22,-,,,NA,DIRECTO,MSC,19935579792,MEDU8584407,-,-,3/7/2022,26,MEDUTF659519,MSC SASHA NX227A,11/8/2022,32,NO,NA,IMUPESA,AVM,774,27/7/2022,8/8/2022,118-2022-10-298200-01-8-00,12/8/2022,13/8/2022,11/8/2022,,1/9/2022,8/9/2022,,AVM,9/9/2022,001-115269,AGERSA,9/9/2022,9/9/2022,FUNDO ARMONIA,29/9/2022,30/9/2022,39,,0020-002811,036-0000372,44,,,UPS,1Z48V0570495204470,-,Cargada en CP - [22-127-HPER // 4700002475 // MEDU8584407]
2022-2023,LIQUIPARCIAL,22-127-HPER,4700002475,RENE,PROJAR,SUSTRATOS ,TURBA BLEND 1530F,RV12,FX22-00315,22,MB,EUR,"11,269.06","12,395.97",20% AP,CIF,SEA,FCL/FCL,,RIGA,CALLAO,1,40HC,22,-,,,NA,DIRECTO,MSC,19935579792,TCLU9883075,-,-,3/7/2022,26,MEDUTF659519,MSC SASHA NX227A,11/8/2022,32,NO,NA,IMUPESA,AVM,774,27/7/2022,8/8/2022,118-2022-10-298200-01-8-00,12/8/2022,13/8/2022,11/8/2022,,1/9/2022,8/9/2022,,AVM,9/9/2022,001-0115271,AGERSA,9/9/2022,9/9/2022,FUNDO ARMONIA,30/9/2022,1/10/2022,39,,0030-003646,036-0000373,44,,,UPS,1Z48V0570495204470,-,Cargada en CP - [22-127-HPER // 4700002475 // TCLU9883075]
2022-2023,LIQUIPARCIAL,22-128-HPER,4700002476,RENE,PROJAR,SUSTRATOS ,TURBA BLEND 1530F,RV12,FX22-00317,22,MB,EUR,"11,269.06","12,395.97",20% AP,CIF,SEA,FCL/FCL,,RIGA,CALLAO,1,40HC,22,-,,,NA,DIRECTO,MSC,19935579793,MSMU8099581,-,-,3/7/2022,26,MEDUTF659527,MSC SASHA NX227A,11/8/2022,32,NO,NA,IMUPESA,AVM,807,4/8/2022,8/8/2022,118-2022-10-298436-01-1-00,12/8/2022,13/8/2022,11/8/2022,,1/9/2022,8/9/2022,,AVM,9/9/2022, 001-0115275,TRANSPESA,9/9/2022,9/9/2022,FUNDO ARMONIA,20/11/2022,21/11/2022,47,,0001-005847,036-0000198,44,,,UPS,1Z48V0570498664905,-,Cargada en CP - [22-128-HPER // 4700002476 // MSMU8099581]
2022-2023,LIQUIPARCIAL,22-128-HPER,4700002476,RENE,PROJAR,SUSTRATOS ,TURBA BLEND 1530F,RV12,FX22-00317,22,MB,EUR,"11,269.06","12,395.97",20% AP,CIF,SEA,FCL/FCL,,RIGA,CALLAO,1,40HC,22,-,,,NA,DIRECTO,MSC,19935579793,FFAU2986836,-,-,3/7/2022,26,MEDUTF659527,MSC SASHA NX227A,11/8/2022,32,NO,NA,IMUPESA,AVM,807,4/8/2022,8/8/2022,118-2022-10-298436-01-1-00,12/8/2022,13/8/2022,11/8/2022,,1/9/2022,8/9/2022,,AVM,9/9/2022, 001-0115273,JOSELITO,9/9/2022,9/9/2022,FUNDO ARMONIA,27/11/2022,28/11/2022,48,,0001-0210710, 036-0000554,44,,,UPS,1Z48V0570498664905,-,Cargada en CP - [22-128-HPER // 4700002476 // FFAU2986836]
2022-2023,LIQUIPARCIAL,22-128-HPER,4700002476,RENE,PROJAR,SUSTRATOS ,TURBA BLEND 1530F,RV12,FX22-00317,22,MB,EUR,"11,269.06","12,395.97",20% AP,CIF,SEA,FCL/FCL,,RIGA,CALLAO,1,40HC,22,-,,,NA,DIRECTO,MSC,19935579793,TCLU9524922,-,-,3/7/2022,26,MEDUTF659527,MSC SASHA NX227A,11/8/2022,32,NO,NA,IMUPESA,AVM,807,4/8/2022,8/8/2022,118-2022-10-298436-01-1-00,12/8/2022,13/8/2022,11/8/2022,,1/9/2022,8/9/2022,,AVM,9/9/2022,001-0115276,JOSELITO,9/9/2022,9/9/2022,FUNDO ARMONIA,28/11/2022,29/11/2022,48,, 0001-0209952 ,036-0000557 ,44,,,UPS,1Z48V0570498664905,-,Cargada en CP - [22-128-HPER // 4700002476 // TCLU9524922]
2022-2023,LIQUIPARCIAL,22-128-HPER,4700002476,RENE,PROJAR,SUSTRATOS ,TURBA BLEND 1530F,RV12,FX22-00317,22,MB,EUR,"11,269.06","12,395.97",20% AP,CIF,SEA,FCL/FCL,,RIGA,CALLAO,1,40HC,22,-,,,NA,DIRECTO,MSC,19935579793,MSMU7141753,-,-,3/7/2022,26,MEDUTF659527,MSC SASHA NX227A,11/8/2022,32,NO,NA,IMUPESA,AVM,807,4/8/2022,8/8/2022,118-2022-10-298436-01-1-00,12/8/2022,13/8/2022,11/8/2022,,1/9/2022,8/9/2022,,AVM,9/9/2022,001-0115274,TRANSPESA,9/9/2022,9/9/2022,FUNDO ARMONIA,28/11/2022,29/11/2022,48,, 0001-005849 ,036-0000558 ,44,,,UPS,1Z48V0570498664905,-,Cargada en CP - [22-128-HPER // 4700002476 // MSMU7141753]
2022-2023,LIQUIPARCIAL,22-129-HPER,4700002477,RENE,PROJAR,SUSTRATOS ,TURBA BLEND 1530F,RV12,FX22-00324,22,MB,EUR,"11,269.06","12,395.97",20% AP,CIF,SEA,FCL/FCL,,RIGA,CALLAO,1,40HC,22,-,,,NA,DIRECTO,MAERSK,219336400,MSKU8867020,-,-,18/7/2022,29,MAEU219336400,MAERSK BRATAN 232S,9/9/2022,36,NO,NA,IMUPESA,AVM,821,29/8/2022,8/9/2022,118-2022-10-349192-01-3-00,9/9/2022,10/9/2022,9/9/2022,,16/9/2022,22/9/2022,,AVM,23/9/2022,001-0116198,RVC,23/9/2022,23/9/2022,FUNDO ARMONIA,2/10/2022,3/10/2022,40,,0004-002161,036-0000320,44,,,UPS,1Z48V0570499280881,-,Cargado en CP - [22-129-HPER // 4700002477 // MSKU8867020]
2022-2023,LIQUIPARCIAL,22-129-HPER,4700002477,RENE,PROJAR,SUSTRATOS ,TURBA BLEND 1530F,RV12,FX22-00324,22,MB,EUR,"11,269.06","12,395.97",20% AP,CIF,SEA,FCL/FCL,,RIGA,CALLAO,1,40HC,22,-,,,NA,DIRECTO,MAERSK,219336400,MRSU5488300,-,-,18/7/2022,29,MAEU219336400,MAERSK BRATAN 232S,9/9/2022,36,NO,NA,IMUPESA,AVM,821,29/8/2022,8/9/2022,118-2022-10-349192-01-3-00,9/9/2022,10/9/2022,9/9/2022,,16/9/2022,22/9/2022,,AVM,23/9/2022,001-0116195,RVC,23/9/2022,23/9/2022,FUNDO ARMONIA,6/10/2022,7/10/2022,40,,0003-003818,036-0000322,44,,,UPS,1Z48V0570499280881,-,Cargado en CP - [22-129-HPER // 4700002477 // MRSU5488300]
2022-2023,LIQUIPARCIAL,22-129-HPER,4700002477,RENE,PROJAR,SUSTRATOS ,TURBA BLEND 1530F,RV12,FX22-00324,22,MB,EUR,"11,269.06","12,395.97",20% AP,CIF,SEA,FCL/FCL,,RIGA,CALLAO,1,40HC,22,-,,,NA,DIRECTO,MAERSK,219336400,MRSU5488759,-,-,18/7/2022,29,MAEU219336400,MAERSK BRATAN 232S,9/9/2022,36,NO,NA,IMUPESA,AVM,821,29/8/2022,8/9/2022,118-2022-10-349192-01-3-00,9/9/2022,10/9/2022,9/9/2022,,16/9/2022,22/9/2022,,AVM,23/9/2022,001-0116196,RVC,23/9/2022,23/9/2022,FUNDO ARMONIA,6/10/2022,7/10/2022,40,,0021-000990,036-0000323,44,,,UPS,1Z48V0570499280881,-,Cargado en CP - [22-129-HPER // 4700002477 // MRSU5488759]
2022-2023,LIQUIPARCIAL,22-129-HPER,4700002477,RENE,PROJAR,SUSTRATOS ,TURBA BLEND 1530F,RV12,FX22-00324,22,MB,EUR,"11,269.06","12,395.97",20% AP,CIF,SEA,FCL/FCL,,RIGA,CALLAO,1,40HC,22,-,,,NA,DIRECTO,MAERSK,219336400,MRSU5497278,-,-,18/7/2022,29,MAEU219336400,MAERSK BRATAN 232S,9/9/2022,36,NO,NA,IMUPESA,AVM,821,29/8/2022,8/9/2022,118-2022-10-349192-01-3-00,9/9/2022,10/9/2022,9/9/2022,,16/9/2022,22/9/2022,,AVM,23/9/2022,001-0116197,RVC,23/9/2022,23/9/2022,FUNDO ARMONIA,9/10/2022,10/10/2022,41,,0009-001670,036-0000324,44,,,UPS,1Z48V0570499280881,-,Cargado en CP - [22-129-HPER // 4700002477 // MRSU5497278]
2022-2023,LIQUIPARCIAL,22-130-HPER,4700002478,RENE,PROJAR,SUSTRATOS ,TURBA BLEND 1530F,RV12,FX22-00326,22,MB,EUR,"11,269.06","12,395.97",20% AP,CIF,SEA,FCL/FCL,,RIGA,CALLAO,1,40HC,22,-,,,NA,DIRECTO,MAERSK,219336506,MRKU4798016,-,-,18/7/2022,29,MAEU219336506,MAERSK BRATAN 232S,9/9/2022,36,NO,NA,IMUPESA,AVM,820,29/8/2022,8/9/2022, 118-2022-10-349129-01-1-00,9/9/2022,10/9/2022,9/9/2022,,16/9/2022,22/9/2022,,AVM,23/9/2022, 001-0116194,TRANSPESA,23/9/2022,23/9/2022,FUNDO ARMONIA,29/11/2022,30/11/2022,48,, 0001-005761 , 036-0000559,44,,,UPS,1Z48V0570499280881,-,Cargado en CP - [22-130-HPER // 4700002478 // MRKU4798016]
2022-2023,LIQUIPARCIAL,22-130-HPER,4700002478,RENE,PROJAR,SUSTRATOS ,TURBA BLEND 1530F,RV12,FX22-00326,22,MB,EUR,"11,269.06","12,395.97",20% AP,CIF,SEA,FCL/FCL,,RIGA,CALLAO,1,40HC,22,-,,,NA,DIRECTO,MAERSK,219336506,MRSU5516980,-,-,18/7/2022,29,MAEU219336506,MAERSK BRATAN 232S,9/9/2022,36,NO,NA,IMUPESA,AVM,820,29/8/2022,8/9/2022, 118-2022-10-349129-01-1-00,9/9/2022,10/9/2022,9/9/2022,,16/9/2022,22/9/2022,,AVM,23/9/2022,001-0116193,TRANSPESA,23/9/2022,23/9/2022,FUNDO ARMONIA,21/12/2022,22/12/2022,51,, 001-0211036, 036-0000571,44,,,UPS,1Z48V0570499280881,-,Cargado en CP - [22-130-HPER // 4700002478 // MRSU5516980]
2022-2023,LIQUIPARCIAL,22-130-HPER,4700002478,RENE,PROJAR,SUSTRATOS ,TURBA BLEND 1530F,RV12,FX22-00326,22,MB,EUR,"11,269.06","12,395.97",20% AP,CIF,SEA,FCL/FCL,,RIGA,CALLAO,1,40HC,22,-,,,NA,DIRECTO,MAERSK,219336506,MSKU9602914,-,-,18/7/2022,29,MAEU219336506,MAERSK BRATAN 232S,9/9/2022,36,NO,NA,IMUPESA,AVM,820,29/8/2022,8/9/2022, 118-2022-10-349129-01-1-00,9/9/2022,10/9/2022,9/9/2022,,16/9/2022,22/9/2022,,AVM,23/9/2022,001-0116192,TRANSPESA,23/9/2022,23/9/2022,FUNDO ARMONIA,21/12/2022,22/12/2022,51,,0001-020981, 036-0000575,44,,,UPS,1Z48V0570499280881,-,Cargado en CP - [22-130-HPER // 4700002478 // MSKU9602914]
2022-2023,LIQUIPARCIAL,22-130-HPER,4700002478,RENE,PROJAR,SUSTRATOS ,TURBA BLEND 1530F,RV12,FX22-00326,22,MB,EUR,"11,269.06","12,395.97",20% AP,CIF,SEA,FCL/FCL,,RIGA,CALLAO,1,40HC,22,-,,,NA,DIRECTO,MAERSK,219336506,TLLU6845444,-,-,18/7/2022,29,MAEU219336506,MAERSK BRATAN 232S,9/9/2022,36,NO,NA,IMUPESA,AVM,820,29/8/2022,8/9/2022, 118-2022-10-349129-01-1-00,9/9/2022,10/9/2022,9/9/2022,,16/9/2022,22/9/2022,,AVM,23/9/2022,001-0116191,TRANSPESA,23/9/2022,23/9/2022,FUNDO ARMONIA,21/12/2022,22/12/2022,51,,0001-0210990,036-0000574 ,45,,,UPS,1Z48V0570499280881,-,Cargado en CP - [22-130-HPER // 4700002478 // TLLU6845444]
2022-2023,LIQUIPARCIAL,22-131-HPER,4700002479,RENE,PROJAR,SUSTRATOS ,TURBA BLEND 1530F,RV12,FE22-00945,22,MB,EUR,"11,269.06","12,395.97",20% AP,CIF,SEA,FCL/FCL,,RIGA,CALLAO,1,40HC,22,-,,,NA,DIRECTO,MAERSK,219336586,MRSU4568947,-,-,18/7/2022,29,MAEU219336586,MAERSK BRATAN 232S,9/9/2022,36,NO,NA,IMUPESA,AVM,819,29/8/2022,8/9/2022, 118-2022-10-349069-01-7-00,9/9/2022,10/9/2022,9/9/2022,,16/9/2022,22/9/2022,,AVM,23/9/2022, 001-0116189,AGERSA,23/9/2022,23/9/2022,FUNDO ARMONIA,18/10/2022,19/10/2022,42,,0026-002868, 036-0000405,45,,,UPS,1Z48V0570499280881,-,Cargada en CP - [22-131-HPER // 4700002479 // MRSU4568947]
2022-2023,LIQUIPARCIAL,22-131-HPER,4700002479,RENE,PROJAR,SUSTRATOS ,TURBA BLEND 1530F,RV12,FE22-00945,22,MB,EUR,"11,269.06","12,395.97",20% AP,CIF,SEA,FCL/FCL,,RIGA,CALLAO,1,40HC,22,-,,,NA,DIRECTO,MAERSK,219336586,MRKU3194541,-,-,18/7/2022,29,MAEU219336586,MAERSK BRATAN 232S,9/9/2022,36,NO,NA,IMUPESA,AVM,819,29/8/2022,8/9/2022, 118-2022-10-349069-01-7-00,9/9/2022,10/9/2022,9/9/2022,,16/9/2022,22/9/2022,,AVM,23/9/2022, 001-0116190 ,AGERSA,23/9/2022,23/9/2022,FUNDO ARMONIA,18/10/2022,19/10/2022,42,, 0021-001448,036-0000406,45,,,UPS,1Z48V0570499280881,-,Cargada en CP - [22-131-HPER // 4700002479 // MRKU3194541]
2022-2023,LIQUIPARCIAL,22-131-HPER,4700002479,RENE,PROJAR,SUSTRATOS ,TURBA BLEND 1530F,RV12,FE22-00945,22,MB,EUR,"11,269.06","12,395.97",20% AP,CIF,SEA,FCL/FCL,,RIGA,CALLAO,1,40HC,22,-,,,NA,DIRECTO,MAERSK,219336586,MSKU0346030,-,-,18/7/2022,29,MAEU219336586,MAERSK BRATAN 232S,9/9/2022,36,NO,NA,IMUPESA,AVM,819,29/8/2022,8/9/2022, 118-2022-10-349069-01-7-00,9/9/2022,10/9/2022,9/9/2022,,16/9/2022,22/9/2022,,AVM,23/9/2022,001-0116188,AGERSA,23/9/2022,23/9/2022,FUNDO ARMONIA,27/10/2022,28/10/2022,43,, 0045-002413,036-0000420,45,,,UPS,1Z48V0570499280881,-,Cargada en CP - [22-131-HPER // 4700002479 // MSKU0346030]
2022-2023,LIQUIPARCIAL,22-131-HPER,4700002479,RENE,PROJAR,SUSTRATOS ,TURBA BLEND 1530F,RV12,FE22-00945,22,MB,EUR,"11,269.06","12,395.97",20% AP,CIF,SEA,FCL/FCL,,RIGA,CALLAO,1,40HC,22,-,,,NA,DIRECTO,MAERSK,219336586,SUDU8870285,-,-,18/7/2022,29,MAEU219336586,MAERSK BRATAN 232S,9/9/2022,36,NO,NA,IMUPESA,AVM,819,29/8/2022,8/9/2022, 118-2022-10-349069-01-7-00,9/9/2022,10/9/2022,9/9/2022,,16/9/2022,22/9/2022,,AVM,23/9/2022,001-0116187,AGERSA,23/9/2022,23/9/2022,FUNDO ARMONIA,4/11/2022,5/11/2022,44,, 0013-001697,036-0000421,45,,,UPS,1Z48V0570499280881,-,Cargada en CP - [22-131-HPER // 4700002479 // SUDU8870285]
2022-2023,LIQUIPARCIAL,22-132-HPER,4700002480,RENE,PROJAR,SUSTRATOS ,TURBA BLEND 1530F,RV12,FX22-00342,22,MB,EUR,"11,269.06","12,395.97",20% AP,CIF,SEA,FCL/FCL,,RIGA,CALLAO,1,40HC,22,-,,,NA,DIRECTO,MSC,19935586569,MEDU4614231,-,-,10/7/2022,27,MEDUTF662802,MSC ANTIGUA NX228A,18/8/2022,33,NO,NA,IMUPESA,AVM,806,4/8/2022,12/8/2022,118-2022-10-306563-01-1-00,18/8/2022,19/8/2022,18/8/2022,,31/8/2022,5/9/2022,,AVM,6/9/2022,001-0115990,TRANSPESA,6/9/2022,6/9/2022,FUNDO ARMONIA,19/9/2022,20/9/2022,38,,0001-002772,036-0000180,46,,,UPS,1Z48V0570498664905,-,Cargada en CP - [22-132-HPER // 4700002480 // MEDU4614231]
2022-2023,LIQUIPARCIAL,22-132-HPER,4700002480,RENE,PROJAR,SUSTRATOS ,TURBA BLEND 1530F,RV12,FX22-00342,22,MB,EUR,"11,269.06","12,395.97",20% AP,CIF,SEA,FCL/FCL,,RIGA,CALLAO,1,40HC,22,-,,,NA,DIRECTO,MSC,19935586569,GESU4909194,-,-,10/7/2022,27,MEDUTF662802,MSC ANTIGUA NX228A,18/8/2022,33,NO,NA,IMUPESA,AVM,806,4/8/2022,12/8/2022,118-2022-10-306563-01-1-00,18/8/2022,19/8/2022,18/8/2022,,31/8/2022,5/9/2022,,AVM,6/9/2022,001-00115988,TRANSPESA,6/9/2022,6/9/2022,FUNDO ARMONIA,11/10/2022,12/10/2022,41,,0010-000298 ,036-0000181,45,,,UPS,1Z48V0570498664905,-,Cargada en CP - [22-132-HPER // 4700002480 // GESU4909194]
2022-2023,LIQUIPARCIAL,22-132-HPER,4700002480,RENE,PROJAR,SUSTRATOS ,TURBA BLEND 1530F,RV12,FX22-00342,22,MB,EUR,"11,269.06","12,395.97",20% AP,CIF,SEA,FCL/FCL,,RIGA,CALLAO,1,40HC,22,-,,,NA,DIRECTO,MSC,19935586569,MEDU8546808,-,-,10/7/2022,27,MEDUTF662802,MSC ANTIGUA NX228A,18/8/2022,33,NO,NA,IMUPESA,AVM,806,4/8/2022,12/8/2022,118-2022-10-306563-01-1-00,18/8/2022,19/8/2022,18/8/2022,,31/8/2022,5/9/2022,,AVM,6/9/2022, 001-0115987 ,TRANSPESA,6/9/2022,6/9/2022,FUNDO ARMONIA,12/10/2022,13/10/2022,41,,0001-005791,036-0000182 ,45,,,UPS,1Z48V0570498664905,-,Cargada en CP - [22-132-HPER // 4700002480 // MEDU8546808]
2022-2023,LIQUIPARCIAL,22-132-HPER,4700002480,RENE,PROJAR,SUSTRATOS ,TURBA BLEND 1530F,RV12,FX22-00342,22,MB,EUR,"11,269.06","12,395.97",20% AP,CIF,SEA,FCL/FCL,,RIGA,CALLAO,1,40HC,22,-,,,NA,DIRECTO,MSC,19935586569,DFSU7152185,-,-,10/7/2022,27,MEDUTF662802,MSC ANTIGUA NX228A,18/8/2022,33,NO,NA,IMUPESA,AVM,806,4/8/2022,12/8/2022,118-2022-10-306563-01-1-00,18/8/2022,19/8/2022,18/8/2022,,31/8/2022,5/9/2022,,AVM,6/9/2022, 001-0115989,TRANSPESA,6/9/2022,6/9/2022,FUNDO ARMONIA,14/10/2022,15/10/2022,41,,0001-0211610, 036-0000194,46,,,UPS,1Z48V0570498664905,-,Cargada en CP - [22-132-HPER // 4700002480 // DFSU7152185]
2022-2023,LIQUIPARCIAL,22-133-HPER,4700002481,RENE,PROJAR,SUSTRATOS ,TURBA BLEND 1530F,RV12,FX22-00343,22,MB,EUR,"11,269.06","12,395.97",20% AP,CIF,SEA,FCL/FCL,,RIGA,CALLAO,1,40HC,22,-,,,NA,DIRECTO,MSC,19935586571,TGBU9231156,-,-,10/7/2022,27,MEDUTF662877,MSC ANTIGUA NX228A,18/8/2022,33,NO,NA,IMUPESA,AVM,808,4/8/2022,12/8/2022,118-2022-10-307129-01-1-00,18/8/2022,20/8/2022,18/8/2022,,31/8/2022,5/9/2022,,AVM,7/9/2022,001-0115983,TRANSPESA,7/9/2022,7/9/2022,FUNDO ARMONIA,24/10/2022,25/10/2022,43,,0001-005820,036-0000183,45,,,UPS,1Z48V0570498664905,-,Cargada en CP - [22-133-HPER // 4700002481 // TGBU9231156]
2022-2023,LIQUIPARCIAL,22-133-HPER,4700002481,RENE,PROJAR,SUSTRATOS ,TURBA BLEND 1530F,RV12,FX22-00343,22,MB,EUR,"11,269.06","12,395.97",20% AP,CIF,SEA,FCL/FCL,,RIGA,CALLAO,1,40HC,22,-,,,NA,DIRECTO,MSC,19935586571,CAXU9981040,-,-,10/7/2022,27,MEDUTF662877,MSC ANTIGUA NX228A,18/8/2022,33,NO,NA,IMUPESA,AVM,808,4/8/2022,12/8/2022,118-2022-10-307129-01-1-00,18/8/2022,20/8/2022,18/8/2022,,31/8/2022,5/9/2022,,AVM,7/9/2022,001-0115984,TRANSPESA,7/9/2022,7/9/2022,FUNDO ARMONIA,14/11/2022,15/11/2022,46,,001-0210671,036-0000192,45,,,UPS,1Z48V0570498664905,-,Cargada en CP - [22-133-HPER // 4700002481 // CAXU9981040]
2022-2023,LIQUIPARCIAL,22-133-HPER,4700002481,RENE,PROJAR,SUSTRATOS ,TURBA BLEND 1530F,RV12,FX22-00343,22,MB,EUR,"11,269.06","12,395.97",20% AP,CIF,SEA,FCL/FCL,,RIGA,CALLAO,1,40HC,22,-,,,NA,DIRECTO,MSC,19935586571,MEDU7527887,-,-,10/7/2022,27,MEDUTF662877,MSC ANTIGUA NX228A,18/8/2022,33,NO,NA,IMUPESA,AVM,808,4/8/2022,12/8/2022,118-2022-10-307129-01-1-00,18/8/2022,20/8/2022,18/8/2022,,31/8/2022,5/9/2022,,AVM,7/9/2022,001-0115985,TRANSPESA,7/9/2022,7/9/2022,FUNDO ARMONIA,15/11/2022,16/11/2022,46,, 0001-0210704, 036-0000195,46,,,UPS,1Z48V0570498664905,-,Cargada en CP - [22-133-HPER // 4700002481 // MEDU7527887]
2022-2023,LIQUIPARCIAL,22-133-HPER,4700002481,RENE,PROJAR,SUSTRATOS ,TURBA BLEND 1530F,RV12,FX22-00343,22,MB,EUR,"11,269.06","12,395.97",20% AP,CIF,SEA,FCL/FCL,,RIGA,CALLAO,1,40HC,22,-,,,NA,DIRECTO,MSC,19935586571,MSMU6479540,-,-,10/7/2022,27,MEDUTF662877,MSC ANTIGUA NX228A,18/8/2022,33,NO,NA,IMUPESA,AVM,808,4/8/2022,12/8/2022,118-2022-10-307129-01-1-00,18/8/2022,20/8/2022,18/8/2022,,31/8/2022,5/9/2022,,AVM,7/9/2022,001-0115986,JOSELITO,7/9/2022,7/9/2022,FUNDO ARMONIA,23/11/2022,24/11/2022,47,,0001-0210730, 036-0000552,45,,,UPS,1Z48V0570498664905,-,Cargada en CP - [22-133-HPER // 4700002481 // MSMU6479540]
2022-2023,LIQUIPARCIAL,22-134-HPER,4700002482,RENE,PROJAR,SUSTRATOS ,TURBA BLEND 1530F,RV12,FX22-00344,22,MB,EUR,"11,269.06","12,395.97",20% AP,CIF,SEA,FCL/FCL,,RIGA,CALLAO,1,40HC,22,-,,,NA,DIRECTO,MSC,19935586572,BMOU4304451,-,-,10/7/2022,27,MEDUTF662885,MSC ANTIGUA NX228A,18/8/2022,33,NO,NA,IMUPESA,AVM,809,4/8/2022,12/8/2022,118-2022-10-307353-01-9-00,18/8/2022,19/8/2022,18/8/2022,,31/8/2022,5/9/2022,,AVM,7/9/2022,001-0115982,RVC,7/9/2022,7/9/2022,FUNDO ARMONIA,9/9/2022,10/9/2022,36,,0004-002137,036-0000305,47,,,UPS,1Z48V0570498664905,-,Cargada en CP - [22-134-HPER // 4700002482 // BMOU4304451] 
2022-2023,LIQUIPARCIAL,22-134-HPER,4700002482,RENE,PROJAR,SUSTRATOS ,TURBA BLEND 1530F,RV12,FX22-00344,22,MB,EUR,"11,269.06","12,395.97",20% AP,CIF,SEA,FCL/FCL,,RIGA,CALLAO,1,40HC,22,-,,,NA,DIRECTO,MSC,19935586572,TCLU9802849,-,-,10/7/2022,27,MEDUTF662885,MSC ANTIGUA NX228A,18/8/2022,33,NO,NA,IMUPESA,AVM,809,4/8/2022,12/8/2022,118-2022-10-307353-01-9-00,18/8/2022,19/8/2022,18/8/2022,,31/8/2022,5/9/2022,,AVM,7/9/2022,001-0115979,AGERSA,7/9/2022,7/9/2022,FUNDO ARMONIA,14/9/2022,15/9/2022,37,,0026-002857,036-0000277,47,,,UPS,1Z48V0570498664905,-,Cargada en CP - [22-134-HPER // 4700002482 // TCLU9802849] 
2022-2023,LIQUIPARCIAL,22-134-HPER,4700002482,RENE,PROJAR,SUSTRATOS ,TURBA BLEND 1530F,RV12,FX22-00344,22,MB,EUR,"11,269.06","12,395.97",20% AP,CIF,SEA,FCL/FCL,,RIGA,CALLAO,1,40HC,22,-,,,NA,DIRECTO,MSC,19935586572,FDCU0303100,-,-,10/7/2022,27,MEDUTF662885,MSC ANTIGUA NX228A,18/8/2022,33,NO,NA,IMUPESA,AVM,809,4/8/2022,12/8/2022,118-2022-10-307353-01-9-00,18/8/2022,19/8/2022,18/8/2022,,31/8/2022,5/9/2022,,AVM,7/9/2022,001-0115981,AGERSA,7/9/2022,7/9/2022,FUNDO ARMONIA,15/9/2022,16/9/2022,37,,0052-002007,036-0000279,47,,,UPS,1Z48V0570498664905,-,Cargada en CP - [22-134-HPER // 4700002482 // FDCU0303100] 
2022-2023,LIQUIPARCIAL,22-134-HPER,4700002482,RENE,PROJAR,SUSTRATOS ,TURBA BLEND 1530F,RV12,FX22-00344,22,MB,EUR,"11,269.06","12,395.97",20% AP,CIF,SEA,FCL/FCL,,RIGA,CALLAO,1,40HC,22,-,,,NA,DIRECTO,MSC,19935586572,MSCU7644151,-,-,10/7/2022,27,MEDUTF662885,MSC ANTIGUA NX228A,18/8/2022,33,NO,NA,IMUPESA,AVM,809,4/8/2022,12/8/2022,118-2022-10-307353-01-9-00,18/8/2022,19/8/2022,18/8/2022,,31/8/2022,5/9/2022,,AVM,7/9/2022,001-0115980,RVC,7/9/2022,7/9/2022,FUNDO ARMONIA,25/9/2022,26/9/2022,39,,0009-001649,036-0000315,45,,,UPS,1Z48V0570498664905,-,Cargada en CP - [22-134-HPER // 4700002482 // MSCU7644151] 
2022-2023,LIQUIPARCIAL,22-135-HPER,4700002483,RENE,PROJAR,SUSTRATOS ,TURBA BLEND 1530F,RV12,FX22-00351,22,MB,EUR,"11,269.06","12,395.97",20% AP,CIF,SEA,FCL/FCL,,RIGA,CALLAO,1,40HC,22,-,,,NA,DIRECTO,MAERSK,219691511,MRKU4804530,-,13/7/2022,14/8/2022,32,MAEU219691511,MAERSK BRANI 236X,7/10/2022,40,NO,NA,IMUPESA,AVM,907,25/9/2022,7/10/2022, 118-2022-10-388689-01-2-00,7/10/2022,8/10/2022,7/10/2022,,13/10/2022,18/10/2022,19/10/2022,AVM,20/10/2022,001-0116969 ,AGERSA,20/10/2022,20/10/2022,FUNDO ARMONIA,5/12/2022,6/12/2022,49,, 0052-002050 ,036-0000623,48,,,UPS,1Z48V0570499786951,-,Cargada en CP - [22-135-HPER // 4700002483 // MSKU0401591]
2022-2023,LIQUIPARCIAL,22-135-HPER,4700002483,RENE,PROJAR,SUSTRATOS ,TURBA BLEND 1530F,RV12,FX22-00351,22,MB,EUR,"11,269.06","12,395.97",20% AP,CIF,SEA,FCL/FCL,,RIGA,CALLAO,1,40HC,22,-,,,NA,DIRECTO,MAERSK,219691511,MRKU3415745,-,13/7/2022,14/8/2022,32,MAEU219691511,MAERSK BRANI 236X,7/10/2022,40,NO,NA,IMUPESA,AVM,907,25/9/2022,7/10/2022, 118-2022-10-388689-01-2-00,7/10/2022,8/10/2022,7/10/2022,,13/10/2022,18/10/2022,19/10/2022,AVM,20/10/2022,001-0116970,AGERSA,20/10/2022,20/10/2022,FUNDO ARMONIA,6/12/2022,7/12/2022,49,,0028-002913 ,036-0000625 ,47,,,UPS,1Z48V0570499786951,-,Cargada en CP - [22-135-HPER // 4700002483 // MRKU3415745]
2022-2023,LIQUIPARCIAL,22-135-HPER,4700002483,RENE,PROJAR,SUSTRATOS ,TURBA BLEND 1530F,RV12,FX22-00351,22,MB,EUR,"11,269.06","12,395.97",20% AP,CIF,SEA,FCL/FCL,,RIGA,CALLAO,1,40HC,22,-,,,NA,DIRECTO,MAERSK,219691511,MSKU0769095,-,13/7/2022,14/8/2022,32,MAEU219691511,MAERSK BRANI 236X,7/10/2022,40,NO,NA,IMUPESA,AVM,907,25/9/2022,7/10/2022, 118-2022-10-388689-01-2-00,7/10/2022,8/10/2022,7/10/2022,,13/10/2022,18/10/2022,19/10/2022,AVM,20/10/2022,001-0116972,AGERSA,20/10/2022,20/10/2022,FUNDO ARMONIA,27/12/2022,28/12/2022,52,,0030-003689 ,036-0000641 ,47,,,UPS,1Z48V0570499786951,-,Cargada en CP - [22-135-HPER // 4700002483 // MRKU4804530]
2022-2023,LIQUIPARCIAL,22-135-HPER,4700002483,RENE,PROJAR,SUSTRATOS ,TURBA BLEND 1530F,RV12,FX22-00351,22,MB,EUR,"11,269.06","12,395.97",20% AP,CIF,SEA,FCL/FCL,,RIGA,CALLAO,1,40HC,22,-,,,NA,DIRECTO,MAERSK,219691511,MSKU0401591,-,13/7/2022,14/8/2022,32,MAEU219691511,MAERSK BRANI 236X,7/10/2022,40,NO,NA,IMUPESA,AVM,907,25/9/2022,7/10/2022, 118-2022-10-388689-01-2-00,7/10/2022,8/10/2022,7/10/2022,,13/10/2022,18/10/2022,19/10/2022,AVM,20/10/2022, 001-0116871,AGERSA,20/10/2022,20/10/2022,FUNDO ARMONIA,6/12/2022,7/12/2022,49,,0044-002268,036-0000626,47,,,UPS,1Z48V0570499786951,-,Cargada en CP - [22-135-HPER // 4700002483 // MSKU0769095]
2022-2023,LIQUIPARCIAL,22-136-HPER,4700002484,RENE,PROJAR,SUSTRATOS ,TURBA BLEND 1530F,RV12,FX22-00352,22,MB,EUR,"11,269.06","12,395.97",20% AP,CIF,SEA,FCL/FCL,,RIGA,CALLAO,1,40HC,22,-,,,NA,DIRECTO,MAERSK,219691626,MSKU8953302,-,13/7/2022,14/8/2022,32,MAEU219691626,MAERSK BRANI 236X,7/10/2022,40,NO,NA,IMUPESA,AVM,906,26/9/2022,6/10/2022, 118-2022-10-386154-01-4-00,7/10/2022,8/10/2022,7/10/2022,,13/10/2022,18/10/2022,19/10/2022,AVM,19/10/2022,001-0116967,AGERSA,19/10/2022,19/10/2022,FUNDO ARMONIA,1/12/2022,2/12/2022,48,,0053-001921,036-0000618,48,,,UPS,1Z48V0570499786951,-,Cargada en CP - [22-136-HPER // 4700002484 // SUDU6828558]
2022-2023,LIQUIPARCIAL,22-136-HPER,4700002484,RENE,PROJAR,SUSTRATOS ,TURBA BLEND 1530F,RV12,FX22-00352,22,MB,EUR,"11,269.06","12,395.97",20% AP,CIF,SEA,FCL/FCL,,RIGA,CALLAO,1,40HC,22,-,,,NA,DIRECTO,MAERSK,219691626,SUDU6828558,-,13/7/2022,14/8/2022,32,MAEU219691626,MAERSK BRANI 236X,7/10/2022,40,NO,NA,IMUPESA,AVM,906,26/9/2022,6/10/2022, 118-2022-10-386154-01-4-00,7/10/2022,8/10/2022,7/10/2022,,13/10/2022,18/10/2022,19/10/2022,AVM,19/10/2022,001-0116968,AGERSA,19/10/2022,19/10/2022,FUNDO ARMONIA,5/12/2022,6/12/2022,49,,0029-002686,036-0000622,48,,,UPS,1Z48V0570499786951,-,Cargada en CP - [22-136-HPER // 4700002484 // TGHU9239816]
2022-2023,LIQUIPARCIAL,22-136-HPER,4700002484,RENE,PROJAR,SUSTRATOS ,TURBA BLEND 1530F,RV12,FX22-00352,22,MB,EUR,"11,269.06","12,395.97",20% AP,CIF,SEA,FCL/FCL,,RIGA,CALLAO,1,40HC,22,-,,,NA,DIRECTO,MAERSK,219691626,TGHU9239816,-,13/7/2022,14/8/2022,32,MAEU219691626,MAERSK BRANI 236X,7/10/2022,40,NO,NA,IMUPESA,AVM,906,26/9/2022,6/10/2022, 118-2022-10-386154-01-4-00,7/10/2022,8/10/2022,7/10/2022,,13/10/2022,18/10/2022,19/10/2022,AVM,19/10/2022, 001-0116966 ,AGERSA,19/10/2022,19/10/2022,FUNDO ARMONIA,1/12/2022,2/12/2022,48,, 0041-002349 ,036-0000617 ,48,,,UPS,1Z48V0570499786951,-,Cargada en CP - [22-136-HPER // 4700002484 // HASU4849184]
2022-2023,LIQUIPARCIAL,22-136-HPER,4700002484,RENE,PROJAR,SUSTRATOS ,TURBA BLEND 1530F,RV12,FX22-00352,22,MB,EUR,"11,269.06","12,395.97",20% AP,CIF,SEA,FCL/FCL,,RIGA,CALLAO,1,40HC,22,-,,,NA,DIRECTO,MAERSK,219691626,HASU4849184,-,13/7/2022,14/8/2022,32,MAEU219691626,MAERSK BRANI 236X,7/10/2022,40,NO,NA,IMUPESA,AVM,906,26/9/2022,6/10/2022, 118-2022-10-386154-01-4-00,7/10/2022,8/10/2022,7/10/2022,,13/10/2022,18/10/2022,19/10/2022,AVM,19/10/2022, 001-0116965,AGERSA,19/10/2022,19/10/2022,FUNDO ARMONIA,30/11/2022,1/12/2022,48,,0016-002876, 036-0000616,48,,,UPS,1Z48V0570499786951,-,Cargada en CP - [22-136-HPER // 4700002484 // MSKU8953302]
2022-2023,LIQUIPARCIAL,22-137-HPER,4700002485,RENE,PROJAR,SUSTRATOS ,TURBA BLEND 1530F,RV12,FX22-00353,22,MB,EUR,"11,269.06","12,395.97",20% AP,CIF,SEA,FCL/FCL,,RIGA,CALLAO,1,40HC,22,-,,,NA,DIRECTO,MAERSK,219691713,MSKU5528490,-,14/7/2022,14/8/2022,32,MAEU219691713,MAERSK BRANI 236X,7/10/2022,40,NO,NA,IMUPESA,AVM,905,26/9/2022,6/10/2022,118-2022-10-386102-01-4-00,7/10/2022,8/10/2022,7/10/2022,,13/10/2022,18/10/2022,19/10/2022,AVM,19/10/2022,001-0116963 ,TRANSPESA,19/10/2022,19/10/2022,FUNDO ARMONIA,29/12/2022,30/12/2022,52,,0001-0021883 ,036-000588,48,,,UPS,1Z48V0570499786951,-,Cargada en CP - [22-137-HPER // 4700002485 // MRKU2389699]
2022-2023,LIQUIPARCIAL,22-137-HPER,4700002485,RENE,PROJAR,SUSTRATOS ,TURBA BLEND 1530F,RV12,FX22-00353,22,MB,EUR,"11,269.06","12,395.97",20% AP,CIF,SEA,FCL/FCL,,RIGA,CALLAO,1,40HC,22,-,,,NA,DIRECTO,MAERSK,219691713,MRKU2389699,-,14/7/2022,14/8/2022,32,MAEU219691713,MAERSK BRANI 236X,7/10/2022,40,NO,NA,IMUPESA,AVM,905,26/9/2022,6/10/2022,118-2022-10-386102-01-4-00,7/10/2022,8/10/2022,7/10/2022,,13/10/2022,18/10/2022,19/10/2022,AVM,19/10/2022,001-0116964,TRANSPESA,19/10/2022,19/10/2022,FUNDO ARMONIA,29/12/2022,30/12/2022,52,, 0001-0022644,036-0000590 ,48,,,UPS,1Z48V0570499786951,-,Cargada en CP - [22-137-HPER // 4700002485 // MRKU3356940]
2022-2023,LIQUIPARCIAL,22-137-HPER,4700002485,RENE,PROJAR,SUSTRATOS ,TURBA BLEND 1530F,RV12,FX22-00353,22,MB,EUR,"11,269.06","12,395.97",20% AP,CIF,SEA,FCL/FCL,,RIGA,CALLAO,1,40HC,22,-,,,NA,DIRECTO,MAERSK,219691713,MRKU3356940,-,14/7/2022,14/8/2022,32,MAEU219691713,MAERSK BRANI 236X,7/10/2022,40,NO,NA,IMUPESA,AVM,905,26/9/2022,6/10/2022,118-2022-10-386102-01-4-00,7/10/2022,8/10/2022,7/10/2022,,13/10/2022,18/10/2022,19/10/2022,AVM,19/10/2022,001-0116961,TRANSPESA,19/10/2022,19/10/2022,FUNDO ARMONIA,27/12/2022,28/12/2022,52,,0001-0211043,036-0000587,49,,,UPS,1Z48V0570499786951,-,Cargada en CP - [22-137-HPER // 4700002485 // MSKU9292254
2022-2023,LIQUIPARCIAL,22-137-HPER,4700002485,RENE,PROJAR,SUSTRATOS ,TURBA BLEND 1530F,RV12,FX22-00353,22,MB,EUR,"11,269.06","12,395.97",20% AP,CIF,SEA,FCL/FCL,,RIGA,CALLAO,1,40HC,22,-,,,NA,DIRECTO,MAERSK,219691713,MSKU9292254,-,14/7/2022,14/8/2022,32,MAEU219691713,MAERSK BRANI 236X,7/10/2022,40,NO,NA,IMUPESA,AVM,905,26/9/2022,6/10/2022,118-2022-10-386102-01-4-00,7/10/2022,8/10/2022,7/10/2022,,13/10/2022,18/10/2022,19/10/2022,AVM,19/10/2022, 001-0116962,TRANSPESA,19/10/2022,19/10/2022,FUNDO ARMONIA,29/12/2022,30/12/2022,52,, 0001-0211668 ,036-0000589,49,,,UPS,1Z48V0570499786951,-,Cargada en CP - [22-137-HPER //4700002485 // MSKU5528490]
2022-2023,LIQUIPARCIAL,22-138-HPER,4700002486,RENE,PROJAR,SUSTRATOS ,TURBA BLEND 1530F,RV12,FX22-00354,22,MB,EUR,"11,269.06","12,395.97",20% AP,CIF,SEA,FCL/FCL,,RIGA,CALLAO,1,40HC,22,-,,,NA,DIRECTO,MSC,19935595113,MSCU4989484,-,2/10/2022,22/7/2022,29,MEDUTF668593,MSC RIDA NX231A,31/8/2022,35,NO,NA,IMUPESA,AVM,864,31/8/2022,28/9/2022,"	 118-2022-10-343405-01-5-00",1/9/2022,3/9/2022,6/9/2022,,9/9/2022,9/9/2022,,AVM,16/9/2022,001-0116161,TRANSPESA,17/9/2022,17/9/2022,FUNDO ARMONIA,16/12/2022,17/12/2022,50,,0001-040617 ,036-0000570,45,,,DHL,1Z48V0570492472909,-,Cargada en CP - [22-138-HPER // 4700002486 // MSCU4989484]
2022-2023,LIQUIPARCIAL,22-138-HPER,4700002486,RENE,PROJAR,SUSTRATOS ,TURBA BLEND 1530F,RV12,FX22-00354,22,MB,EUR,"11,269.06","12,395.97",20% AP,CIF,SEA,FCL/FCL,,RIGA,CALLAO,1,40HC,22,-,,,NA,DIRECTO,MSC,19935595113,TGBU6376979,-,-,22/7/2022,29,MEDUTF668593,MSC RIDA NX231A,31/8/2022,35,NO,NA,IMUPESA,AVM,864,31/8/2022,6/9/2022,"	 118-2022-10-343405-01-5-00",1/9/2022,3/9/2022,6/9/2022,,9/9/2022,9/9/2022,,AVM,16/9/2022,001-0116162,TRANSPESA,17/9/2022,17/9/2022,FUNDO ARMONIA,21/12/2022,22/12/2022,51,,001-0211664,036-0000573,45,,,DHL,1Z48V0570492472909,-,Cargada en CP - [22-138-HPER // 4700002486 // MSDU5398474]
2022-2023,LIQUIPARCIAL,22-138-HPER,4700002486,RENE,PROJAR,SUSTRATOS ,TURBA BLEND 1530F,RV12,FX22-00354,22,MB,EUR,"11,269.06","12,395.97",20% AP,CIF,SEA,FCL/FCL,,RIGA,CALLAO,1,40HC,22,-,,,NA,DIRECTO,MSC,19935595113,MSDU5398474,-,-,22/7/2022,29,MEDUTF668593,MSC RIDA NX231A,31/8/2022,35,NO,NA,IMUPESA,AVM,864,31/8/2022,6/9/2022,"	 118-2022-10-343405-01-5-00",1/9/2022,3/9/2022,6/9/2022,,9/9/2022,9/9/2022,,AVM,16/9/2022, 001-0116160 -,TRANSPESA,17/9/2022,17/9/2022,FUNDO ARMONIA,18/12/2022,19/12/2022,51,,0001-040705 , 036-0000569,45,,,DHL,1Z48V0570492472909,-,Cargada en CP - [22-138-HPER // 4700002486 // TGBU6376979]
2022-2023,LIQUIPARCIAL,22-139-HPER,4700002487,RENE,PROJAR,SUSTRATOS ,TURBA BLEND 1530F,RV12,FX22-00355,22,MB,EUR,"11,269.06","12,395.97",20% AP,CIF,SEA,FCL/FCL,,RIGA,CALLAO,1,40HC,22,-,,,NA,DIRECTO,MSC,19935591872,MSDU5403288,-,-,21/7/2022,29,MEDUTF666290,MSC RIDA NX231A,31/8/2022,35,NO,NA,IMUPESA,AVM,863,31/8/2022,6/9/2022,118-2022-10-343394-01-3-00,1/9/2022,7/10/2022,2/10/2022,,9/9/2022,9/9/2022,,AVM,17/9/2022,001-0116158,AGERSA,16/9/2022,17/9/2022,FUNDO ARMONIA,6/10/2022,7/10/2022,40,,0023-002357,036-0000383,45,,,DHL,1Z48V0570492472909,-,Cargada en CP -  [22-139-HPER // 4700002487 // MSDU5403288]
2022-2023,LIQUIPARCIAL,22-139-HPER,4700002487,RENE,PROJAR,SUSTRATOS ,TURBA BLEND 1530F,RV12,FX22-00355,22,MB,EUR,"11,269.06","12,395.97",20% AP,CIF,SEA,FCL/FCL,,RIGA,CALLAO,1,40HC,22,-,,,NA,DIRECTO,MSC,19935591872,MEDU7541756,-,-,21/7/2022,29,MEDUTF666290,MSC RIDA NX231A,31/8/2022,35,NO,NA,IMUPESA,AVM,863,31/8/2022,6/9/2022,118-2022-10-343394-01-3-00,1/9/2022,7/10/2022,2/10/2022,,9/9/2022,9/9/2022,,AVM,17/9/2022,001-0116159 ,AGERSA,16/9/2022,17/9/2022,FUNDO ARMONIA,11/10/2022,12/10/2022,41,,0039-002455,036-0000386,45,,,DHL,1Z48V0570492472909,-,Cargada en CP -  [22-139-HPER // 4700002487 // MEDU7541756]
2022-2023,LIQUIDADO,22-140-HPER,4700002402-1,RENE,FASTIK,E & E,FILM PUNNET PET 11OZ 5X7 (TICKET 84068-1),-,99610,"1,760,000",UN,USD,"95,022.40","95,022.40",30,EXW,SEA,FCL/LCL,,MIAMI,CALLAO,0.8,20ST,8,-,,,26/8/2022,FORBIS,SEABOARD,7327312,SMLU313338,8/9/2022,-,16/9/2022,37,HBOL0003989,HELLE RITSCHER,27/9/2022,39,SI,14/9/2022,IMUPESA,PASOC,54793,16/9/2022,25/9/2022,118-2022-10-372763-01-3-01,28/9/2022,7/10/2022,27/9/2022,,NA,NA,NA,PASOC,30/9/2022,001-0382303,AGERSA,30/9/2022,30/9/2022,PACKING SALAVERRY,3/10/2022,4/10/2022,40,,0059-001448,036-0000377,-,,,NA,NA,-,Cargada en CP - Se sacó contenedor de carpeta compartida. Erroneo en excel - [22-140-HPER // 4700002401-1 // SMLU3133386]
2022-2023,LIQUIDADO,22-140-HPER,4700002402-2,RENE,FASTIK,E & E,FILM PUNNET PET 11OZ 5X7 (TICKET 84068-2),-,99625,"297,000",UN,USD,"16,035.03","16,035.03",30,EXW,SEA,FCL/LCL,,MIAMI,CALLAO,0.2,20ST,2,-,,,26/8/2022,FORBIS,SEABOARD,7327312,SMLU313338,8/9/2022,-,16/9/2022,37,HBOL0003989,HELLE RITSCHER,27/9/2022,39,SI,14/9/2022,IMUPESA,PASOC,54793,16/9/2022,25/9/2022,118-2022-10-372763-01-3-01,28/9/2022,7/10/2022,27/9/2022,,NA,NA,NA,PASOC,30/9/2022,001-0382303,AGERSA,30/9/2022,30/9/2022,PACKING SALAVERRY,3/10/2022,4/10/2022,40,,0059-001448,036-0000377,-,,,NA,NA,-,Cargada en CP - Se sacó contenedor de carpeta compartida. Erroneo en excel - [22-140-HPER // 4700002401-2 // SMLU3133386]
2022-2023,LIQUIDADO,22-141-HPER,PEA23W1901,RENE,POPPELMAN,E & E,MUESTRAS,-,1,1,UN,EUR,1.00,1.10,0,DAP,AIR,AIR,,HAMBURG,LIMA,-,-,1,-,,,NA,DIRECTO,UPS,1Z76370Y0450006763,-,-,-,11/7/2022,28,76370YHYLJR,-,11/7/2022,28,NO,NA,UPS,UPS,NA,NA,9/7/2022,235-2022-28-00663341-10-0-00,11/7/2022,11/7/2022,9/7/2022,,NA,NA,NA,UPS,10/7/2022,NA,UPS,NA,NA,VIVERO ILUSION,17/7/2022,18/7/2022,29,,NA,NA,-,,,NA,NA,-,No cargada por medio de transporte AIRE [22-141-HPER]
2022-2023,LIQUIDADO,22-142-HPER,4700002401-1,RENE,FASTIK,E & E,FILM PUNNET PET 11OZ 5X7 (TICKET 84067-1),-,99681,"1,256,750",UN,USD,"67,851.93","67,851.93",30,EXW,SEA,FCL/LCL,,MIAMI,CALLAO,0.3,40HC,6,-,,,26/8/2022,FORBIS,SEABOARD,7327318,CAIU819897,8/9/2022,-,16/9/2022,37,HBOL0003988,HELLE RITSCHER,27/9/2022,39,SI,14/9/2022,IMUPESA,PASOC,54977,16/9/2022,23/9/2022, 118-2022-10-372288-01-3-00,28/9/2022,7/10/2022,27/9/2022,,NA,NA,NA,PASOC,30/9/2022,NA,AGERSA,30/9/2022,30/9/2022,PACKING CHAO,3/10/2022,4/10/2022,40,,NA,NA,-,,,NA,NA,-,Cargada en CP - Se sacó contenedor de carpeta compartida. Erroneo en excel - [22-142-HPER // 4700002415 // CAIU8198975]
2022-2023,LIQUIDADO,22-142-HPER,4700002403,RENE,FASTIK,E & E,FILM PUNNET PET 18OZ 7X7 CESTA (TICKET 84069),-,99482,"2,112,000",UN,USD,"156,900.48","156,900.48",30,EXW,SEA,FCL/LCL,,MIAMI,CALLAO,0.5,40HC,12,-,,,26/8/2022,FORBIS,SEABOARD,7327318,CAIU819897,7/9/2022,-,16/9/2022,37,HBOL0003988,HELLE RITSCHER,27/9/2022,39,SI,14/9/2022,IMUPESA,PASOC,54977,16/9/2022,23/9/2022, 118-2022-10-372288-01-3-00,28/9/2022,7/10/2022,27/9/2022,,NA,NA,NA,PASOC,30/9/2022,001-0382304,AGERSA,30/9/2022,30/9/2022,PACKING CHAO,3/10/2022,4/10/2022,40,,0052-002016,036-0000379,-,,,NA,NA,-,Cargada en CP - Se sacó contenedor de carpeta compartida. Erroneo en excel - [22-142-HPER // 4700002415 // CAIU8198975]
2022-2023,LIQUIDADO,22-142-HPER,4700002415-2,RENE,FASTIK,E & E,FILM PET/NO PRINT/PEELABLE /PUNNET 11OZ (TICKET 84073-2),-,99746,"780,000",UN,USD,"35,804.04","35,804.04",30,EXW,SEA,FCL/LCL,,MIAMI,CALLAO,0.2,40HC,2,-,,,26/8/2022,FORBIS,SEABOARD,7327318,CAIU819897,7/9/2022,-,16/9/2022,52,HBOL0003988,HELLE RITSCHER,27/9/2022,39,SI,14/9/2022,IMUPESA,PASOC,54977,16/9/2022,23/9/2022, 118-2022-10-372288-01-3-00,28/9/2022,7/10/2022,27/9/2022,,NA,NA,NA,PASOC,30/9/2022,001-0382304,AGERSA,30/9/2022,30/9/2022,PACKING CHAO,1/10/2022,2/10/2022,39,,0052-002017,036-0000378,-,,,NA,NA,-,Cargada en CP - Se sacó contenedor de carpeta compartida. Erroneo en excel - [22-142-HPER // 4700002415 // CAIU8198975]
2022-2023,LIQUIPARCIAL,22-143-HPER,4700002445,TATIANA,LIPPEL ,SPAREPARTS,RPTOS VARIOS PARA MAQUINA CHIPEADORA,-,34615,2,UN,USD,506.00,506.00,0,EXW,AIR,AIR,,VIRACOPOS,LIMA,-,-,1,6/7/2022,,,14/7/2022,NOATUM,DHL,-,-,1/8/2022,-,5/8/2022,31,3379381736,-,11/8/2022,32,NO,NA,DHL,DHL,NA,NA,11/8/2022,235-2022-28-00792513-10-9-00,11/8/2022,7/10/2022,11/8/2022,,NA,NA,NA,DHL,12/8/2022,NA,DHL,13/8/2022,NA,PACKING SALAVERRY,14/8/2022,15/8/2022,33,,NA,NA,-,,,NA,NA,-,Sin cargar por medio de transporte AIRE [22-143-HPER // 4700002445]
2022-2023,LIQUIPARCIAL,22-144-HPER,4700002438,TATIANA,RITEC,EQP & INST,SISTEMA DE FERTILIZACION ARMONIA 2,RV21,22/528,100,UN,EUR,"11,010.00","12,111.00",0,EXW,SEA,LCL/LCL,,BARCELONA,CALLAO,-,-,1,13/7/2022,,,15/7/2022,AIRSEALOG,CMA CGM,-,CMAU7047853,-,-,5/8/2022,31,BCN/CAL/06000,SANTOS EXPRESS 0WCCRS1MA,9/9/2022,36,SI,16-ago,DPW,LIP,14149,2/9/2022,13/9/2022,118-2022-10-355125-01-2-00,10/9/2022,10/9/2022,13/9/2022,,NA,NA,NA,LIP,15/9/2022,NA,AGERSA,15/9/2022,NA,FUNDO ARMONIA,18/9/2022,19/9/2022,38,,0045-002401,036-0000290,45,,,NA,NA,-,Cargada en CP - [22-144-HPER // 4700002438 // CMAU7047853]
2022-2023,LIQUIPARCIAL,22-145-HPER,4700002488,RENE,HFCH,PLANTAS,ROCIO,-,12882,"305,306",UN,USD,"795,031.48","795,031.48",90,CFR,AIR,AIR,,SANTIAGO,LIMA,-,-,10,-,,,NA,DIRECTO,KOREAN,-,-,-,-,18/7/2022,29,180-48520721,KE0274,18/7/2022,29,SI,21/7/2022,SAASA,AVM,745,21/7/2022,21/7/2022,235-2022-10-108126-01-6-00 ,18/7/2022,18/7/2022,21/7/2022,,25/7/2022,25/7/2022,NA,NA,25/7/2022,NA,RVC,NA,NA,VIVERO ILUSION,25/7/2022,26/7/2022,30,,0005-003371,NA,-,,,NA,NA,-,No cargada por medio de transporte AIRE [22-099-HPER // 4700002443]
2022-2023,LIQUIPARCIAL,22-146-HPER,4700002459,TATIANA,GUTTIS,EQP & INST,"ELITE KIT- STANDARD V-RING, W/O RISER",RV21,504,1600,UN,USD,"24,631.32","24,631.32",0,FOB,SEA,FCL/LCL,,HAIFA,CALLAO,0.5,40HC,4,31/7/2022,,,18/7/2022,JAS,CMA CGM,-,DFSU1305097,-,-,3/8/2022,31,319998,CMA CGM OHIO / 2232S,16/9/2022,37,SI,3/8/2022,IMUPESA,LIP,14189,12/9/2022,14/9/2022,118-2022-10-357101-01-3-01,17/9/2022,7/10/2022,16/9/2022,,NA,NA,20/9/2022,LIP,21/9/2022,001-19130,AGERSA,22/9/2022,22/9/2022,FUNDO ARMONIA,29/9/2022,30/9/2022,39,,0051-002472,036-0000369,-,,,NA,NA,-,Cargada en CP - [22-146-HPER // 4700002459 // DFSU1305097]
2022-2023,LIQUIPARCIAL,22-146-HPER,4700002459,TATIANA,GUTTIS,EQP & INST,SUPER 10 REGULATED HIGH YELLOW NOZZLE 450L/H,RV21,504,1600,UN,USD,"5,747.48","5,747.48",0,FOB,SEA,FCL/LCL,,HAIFA,CALLAO,0.5,40HC,4,31/7/2022,,,18/7/2022,JAS,CMA CGM,-,DFSU1305097,-,-,3/8/2022,31,319998,CMA CGM OHIO / 2232S,16/9/2022,37,SI,3/8/2022,IMUPESA,LIP,14189,12/9/2022,14/9/2022,118-2022-10-357101-01-3-01,17/9/2022,7/10/2022,16/9/2022,,NA,NA,20/9/2022,LIP,21/9/2022,001-19130,AGERSA,22/9/2022,22/9/2022,FUNDO ARMONIA,29/9/2022,30/9/2022,39,,0051-002472,036-0000369,-,,,NA,NA,-,Cargada en CP - [22-146-HPER // 4700002459 // DFSU1305097]
2022-2023,LIQUIPARCIAL,22-147-HPER,4700002444,TATIANA,SMARTPACK,SPAREPARTS,RPTOS VARIOS PARA MAQUINA HEAT SEALER,-,107,11,UN,USD,"3,466.20","3,466.20",0,EXW,AIR,AIR,,SANTIAGO,LIMA,-,-,1,21/7/2022,,,26/7/2022,AIRSEALOG,JETSMART,-,-,3/8/2022,-,4/8/2022,31,PELIM22079A,JA0400,4/8/2022,31,SI,4/8/2022,ALFOSAC,LIP,11983,3/8/2022,3/8/2022,235-2022-10-114504-01-9-01,4/8/2022,5/8/2022,5/8/2022,,NA,NA,NA,LIP,9/8/2022,0001-018823,AGERSA,10/8/2022,NA,PACKING SALAVERRY,12/8/2022,13/8/2022,32,,0053-001870,036-0000228,-,,,NA,NA,-,No cargada por medio de transporte AIRE [22-147-HPER // 4700002444]
2022-2023,LIQUIPARCIAL,22-148-HPER,4700002554,RENE,NAMPLANTS,PLANTAS,PLANTAS PARA GENETICA,-,11576A,295,UN,USD,"4,155.85","4,155.85",30,CIF,AIR,AIR,,LOS ANGELES,CALLAO,-,-,4,-,,,NA,DIRECTO,LAN,-,-,-,-,6/8/2022,31,045-08949533,2477,7/8/2022,31,NO,NA,TALMA,AVM,812,5/8/2022,12/8/2022,235-2022-10-119275-01-8-02,7/8/2022,7/8/2022,12/8/2022,,15/8/2022,15/8/2022,NA,NA,15/8/2022,NA,AVM,16/8/2022,NA,LABORATORIO GENETICA,15/8/2022,16/8/2022,33,,001-0115209,PENDIENTE,-,,,NA,NA,-,No cargada por medio de transporte AIRE [22-148-HPER]
2022-2023,LIQUIPARCIAL,22-149-HPER,4700001929,RENE,OZ,PLANTAS,BONITA,RV11,INV-OVAU-1505 / INV-OVAU-1606 / INV-OVAU-1607,"51,100",UN,USD,"132,860.00","132,860.00",0,CFR,AIR,AIR,,SANTIAGO,LIMA,-,-,2,-,,,NA,DIRECTO,KOREAN,-,-,-,-,8/8/2022,32,180-48563874,KE0274,8/8/2022,32,SI,8/8/2022,SAASA,AVM,824,10/8/2022,12/8/2022,235-2022-10-119315-01-1-00,8/8/2022,8/8/2022,12/8/2022,,16/8/2022,16/8/2022,NA,NA,17/8/2022,NA,AVM,NA,NA,VIVERO ILUSION,17/8/2022,18/8/2022,33,,001-0115218,NA,-,,,NA,NA,-,No cargada por medio de transporte AIRE [22-099-HPER // 4700002443]
2022-2023,LIQUIPARCIAL,22-149-HPER,4700001929,RENE,OZ,PLANTAS,MAGICA,RV11,INV-OVAU-1505 / INV-OVAU-1606 / INV-OVAU-1607,"5,200",UN,USD,"13,520.00","13,520.00",0,CFR,AIR,AIR,,SANTIAGO,LIMA,-,-,1,-,,,NA,DIRECTO,KOREAN,-,-,-,-,8/8/2022,32,180-48563874,KE0274,8/8/2022,32,SI,8/8/2022,SAASA,AVM,824,10/8/2022,12/8/2022,235-2022-10-119315-01-1-00,8/8/2022,8/8/2022,12/8/2022,,16/8/2022,16/8/2022,NA,NA,17/8/2022,NA,AVM,NA,NA,VIVERO ILUSION,17/8/2022,18/8/2022,33,,001-0115218,NA,-,,,NA,NA,-,No cargada por medio de transporte AIRE [22-099-HPER // 4700002443]
2022-2023,LIQUIPARCIAL,22-149-HPER,4700002560,RENE,OZ,PLANTAS,BONITA - REPOSICION,RV11, 08-2022,"16,474",UN,USD,"42,832.40","42,832.40",0,CFR,AIR,AIR,,SANTIAGO,LIMA,-,-,1,-,,,NA,DIRECTO,KOREAN,-,-,-,-,8/8/2022,32,180-48563874,KE0274,8/8/2022,32,SI,8/8/2022,SAASA,AVM,824,10/8/2022,12/8/2022,235-2022-10-119315-01-1-00,8/8/2022,8/8/2022,12/8/2022,,16/8/2022,16/8/2022,NA,NA,17/8/2022,NA,AVM,NA,NA,VIVERO ILUSION,17/8/2022,18/8/2022,33,,001-0115218,NA,-,,,NA,NA,-,No cargada por medio de transporte AIRE [22-099-HPER // 4700002443]
2022-2023,LIQUIPARCIAL,22-150-HPER,4700002542,RENE,HFCH,PLANTAS,ROCIO,-,12884,"44,680",UN,USD,"115,754.14","115,754.14",90,CFR,AIR,AIR,,SANTIAGO,LIMA,-,-,2,-,,,NA,DIRECTO,KOREAN,-,-,-,-,8/8/2022,32,180-48563885,KE0274,8/8/2022,32,SI,12/8/2022,SAASA,AVM,818,9/8/2022,13/8/2022,235-2022-10-120358-01-0-00,8/8/2022,8/8/2022,12/8/2022,,17/8/2022,17/8/2022,NA,NA,18/8/2022,001-0115217,GARRIDO,NA,NA,VIVERO ILUSION,18/8/2022,19/8/2022,33,,0001-039900,NA,-,,,NA,NA,-,No cargada por medio de transporte AIRE [22-099-HPER // 4700002443]
2022-2023,LIQUIPARCIAL,22-150-HPER,4700002542,RENE,HFCH,PLANTAS,HT73,-,12885,"96,967",UN,USD,"87,275.55","87,275.55",90,CFR,AIR,AIR,,SANTIAGO,LIMA,-,-,3,-,,,NA,DIRECTO,KOREAN,-,-,-,-,8/8/2022,32,180-48563885,KE0274,8/8/2022,32,SI,12/8/2022,SAASA,AVM,818,9/8/2022,13/8/2022,235-2022-10-120358-01-0-00,8/8/2022,8/8/2022,12/8/2022,,17/8/2022,17/8/2022,NA,NA,18/8/2022,001-0115217,GARRIDO,NA,NA,VIVERO ILUSION,18/8/2022,19/8/2022,33,,0001-039900,NA,-,,,NA,NA,-,No cargada por medio de transporte AIRE [22-099-HPER // 4700002443]
2022-2023,LIQUIDADO,22-151-HPER,4700002468,RENE,NANO,EQP & INST,NANOPARTICULAS DE PLATA C/PVP 240 ML,-,2,1,UN,USD,22.00,22.00,0,CIP,AIR,AIR,,MEXICO,LIMA,-,-,1,-,,,NA,DIRECTO,DHL,-,-,5/8/2022,-,6/8/2022,31,8471819020,-,9/8/2022,32,NO,NA,DHL,DHL,NA,NA,8/8/2022,235-2022-28-00783459-10-5-00,9/8/2022,9/8/2022,8/8/2022,,NA,NA,NA,DHL,24/8/2022,NA,ET EXPRESS,NA,NA,FUNDO ARMONIA,25/8/2022,26/8/2022,34,,0001-000452,NA,-,,,NA,NA,-,No cargada por metodo de transporte AIRE [4700002468]
2022-2023,LIQUIDADO,22-152-HPER,4700002460,RENE,INFIA ,E & E,TAPA PUNNET CELULOSA EC 2843 Lid,-,U3 82220940,263250,UN,EUR,"9,213.75","10,135.13",90,CIF,SEA,FCL/FCL,,LIVORNO,CALLAO,1,20ST,240,-,,,NA,INTERGLOBO,HAPAG,-,HLXU1069997,-,5/8/2022,12/8/2022,32,1527680,COSCO SHIPPING VOLGA ,23/9/2022,38,NO,NA,IMUPESA,PASOC,53846,4/9/2022,22/9/2022,"	 118-2022-10-369073-01-1-00",23/9/2022,25/9/2022,23/9/2022,,NA,NA,3/10/2022,PASOC,29/9/2022,001-0382283,AGERSA,29/9/2022,29/9/2022,PACKING CHAO,7/10/2022,8/10/2022,40,,0028-002881,036-0000384,-,,,NA,NA,-,Cargada en CP - Falta booking - [22-152-HPER // 4700002460 // HLXU1069997] (15/03)
2022-2023,LIQUIPARCIAL,22-153-HPER,4700002535,RENE,HFCH,PLANTAS,HT 73,-,12886,"113,300",UN,USD,"101.735,00","101.735,00",90,CFR,AIR,AIR,,SANTIAGO,LIMA,-,-,4,-,,,NA,DIRECTO,KOREAN,-,-,-,-,15/8/2022,33,180-48563900,KE 0274,15/8/2022,33,SI,18/8/2022,SAASA,AVM,847,18/8/2022,18/8/2022,235-2022-10-122537-01-1-00,15/8/2022,15/8/2022,18/8/2022,,19/8/2022,19/8/2022,NA,NA,21/8/2022,001-0115358,RVC,NA,NA,VIVERO ILUSION,21/8/2022,22/8/2022,34,,0005-003395,NA,-,,,NA,NA,-,No cargada por medio de transporte AIRE [22-153-HPER]
2022-2023,LIQUIPARCIAL,22-153-HPER,4700002561,RENE,HFCH,PLANTAS,ROCIO - REPOSICION,-,12887,"50,400",UN,USD,"130,811.60","130,811.60",90,CFR,AIR,AIR,,SANTIAGO,LIMA,-,-,1,-,,,NA,DIRECTO,KOREAN,-,-,-,-,15/8/2022,33,180-48563900,KE 0274,15/8/2022,33,SI,18/8/2022,SAASA,AVM,847,18/8/2022,18/8/2022,235-2022-10-122537-01-1-00,15/8/2022,15/8/2022,18/8/2022,,19/8/2022,19/8/2022,NA,NA,21/8/2022,001-0115358,RVC,NA,NA,VIVERO ILUSION,21/8/2022,22/8/2022,34,,0005-003395,NA,-,,,NA,NA,-,No cargada por medio de transporte AIRE [22-153-HPER]
2022-2023,LIQUIPARCIAL,22-153-HPER,4700002561,RENE,HFCH,PLANTAS,ROCIO - REPOSICION,-,12887,"14,300",UN,USD,"37,115.20","37,115.20",90,CFR,AIR,AIR,,SANTIAGO,LIMA,-,-,1,-,,,NA,DIRECTO,KOREAN,-,-,-,-,15/8/2022,33,180-48563900,KE 0274,15/8/2022,33,SI,18/8/2022,SAASA,AVM,847,18/8/2022,18/8/2022,235-2022-10-122537-01-1-00,15/8/2022,13/9/2022,18/8/2022,,19/8/2022,19/8/2022,NA,NA,21/8/2022,001-0115358,RVC,NA,NA,VIVERO ILUSION,21/8/2022,22/8/2022,34,,0005-003395,NA,-,,,NA,NA,-,No cargada por medio de transporte AIRE [22-153-HPER]
2022-2023,LIQUIPARCIAL,22-154-HPER,4700002552,RENE,HFCH,PLANTAS,HT73,-,12890,"200,160",UN,USD,"178,661.20","178,661.20",90,CFR,AIR,AIR,,SANTIAGO,LIMA,-,-,6,-,,,NA,DIRECTO,KOREAN,-,-,-,-,22/8/2022,34,180-48565801 ,KE 0274,22/8/2022,34,SI,22-ago,SAASA,AVM,857,22/8/2022,23/8/2022,235-2022-10-124865-01-4-00,22/8/2022,22/8/2022,23/8/2022,,24/8/2022,24/8/2022,NA,NA,26/8/2022,001-0115382,GARRIDO,NA,NA,VIVERO ILUSION,26/8/2022,27/8/2022,34,,0001-039475,NA,-,,,NA,NA,-,No cargada por medio de transporte AIRE [22-154-HPER]
2022-2023,LIQUIDADO,22-155-HPER,PEA23U0101,RENE,HFIMP,SPAREPARTS,RPTOS VARIOS PARA MAQUINA HEAT SEALER (MUESTRAS),-,DIS184377,3,UN,USD,"63,308.72","63,308.72",0,CPT,AIR,AIR,,MIAMI,LIMA,-,-,2,-,,,NA,K&N,NORTHERN,345-29238112,-,-,-,30/7/2022,30,1047623520,NC411/24,31/7/2022,30,NO,NA,TALMA,LIP,13126,22/8/2022,23/8/2022,235-2022-10-124722-01-9-00,10/10/2022,31/7/2022,6/9/2022,,NA,NA,NA,LIP,7/9/2022,PENDIENTE,AGERSA,NA,NA,OLMOS,30/8/2022,31/8/2022,35,,PENDIENTE,NA,-,,,NA,NA,-,No cargada por medio de transporte AIRE [22-155-HPER]
2022-2023,LIQUIPARCIAL,22-156-HPER,4700002509,MELANIE,UNITEC,SPAREPARTS,RPTOS VARIOS PARA MAQUINA CALIBRADORA DE ARANDANOS,-,111,6,UN,EUR,"2,657.21","2,922.93",0,EXW,AIR,AIR,,SANTIAGO,LIMA,-,-,1,18/8/2022,,,22/8/2022,AIRSEALOG,KOREAN,180-48522810,-,26/8/2022,-,2/9/2022,35,PELIM22091C,-,2/9/2022,35,SI,26/9/2022,ALFOSAC,LIP,14988,26/9/2022,27/9/2022,235-2022-10-143149-01-9-00,10/10/2022,2/9/2022,27/9/2022,,NA,NA,NA,LIP,27/9/2022,001-019162,AGERSA,28/9/2022,NA,PACKING CHAO,29/9/2022,30/9/2022,39,,0051-002470,036-000368,-,,,NA,NA,-,No cargada por medio de transporte AIRE [22-156-HPER]
2022-2023,LIQUIPARCIAL,22-157-HPER,4700002439,OMAR,PROMISOL ,AGQ,MUCIGEL,-,F22340,"18,000",LT,EUR,"160,200.00","176,220.00",90,EXW,SEA,FCL/FCL,,BARCELONA,CALLAO,1,20ST,18,15/8/2022,,,31/7/2022,NOATUM,CMA CGM,IBC0966192,TCKU1860800,23/8/2022,23/8/2022,26/8/2022,34,550761,CMA CGM ARKANSAS,11/10/2022,41,SI,13/9/2022,IMUPESA,PASOC,55863,29/9/2022,7/10/2022,118-2022-10-390098-01-8-00,10/10/2022,12/10/2022,11/10/2022,,NA,NA,16/10/2022,PASOC,17/10/2022,001-0385945,TRANSPESA,17/10/2022,NA,FUNDO ARMONIA,15/11/2022,16/11/2022,46,,0001-0210923,036-0000189,-,,,NA,NA,-,Cargada en CP - [22-157-HPER // 4700002439 // TCKU1860800] (Se saco cont de la naviera)
2022-2023,LIQUIPARCIAL,22-158-HPER,4700002446,TATIANA,AZUD,EQP & INST,AZUD HELIX AUTOMATC4DCL8/10FXDLP MG130M,RV21,FVM22-001022,3,UN,USD,"34,628.51","34,628.51",25%AP,EXW,SEA,LCL/LCL,,BARCELONA,CALLAO,-,-,3,25/7/2022,,,26/7/2022,AIRSEALOG,CMA CGM,-,CXRU1003735,4/8/2022,-,15/8/2022,33,12022080186,CMA CGM OHIO 0WCCTS1MA,16/9/2022,37,SI,31/8/2022,VILLAS OQUENDO,LIP,14178,5/9/2022,14/9/2022,118-2022-10-357051-01-6-00,10/10/2022,7/10/2022,2/10/2022,,NA,NA,NA,LIP,20/9/2022,0001-019115,AGERSA,20/9/2022,NA,FUNDO ARMONIA,22/9/2022,23/9/2022,38,,0059-001442,036-0000352,45,,,NA,NA,-,Cargada en CP - Falta booking - [22-158-HPER // 4700002446 // CXRU1003735] (15/03)
2022-2023,LIQUIDADO,22-159-HPER,4700002464,RENE,QUALIBIO,E & E,PUNNET CELULOSA EC 2843 Base,-,603,"173,250",UN,EUR,"22,695.75","24,965.33",0,EXW,SEA,FCL/FCL,,BARCELONA,CALLAO,1,20ST,10,20/7/2022,,,26/7/2022,ANDES,MSC,048IBC0297969,TLLU3446667,-,-,14/8/2022,32,95223,MSC ANZU NX232A,15/9/2022,37,SI,12/9/2022,IMUPESA,PASOC,54501,13/9/2022,15/9/2022,118-2022-10-358748-01-0-00,17/10/2022,7/10/2022,2/10/2022,,NA,NA,NA,PASOC,30/9/2022,001-0382302,AGERSA,30/9/2022,30/9/2022,PACKING CHAO,3/10/2022,4/10/2022,40,,0059-001448,036-0000377,-,,,NA,NA,-,Cargada en CP - [22-159-HPER // 4700002464 // TLLU3446667 ]
2022-2023,LIQUIDADO,22-160-HPER,4700002465,RENE,POPPELMAN,E & E,MACETA CUADRADA INYECT 9X9X9.5cm 0.49L,-,322084597,"732,400",UN,EUR,"28,540.90","31,394.99",0,FCA,SEA,FCL/FCL,,ROTTERDAM,CALLAO,1,40HC,25,2/8/2022,,,25/7/2022,AIRSEALOG,HAPAG,20044425,TCNU1860276,11/8/2022,12/8/2022,19/8/2022,33,CTLT08025039424,COSCO SHIPPING VOLGA,23/9/2022,38,SI,31-ago,IMUPESA,PASOC,54707,14/9/2022,22/9/2022,118-2022-10-369673-01-7-00,17/10/2022,7/10/2022,2/10/2022,,NA,NA,6/10/2022,PASOC,28/9/2022,001-0382267 ,AGERSA,28/9/2022,28/9/2022,VIVERO ILUSION,17/10/2022,18/10/2022,42,,0023-002359,036-0000392,-,,,NA,NA,-,Cargada en CP - [22-160-HPER // 4700002465 // TCNU1860276] 
2022-2023,LIQUIPARCIAL,22-161-HPER,4700002510,RENE,CARFIA ,SUSTRATOS ,EASY PLANTER 12.5 L,RV21,020/CCI/22-23,"16,000",UN,USD,"27,700.00","27,700.00",0,CIF,SEA,FCL/FCL,,TUTICORIN,CALLAO,1,40HC,20,-,,,NA,DIRECTO,MSC,EBKG03525709,MSMU4165242,-,4/7/2022,7/7/2022,27,MEDUI9697802,MSC JEONGMIN NX234A,1/10/2022,39,NO,NA,IMUPESA,AVM,922,19/9/2022,26/9/2022,118-2022-10-373159-01-2-00,17/10/2022,7/10/2022,1/10/2022,,6/10/2022,6/10/2022,22/10/2022,AVM,7/10/2022,001-0116587,AGERSA,7/10/2022,7/10/2022,FUNDO REMANSO,6/10/2022,7/10/2022,40,,0040-002440, 036-0000422 ,-,,,DHL,1454424451,-,Cargada en CP - [22-161-HPER // 4700002510 // MSMU4165242]
2022-2023,LIQUIPARCIAL,22-161-HPER,4700002510,RENE,CARFIA ,SUSTRATOS ,EASY PLANTER 12.5 L,RV21,020/CCI/22-23,"16,000",UN,USD,"27,700.00","27,700.00",0,CIF,SEA,FCL/FCL,,TUTICORIN,CALLAO,1,40HC,20,-,,,NA,DIRECTO,MSC,EBKG03525709,TRHU7620240,-,4/7/2022,7/7/2022,27,MEDUI9697802,MSC JEONGMIN NX234A,1/10/2022,39,NO,NA,IMUPESA,AVM,922,19/9/2022,26/9/2022,118-2022-10-373159-01-2-00,17/10/2022,7/10/2022,1/10/2022,,6/10/2022,6/10/2022,22/10/2022,AVM,7/10/2022,001-0116586,AGERSA,7/10/2022,7/10/2022,FUNDO REMANSO,6/10/2022,7/10/2022,40,,025-0002990 , 036-0000428,-,,,DHL,1454424451,-,Cargada en CP - [22-161-HPER // 4700002510 // TRHU7620240]
2022-2023,LIQUIPARCIAL,22-162-HPER,4700002511,RENE,CARFIA ,SUSTRATOS ,EASY PLANTER 12.5 L,RV21,021/CCI/22-23,"16,000",UN,USD,"27,700.00","27,700.00",0,CIF,SEA,FCL/FCL,,TUTICORIN,CALLAO,1,40HC,20,-,,,NA,DIRECTO,MSC,EBKG03540335,FFAU1576652,-,-,10/7/2022,27,MEDUI9727310,CAPE AKRITAS NX233A,21/9/2022,38,NO,NA,IMUPESA,AVM,899,12/9/2022,22/9/2022,118-2022-10-369249-01-0-00,2/10/2022,7/10/2022,22/9/2022,,27/9/2022,27/9/2022,12/10/2022,AVM,29/9/2022, 001-0116526,RVC,29/9/2022,29/9/2022,FUNDO REMANSO,16/10/2022,17/10/2022,42,,0026-000671,036-0000327,-,,,DHL,1454424451,-,Cargada en CP - [22-162-HPER // 4700002511 // FFAU1576652]
2022-2023,LIQUIPARCIAL,22-162-HPER,4700002511,RENE,CARFIA ,SUSTRATOS ,EASY PLANTER 12.5 L,RV21,021/CCI/22-23,"16,000",UN,USD,"27,700.00","27,700.00",0,CIF,SEA,FCL/FCL,,TUTICORIN,CALLAO,1,40HC,20,-,,,NA,DIRECTO,MSC,EBKG03540335,FFAU2020837,-,-,10/7/2022,27,MEDUI9727310,CAPE AKRITAS NX233A,21/9/2022,38,NO,NA,IMUPESA,AVM,899,12/9/2022,22/9/2022,118-2022-10-369249-01-0-00,2/10/2022,7/10/2022,22/9/2022,,27/9/2022,27/9/2022,12/10/2022,AVM,29/9/2022,001-0116527 ,RVC,29/9/2022,29/9/2022,FUNDO REMANSO,17/10/2022,18/10/2022,42,,0032-000225,036-0000332,-,,,DHL,1454424451,-,Cargada en CP -  [22-162-HPER // 4700002511 // FFAU2020837]
2022-2023,LIQUIDADO,22-163-HPER,4700002512,RENE,CARFIA ,SUSTRATOS ,EASY PLANTER 12.5 L,RV21,022/CCI/22-23,"16,000",UN,USD,"27,700.00","27,700.00",0,CIF,SEA,FCL/FCL,,TUTICORIN,CALLAO,1,40HC,20,-,,,NA,DIRECTO,MSC,EBKG03574670,MSDU5032870,-,11/7/2022,13/7/2022,28,MEDUI9800547,MSC ROMANE NX236A,6/10/2022,40,NO,NA,IMUPESA,AVM,942,25/9/2022,5/10/2022,"	 118-2022-10-384800-01-6-00",7/10/2022,7/10/2022,6/10/2022,,11/10/2022,11/10/2022,26/10/2022,AVM,19/10/2022,001-0116951,RVC,19/10/2022,NA,FUNDO REMANSO,1/11/2022,2/11/2022,44,,0012-001566, 036-0000344,-,,,DHL,1454424451,-,Cargada en CP - [22-163-HPER // 4700002512 // MSDU5032870]
2022-2023,LIQUIDADO,22-163-HPER,4700002512,RENE,CARFIA ,SUSTRATOS ,EASY PLANTER 12.5 L,RV21,022/CCI/22-23,"16,000",UN,USD,"27,700.00","27,700.00",0,CIF,SEA,FCL/FCL,,TUTICORIN,CALLAO,1,40HC,20,-,,,NA,DIRECTO,MSC,EBKG03574670,CAIU4662270,-,11/7/2022,13/7/2022,28,MEDUI9800547,MSC ROMANE NX236A,6/10/2022,40,NO,NA,IMUPESA,AVM,942,25/9/2022,5/10/2022,"	 118-2022-10-384800-01-6-00",7/10/2022,7/10/2022,6/10/2022,,11/10/2022,11/10/2022,26/10/2022,AVM,19/10/2022,001-0116950,RVC,19/10/2022,NA,FUNDO REMANSO,1/11/2022,2/11/2022,44,,0032-000242,036-0000343,-,,,DHL,1454424451,-,Cargada en CP - [22-163-HPER // 4700002512 // CAIU4662270]
2022-2023,LIQUIPARCIAL,22-164-HPER,4700002513,RENE,CARFIA ,SUSTRATOS ,EASY PLANTER 12.5 L,RV21,024/CCI/22-23,"16,000",UN,USD,"27,700.00","27,700.00",0,CIF,SEA,FCL/FCL,,TUTICORIN,CALLAO,1,40HC,20,-,,,NA,DIRECTO,MSC,EBKG03601763,MSCU5454609,-,16/7/2022,17/7/2022,28,MEDUI9868122,MSC ROMANE NX236A,6/10/2022,40,NO,NA,IMUPESA,AVM,947,25/9/2022,4/10/2022,118-2022-10-383169-01-0-00,7/10/2022,7/10/2022,6/10/2022,,11/10/2022,11/10/2022,26/10/2022,AVM,12/10/2022, 001-0116949,RVC,12/10/2022,NA,FUNDO REMANSO,18/10/2022,19/10/2022,42,,0028-000235,036-0000336 ,-,,,DHL,1454424451,-,Cargada en CP - [22-164-HPER // 4700002513 // MSCU5454609]
2022-2023,LIQUIPARCIAL,22-164-HPER,4700002513,RENE,CARFIA ,SUSTRATOS ,EASY PLANTER 12.5 L,RV21,024/CCI/22-23,"16,000",UN,USD,"27,700.00","27,700.00",0,CIF,SEA,FCL/FCL,,TUTICORIN,CALLAO,1,40HC,20,-,,,NA,DIRECTO,MSC,EBKG03601763,MEDU4818662,-,16/7/2022,17/7/2022,28,MEDUI9868122,MSC ROMANE NX236A,6/10/2022,40,NO,NA,IMUPESA,AVM,947,25/9/2022,4/10/2022,118-2022-10-383169-01-0-00,7/10/2022,7/10/2022,6/10/2022,,11/10/2022,11/10/2022,26/10/2022,AVM,12/10/2022,001-0116948 ,JOSELITO,12/10/2022,12/10/2022,FUNDO REMANSO,27/11/2022,28/11/2022,48,,0001-0210255, 036-0000553 ,-,,,DHL,1454424451,-,Cargada en CP - [22-164-HPER // 4700002513 // MEDU4818662]
2022-2023,LIQUIPARCIAL,22-165-HPER,4700002514,RENE,CARFIA ,SUSTRATOS ,EASY PLANTER 12.5 L,RV21,025/CCI/22-23,"16,000",UN,USD,"27,700.00","27,700.00",0,CIF,SEA,FCL/FCL,,TUTICORIN,CALLAO,1,40HC,20,-,,,NA,DIRECTO,MSC,EBKG03618693,FBLU0035329,-,18/7/2022,21/7/2022,29,MEDUI9902186,MSC ROMANE NX236A,6/10/2022,40,NO,NA,IMUPESA,AVM,948,25/9/2022,4/10/2022,118-2022-10-383341-01-8-00,7/10/2022,7/10/2022,6/10/2022,,11/10/2022,11/10/2022,26/10/2022,AVM,12/10/2022, 001-0116046,TRANSPESA,12/10/2022,12/10/2022,FUNDO REMANSO,22/12/2022,23/12/2022,51,,0001-005909 ,036-0000578 ,-,,,DHL,1454424451,-,Cargada en CP - [22-165-HPER // 4700002514 // FBLU0035329]
2022-2023,LIQUIPARCIAL,22-165-HPER,4700002514,RENE,CARFIA ,SUSTRATOS ,EASY PLANTER 12.5 L,RV21,025/CCI/22-23,"16,000",UN,USD,"27,700.00","27,700.00",0,CIF,SEA,FCL/FCL,,TUTICORIN,CALLAO,1,40HC,20,-,,,NA,DIRECTO,MSC,EBKG03618693,TGBU6425097,-,18/7/2022,21/7/2022,29,MEDUI9902186,MSC ROMANE NX236A,6/10/2022,40,NO,NA,IMUPESA,AVM,948,25/9/2022,4/10/2022,118-2022-10-383341-01-8-00,7/10/2022,7/10/2022,6/10/2022,,11/10/2022,11/10/2022,26/10/2022,AVM,12/10/2022, 001-0116047,JOSELITO,12/10/2022,12/10/2022,FUNDO REMANSO,22/12/2022,23/12/2022,51,,0001-0209807, 036-0000581,-,,,DHL,1454424451,-,Cargada en CP - [22-165-HPER // 4700002514 // TGBU6425097]
2022-2023,LIQUIDADO,22-166-HPER,4700002515,RENE,CARFIA ,SUSTRATOS ,EASY PLANTER 12.5 L,RV21,026/CCI/22-23,"16,000",UN,USD,"27,700.00","27,700.00",0,CIF,SEA,FCL/FCL,,TUTICORIN,CALLAO,1,40HC,20,-,,,NA,DIRECTO,MSC,EBKG03640760,CAIU8735708,-,21/7/2022,24/7/2022,29,MEDUI9958766,MSC JEONGMIN NX234A,1/10/2022,39,NO,NA,IMUPESA,AVM,925,19/9/2022,22/9/2022,118-2022-10-370525-01-8-00,2/10/2022,7/10/2022,1/10/2022,,6/10/2022,6/10/2022,22/10/2022,AVM,7/10/2022, 001-0116592,RVC,7/10/2022,7/10/2022,FUNDO REMANSO,30/10/2022,31/10/2022,44,,0015-00103,036-0000340,-,,,DHL,1454424451,-,Cargada en CP - [22-166-HPER // 4700002515 // CAIU8735708]
2022-2023,LIQUIDADO,22-166-HPER,4700002515,RENE,CARFIA ,SUSTRATOS ,EASY PLANTER 12.5 L,RV21,026/CCI/22-23,"16,000",UN,USD,"27,700.00","27,700.00",0,CIF,SEA,FCL/FCL,,TUTICORIN,CALLAO,1,40HC,20,-,,,NA,DIRECTO,MSC,EBKG03640760,MSDU7039848,-,21/7/2022,24/7/2022,29,MEDUI9958766,MSC JEONGMIN NX234A,1/10/2022,39,NO,NA,IMUPESA,AVM,925,19/9/2022,22/9/2022,118-2022-10-370525-01-8-00,2/10/2022,7/10/2022,1/10/2022,,6/10/2022,6/10/2022,22/10/2022,AVM,7/10/2022, 001-0116593,RVC,7/10/2022,7/10/2022,FUNDO REMANSO,16/10/2022,17/10/2022,42,, 0003-003824, 036-0000330,-,,,DHL,1454424451,-,Cargada en CP - [22-166-HPER // 4700002515 // MSDU7039848]
2022-2023,LIQUIPARCIAL,22-167-HPER,4700002516,RENE,CARFIA ,SUSTRATOS ,EASY PLANTER 12.5 L,RV21,028/CCI/22-23,"16,000",UN,USD,"27,700.00","27,700.00",0,CIF,SEA,FCL/FCL,,TUTICORIN,CALLAO,1,40HC,20,-,,,NA,DIRECTO,MSC,EBKG03667313,GAOU6710206,-,21/7/2022,25/7/2022,30,MEDUIY015915,MSC JEONGMIN NX234A,1/10/2022,39,NO,NA,IMUPESA,AVM,923,18/9/2022,22/9/2022,118-2022-10-370523-01-5-00,2/10/2022,7/10/2022,1/10/2022,,6/10/2022,6/10/2022,22/10/2022,AVM,7/10/2022, 001-0116589,RVC,7/10/2022,7/10/2022,FUNDO REMANSO,16/10/2022,17/10/2022,42,,0009-001679,036-0000329,-,,,DHL,1454424451,-,Cargada en CP - [22-167-HPER // 4700002516 // GAOU6710206]
2022-2023,LIQUIPARCIAL,22-167-HPER,4700002516,RENE,CARFIA ,SUSTRATOS ,EASY PLANTER 12.5 L,RV21,028/CCI/22-23,"16,000",UN,USD,"27,700.00","27,700.00",0,CIF,SEA,FCL/FCL,,TUTICORIN,CALLAO,1,40HC,20,-,,,NA,DIRECTO,MSC,EBKG03667313,MSMU6702783,-,21/7/2022,25/7/2022,30,MEDUIY015915,MSC JEONGMIN NX234A,1/10/2022,39,NO,NA,IMUPESA,AVM,923,18/9/2022,22/9/2022,118-2022-10-370523-01-5-00,2/10/2022,7/10/2022,1/10/2022,,6/10/2022,6/10/2022,22/10/2022,AVM,7/10/2022,001-0116588 ,RVC,7/10/2022,7/10/2022,FUNDO REMANSO,17/10/2022,18/10/2022,42,, 0011-001535,036-0000328,-,,,DHL,1454424451,-,Cargada en CP -  [22-167-HPER // 4700002516 // MSMU6702783]
2022-2023,LIQUIPARCIAL,22-168-HPER,4700002517,RENE,CARFIA ,SUSTRATOS ,EASY PLANTER 12.5 L,RV21,029/CCI/22-23,"16,000",UN,USD,"27,700.00","27,700.00",0,CIF,SEA,FCL/FCL,,TUTICORIN,CALLAO,1,40HC,20,-,,,NA,DIRECTO,MSC,EBKG03679893,MSMU7073854,-,27/7/2022,28/7/2022,30,MEDUIY047611,MSC JEONGMIN NX234A,1/10/2022,39,NO,NA,IMUPESA,AVM,924,19/9/2022,22/9/2022,118-2022-10-370524-01-1-00,2/10/2022,7/10/2022,1/10/2022,,6/10/2022,6/10/2022,22/10/2022,AVM,7/10/2022,001-0116590 ,TRANSPESA,7/10/2022,7/10/2022,FUNDO REMANSO,15/11/2022,16/11/2022,46,, 0001-0205148,036-0000197 ,-,,,DHL,1454424451,-,Cargada en CP -  [22-168-HPER // 4700002517// MSMU7073854]
2022-2023,LIQUIPARCIAL,22-168-HPER,4700002517,RENE,CARFIA ,SUSTRATOS ,EASY PLANTER 12.5 L,RV21,029/CCI/22-23,"16,000",UN,USD,"27,700.00","27,700.00",0,CIF,SEA,FCL/FCL,,TUTICORIN,CALLAO,1,40HC,20,-,,,NA,DIRECTO,MSC,EBKG03679893,MSDU8563994,-,27/7/2022,28/7/2022,30,MEDUIY047611,MSC JEONGMIN NX234A,1/10/2022,39,NO,NA,IMUPESA,AVM,924,19/9/2022,22/9/2022,118-2022-10-370524-01-1-00,2/10/2022,7/10/2022,1/10/2022,,6/10/2022,6/10/2022,22/10/2022,AVM,7/10/2022, 001-0116591,JOSELITO,7/10/2022,7/10/2022,FUNDO REMANSO,11/11/2022,12/11/2022,45,,0001-0210854,014-0001415,-,,,DHL,1454424451,-,Cargada en CP -  [22-168-HPER // 4700002517 // MSDU8563994] 
2022-2023,LIQUIPARCIAL,22-169-HPER,4700002518,RENE,CARFIA ,SUSTRATOS ,EASY PLANTER 12.5 L,RV21,032-CCI22-23,"16,000",UN,USD,"27,700.00","27,700.00",0,CIF,SEA,FCL/FCL,,TUTICORIN,CALLAO,1,40HC,20,-,,,NA,DIRECTO,COSCO,6341303130,TGBU4337192,-,-,6/8/2022,31,COSU6341303130,XIN OU ZHOU 080E,8/10/2022,40,NO,NA,IMUPESA,AVM,946,22/9/2022,5/10/2022,118-2022-10-385531-01-9-00,9/10/2022,9/10/2022,8/10/2022,,11/10/2022,11/10/2022,29/10/2022,AVM,15/10/2022,001-0116930,AGERSA,15/10/2022,15/10/2022,FUNDO REMANSO,20/11/2022,21/11/2022,47,,0040-002448,036-0000449 ,-,,,DHL,1454424451,-,Cargada en CP - [22-169-HPER // 4700002518// TGBU4337192]
2022-2023,LIQUIPARCIAL,22-169-HPER,4700002518,RENE,CARFIA ,SUSTRATOS ,EASY PLANTER 12.5 L,RV21,032-CCI22-23,"16,000",UN,USD,"27,700.00","27,700.00",0,CIF,SEA,FCL/FCL,,TUTICORIN,CALLAO,1,40HC,20,-,,,NA,DIRECTO,COSCO,6341303130,CSNU8485823,-,-,6/8/2022,31,COSU6341303130,XIN OU ZHOU 080E,8/10/2022,40,NO,NA,IMUPESA,AVM,946,22/9/2022,5/10/2022,118-2022-10-385531-01-9-00,9/10/2022,9/10/2022,8/10/2022,,11/10/2022,11/10/2022,29/10/2022,AVM,15/10/2022,001-0116931,AGERSA,15/10/2022,15/10/2022,FUNDO REMANSO,21/11/2022,22/11/2022,47,, 0030-03672 , 036-0000602,-,,,DHL,1454424451,-,Cargada en CP - [22-169-HPER //4700002518 // CSNU8485823]
2022-2023,LIQUIPARCIAL,22-170-HPER,4700002519,RENE,CARFIA ,SUSTRATOS ,EASY PLANTER 12.5 L,RV21,035-CCI22-23,"16,000",UN,USD,"27,700.00","27,700.00",0,CIF,SEA,FCL/FCL,,TUTICORIN,CALLAO,1,40HC,20,-,,,NA,DIRECTO,COSCO,6341615050,TRHU7536782,-,-,11/8/2022,32,COSU6341615050,XIN FEI ZHOU,29/10/2022,43,NO,NA,IMUPESA,AVM,945,18/10/2022,27/10/2022,"	 118-2022-10-417660-01-1-00",30/10/2022,30/10/2022,29/10/2022,,3/11/2022,3/11/2022,19/11/2022,AVM,4/11/2022,001-0117483 ,GUZMAN,4/11/2022,4/11/2022,FUNDO REMANSO,27/11/2022,28/11/2022,48,,0010-034060 -,036-0000518,-,,,DHL,1454424451,-,Cargada en CP -  [22-170-HPER // 4700002519 // TRHU7536782]
2022-2023,LIQUIPARCIAL,22-170-HPER,4700002519,RENE,CARFIA ,SUSTRATOS ,EASY PLANTER 12.5 L,RV21,035-CCI22-23,"16,000",UN,USD,"27,700.00","27,700.00",0,CIF,SEA,FCL/FCL,,TUTICORIN,CALLAO,1,40HC,20,-,,,NA,DIRECTO,COSCO,6341615050,CSNU7760690,-,-,11/8/2022,32,COSU6341615050,XIN FEI ZHOU,29/10/2022,43,NO,NA,IMUPESA,AVM,945,18/10/2022,27/10/2022,"	 118-2022-10-417660-01-1-00",30/10/2022,30/10/2022,29/10/2022,,3/11/2022,3/11/2022,19/11/2022,AVM,4/11/2022, 001-0117482 ,GUZMAN,4/11/2022,4/11/2022,FUNDO REMANSO,23/11/2022,24/11/2022,47,,0010-034040 , 036-0000516,-,,,DHL,1454424451,-,Cargada en CP -  [22-170-HPER // 4700002519 // CSNU7760690]
2022-2023,LIQUIPARCIAL,22-171-HPER,4700002520,RENE,CARFIA ,SUSTRATOS ,EASY PLANTER 12.5 L,RV21,037-CCI22-23,"16,000",UN,USD,"27,700.00","27,700.00",0,CIF,SEA,FCL/FCL,,TUTICORIN,CALLAO,1,40HC,20,-,,,NA,DIRECTO,COSCO,6341960660,CSLU6103652 ,-,-,14/8/2022,32,COSU6341960660 ,COSCO PRINCE RUPERT,5/11/2022,44,NO,NA,IMUPESA,AVM,943,25/10/2022,4/11/2022,118-2022-10-428571-01-3-00,6/11/2022,7/11/2022,5/11/2022,,9/11/2022,9/11/2022,NA,AVM,11/11/2022, 001-0117526,GUZMAN,11/11/2022,11/11/2022,FUNDO REMANSO,27/11/2022,28/11/2022,48,,0010-034061 , 036-0000519,-,,,DHL,1454424451,-,Cargada en CP - [22-171-HPER // 4700002520 // CSLU6103652 ]
2022-2023,LIQUIPARCIAL,22-171-HPER,4700002520,RENE,CARFIA ,SUSTRATOS ,EASY PLANTER 12.5 L,RV21,037-CCI22-23,"16,000",UN,USD,"27,700.00","27,700.00",0,CIF,SEA,FCL/FCL,,TUTICORIN,CALLAO,1,40HC,20,-,,,NA,DIRECTO,COSCO,6341960660,OOCU6446259,-,-,14/8/2022,32,COSU6341960660 ,COSCO PRINCE RUPERT,5/11/2022,44,NO,NA,IMUPESA,AVM,943,25/10/2022,4/11/2022,118-2022-10-428571-01-3-00,6/11/2022,7/11/2022,5/11/2022,,9/11/2022,9/11/2022,NA,AVM,11/11/2022,001-0117525,GUZMAN,11/11/2022,11/11/2022,FUNDO REMANSO,27/11/2022,28/11/2022,48,,0010-034062 , 036-0000520 ,-,,,DHL,1454424451,-,Cargada en CP - [22-171-HPER // 4700002520 // OOCU6446259]
2022-2023,LIQUIPARCIAL,22-172-HPER,4700002537,RENE,CARFIA ,SUSTRATOS ,EASY PLANTER 12.5 L,RV21,038-CCI22-23,"16,000",UN,USD,"27,700.00","27,700.00",0,CIF,SEA,FCL/FCL,,TUTICORIN,CALLAO,1,40HC,20,-,,,NA,DIRECTO,COSCO,6342192030,OOCU6538925 ,-,-,19/8/2022,33,COSU6342192030,XIN FEI ZHOU,29/10/2022,43,NO,NA,IMUPESA,AVM,944,18/10/2022,25/10/2022,"	 118-2022-10-414351-01-6-00",30/10/2022,30/10/2022,29/10/2022,,3/11/2022,3/11/2022,19/11/2022,AVM,4/11/2022, 001-0117481 ,GUZMAN,4/11/2022,4/11/2022,FUNDO REMANSO,23/11/2022,24/11/2022,47,,0010-034039,036-0000515 ,-,,,DHL,1454424451,-,Cargada en CP - [22-172-HPER // 4700002537 // OOCU6538925 ]
2022-2023,LIQUIPARCIAL,22-172-HPER,4700002537,RENE,CARFIA ,SUSTRATOS ,EASY PLANTER 12.5 L,RV21,038-CCI22-23,"16,000",UN,USD,"27,700.00","27,700.00",0,CIF,SEA,FCL/FCL,,TUTICORIN,CALLAO,1,40HC,20,-,,,NA,DIRECTO,COSCO,6342192030,CSNU7536232,-,-,19/8/2022,33,COSU6342192030,XIN FEI ZHOU,29/10/2022,43,NO,NA,IMUPESA,AVM,944,18/10/2022,25/10/2022,"	 118-2022-10-414351-01-6-00",30/10/2022,30/10/2022,29/10/2022,,3/11/2022,3/11/2022,19/11/2022,AVM,4/11/2022, 001-0117480,GUZMAN,4/11/2022,4/11/2022,FUNDO REMANSO,23/11/2022,24/11/2022,47,,0010-034038 ,036-0000514 ,-,,,DHL,1454424451,-,Cargada en CP - [22-172-HPER // 4700002537 // CSNU7536232]
2022-2023,LIQUIPARCIAL,22-172-HPER,4700002537,RENE,CARFIA ,SUSTRATOS ,EASY PLANTER 12.5 L,RV21,038-CCI22-23,"16,000",UN,USD,"27,700.00","27,700.00",0,CIF,SEA,FCL/FCL,,TUTICORIN,CALLAO,1,40HC,20,-,,,NA,DIRECTO,COSCO,6342192030,CSNU8506058 ,-,-,19/8/2022,33,COSU6342192030,XIN FEI ZHOU,29/10/2022,43,NO,NA,IMUPESA,AVM,944,18/10/2022,25/10/2022,"	 118-2022-10-414351-01-6-00",30/10/2022,30/10/2022,29/10/2022,,3/11/2022,3/11/2022,19/11/2022,AVM,4/11/2022, 001-0117479,GUZMAN,4/11/2022,4/11/2022,FUNDO REMANSO,23/11/2022,24/11/2022,47,,0010-034041,036-0000514 ,-,,,DHL,1454424451,-,Cargada en CP - [22-172-HPER // 4700002537 // CSNU8506058 ]
2022-2023,LIQUIDADO,22-173-HPER,4700002404-1,RENE,FASTIK,E & E,FILM PUNNET PET 18OZ 7X7 CESTA (TICKET 84071-1),-,99957,"704,000",UN,USD,"52,300.16","52,300.16",30,EXW,AIR,AIR,,VANCOUVER,LIMA,-,-,4,-,,,26/8/2022,FORBIS,AIR CANADA,-,-,-,-,12/9/2022,37,SAE06456,-,14/9/2022,37,SI,14/9/2022,TALMA,PASOC,54508,14/9/2022,16/9/2022,235-2022-10-137344-01-8-00,14/9/2022,21/10/2022,1/11/2022,,NA,NA,NA,PASOC,17/9/2022,001-0382700,AGERSA,20/9/2022,NA,PACKING SALAVERRY,20/9/2022,21/9/2022,38,,0027-002943,036-0000299 / 036-0001414,-,,,NA,NA,-,Sin cargar por medio de transporte AIRE- [22-173-HPER // 4700002404-1]
2022-2023,LIQUIDADO,22-174-HPER,4700002416,RENE,FASTIK,E & E,FILM PUNNET PET/PEELABLE/SPAR 11OZ 5X7 (TICKET 84072) ,-,99868,"600,000",UN,USD,"29,970.00","29,970.00",30,EXW,AIR,AIR,,VANCOUVER,LIMA,-,-,2,-,,,15/9/2022,FORBIS,AIR CANADA,-,-,16/9/2022,-,21/9/2022,38,SAE06545,-,24/9/2022,38,SI,21/9/2022,TALMA,PASOC,55185,21/9/2022,22/9/2022,"	 235-2022-10-140797-01-1-00",24/9/2022,21/10/2022,1/11/2022,,NA,NA,NA,PASOC,28/9/2022,001-382874,AGERSA,28/9/2022,NA,PACKING SALAVERRY,30/9/2022,1/10/2022,39,,0051-002469,036-0000366,-,,,NA,NA,-,Sin cargar por medio de transporte AIRE - [22-174-HPER // 4700002416]
2022-2023,LIQUIDADO,22-174-HPER,4700002404-2,RENE,FASTIK,E & E,FILM PUNNET PET 18OZ 7X7 CESTA (TICKET 84071-2),-,99934,"528,000",UN,USD,"39,225.12","39,225.12",30,EXW,AIR,AIR,,VANCOUVER,LIMA,-,-,3,-,,,15/9/2022,FORBIS,AIR CANADA,-,-,16/9/2022,-,21/9/2022,38,SAE06545,-,24/9/2022,38,SI,21/9/2022,TALMA,PASOC,55185,21/9/2022,22/9/2022,"	 235-2022-10-140797-01-1-00",24/9/2022,21/10/2022,1/11/2022,,NA,NA,NA,PASOC,28/9/2022,001-382874,AGERSA,28/9/2022,NA,PACKING SALAVERRY,30/9/2022,1/10/2022,39,,0051-002469,036-0000366,-,,,NA,NA,-,Sin cargar por medio de transporte AIRE - [22-174-HPER // 4700002404-2]
2022-2023,LIQUIDADO,22-175-HPER,4700002401-2,RENE,FASTIK,E & E,FILM PUNNET PET 11OZ 5X7 (TICKET 84067-2),-,99912,"550,000",UN,USD,"29,694.50","29,694.50",30,EXW,SEA,FCL/LCL,,MIAMI,CALLAO,0.3,20ST,3,-,,,26/8/2022,FORBIS,SEABOARD,7371869,SMLU311917-7,5/10/2022,18/10/2022,22/10/2022,42,HBOL0004056,SEABOARD EXPLORER 17,1/11/2022,44,SI,24/10/2022,IMUPESA,PASOC,58746,27/10/2022,28/10/2022,"	 118-2022-10-421071-01-5-00",1/11/2022,2/11/2022,1/11/2022,,NA,NA,10/11/2022,PASOC,9/11/2022, 001-0386075 ,AGERSA,9/11/2022,9/11/2022,PACKING SALAVERRY,9/11/2022,10/11/2022,45,, 0020-002815,036-0000430,-,,,NA,NA,-,Cargada en CP - Se sacó BL de la cta cda - [22-175-HPER // 4700002401-2 // SMLU3119177]
2022-2023,LIQUIDADO,22-175-HPER,4700002404-3,RENE,FASTIK,E & E,FILM PUNNET PET 18OZ 7X7 CESTA (TICKET 84071-3),-,100027,"176,000",UN,USD,"14,276.54","14,276.54",30,EXW,SEA,FCL/LCL,,MIAMI,CALLAO,0.1,20ST,1,-,,,26/8/2022,FORBIS,SEABOARD,7371869,SMLU311917-7,5/10/2022,18/10/2022,22/10/2022,52,HBOL0004056,SEABOARD EXPLORER 17,1/11/2022,44,SI,24/10/2022,IMUPESA,PASOC,58746,27/10/2022,28/10/2022,"	 118-2022-10-421071-01-5-00",1/11/2022,2/11/2022,1/11/2022,,NA,NA,10/11/2022,PASOC,9/11/2022, 001-0386075 ,AGERSA,9/11/2022,9/11/2022,PACKING SALAVERRY,9/11/2022,10/11/2022,45,, 0020-002815,036-0000430,-,,,NA,NA,-,Cargada en CP - Se sacó BL de la cta cda - [22-175-HPER // 4700002404-3 // SMLU3119177]
2022-2023,LIQUIDADO,22-175-HPER,4700002404-3,RENE,FASTIK,E & E,FILM PUNNET PET 18OZ 7X7 CESTA (TICKET 84071-3),-,100027,"352,000",UN,USD,"27,351.58","27,351.58",30,EXW,SEA,FCL/LCL,,MIAMI,CALLAO,0.2,20ST,2,-,,,26/8/2022,FORBIS,SEABOARD,7371869,SMLU311917-7,5/10/2022,18/10/2022,22/10/2022,52,HBOL0004056,SEABOARD EXPLORER 17,1/11/2022,44,SI,24/10/2022,IMUPESA,PASOC,58746,27/10/2022,28/10/2022,"	 118-2022-10-421071-01-5-00",1/11/2022,2/11/2022,1/11/2022,,NA,NA,10/11/2022,PASOC,9/11/2022, 001-0386075 ,AGERSA,9/11/2022,9/11/2022,PACKING SALAVERRY,9/11/2022,10/11/2022,45,, 0020-002815,036-0000430,-,,,NA,NA,-,Cargada en CP - Se sacó BL de la cta cda - [22-175-HPER // 4700002404-3 // SMLU3119177]
2022-2023,LIQUIDADO,22-175-HPER,4700002404-4,RENE,FASTIK,E & E,FILM PUNNET PET 18OZ 7X7 CESTA (TICKET 84071-4),-,100027,"123,750",UN,USD,"9,475.22","9,475.22",30,EXW,SEA,FCL/LCL,,MIAMI,CALLAO,0.1,20ST,1,-,,,26/8/2022,FORBIS,SEABOARD,7371869,SMLU311917-7,5/10/2022,18/10/2022,22/10/2022,52,HBOL0004056,SEABOARD EXPLORER 17,1/11/2022,44,SI,24/10/2022,IMUPESA,PASOC,58746,27/10/2022,28/10/2022,"	 118-2022-10-421071-01-5-00",1/11/2022,2/11/2022,1/11/2022,,NA,NA,10/11/2022,PASOC,9/11/2022, 001-0386075 ,AGERSA,9/11/2022,9/11/2022,PACKING SALAVERRY,9/11/2022,10/11/2022,45,, 0020-002815,036-0000430,-,,,NA,NA,-,Cargada en CP - Se sacó BL de la cta cda - [22-175-HPER // 4700002404-4 // SMLU3119177]
2022-2023,LIQUIDADO,22-175-HPER,4700002415-1,RENE,FASTIK,E & E,FILM PET/NO PRINT/PEELABLE /PUNNET 11OZ (TICKET 84073-1),-,99640,"1,180,000",UN,USD,"49,937.60","49,937.60",30,EXW,SEA,FCL/LCL,,MIAMI,CALLAO,0.3,20ST,2.5,-,,,26/8/2022,FORBIS,SEABOARD,7371869,SMLU311917-7,5/10/2022,18/10/2022,22/10/2022,52,HBOL0004056,SEABOARD EXPLORER 17,1/11/2022,44,SI,24/10/2022,IMUPESA,PASOC,58746,27/10/2022,28/10/2022,"	 118-2022-10-421071-01-5-00",1/11/2022,2/11/2022,1/11/2022,,NA,NA,10/11/2022,PASOC,9/11/2022, 001-0386075 ,AGERSA,9/11/2022,9/11/2022,PACKING SALAVERRY,9/11/2022,10/11/2022,45,, 0020-002815,036-0000430,-,,,NA,NA,-,Cargada en CP - Se sacó BL de la cta cda - [22-175-HPER // 4700002415-1 // SMLU3119177]
2022-2023,LIQUIDADO,22-175-HPER,4700002415-1,RENE,FASTIK,E & E,FILM PET/NO PRINT/PEELABLE /PUNNET 11OZ (TICKET 84073-1),-,99640,"10,000",UN,USD,423.20,423.20,30,EXW,SEA,FCL/LCL,,MIAMI,CALLAO,0.3,20ST,0.5,-,,,26/8/2022,FORBIS,SEABOARD,7371869,SMLU311917-7,5/10/2022,18/10/2022,22/10/2022,52,HBOL0004056,SEABOARD EXPLORER 17,1/11/2022,44,SI,24/10/2022,IMUPESA,PASOC,58746,27/10/2022,28/10/2022,"	 118-2022-10-421071-01-5-00",1/11/2022,2/11/2022,1/11/2022,,NA,NA,10/11/2022,PASOC,9/11/2022,001-0382304,AGERSA,9/11/2022,9/11/2022,PACKING SALAVERRY,3/10/2022,4/10/2022,40,,0020-002815,036-0000430,-,,,NA,NA,-,Cargada en CP - Se sacó BL de la cta cda - [22-175-HPER // 4700002415-1 // SMLU3119177]
2022-2023,LIQUIPARCIAL,22-176-HPER,4700002557,RENE,HFCH,PLANTAS,HT 73 # 325,-,12894,"93,600",UN,USD,"83,238.34","83,238.34",90,CFR,AIR,AIR,,SANTIAGO,LIMA,-,-,3,-,,,NA,DIRECTO,KOREAN,-,-,-,26/8/2022,29/8/2022,35,180-48464986,-,29/8/2022,35,SI,2-sept,SAASA,AVM,870,2/9/2022,2/9/2022,235-2022-10-130285-01-6-00,29/8/2022,29/8/2022,31/10/2022,,6/9/2022,6/9/2022,NA,NA,6/9/2022,NA,AVM,NA,NA,VIVERO ILUSION,6/9/2022,7/9/2022,36,,001-0116038,NA,-,,,NA,NA,-,Sin cargar por medio de transporte AIRE [22-176-HPER]
2022-2023,LIQUIPARCIAL,22-176-HPER,4700002557,RENE,HFCH,PLANTAS,HT 73 # 360,-,12894,"34,560",UN,USD,"30,734.16","30,734.16",90,CFR,AIR,AIR,,SANTIAGO,LIMA,-,-,1,-,,,NA,DIRECTO,KOREAN,-,-,-,26/8/2022,29/8/2022,35,180-48464986,-,29/8/2022,35,SI,2-sept,SAASA,AVM,870,2/9/2022,2/9/2022,235-2022-10-130285-01-6-00,29/8/2022,29/8/2022,31/10/2022,,6/9/2022,6/9/2022,NA,NA,6/9/2022,NA,AVM,NA,NA,VIVERO ILUSION,6/9/2022,7/9/2022,36,,001-0116038,NA,-,,,NA,NA,-,Sin cargar por medio de transporte AIRE [22-176-HPER]
2022-2023,LIQUIPARCIAL,22-176-HPER,4700002558,RENE,HFCH,PLANTAS,ROCIO # 360,-,12895,"24,480",UN,USD,"63,685.47","63,685.47",90,CFR,AIR,AIR,,SANTIAGO,LIMA,-,-,0.71,-,,,NA,DIRECTO,KOREAN,-,-,-,26/8/2022,29/8/2022,35,180-48464986,-,29/8/2022,35,SI,2-sept,SAASA,AVM,870,2/9/2022,2/9/2022,235-2022-10-130285-01-6-00,29/8/2022,29/8/2022,31/10/2022,,6/9/2022,6/9/2022,NA,NA,6/9/2022,NA,AVM,NA,NA,VIVERO ILUSION,6/9/2022,7/9/2022,36,,001-0116038,NA,-,,,NA,NA,-,Sin cargar por medio de transporte AIRE [22-176-HPER]
2022-2023,LIQUIPARCIAL,22-176-HPER,4700002558,RENE,HFCH,PLANTAS,ROCIO # 325,-,12895,"9,100",UN,USD,"23,673.93","23,673.93",90,CFR,AIR,AIR,,SANTIAGO,LIMA,-,-,0.29,-,,,NA,DIRECTO,KOREAN,-,-,-,26/8/2022,29/8/2022,35,180-48464986,-,29/8/2022,35,SI,2-sept,SAASA,AVM,870,2/9/2022,2/9/2022,235-2022-10-130285-01-6-00,29/8/2022,29/8/2022,31/10/2022,,6/9/2022,6/9/2022,NA,NA,6/9/2022,NA,AVM,NA,NA,VIVERO ILUSION,6/9/2022,7/9/2022,36,,001-0116038,NA,-,,,NA,NA,-,Sin cargar por medio de transporte AIRE [22-176-HPER]
2022-2023,LIQUIPARCIAL,22-177-HPER,4700002490,TATIANA,INTRALOX,SPAREPARTS,RPTOS VARIOS PARA FAJAS TRANSPORTADORAS ,-,40606119,40,UN,USD,911.83,911.83,0,EXW,AIR,AIR,,MIAMI,LIMA,-,-,1,26/8/2022,,,1/9/2022,DIRECTO,DHL,-,-,20/9/2022,20/9/2022,21/9/2022,38,1517415712,-,22/9/2022,38,NO,NA,DHL,DHL,NA,NA,22/9/2022,235-2022-28-00962014-10-0-00,22/9/2022,21/10/2022,22/9/2022,,NA,NA,NA,DHL,26/9/2022,NA,DHL,NA,NA,PACKING SALAVERRY,3/10/2022,4/10/2022,40,,NA,NA,-,,,NA,NA,-,Sin cargar por medio de transporte AIRE [22-177-HPER // 4700002490]
2022-2023,LIQUIDADO,22-178-HPER,PEA23W1901,RENE,VERITAS,E & E,MUESTRAS,-,-,2,UN,USD,0.00,0.00,0,DAP,AIR,AIR,,MEXICO,LIMA,-,-,1,-,,,NA,DIRECTO,DHL,9910179473,-,-,-,21/9/2022,38,9910179473,-,30/8/2022,35,NO,NA,DHL,DHL,NA,NA,30/8/2022,235-2022-28-00870939-10-1-00,30/8/2022,31/8/2022,31/8/2022,,NA,NA,NA,DHL,NA,NA,DHL,NA,NA,PACKING SALAVERRY,7/9/2022,8/9/2022,36,,NA,NA,-,,,NA,NA,-,Sin cargar por medio de transporte AIRE - [22-178-HPER]
2022-2023,LIQUIPARCIAL,22-179-HPER,4700002447,TATIANA,BBC,SPAREPARTS,RPTOS VARIOS PARA MAQUINA LLENADORA Y PESADORA DE ARANDANOS MARCA CURO,-,CD-1022000008,23,UN,USD,"1,888.42","1,888.42",0,CIF,AIR,AIR,,MIAMI,LIMA,-,-,1,-,,,NA,DIRECTO,DHL,1627675604,-,25/8/2022,-,26/8/2022,34,1627675604,-,30/8/2022,35,NO,NA,DHL,DHL,NA,NA,30/8/2022,235-2022-28-00870939-10-1-00,30/8/2022,21/10/2022,30/8/2022,,NA,NA,NA,DHL,31/8/2022,NA,DHL,NA,NA,PACKING SALAVERRY,7/9/2022,8/9/2022,36,,NA,NA,-,,,NA,NA,-,No cargada por metodo de transporte AIRE [4700002447]
2022-2023,LIQUIPARCIAL,22-180-HPER,4700002491,TATIANA,A&B,SPAREPARTS,RPTOS VARIOS PARA MAQUINA PESADORA DE ARANDANOS A&B,-,100863,3,UN,USD,"1,039.76","1,039.76",0,EXW,AIR,AIR,,MIAMI,LIMA,-,-,2,18/8/2022,,,20/9/2022,FORBIS,TAMPA,-,-,21/9/2022,2/10/2022,2/10/2022,39,FOR70356980,QT4041,2/10/2022,39,SI,28/9/2022,TALMA,LIP,15095,28/9/2022,28/9/2022,235-2022-10-144357-01-4-00,2/10/2022,21/10/2022,2/10/2022,,NA,NA,NA,LIP,6/10/2022,0001-019200,AGERSA,6/10/2022,NA,PACKING CHAO,7/10/2022,8/10/2022,40,,NA,036-0000384,-,,,NA,NA,-,No cargada por metodo de transporte AIRE [4700002491]
2022-2023,LIQUIPARCIAL,22-180-HPER,4700002505,GONZALO,A&B,SPAREPARTS,RPTOS VARIOS PARA MAQUINA PESADORA DE ARANDANOS A&B,-,101191,5,UN,USD,"2,377.50","2,377.50",0,EXW,AIR,AIR,,MIAMI,LIMA,-,-,1,30/8/2022,,,20/9/2022,FORBIS,TAMPA,-,-,21/9/2022,2/10/2022,2/10/2022,39,FOR70356980,QT4041,2/10/2022,39,SI,28/9/2022,TALMA,LIP,15095,28/9/2022,28/9/2022,235-2022-10-144357-01-4-00,2/10/2022,21/10/2022,2/10/2022,,NA,NA,NA,LIP,6/10/2022,0001-019200,AGERSA,6/10/2022,NA,PACKING SALAVERRY,7/10/2022,8/10/2022,40,, 0028-002881,036-0000384,-,,,NA,NA,-,No cargada por metodo de transporte AIRE [4700002505]
2022-2023,LIQUIPARCIAL,22-180-HPER,4700002506,GONZALO,A&B,SPAREPARTS,RPTOS VARIOS PARA MAQUINA PESADORA DE ARANDANOS A&B,-,101192,100,UN,USD,"5,000.00","5,000.00",0,EXW,AIR,AIR,,MIAMI,LIMA,-,-,1,30/8/2022,,,20/9/2022,FORBIS,TAMPA,-,-,21/9/2022,2/10/2022,2/10/2022,39,FOR70356980,QT4041,2/10/2022,39,SI,28/9/2022,TALMA,LIP,15095,28/9/2022,28/9/2022,235-2022-10-144357-01-4-00,2/10/2022,21/10/2022,2/10/2022,,NA,NA,NA,LIP,6/10/2022,0001-019200,AGERSA,6/10/2022,NA,PACKING SALAVERRY,7/10/2022,8/10/2022,40,, 0028-002881,036-0000384,-,,,NA,NA,-,No cargada por metodo de transporte AIRE [4700002506]
2022-2023,LIQUIPARCIAL,22-180-HPER,4700002539,MELANIE,A&B,SPAREPARTS,RPTOS VARIOS PARA MAQUINA PESADORA DE ARANDANOS A&B,-,101339,"1,082",UN,USD,"7,112.00","7,112.00",0,EXW,AIR,AIR,,MIAMI,LIMA,-,-,1,2/9/2022,,,20/9/2022,FORBIS,TAMPA,-,-,21/9/2022,2/10/2022,2/10/2022,39,FOR70356980,QT4041,2/10/2022,39,SI,28/9/2022,TALMA,LIP,15095,28/9/2022,28/9/2022,235-2022-10-144357-01-4-00,2/10/2022,2/10/2022,2/10/2022,,NA,NA,NA,LIP,6/10/2022,0001-019200,AGERSA,6/10/2022,NA,PACKING SALAVERRY,7/10/2022,8/10/2022,40,, 0028-002881,036-0000384,-,,,NA,NA,-,Sin cargar por medio de transporte AIRE- [22-180-HPER // 4700002539]
2022-2023,LIQUIPARCIAL,22-180-HPER,4700002540,OMAR,A&B,SPAREPARTS,RPTOS VARIOS PARA MAQUINA PESADORA DE ARANDANOS A&B,-,101540,20,UN,USD,515.43,515.43,0,EXW,AIR,AIR,,MIAMI,LIMA,-,-,1,8/9/2022,,,20/9/2022,FORBIS,TAMPA,-,-,21/9/2022,2/10/2022,2/10/2022,39,FOR70356980,QT4041,2/10/2022,39,SI,28/9/2022,TALMA,LIP,15095,28/9/2022,28/9/2022,235-2022-10-144357-01-4-00,2/10/2022,2/10/2022,2/10/2022,,NA,NA,NA,LIP,6/10/2022,0001-019200,AGERSA,6/10/2022,NA,PACKING SALAVERRY,7/10/2022,8/10/2022,40,, 0028-002881,036-0000384,-,,,NA,NA,-,Sin cargar por medio de transporte AIRE- [22-180-HPER // 4700002540]
2022-2023,LIQUIPARCIAL,22-180-HPER,4700002493-1,TATIANA,A&B,SPAREPARTS,RPTOS VARIOS PARA MAQUINA PESADORA DE ARANDANOS A&B,-,101437,184,UN,USD,"1,560.85","1,560.85",0,EXW,AIR,AIR,,MIAMI,LIMA,-,-,1,26/9/2022,,,20/9/2022,FORBIS,TAMPA,-,-,21/9/2022,2/10/2022,2/10/2022,39,FOR70356980,QT4041,2/10/2022,39,SI,28/9/2022,TALMA,LIP,15095,28/9/2022,28/9/2022,235-2022-10-144357-01-4-00,2/10/2022,2/10/2022,2/10/2022,,NA,NA,NA,LIP,6/10/2022,0001-019200,AGERSA,6/10/2022,NA,PACKING SALAVERRY,7/10/2022,8/10/2022,40,, 0028-002881,036-0000384,-,,,NA,NA,-,Sin cargar por medio de transporte AIRE [22-180-HPER // 4700002493-1]
2022-2023,LIQUIPARCIAL,22-181-HPER,4700002469,RENE,PROJAR,SUSTRATOS ,EASY PLANTER 14.4 L,RV21,FX22-00331,"13,000",UN,USD,"24,895.00","24,895.00",20% AP,CIF,SEA,FCL/FCL,,COLOMBO,CALLAO,1,40HC,20,-,,,NA,DIRECTO,MAERSK,219246672,MSKU9550214,-,-,27/6/2022,26,MAEU219246672,MAERSK BRANI 228S,12/8/2022,32,NO,NA,IMUPESA,AVM,799,3/8/2022,8/8/2022, 118-2022-10-298873-01-2-00,12/8/2022,14/8/2022,12/8/2022,,2/9/2022,2/9/2022,,AVM,3/9/2022,001-0115266,TRANSPESA,3/9/2022,3/9/2022,FUNDO REMANSO,5/9/2022,6/9/2022,36,,0009-000259,036-0000025,-,,,UPS,1Z48V0570499802852,-,Cargado en CP -  [22-181-HPER // 4700002469 // MSKU9550214]
2022-2023,LIQUIPARCIAL,22-181-HPER,4700002469,RENE,PROJAR,SUSTRATOS ,EASY PLANTER 14.4 L,RV21,FX22-00331,"13,000",UN,USD,"24,895.00","24,895.00",20% AP,CIF,SEA,FCL/FCL,,COLOMBO,CALLAO,1,40HC,20,-,,,NA,DIRECTO,MAERSK,219246672,PONU7954623,-,-,27/6/2022,26,MAEU219246672,MAERSK BRANI 228S,12/8/2022,32,NO,NA,IMUPESA,AVM,799,3/8/2022,8/8/2022, 118-2022-10-298873-01-2-00,12/8/2022,14/8/2022,12/8/2022,,2/9/2022,2/9/2022,,AVM,3/9/2022,001-0115265,TRANSPESA,3/9/2022,3/9/2022,FUNDO ARMONIA,19/9/2022,20/9/2022,38,,0001-005697,036-0000177,45,,,UPS,1Z48V0570499802852,-,Cargado en CP -  [22-181-HPER // 4700002469 // PONU7954623]
2022-2023,LIQUIPARCIAL,22-181-HPER,4700002469,RENE,PROJAR,SUSTRATOS ,EASY PLANTER 14.4 L,RV21,FX22-00331,"13,000",UN,USD,"24,895.00","24,895.00",20% AP,CIF,SEA,FCL/FCL,,COLOMBO,CALLAO,1,40HC,20,-,,,NA,DIRECTO,MAERSK,219246672,GVCU5043846,-,-,27/6/2022,26,MAEU219246672,MAERSK BRANI 228S,12/8/2022,32,NO,NA,IMUPESA,AVM,799,3/8/2022,8/8/2022, 118-2022-10-298873-01-2-00,12/8/2022,14/8/2022,12/8/2022,,2/9/2022,2/9/2022,,AVM,3/9/2022,001-0115267,TRANSPESA,3/9/2022,3/9/2022,FUNDO ARMONIA,19/9/2022,20/9/2022,38,,0004-260124,036-0000178,45,,,UPS,1Z48V0570499802852,-,Cargado en CP -  [22-181-HPER // 4700002469 // GVCU5043846]
2022-2023,LIQUIPARCIAL,22-182-HPER,4700002470,RENE,PROJAR,SUSTRATOS ,EASY PLANTER 14.4 L,RV21,FX22-00332,"13,000",UN,USD,"24,895.02","24,895.02",20% AP,CIF,SEA,FCL/FCL,,COLOMBO,CALLAO,1,40HC,20,-,,,NA,DIRECTO,MAERSK,219246585,MSKU8558360,-,-,27/6/2022,26,MAEU219246585,MAERSK BRANI 228S,12/8/2022,32,NO,NA,IMUPESA,AVM,798,3/8/2022,8/8/2022,118-2022-10-298868-01-9-00,12/8/2022,13/8/2022,12/8/2022,,16/8/2022,16/8/2022,,AVM,18/8/2022,001-0115262,RVC,18/8/2022,18/8/2022,FUNDO ARMONIA,21/8/2022,22/8/2022,34,,0006-002412,036-0000175,-,,,UPS,1Z48V0570499802852,-,Cargado en CP - [22-182-HPER // 4700002470 // MSKU8558360]
2022-2023,LIQUIPARCIAL,22-182-HPER,4700002470,RENE,PROJAR,SUSTRATOS ,EASY PLANTER 14.4 L,RV21,FX22-00332,"13,000",UN,USD,"24,895.02","24,895.02",20% AP,CIF,SEA,FCL/FCL,,COLOMBO,CALLAO,1,40HC,20,-,,,NA,DIRECTO,MAERSK,219246585,MRKU4030898,-,-,27/6/2022,26,MAEU219246585,MAERSK BRANI 228S,12/8/2022,32,NO,NA,IMUPESA,AVM,798,3/8/2022,8/8/2022,118-2022-10-298868-01-9-00,12/8/2022,13/8/2022,12/8/2022,,16/8/2022,16/8/2022,,AVM,18/8/2022,001-0115264,RVC,18/8/2022,18/8/2022,FUNDO ARMONIA,21/8/2022,22/8/2022,34,,0021-000951,036-0000174,-,,,UPS,1Z48V0570499802852,-,Cargado en CP - [22-182-HPER // 4700002470 // MRKU4030898]
2022-2023,LIQUIPARCIAL,22-182-HPER,4700002470,RENE,PROJAR,SUSTRATOS ,EASY PLANTER 14.4 L,RV21,FX22-00332,"13,000",UN,USD,"24,895.02","24,895.02",20% AP,CIF,SEA,FCL/FCL,,COLOMBO,CALLAO,1,40HC,20,-,,,NA,DIRECTO,MAERSK,219246585,MSKU8818067,-,-,27/6/2022,26,MAEU219246585,MAERSK BRANI 228S,12/8/2022,32,NO,NA,IMUPESA,AVM,798,3/8/2022,8/8/2022,118-2022-10-298868-01-9-00,12/8/2022,13/8/2022,12/8/2022,,16/8/2022,16/8/2022,,AVM,18/8/2022,001-0115263,RVC,18/8/2022,18/8/2022,FUNDO ARMONIA,21/8/2022,22/8/2022,34,,0024-000832,036-0000173,-,,,UPS,1Z48V0570499802852,-,Cargado en CP - [22-182-HPER // 4700002470 // MSKU8818067]
2022-2023,LIQUIPARCIAL,22-183-HPER,4700002471,RENE,PROJAR,SUSTRATOS ,EASY PLANTER 14.4 L,RV21,FX22-00333,"13,000",UN,USD,"24,895.02","24,895.02",20% AP,CIF,SEA,FCL/FCL,,COLOMBO,CALLAO,1,40HC,20,-,,,NA,DIRECTO,MAERSK,219246737,MSKU1031193,-,-,27/6/2022,26,MAEU219246737,MAERSK BRANI 228S,12/8/2022,32,NO,NA,IMUPESA,AVM,800,3/8/2022,10/8/2022,118-2022-10-302278-01-9-00,12/8/2022,14/8/2022,12/8/2022,,2/9/2022,2/9/2022,,AVM,3/9/2022,001-011537,RVC,3/9/2022,3/9/2022,FUNDO REMANSO,5/9/2022,6/9/2022,36,,033-000211,036-0000304,-,,,UPS,1Z48V0570499802852,-,Cargado en CP -  [22-183-HPER // 4700002471 // MSKU1031193]
2022-2023,LIQUIPARCIAL,22-183-HPER,4700002471,RENE,PROJAR,SUSTRATOS ,EASY PLANTER 14.4 L,RV21,FX22-00333,"13,000",UN,USD,"24,895.02","24,895.02",20% AP,CIF,SEA,FCL/FCL,,COLOMBO,CALLAO,1,40HC,20,-,,,NA,DIRECTO,MAERSK,219246737,MSKU8974898,-,-,27/6/2022,26,MAEU219246737,MAERSK BRANI 228S,12/8/2022,32,NO,NA,IMUPESA,AVM,800,3/8/2022,10/8/2022,118-2022-10-302278-01-9-00,12/8/2022,14/8/2022,12/8/2022,,2/9/2022,2/9/2022,,AVM,3/9/2022,001-0115336,RVC,3/9/2022,3/9/2022,FUNDO REMANSO,9/9/2022,10/9/2022,36,,0006-002428,036-0000306,-,,,UPS,1Z48V0570499802852,-,Cargado en CP -  [22-183-HPER // 4700002471 // MSKU8974898]
2022-2023,LIQUIPARCIAL,22-183-HPER,4700002471,RENE,PROJAR,SUSTRATOS ,EASY PLANTER 14.4 L,RV21,FX22-00333,"13,000",UN,USD,"24,895.02","24,895.02",20% AP,CIF,SEA,FCL/FCL,,COLOMBO,CALLAO,1,40HC,20,-,,,NA,DIRECTO,MAERSK,219246737,MSKU9579748,-,-,27/6/2022,26,MAEU219246737,MAERSK BRANI 228S,12/8/2022,32,NO,NA,IMUPESA,AVM,800,3/8/2022,10/8/2022,118-2022-10-302278-01-9-00,12/8/2022,14/8/2022,12/8/2022,,2/9/2022,2/9/2022,,AVM,3/9/2022,001-0115335,RVC,3/9/2022,3/9/2022,FUNDO REMANSO,9/9/2022,10/9/2022,36,,0028-000184,036-0000307,-,,,UPS,1Z48V0570499802852,-,Cargado en CP -  [22-183-HPER // 4700002471 // MSKU9579748]
2022-2023,LIQUIPARCIAL,22-184-HPER,4700002472,RENE,PROJAR,SUSTRATOS ,EASY PLANTER 14.4 L,RV21,FX22-00360,"13,000",UN,USD,"24,895.00","24,895.00",20% AP,CIF,SEA,FCL/FCL,,COLOMBO,CALLAO,1,40HC,20,-,,,NA,DIRECTO,MAERSK,219441644,TCNU2055585,-,-,10/7/2022,27,MAEU219441644,SKAGEN MAERSK 233W,22/8/2022,34,NO,NA,IMUPESA,AVM,822,10/8/2022,19/8/2022,118-2022-10-320646-01-6-00,23/8/2022,23/8/2022,23/8/2022,,31/8/2022,31/8/2022,,AVM,1/9/2022,001-0115419,RVC,1/9/2022,2/9/2022,FUNDO REMANSO,4/9/2022,5/9/2022,36,,0024-000849,032-0000302,-,,,UPS,1Z48V0570490688789,-,Cargada en CP - [22-184-HPER // 4700002472 // TCNU2055585] 
2022-2023,LIQUIPARCIAL,22-184-HPER,4700002472,RENE,PROJAR,SUSTRATOS ,EASY PLANTER 14.4 L,RV21,FX22-00360,"13,000",UN,USD,"24,895.00","24,895.00",20% AP,CIF,SEA,FCL/FCL,,COLOMBO,CALLAO,1,40HC,20,-,,,NA,DIRECTO,MAERSK,219441644,MIEU0017579,-,-,10/7/2022,27,MAEU219441644,SKAGEN MAERSK 233W,22/8/2022,34,NO,NA,IMUPESA,AVM,822,10/8/2022,19/8/2022,118-2022-10-320646-01-6-00,23/8/2022,23/8/2022,23/8/2022,,31/8/2022,31/8/2022,,AVM,1/9/2022,001-0115420,RVC,1/9/2022,2/9/2022,FUNDO REMANSO,4/9/2022,5/9/2022,36,,0026-000620,036-0000301,-,,,UPS,1Z48V0570490688789,-,Cargada en CP - [22-184-HPER // 4700002472 // MIEU0017579] 
2022-2023,LIQUIPARCIAL,22-185-HPER,4700002473,RENE,PROJAR,SUSTRATOS ,EASY PLANTER 14.4 L,RV21,FX22-00359,"13,000",UN,USD,"24,895.00","24,895.00",20% AP,CIF,SEA,FCL/FCL,,COLOMBO,CALLAO,1,40HC,20,-,,,NA,DIRECTO,MAERSK,219441615,MRKU3887232,-,-,10/7/2022,27,MAEU219441615,SKAGEN MAERSK 233W,22/8/2022,34,NO,NA,IMUPESA,AVM,823,10/8/2022,19/8/2022,118-2022-10-320791-01-6-00,23/8/2022,23/8/2022,23/8/2022,,7/9/2022,7/9/2022,,AVM,8/9/2022,001-0116050,TRANSPESA,8/9/2022,8/9/2022,FUNDO REMANSO,24/10/2022,25/10/2022,43,, 0001-005736,036-0000184,45,,,UPS,1Z48V0570490688789,-,Cargada en CP - [22-185-HPER // 4700002473 // MRKU3887232] 
2022-2023,LIQUIPARCIAL,22-185-HPER,4700002473,RENE,PROJAR,SUSTRATOS ,EASY PLANTER 14.4 L,RV21,FX22-00359,"13,000",UN,USD,"24,895.00","24,895.00",20% AP,CIF,SEA,FCL/FCL,,COLOMBO,CALLAO,1,40HC,20,-,,,NA,DIRECTO,MAERSK,219441615,MSKU8418456,-,-,10/7/2022,27,MAEU219441615,SKAGEN MAERSK 233W,22/8/2022,34,NO,NA,IMUPESA,AVM,823,10/8/2022,19/8/2022,118-2022-10-320791-01-6-00,23/8/2022,23/8/2022,23/8/2022,,7/9/2022,7/9/2022,,AVM,8/9/2022,001-0116048 ,TRANSPESA,8/9/2022,8/9/2022,FUNDO REMANSO,14/11/2022,15/11/2022,46,,0001-0204756 ,036-0000191,45,,,UPS,1Z48V0570490688789,-,Cargada en CP - [22-185-HPER // 4700002473 // MSKU8418456] 
2022-2023,LIQUIPARCIAL,22-185-HPER,4700002473,RENE,PROJAR,SUSTRATOS ,EASY PLANTER 14.4 L,RV21,FX22-00359,"13,000",UN,USD,"24,895.00","24,895.00",20% AP,CIF,SEA,FCL/FCL,,COLOMBO,CALLAO,1,40HC,20,-,,,NA,DIRECTO,MAERSK,219441615,CAAU6271776,-,-,10/7/2022,27,MAEU219441615,SKAGEN MAERSK 233W,22/8/2022,34,NO,NA,IMUPESA,AVM,823,10/8/2022,19/8/2022,118-2022-10-320791-01-6-00,23/8/2022,23/8/2022,23/8/2022,,7/9/2022,7/9/2022,,AVM,8/9/2022, 001-0116049 ,TRANSPESA,8/9/2022,8/9/2022,FUNDO REMANSO,15/11/2022,16/11/2022,46,, 0001-0022055,036-0000196,45,,,UPS,1Z48V0570490688789,-,Cargada en CP - [22-185-HPER // 4700002473 // CAAU6271776] 
2022-2023,LIQUIPARCIAL,22-186-HPER,4700002474,RENE,PROJAR,SUSTRATOS ,EASY PLANTER 14.4 L,RV21,FX22-00358,"13,000",UN,USD,"24,895.00","24,895.00",20% AP,CIF,SEA,FCL/FCL,,COLOMBO,CALLAO,1,40HC,20,-,,,NA,DIRECTO,MSC,93IN0107920622,DRYU9070059,-,-,7/7/2022,27,MEDUC0884915,MSC RIDA NX231A,31/8/2022,35,NO,NA,IMUPESA,AVM,858,24/8/2022,29/8/2022,118-2022-10-333260-01-4-00,1/9/2022,5/9/2022,31/8/2022,,NA,NA,,AVM,15/9/2022,001-0116046,RVC,15/9/2022,15/9/2022,FUNDO REMANSO,18/9/2022,19/9/2022,38,,0024-000867,036-0000311,-,,,UPS,1Z48V0570492519225,-,Cargada en CP - [22-186-HPER // 4700002474 // DRYU9070059] 
2022-2023,LIQUIPARCIAL,22-186-HPER,4700002474,RENE,PROJAR,SUSTRATOS ,EASY PLANTER 14.4 L,RV21,FX22-00358,"13,000",UN,USD,"24,895.00","24,895.00",20% AP,CIF,SEA,FCL/FCL,,COLOMBO,CALLAO,1,40HC,20,-,,,NA,DIRECTO,MSC,93IN0107920622,MEDU7679196,-,-,7/7/2022,27,MEDUC0884915,MSC RIDA NX231A,31/8/2022,35,NO,NA,IMUPESA,AVM,858,24/8/2022,29/8/2022,118-2022-10-333260-01-4-00,1/9/2022,5/9/2022,31/8/2022,,7/9/2022,7/9/2022,,AVM,15/9/2022,001-0116047,RVC,15/9/2022,15/9/2022,FUNDO ARMONIA,25/9/2022,26/9/2022,39,,012-001523,036-0000314,45,,,UPS,1Z48V0570492519225,-,Cargada en CP - [22-186-HPER // 4700002474 // MEDU7679196] 
2022-2023,LIQUIPARCIAL,22-187-HPER,4700002527,RENE,PROJAR,SUSTRATOS ,EASY PLANTER 14.4 L,RV21,FX22-00374,"13,000",UN,USD,"24,895.02","24,895.02",20% AP,CIF,SEA,FCL/FCL,,TUTICORIN,CALLAO,1,40HC,20,-,,,NA,DIRECTO,MAERSK,219839812,MRKU5689555,-,-,28/7/2022,30,MAEU219839812,MAERSK STEPNICA 236W ,11/9/2022,36,NO,NA,IMUPESA,AVM,866,1/9/2022,9/9/2022, 118-2022-10-351512-01-1-00,13/9/2022,13/9/2022,11/9/2022,,16/9/2022,16/9/2022,24/9/2022,AVM,20/9/2022,001-0116203,AGERSA,20/9/2022,20/9/2022,FUNDO REMANSO,17/10/2022,18/10/2022,42,,0041-002320 ,036-0000404,45,,,NA,NA,-,Cargada en CP - [22-187-HPER // 4700002527 // MRKU5689555]
2022-2023,LIQUIPARCIAL,22-187-HPER,4700002527,RENE,PROJAR,SUSTRATOS ,EASY PLANTER 14.4 L,RV21,FX22-00374,"13,000",UN,USD,"24,895.02","24,895.02",20% AP,CIF,SEA,FCL/FCL,,TUTICORIN,CALLAO,1,40HC,20,-,,,NA,DIRECTO,MAERSK,219839812,MSKU0190159,-,-,28/7/2022,30,MAEU219839812,MAERSK STEPNICA 236W,11/9/2022,36,NO,NA,IMUPESA,AVM,866,1/9/2022,9/9/2022, 118-2022-10-351512-01-1-00,13/9/2022,13/9/2022,11/9/2022,,16/9/2022,16/9/2022,24/9/2022,AVM,20/9/2022,001-0116204,AGERSA,20/9/2022,20/9/2022,FUNDO REMANSO,17/10/2022,18/10/2022,42,,0052-002024,036-0000403,45,,,NA,NA,-,Cargada en CP - [22-187-HPER // 4700002527 // MSKU0190159]
2022-2023,LIQUIPARCIAL,22-187-HPER,4700002527,RENE,PROJAR,SUSTRATOS ,EASY PLANTER 14.4 L,RV21,FX22-00374,"13,000",UN,USD,"24,895.02","24,895.02",20% AP,CIF,SEA,FCL/FCL,,TUTICORIN,CALLAO,1,40HC,20,-,,,NA,DIRECTO,MAERSK,219839812,TCNU6045311,-,-,28/7/2022,30,MAEU219839812,MAERSK STEPNICA 236W,11/9/2022,36,NO,NA,IMUPESA,AVM,866,1/9/2022,9/9/2022, 118-2022-10-351512-01-1-00,13/9/2022,13/9/2022,11/9/2022,,16/9/2022,16/9/2022,24/9/2022,AVM,20/9/2022, 001-0116205,AGERSA,20/9/2022,20/9/2022,FUNDO REMANSO,11/10/2022,12/10/2022,41,, 0045-002409 , 036-0000387,45,,,NA,NA,-,Cargada en CP - [22-187-HPER // 4700002527 // TCNU6045311]
2022-2023,LIQUIPARCIAL,22-188-HPER,4700002528,RENE,PROJAR,SUSTRATOS ,EASY PLANTER 14.4 L,RV21,FX22-00376,"13,000",UN,USD,"24,895.00","24,895.00",20% AP,CIF,SEA,FCL/FCL,,TUTICORIN,CALLAO,1,40HC,20,-,,,NA,DIRECTO,MAERSK,219814519,MSKU1852650,-,-,28/7/2022,30,MAEU219814519,MAERSK STEPNICA 236W,11/9/2022,36,NO,NA,IMUPESA,AVM,867,1/9/2022,9/9/2022,118-2022-10-351667-01-5-00,13/9/2022,13/9/2022,11/9/2022,,16/9/2022,16/9/2022,24/9/2022,AVM,20/9/2022,001-0116200,RVC,20/9/2022,20/9/2022,FUNDO REMANSO,26/9/2022,27/9/2022,39,,0006-002431,036-0000316,45,,,UPS,1Z48V0570492519225,-,Cargada en CP - [22-188-HPER // 4700002528 // MSKU1852650]
2022-2023,LIQUIPARCIAL,22-188-HPER,4700002528,RENE,PROJAR,SUSTRATOS ,EASY PLANTER 14.4 L,RV21,FX22-00376,"13,000",UN,USD,"24,895.00","24,895.00",20% AP,CIF,SEA,FCL/FCL,,TUTICORIN,CALLAO,1,40HC,20,-,,,NA,DIRECTO,MAERSK,219814519,MSKU8788867,-,-,28/7/2022,30,MAEU219814519,MAERSK STEPNICA 236W,11/9/2022,36,NO,NA,IMUPESA,AVM,867,1/9/2022,9/9/2022,118-2022-10-351667-01-5-00,13/9/2022,13/9/2022,11/9/2022,,16/9/2022,16/9/2022,24/9/2022,AVM,20/9/2022,001-0116201,RVC,20/9/2022,20/9/2022,FUNDO REMANSO,27/9/2022,28/9/2022,39,,0025-000801,036-0000317,45,,,UPS,1Z48V0570492519225,-,Cargada en CP - [22-188-HPER // 4700002528 // MSKU8788867]
2022-2023,LIQUIPARCIAL,22-189-HPER,4700002529,RENE,PROJAR,SUSTRATOS ,EASY PLANTER 14.4 L,RV21,FX22-00375,"13,000",UN,USD,"24,895.00","24,895.00",20% AP,CIF,SEA,FCL/FCL,,TUTICORIN,CALLAO,1,40HC,20,-,,,NA,DIRECTO,MSC,93IN0115540722,MSDU7325820,-,19/7/2022,6/8/2022,31,MEDUC0896588,MSC ROMANE NX236A,6/10/2022,40,NO,NA,IMUPESA,AVM,964,26/9/2022,4/10/2022,118-2022-10-384076-01-6-00,7/10/2022,7/10/2022,6/10/2022,,11/10/2022,11/10/2022,20/10/2022,AVM,20/10/2022, 001-0116952 ,JOSELITO,20/10/2022,20/10/2022,FUNDO REMANSO,22/12/2022,23/12/2022,51,, 0001-0208620, 036-0000579 ,-,,,UPS,1Z48V0570492844043,-,Cargada en CP - [22-189-HPER //4700002529 // MSDU7325820]
2022-2023,LIQUIPARCIAL,22-189-HPER,4700002529,RENE,PROJAR,SUSTRATOS ,EASY PLANTER 14.4 L,RV21,FX22-00375,"13,000",UN,USD,"24,895.00","24,895.00",20% AP,CIF,SEA,FCL/FCL,,TUTICORIN,CALLAO,1,40HC,20,-,,,NA,DIRECTO,MSC,93IN0115540722,TCLU9100523,-,8/8/2022,6/8/2022,31,MEDUC0896588,MSC ROMANE NX236A,6/10/2022,40,NO,NA,IMUPESA,AVM,964,26/9/2022,4/10/2022,118-2022-10-384076-01-6-00,7/10/2022,7/10/2022,6/10/2022,,11/10/2022,11/10/2022,20/10/2022,AVM,20/10/2022, 001-0116953,TRANSPESA,20/10/2022,20/10/2022,FUNDO REMANSO,26/12/2022,27/12/2022,52,, 0001-002977,036-0000582,-,,,UPS,1Z48V0570492844043,-,Cargada en CP - [22-189-HPER // 4700002529 // TCLU9100523]
2022-2023,LIQUIPARCIAL,22-190-HPER,4700002530,RENE,PROJAR,SUSTRATOS ,EASY PLANTER 14.4 L,RV21,FX22-00390,"13,000",UN,USD,"24,895.00","24,895.00",20% AP,CIF,SEA,FCL/FCL,,TUTICORIN,CALLAO,1,40HC,20,-,,,NA,DIRECTO,MAERSK,220001045,MRKU5545985,-,-,1/8/2022,31,MAEU220001045,MAERSK SIRAC 237W,19/9/2022,38,NO,NA,IMUPESA,AVM,865,12/9/2022,15/9/2022,118-2022-10-360020-01-0-00,20/9/2022,7/10/2022,19/9/2022,,22/9/2022,22/9/2022,1/10/2022,AVM,27/9/2022,001-0116388,RVC,27/9/2022,28/9/2022,FUNDO REMANSO,2/10/2022,3/10/2022,40,,0027-000376 ,036-0000318,-,,,NA,NA,-,Cargada en CP - [22-190-HPER // 4700002530 // MRKU5545985]
2022-2023,LIQUIPARCIAL,22-190-HPER,4700002530,RENE,PROJAR,SUSTRATOS ,EASY PLANTER 14.4 L,RV21,FX22-00390,"13,000",UN,USD,"24,895.00","24,895.00",20% AP,CIF,SEA,FCL/FCL,,TUTICORIN,CALLAO,1,40HC,20,-,,,NA,DIRECTO,MAERSK,220001045,MRKU2201707,-,-,1/8/2022,31,MAEU220001045,MAERSK SIRAC 237W,19/9/2022,38,NO,NA,IMUPESA,AVM,865,12/9/2022,15/9/2022,118-2022-10-360020-01-0-00,20/9/2022,7/10/2022,19/9/2022,,22/9/2022,22/9/2022,1/10/2022,AVM,27/9/2022,001-0116387,RVC,27/9/2022,28/9/2022,FUNDO REMANSO,13/10/2022,14/10/2022,41,,0015-001020, 036-0000321,-,,,NA,NA,-,Cargada en CP - [22-190-HPER // 4700002530 // MRKU2201707]
2022-2023,LIQUIPARCIAL,22-190-HPER,4700002530,RENE,PROJAR,SUSTRATOS ,EASY PLANTER 14.4 L,RV21,FX22-00390,"13,000",UN,USD,"24,895.00","24,895.00",20% AP,CIF,SEA,FCL/FCL,,TUTICORIN,CALLAO,1,40HC,20,-,,,NA,DIRECTO,MAERSK,220001045,MSKU1304955,-,-,1/8/2022,31,MAEU220001045,MAERSK SIRAC 237W,19/9/2022,38,NO,NA,IMUPESA,AVM,865,12/9/2022,15/9/2022,118-2022-10-360020-01-0-00,20/9/2022,7/10/2022,19/9/2022,,22/9/2022,22/9/2022,1/10/2022,AVM,27/9/2022,001-0116389,RVC,27/9/2022,28/9/2022,FUNDO REMANSO,14/10/2022,15/10/2022,41,,0018-001061,036-0000325,-,,,NA,NA,-,Cargada en CP - [22-190-HPER // 4700002530 // MSKU1304955]
2022-2023,LIQUIDADO,22-191-HPER,4700002531,RENE,PROJAR,SUSTRATOS ,EASY PLANTER 14.4 L,RV21,FX22-00394,"13,000",UN,USD,"24,895.00","24,895.00",20% AP,CIF,SEA,FCL/FCL,,TUTICORIN,CALLAO,1,40HC,20,-,,,NA,DIRECTO,MAERSK,220394528,MSKU8592220,-,3/8/2022,11/8/2022,32,MAEU220394528,MAERSK SALALAH 239W,2/10/2022,39,NO,NA,IMUPESA,AVM,904,22/9/2022,29/9/2022,"	 118-2022-10-378648-01-1-00",4/10/2022,4/10/2022,2/10/2022,,10/10/2022,10/10/2022,15/10/2022,AVM,12/10/2022,001-0116606,RVC,12/10/2022,12/10/2022,FUNDO REMANSO,1/11/2022,2/11/2022,44,,0011-001555, 036-0000342,-,,,UPS,1Z48V0570493216372,-,Cargada en CP - [22-191-HPER // 4700002531 // MSKU8592220]
2022-2023,LIQUIPARCIAL,22-191-HPER,4700002531,RENE,PROJAR,SUSTRATOS ,EASY PLANTER 14.4 L,RV21,FX22-00394,"13,000",UN,USD,"24,895.00","24,895.00",20% AP,CIF,SEA,FCL/FCL,,TUTICORIN,CALLAO,1,40HC,20,-,,,NA,DIRECTO,MAERSK,220394528,MRSU3161068,-,3/8/2022,11/8/2022,32,MAEU220394528,MAERSK SALALAH 239W,2/10/2022,39,NO,NA,IMUPESA,AVM,904,22/9/2022,29/9/2022,"	 118-2022-10-378648-01-1-00",4/10/2022,4/10/2022,2/10/2022,,10/10/2022,10/10/2022,15/10/2022,AVM,12/10/2022,001-0116605,RVC,12/10/2022,NA,FUNDO REMANSO,18/10/2022,19/10/2022,42,, 0013-001183,036-0000335,-,,,UPS,1Z48V0570493216372,-,Cargada en CP - [22-191-HPER // 4700002531 // MRSU3161068]
2022-2023,LIQUIPARCIAL,22-192-HPER,4700002532,RENE,PROJAR,SUSTRATOS ,EASY PLANTER 14.4 L,RV21,FX22-00395,"13,000",UN,USD,"24,895.00","24,895.00",20% AP,CIF,SEA,FCL/FCL,,TUTICORIN,CALLAO,1,40HC,20,-,,,NA,DIRECTO,MSC,93IN0125270722,GLDU7672245,-,8/8/2022,16/8/2022,33,MEDUC0906163,MSC ROMANE NX236A,6/10/2022,40,NO,NA,IMUPESA,AVM,902,25/9/2022,4/10/2022,118-2022-10-383105-01-2-00,7/10/2022,7/10/2022,6/10/2022,,11/10/2022,11/10/2022,20/10/2022,AVM,18/10/2022,001-0116955,AGERSA,18/10/2022,18/10/2022,FUNDO REMANSO,29/11/2022,30/11/2022,48,, 0058-001875,036-0000610,-,,,UPS,1Z48V0570493216372,-,Cargada en CP - [22-192-HPER // 4700002532 // GLDU7672245]
2022-2023,LIQUIPARCIAL,22-192-HPER,4700002532,RENE,PROJAR,SUSTRATOS ,EASY PLANTER 14.4 L,RV21,FX22-00395,"13,000",UN,USD,"24,895.00","24,895.00",20% AP,CIF,SEA,FCL/FCL,,TUTICORIN,CALLAO,1,40HC,20,-,,,NA,DIRECTO,MSC,93IN0125270722,MEDU8097380,-,8/8/2022,16/8/2022,33,MEDUC0906163,MSC ROMANE NX236A,6/10/2022,40,NO,NA,IMUPESA,AVM,902,25/9/2022,4/10/2022,118-2022-10-383105-01-2-00,7/10/2022,7/10/2022,6/10/2022,,11/10/2022,11/10/2022,20/10/2022,AVM,18/10/2022,001-0116954,AGERSA,18/10/2022,18/10/2022,FUNDO REMANSO,21/11/2022,22/11/2022,47,,0020-002824 ,036- 0000603,-,,,UPS,1Z48V0570493216372,-,Cargada en CP - [22-192-HPER // 4700002532 // MEDU8097380]
2022-2023,LIQUIDADO,22-193-HPER,4700002466,RENE,PROJAR,E & E,BANDEJAx45 CAVIDADES CAP:190CC COD30126,-,FX22-00449,"18,480",UN,EUR,"16,632.00","18,295.20",60,FOB,SEA,FCL/FCL,,ROTTERDAM,CALLAO,1,40HC,22,-,,,22/8/2022,AIRSEALOG,HAPAG,S00020386,TEMU7572277,-,12/9/2022,17/9/2022,37,SBNLIS00139173,VALPARAISO EXPRESS 2237S,21/10/2022,42,SI,27/9/2022,IMUPESA,PASOC,57619,11/10/2022,18/10/2022, 118-2022-10-402413-01-1-00,22/10/2022,23/10/2022,21/10/2022,,NA,NA,,PASOC,25/10/2022,001-0386711,RVC,25/10/2022,NA,FUNDO ARMONIA,25/10/2022,26/10/2022,43,,0009-001690,036-0000338,-,,,UPS,1Z48V0570490644343,-,Cargada en CP - (Se sacó cont de la cta cda) - [22-193-HPER // 4700002466 // TEMU7572277] (28/09)
2022-2023,LIQUIDADO,22-194-HPER,4700002495,RENE,PROJAR,E & E,BANDEJAx45 CAVIDADES CAP:190CC COD30126,-,FX22-00456,"18,480",UN,EUR,"16,632.00","18,295.20",60,FOB,SEA,FCL/FCL,,ROTTERDAM,CALLAO,1,40HC,22,-,,,22/8/2022,AIRSEALOG,HAPAG,99706213,UACU5393741,-,15/9/2022,22/9/2022,38,SBNLIS00139204,CMA CGM CARL ANTOINE 2238S,28/10/2022,43,SI,29/9/2022,IMUPESA,PASOC,57913,17/10/2022,26/10/2022,118-2022-10-416804-01-8-00,29/10/2022,29/10/2022,28/10/2022,,NA,NA,9/11/2022,PASOC,2/11/2022, 001-0386958 ,GUZMAN,2/11/2022,NA,FUNDO ARMONIA,4/11/2022,5/11/2022,44,,0010-033938 ,036-0000502,-,,,UPS,1Z48V0570490644343,-,Cargada en CP -  (naviera erronea. Es de Hapag)  - [22-194-HPER // 4700002466 // UACU5393741]
2022-2023,LIQUIDADO,22-194-HPER,4700002495,RENE,PROJAR,E & E,BANDEJAx45 CAVIDADES CAP:190CC COD30126,-,FX22-00456,"18,480",UN,EUR,"16,632.00","18,295.20",60,FOB,SEA,FCL/FCL,,ROTTERDAM,CALLAO,1,40HC,22,-,,,22/8/2022,AIRSEALOG,HAPAG,99706213,FFAU1187753,-,15/9/2022,22/9/2022,38,SBNLIS00139204,CMA CGM CARL ANTOINE 2238S,28/10/2022,43,SI,29/9/2022,IMUPESA,PASOC,57913,17/10/2022,26/10/2022,118-2022-10-416804-01-8-00,29/10/2022,29/10/2022,28/10/2022,,NA,NA,9/11/2022,PASOC,2/11/2022,001-0386959,GUZMAN,2/11/2022,NA,FUNDO ARMONIA,4/11/2022,5/11/2022,44,, 0010-033941,036-0000503,-,,,UPS,1Z48V0570490644343,-,Cargada en CP -  (naviera erronea. Es de Hapag) - [22-194-HPER // 4700002466 // FFAU1187753]
2022-2023,LIQUIDADO,22-195-HPER,4700002551,RENE,POPPELMAN,E & E,PORTAMACETA 0.5L R 2838/12 PP schwarz,-,322096445,"1,364",UN,EUR,"11,095.70","12,205.27",0,FCA,SEA,FCL/LCL,,ROTTERDAM,CALLAO,0.5,20ST,16.5,-,,,5/9/2022,AIRSEALOG,HAPAG,-,HAMU1046870,19/9/2022,-,22/9/2022,38,CTLT08025039588,CARTAGENA EXPRESS,24/10/2022,43,SI,29/9/2022,IMUPESA,PASOC,57780,13/10/2022,21/10/2022, 118-2022-10-411089-01-9-00,25/10/2022,25/10/2022,24/10/2022,,NA,NA,3/11/2022,PASOC,27/10/2022,001-0386809,RVC,27/10/2022,27/10/2022,FUNDO ARMONIA,7/11/2022,8/11/2022,45,,0005-003463, 036-0000453 ,-,,,UPS,1Z 763 70Y 04 9774 4977,-,Cargada en CP - Falta booking - [22-195-HPER // 4700002551 // HAMU1046870] (15/03)
2022-2023,LIQUIDADO,22-195-HPER,4700002551,RENE,POPPELMAN,E & E,MACETA CUADRADA INYECT 9X9X9.5cm 0.49L,-,322096445,"288,200",UN,EUR,886.60,975.26,0,FCA,SEA,FCL/LCL,,ROTTERDAM,CALLAO,0.5,20ST,16.5,-,,,5/9/2022,AIRSEALOG,HAPAG,-,HAMU1046870,19/9/2022,-,22/9/2022,38,CTLT08025039588,CARTAGENA EXPRESS,24/10/2022,43,SI,29/9/2022,IMUPESA,PASOC,57780,13/10/2022,21/10/2022, 118-2022-10-411089-01-9-00,25/10/2022,25/10/2022,24/10/2022,,NA,NA,3/11/2022,PASOC,27/10/2022,001-0386809,RVC,27/10/2022,27/10/2022,FUNDO ARMONIA,7/11/2022,8/11/2022,45,,0005-003463, 036-0000453 ,-,,,UPS,1Z 763 70Y 04 9774 4977,-,Cargada en CP - Falta booking - [22-195-HPER // 4700002551 // HAMU1046870] (15/03)
2022-2023,LIQUIPARCIAL,22-196-HPER,4700002578,RENE,HFCH,PLANTAS,HT73,-,12901,"218,000",UN,USD,"194,660.00","194,660.00",90,CFR,AIR,AIR,,SANTIAGO,LIMA,-,-,7,-,,,NA,DIRECTO,KOREAN,-,-,-,-,12/9/2022,37,180-48568586 ,KE 0274,12/9/2022,37,SI,12/9/2022,SAASA,AVM,895,13/9/2022,14/10/2022,235-2022-10-135705-01-3-00,12/9/2022,21/10/2022,20/10/2022,,16/9/2022,16/9/2022,NA,NA,16/9/2022,NA,AVM,NA,NA,VIVERO ILUSION,16/9/2022,17/9/2022,37,,001-0116199,NA,-,,,NA,NA,-,Sin cargar por medio de transporte AIRE - [22-196-HPER]
2022-2023,LIQUIPARCIAL,22-196-HPER,4700002579,RENE,HFCH,PLANTAS,ROCIO # 360,-,12902,"10,080",UN,USD,"26,327.78","26,327.78",90,CFR,AIR,AIR,,SANTIAGO,LIMA,-,-,0.29,-,,,NA,DIRECTO,KOREAN,-,-,-,-,12/9/2022,37,180-48568586 ,KE 0274,12/9/2022,37,SI,12/9/2022,SAASA,AVM,895,13/9/2022,14/10/2022,235-2022-10-135705-01-3-00,12/9/2022,21/10/2022,20/10/2022,,16/9/2022,16/9/2022,NA,NA,16/9/2022,NA,AVM,NA,NA,VIVERO ILUSION,16/9/2022,17/9/2022,37,,001-0116199,NA,-,,,NA,NA,-,Sin cargar por medio de transporte AIRE - [22-196-HPER]
2022-2023,LIQUIPARCIAL,22-196-HPER,4700002579,RENE,HFCH,PLANTAS,ROCIO # 325,-,12902,"22,100",UN,USD,"57,722.62","57,722.62",90,CFR,AIR,AIR,,SANTIAGO,LIMA,-,-,0.71,-,,,NA,DIRECTO,KOREAN,-,-,-,-,12/9/2022,37,180-48568586 ,KE 0274,12/9/2022,37,SI,12/9/2022,SAASA,AVM,895,13/9/2022,13/9/2022,235-2022-10-135705-01-3-00,12/9/2022,21/10/2022,13/9/2022,,16/9/2022,16/9/2022,NA,NA,16/9/2022,NA,AVM,NA,NA,VIVERO ILUSION,16/9/2022,17/9/2022,37,,001-0116199,NA,-,,,NA,NA,-,Sin cargar por medio de transporte AIRE - [22-196-HPER]
2022-2023,LIQUIPARCIAL,22-197-HPER,4700002599,RENE,HFCH,PLANTAS,BB14-232 PT-2,-,12904,"130,000",UN,USD,"113,100.00","113,100.00",90,CFR,AIR,AIR,,SANTIAGO,LIMA,-,-,1,-,,,NA,DIRECTO,KOREAN,-,-,-,-,18/9/2022,37,180-48568586,KE 0275,19/9/2022,38,SI,19/9/2022,SAASA,AVM,926,19/9/2022,19/9/2022,235-2022-10-138732-01-1-00,19/9/2022,21/10/2022,19/9/2022,,20/9/2022,20/9/2022,NA,NA,21/9/2022,NA,AVM,NA,NA,VIVERO ILUSION,21/9/2022,22/9/2022,38,,001-0116384,NA,-,,,NA,NA,-,Sin cargar por medio de transporte AIRE - [22-197-HPER]
2022-2023,LIQUIPARCIAL,22-198-HPER,4700002600,RENE,OZ,PLANTAS,BONITA - REPOSICION,-,44805,"15,300",UN,USD,"9,180.00","9,180.00",0,CFR,AIR,AIR,,SANTIAGO,LIMA,-,-,1,-,,,NA,DIRECTO,KOREAN,-,-,-,-,18/9/2022,37,180-48568726,KE274/19,19/9/2022,38,SI,19/9/2022,SAASA,AVM,927,19/9/2022,20/9/2022,"	 235-2022-10-139296-01-0-00",19/9/2022,21/10/2022,20/9/2022,,21/9/2022,21/9/2022,NA,NA,21/9/2022,NA,AVM,NA,NA,VIVERO ILUSION,21/9/2022,22/9/2022,38,,001-0116386,NA,-,,,NA,NA,-,Sin cargar por medio de transporte AIRE - [22-198-HPER]
2022-2023,LIQUIPARCIAL,22-199-HPER,4700002496,MELANIE,LIPPEL ,SPAREPARTS,RPTOS VARIOS PARA MAQUINA CHIPEADORA,-,35294,79,UN,USD,"15,105.00","15,105.00",0,EXW,AIR,AIR,,VIRACOPOS,LIMA,-,-,1,15/9/2022,,,20/9/2022,AIRSEALOG,ATLAS AIR,-,-,21/9/2022,23/9/2022,4/10/2022,40,6EAVCP22525,AT 0056,5/10/2022,40,SI,29/9/2022,ALFOSAC,LIP,15171,30/9/2022,30/9/2022,235-2022-10-145668-01-3-01,5/10/2022,21/10/2022,5/10/2022,,NA,NA,NA,LIP,6/10/2022,PENDIENTE,AGERSA,6/10/2022,NA,FUNDO ARMONIA,10/10/2022,11/10/2022,41,,0001-019199,036-0000385,-,,,NA,NA,-,No cargada por metodo de transporte AIRE [22-199-HPER // 4700002496]
2022-2023,LIQUIDADO,22-200-HPER,4700002521,RENE,VERITAS,SUSTRATOS ,EASY PLANTER 15 L,RV21,INV-202122/054,"14,000",UN,USD,"28,120.00","28,120.00",50%AP,CIF,SEA,FCL/FCL,,SRI LANKA,CALLAO,1,40HC,20,-,,,NA,DIRECTO,COSCO,6340488960,CSLU6290574,-,24/7/2022,27/7/2022,30,COSU6340488960,CSCL AUTUMN 048E,3/10/2022,40,NO,NA,IMUPESA,AVM,941,19/9/2022,5/10/2022,"	 118-2022-10-384772-01-2-00",3/10/2022,21/10/2022,5/10/2022,,11/10/2022,11/10/2022,17/10/2022,AVM,12/10/2022,,AGERSA,12/10/2022,12/10/2022,FUNDO REMANSO,14/11/2022,15/11/2022,46,,011-0116602, 036-0000435 ,-,,,DHL,6093409420,-,Cargado en CP -  [22-200-HPER // 4700002417-1 // CSLU6290574] 
2022-2023,LIQUIDADO,22-200-HPER,4700002521,RENE,VERITAS,SUSTRATOS ,EASY PLANTER 15 L,RV21,INV-202122/054,"14,000",UN,USD,"28,120.00","28,120.00",50%AP,CIF,SEA,FCL/FCL,,SRI LANKA,CALLAO,1,40HC,20,-,,,NA,DIRECTO,COSCO,6340488960,CBHU8557000,-,24/7/2022,27/7/2022,30,COSU6340488960,CSCL AUTUMN 048E,3/10/2022,40,NO,NA,IMUPESA,AVM,941,19/9/2022,5/10/2022,"	 118-2022-10-384772-01-2-00",3/10/2022,21/10/2022,5/10/2022,,11/10/2022,11/10/2022,17/10/2022,AVM,12/10/2022,,AGERSA,12/10/2022,12/10/2022,FUNDO REMANSO,15/11/2022,16/11/2022,46,,011-0116604,036-0000442,-,,,DHL,6093409420,-,Cargado en CP -  [22-200-HPER // 4700002417-1 // CBHU8557000] 
2022-2023,LIQUIDADO,22-200-HPER,4700002521,RENE,VERITAS,SUSTRATOS ,EASY PLANTER 15 L,RV21,INV-202122/054,"14,000",UN,USD,"28,120.00","28,120.00",50%AP,CIF,SEA,FCL/FCL,,SRI LANKA,CALLAO,1,40HC,20,-,,,NA,DIRECTO,COSCO,6340488960,OOLU9262230,-,24/7/2022,27/7/2022,30,COSU6340488960,CSCL AUTUMN 048E,3/10/2022,40,NO,NA,IMUPESA,AVM,941,19/9/2022,5/10/2022,"	 118-2022-10-384772-01-2-00",3/10/2022,21/10/2022,5/10/2022,,11/10/2022,11/10/2022,17/10/2022,AVM,12/10/2022,,AGERSA,12/10/2022,12/10/2022,FUNDO REMANSO,14/11/2022,15/11/2022,46,,011-0116603, 036-0000434,-,,,DHL,6093409420,-,Cargado en CP -  [22-200-HPER // 4700002417-1 // CBHU8557000] 
2022-2023,LIQUIPARCIAL,22-200-HPER,4700002521,RENE,VERITAS,SUSTRATOS ,EASY PLANTER 15 L,RV21,INV-202122/054,"14,000",UN,USD,"28,120.00","28,120.00",50%AP,CIF,SEA,FCL/FCL,,SRI LANKA,CALLAO,1,40HC,20,-,,,NA,DIRECTO,COSCO,6340488960,OOLU8799903,-,24/7/2022,27/7/2022,30,COSU6340488960,CSCL AUTUMN 048E,3/10/2022,40,NO,NA,IMUPESA,AVM,941,19/9/2022,5/10/2022,"	 118-2022-10-384772-01-2-00",3/10/2022,21/10/2022,5/10/2022,,11/10/2022,11/10/2022,17/10/2022,AVM,12/10/2022,,AGERSA,12/10/2022,12/10/2022,FUNDO REMANSO,11/10/2022,12/10/2022,41,,001-0116601, 036-0000429 ,-,,,DHL,6093409420,-,Cargado en CP -  [22-200-HPER // 4700002417-1 // OOLU8799903] 
2022-2023,LIQUIDADO,22-201-HPER,4700002522,RENE,VERITAS,SUSTRATOS ,EASY PLANTER 15 L,RV21,INV-202223/055 - A,"14,000",UN,USD,"28,520.00","28,520.00",50%AP,CIF,SEA,FCL/FCL,,SRI LANKA,CALLAO,1,40HC,20,-,,,NA,DIRECTO,MSC,EBKG03641181,MEDU7855973,-,29/7/2022,3/8/2022,31,MEDUC0901479,MSC ROMANE NX236A,6/10/2022,40,NO,NA,IMUPESA,AVM,956,25/9/2022,4/10/2022,118-2022-10-383361-01-9-00,7/10/2022,21/10/2022,6/10/2022,,11/10/2022,11/10/2022,19/10/2022,AVM,13/10/2022,,JOSELITO,13/10/2022,13/10/2022,FUNDO REMANSO,29/12/2022,30/12/2022,52,,001-0116945 , 036-0000591,-,,,DHL,6093409420,-,Cargado en CP - [22-201-HPER // 4700002417-2 // MEDU7855973]
2022-2023,LIQUIDADO,22-201-HPER,4700002522,RENE,VERITAS,SUSTRATOS ,EASY PLANTER 15 L,RV21,INV-202223/055 - A,"14,000",UN,USD,"28,520.00","28,520.00",50%AP,CIF,SEA,FCL/FCL,,SRI LANKA,CALLAO,1,40HC,20,-,,,NA,DIRECTO,MSC,EBKG03641181,MEDU4417422,-,29/7/2022,3/8/2022,31,MEDUC0901479,MSC ROMANE NX236A,6/10/2022,40,NO,NA,IMUPESA,AVM,956,25/9/2022,4/10/2022,118-2022-10-383361-01-9-00,7/10/2022,21/10/2022,6/10/2022,,11/10/2022,11/10/2022,19/10/2022,AVM,13/10/2022,,JOSELITO,13/10/2022,13/10/2022,FUNDO REMANSO,29/12/2022,30/12/2022,52,,001-0116944, 036-0000594,-,,,DHL,6093409420,-,Cargado en CP - [22-201-HPER // 4700002417-2 // MEDU4417422]
2022-2023,LIQUIDADO,22-201-HPER,4700002522,RENE,VERITAS,SUSTRATOS ,EASY PLANTER 15 L,RV21,INV-202223/055 - A,"14,000",UN,USD,"28,520.00","28,520.00",50%AP,CIF,SEA,FCL/FCL,,SRI LANKA,CALLAO,1,40HC,20,-,,,NA,DIRECTO,MSC,EBKG03641181,MSMU8645229,-,29/7/2022,3/8/2022,31,MEDUC0901479,MSC ROMANE NX236A,6/10/2022,40,NO,NA,IMUPESA,AVM,956,25/9/2022,4/10/2022,118-2022-10-383361-01-9-00,7/10/2022,21/10/2022,6/10/2022,,11/10/2022,11/10/2022,19/10/2022,AVM,13/10/2022,,JOSELITO,13/10/2022,13/10/2022,FUNDO REMANSO,12/10/2022,13/10/2022,41,, 001-0116943, 036-0000593,-,,,DHL,6093409420,-,Cargado en CP - [22-201-HPER // 4700002417-2 // MSMU8645229]
2022-2023,LIQUIPARCIAL,22-202-HPER,4700002523,RENE,VERITAS,SUSTRATOS ,EASY PLANTER 15 L,RV21,INV-202223/055 - B,"14,000",UN,USD,"28,520.00","28,520.00",50%AP,CIF,SEA,FCL/FCL,,SRI LANKA,CALLAO,1,40HC,20,-,,,NA,DIRECTO,MSC,EBKG03641181,MEDU7126858,-,31/7/2022,3/8/2022,31,MEDUC0901487,MSC ROMANE NX236A,6/10/2022,40,NO,NA,IMUPESA,AVM,958,25/9/2022,4/10/2022, 118-2022-10-383561-01-8-00,7/10/2022,21/10/2022,6/10/2022,,11/10/2022,11/10/2022,19/10/2022,AVM,14/10/2022,,RVC,14/10/2022,14/10/2022,FUNDO REMANSO,2/11/2022,3/11/2022,44,,001-0116937 ,036-0000346 ,-,,,DHL,6093409420,-,Cargado en CP - [22-202-HPER // 4700002417-3 // MEDU7126858]
2022-2023,LIQUIPARCIAL,22-202-HPER,4700002523,RENE,VERITAS,SUSTRATOS ,EASY PLANTER 15 L,RV21,INV-202223/055 - B,"14,000",UN,USD,"28,520.00","28,520.00",50%AP,CIF,SEA,FCL/FCL,,SRI LANKA,CALLAO,1,40HC,20,-,,,NA,DIRECTO,MSC,EBKG03641181,CAIU4403942,-,31/7/2022,3/8/2022,31,MEDUC0901487,MSC ROMANE NX236A,6/10/2022,40,NO,NA,IMUPESA,AVM,958,25/9/2022,4/10/2022, 118-2022-10-383561-01-8-00,7/10/2022,21/10/2022,6/10/2022,,11/10/2022,11/10/2022,19/10/2022,AVM,14/10/2022,,RVC,14/10/2022,14/10/2022,FUNDO REMANSO,2/11/2022,3/11/2022,44,,001-0116938 ,036-0000345,-,,,DHL,6093409420,-,Cargado en CP - [22-202-HPER // 4700002523 // CAIU4403942]
2022-2023,LIQUIPARCIAL,22-202-HPER,4700002523,RENE,VERITAS,SUSTRATOS ,EASY PLANTER 15 L,RV21,INV-202223/055 - B,"14,000",UN,USD,"28,520.00","28,520.00",50%AP,CIF,SEA,FCL/FCL,,SRI LANKA,CALLAO,1,40HC,20,-,,,NA,DIRECTO,MSC,EBKG03641181,MEDU4502648,-,31/7/2022,3/8/2022,31,MEDUC0901487,MSC ROMANE NX236A,6/10/2022,40,NO,NA,IMUPESA,AVM,958,25/9/2022,4/10/2022, 118-2022-10-383561-01-8-00,7/10/2022,21/10/2022,6/10/2022,,11/10/2022,11/10/2022,19/10/2022,AVM,14/10/2022,,RVC,14/10/2022,14/10/2022,FUNDO REMANSO,6/11/2022,7/11/2022,45,,001-0116936 ,036-0000348,-,,,DHL,6093409420,-,Cargado en CP - [22-202-HPER // 4700002417-3 // MEDU4502648]
2022-2023,LIQUIDADO,22-203-HPER,4700002524,RENE,VERITAS,SUSTRATOS ,EASY PLANTER 15 L,RV21,INV-202223/059 - A,"14,000",UN,USD,"28,020.00","28,020.00",50%AP,CIF,SEA,FCL/FCL,,SRI LANKA,CALLAO,1,40HC,20,-,,,NA,DIRECTO,MSC,EBKG03719137,MEDU4614078,-,3/8/2022,16/8/2022,33,MEDUC0905868,MSC ROMANE NX236A,6/10/2022,40,NO,NA,IMUPESA,AVM,957,25/9/2022,4/10/2022,"	 118-2022-10-383506-01-7-00",7/10/2022,21/10/2022,6/10/2022,,11/10/2022,11/10/2022,19/10/2022,AVM,13/10/2022,,AGERSA,13/10/2022,13/10/2022,FUNDO REMANSO,16/11/2022,17/11/2022,46,,001-0116939,036-0000443 ,-,,,DHL,6093409420,-,Cargado en CP - [22-203-HPER // 4700002523 // MEDU8284499]
2022-2023,LIQUIDADO,22-203-HPER,4700002524,RENE,VERITAS,SUSTRATOS ,EASY PLANTER 15 L,RV21,INV-202223/059 - A,"14,000",UN,USD,"28,020.00","28,020.00",50%AP,CIF,SEA,FCL/FCL,,SRI LANKA,CALLAO,1,40HC,20,-,,,NA,DIRECTO,MSC,EBKG03719137,FCIU8255008,-,3/8/2022,16/8/2022,33,MEDUC0905868,MSC ROMANE NX236A,6/10/2022,40,NO,NA,IMUPESA,AVM,957,25/9/2022,4/10/2022,"	 118-2022-10-383506-01-7-00",7/10/2022,7/10/2022,6/10/2022,,11/10/2022,11/10/2022,19/10/2022,AVM,13/10/2022,,AGERSA,13/10/2022,13/10/2022,FUNDO REMANSO,16/11/2022,17/11/2022,46,,001-0116940 ,036-0000444,-,,,DHL,6093409420,-,Cargado en CP - [22-203-HPER // 4700002523 // FCIU9070879]
2022-2023,LIQUIDADO,22-203-HPER,4700002524,RENE,VERITAS,SUSTRATOS ,EASY PLANTER 15 L,RV21,INV-202223/059 - A,"14,000",UN,USD,"28,020.00","28,020.00",50%AP,CIF,SEA,FCL/FCL,,SRI LANKA,CALLAO,1,40HC,20,-,,,NA,DIRECTO,MSC,EBKG03719137,MEDU8284499,-,3/8/2022,16/8/2022,33,MEDUC0905868,MSC ROMANE NX236A,6/10/2022,40,NO,NA,IMUPESA,AVM,957,25/9/2022,4/10/2022,"	 118-2022-10-383506-01-7-00",7/10/2022,21/10/2022,6/10/2022,,11/10/2022,11/10/2022,19/10/2022,AVM,13/10/2022,,AGERSA,13/10/2022,13/10/2022,FUNDO REMANSO,18/11/2022,19/11/2022,46,,001-0116942,036-0000447,-,,,DHL,6093409420,-,Cargado en CP - [22-203-HPER // 4700002523 // MEDU4614078]
2022-2023,LIQUIDADO,22-203-HPER,4700002524,RENE,VERITAS,SUSTRATOS ,EASY PLANTER 15 L,RV21,INV-202223/059 - A,"14,000",UN,USD,"28,020.00","28,020.00",50%AP,CIF,SEA,FCL/FCL,,SRI LANKA,CALLAO,1,40HC,20,-,,,NA,DIRECTO,MSC,EBKG03719137,FCIU9070879,-,3/8/2022,16/8/2022,33,MEDUC0905868,MSC ROMANE NX236A,6/10/2022,40,NO,NA,IMUPESA,AVM,957,25/9/2022,4/10/2022,"	 118-2022-10-383506-01-7-00",7/10/2022,21/10/2022,6/10/2022,,11/10/2022,11/10/2022,19/10/2022,AVM,13/10/2022,,AGERSA,13/10/2022,13/10/2022,FUNDO REMANSO,18/11/2022,19/11/2022,46,, 001-0116941, 036-0000445,-,,,DHL,6093409420,-,Cargado en CP - [22-203-HPER // 4700002523 // FCIU8255008]
2022-2023,LIQUIPARCIAL,22-204-HPER,4700002525,RENE,VERITAS,SUSTRATOS ,EASY PLANTER 15 L,RV21,INV-202223/059 - B,"14,000",UN,USD,"28,020.00","28,020.00",50%AP,CIF,SEA,FCL/FCL,,SRI LANKA,CALLAO,1,40HC,20,-,,,NA,DIRECTO,MSC,EBKG03719137,CAXU9826527,-,9/8/2022,16/8/2022,33,MEDUC0905702,MSC ROMANE NX236A,6/10/2022,40,NO,NA,IMUPESA,AVM,959,25/9/2022,4/10/2022,118-2022-10-384015-01-7-00,7/10/2022,7/10/2022,6/10/2022,,11/10/2022,11/10/2022,19/10/2022,AVM,14/10/2022,,AGERSA,14/10/2022,14/10/2022,FUNDO REMANSO,18/11/2022,19/11/2022,46,, 001-0116935, 036-0000446 ,-,,,DHL,6093409420,-,Cargado en CP - [22-204-HPER // 4700002524 // CAXU9826527]
2022-2023,LIQUIPARCIAL,22-204-HPER,4700002525,RENE,VERITAS,SUSTRATOS ,EASY PLANTER 15 L,RV21,INV-202223/059 - B,"14,000",UN,USD,"28,020.00","28,020.00",50%AP,CIF,SEA,FCL/FCL,,SRI LANKA,CALLAO,1,40HC,20,-,,,NA,DIRECTO,MSC,EBKG03719137,FSCU8351891,-,9/8/2022,16/8/2022,33,MEDUC0905702,MSC ROMANE NX236A,6/10/2022,40,NO,NA,IMUPESA,AVM,959,25/9/2022,4/10/2022,118-2022-10-384015-01-7-00,7/10/2022,7/10/2022,6/10/2022,,11/10/2022,11/10/2022,19/10/2022,AVM,14/10/2022,,AGERSA,14/10/2022,14/10/2022,FUNDO REMANSO,20/11/2022,21/11/2022,47,, 001-0116934,036-0000448,-,,,DHL,6093409420,-,Cargado en CP - [22-204-HPER // 4700002524 // FSCU8351891]
2022-2023,LIQUIPARCIAL,22-204-HPER,4700002525,RENE,VERITAS,SUSTRATOS ,EASY PLANTER 15 L,RV21,INV-202223/059 - B,"14,000",UN,USD,"28,020.00","28,020.00",50%AP,CIF,SEA,FCL/FCL,,SRI LANKA,CALLAO,1,40HC,20,-,,,NA,DIRECTO,MSC,EBKG03719137,CAIU9858902,-,9/8/2022,16/8/2022,33,MEDUC0905702,MSC ROMANE NX236A,6/10/2022,40,NO,NA,IMUPESA,AVM,959,25/9/2022,4/10/2022,118-2022-10-384015-01-7-00,7/10/2022,7/10/2022,6/10/2022,,11/10/2022,11/10/2022,19/10/2022,AVM,14/10/2022,,AGERSA,14/10/2022,14/10/2022,FUNDO REMANSO,20/11/2022,21/11/2022,47,,001-0116933 , 036-0000601,-,,,DHL,6093409420,-,Cargado en CP - [22-204-HPER // 4700002524 // CAIU9858902]
2022-2023,LIQUIPARCIAL,22-204-HPER,4700002525,RENE,VERITAS,SUSTRATOS ,EASY PLANTER 15 L,RV21,INV-202223/059 - B,"14,000",UN,USD,"28,020.00","28,020.00",50%AP,CIF,SEA,FCL/FCL,,SRI LANKA,CALLAO,1,40HC,20,-,,,NA,DIRECTO,MSC,EBKG03719137,CAIU7778048,-,9/8/2022,16/8/2022,33,MEDUC0905702,MSC ROMANE NX236A,6/10/2022,40,NO,NA,IMUPESA,AVM,959,25/9/2022,4/10/2022,118-2022-10-384015-01-7-00,7/10/2022,7/10/2022,6/10/2022,,11/10/2022,11/10/2022,19/10/2022,AVM,14/10/2022,,AGERSA,14/10/2022,14/10/2022,FUNDO REMANSO,20/11/2022,21/11/2022,47,,001-0116932, 036-0000450,-,,,DHL,6093409420,-,Cargado en CP - [22-204-HPER // 4700002524 // CAIU7778048]
2022-2023,LIQUIPARCIAL,22-205-HPER,4700002526,RENE,VERITAS,SUSTRATOS ,EASY PLANTER 15 L,RV21,INV-202223/061,"14,000",UN,USD,"27,720.00","27,720.00",50%AP,CIF,SEA,FCL/FCL,,SRI LANKA,CALLAO,1,40HC,20,-,,,NA,DIRECTO,COSCO,6341248730,CSNU7176537,-,5/8/2022,7/8/2022,31,COSU6341248730 ,CSCL AUTUMN 048E,3/10/2022,40,NO,NA,IMUPESA,AVM,918,16/9/2022,5/10/2022,118-2022-10-384730-01-8-00,3/10/2022,4/10/2022,5/10/2022,,11/10/2022,11/10/2022,17/10/2022,AVM,12/10/2022,,TRANSPESA,12/10/2022,12/10/2022,FUNDO REMANSO,26/12/2022,27/12/2022,52,, 001-0116599 ,036-0000583 ,-,,,DHL,6093409420,-,Cargado en CP - [22-205-HPER // 4700002526 // TCKU6494489]
2022-2023,LIQUIPARCIAL,22-205-HPER,4700002526,RENE,VERITAS,SUSTRATOS ,EASY PLANTER 15 L,RV21,INV-202223/061,"14,000",UN,USD,"27,720.00","27,720.00",50%AP,CIF,SEA,FCL/FCL,,SRI LANKA,CALLAO,1,40HC,20,-,,,NA,DIRECTO,COSCO,6341248730,CBHU9115893,-,5/8/2022,7/8/2022,31,COSU6341248730 ,CSCL AUTUMN 048E,3/10/2022,40,NO,NA,IMUPESA,AVM,918,16/9/2022,5/10/2022,118-2022-10-384730-01-8-00,3/10/2022,4/10/2022,5/10/2022,,11/10/2022,11/10/2022,17/10/2022,AVM,12/10/2022,,TRANSPESA,12/10/2022,12/10/2022,FUNDO REMANSO,18/11/2022,19/11/2022,46,,001-0116600 ,036-0000200,-,,,DHL,6093409420,-,Cargado en CP - [22-205-HPER // 4700002526 // CSNU6370044]
2022-2023,LIQUIPARCIAL,22-206-HPER,4700002586,RENE,VERITAS,SUSTRATOS ,EASY PLANTER 15 L,RV21,INV-202223/066 - A,"14,000",UN,USD,"28,020.00","28,020.00",50%AP,CIF,SEA,FCL/FCL,,SRI LANKA,CALLAO,1,40HC,20,-,,,NA,DIRECTO,MSC,EBKG03777942,MSMU4082908,-,14/8/2022,30/8/2022,35,MEDUC0915354,MSC ANTIGUA NX238A,20/10/2022,42,NO,NA,IMUPESA,AVM,1004,10/10/2022,14/10/2022,"	 118-2022-10-397723-01-5-00",21/10/2022,21/10/2022,20/10/2022,,27/10/2022,27/10/2022,3/11/2022,AVM,28/10/2022,,AGERSA,28/10/2022,28/10/2022,FUNDO REMANSO,30/11/2022,1/12/2022,48,,001-0117010 , 036-0000612,-,,,DHL,6758458210,-,Cargado en CP - [22-206-HPER // 4700002586 // MSMU4082908]
2022-2023,LIQUIPARCIAL,22-206-HPER,4700002586,RENE,VERITAS,SUSTRATOS ,EASY PLANTER 15 L,RV21,INV-202223/066 - A,"14,000",UN,USD,"28,020.00","28,020.00",50%AP,CIF,SEA,FCL/FCL,,SRI LANKA,CALLAO,1,40HC,20,-,,,NA,DIRECTO,MSC,EBKG03777942,TCNU1386146,-,14/8/2022,30/8/2022,35,MEDUC0915354,MSC ANTIGUA NX238A,20/10/2022,42,NO,NA,IMUPESA,AVM,1004,10/10/2022,14/10/2022,"	 118-2022-10-397723-01-5-00",21/10/2022,21/10/2022,20/10/2022,,27/10/2022,27/10/2022,3/11/2022,AVM,28/10/2022,,AGERSA,28/10/2022,28/10/2022,FUNDO REMANSO,30/11/2022,1/12/2022,48,, 001-0117009, 036-0000613,-,,,DHL,6758458210,-,Cargado en CP - [22-206-HPER // 4700002586 // TCNU1386146]
2022-2023,LIQUIPARCIAL,22-206-HPER,4700002586,RENE,VERITAS,SUSTRATOS ,EASY PLANTER 15 L,RV21,INV-202223/066 - A,"14,000",UN,USD,"28,020.00","28,020.00",50%AP,CIF,SEA,FCL/FCL,,SRI LANKA,CALLAO,1,40HC,20,-,,,NA,DIRECTO,MSC,EBKG03777942,FFAU1643724,-,14/8/2022,30/8/2022,35,MEDUC0915354,MSC ANTIGUA NX238A,20/10/2022,42,NO,NA,IMUPESA,AVM,1004,10/10/2022,14/10/2022,"	 118-2022-10-397723-01-5-00",21/10/2022,21/10/2022,20/10/2022,,27/10/2022,27/10/2022,3/11/2022,AVM,28/10/2022,,AGERSA,28/10/2022,28/10/2022,FUNDO REMANSO,29/11/2022,30/11/2022,48,, 001-0117008 ,036-0000611,-,,,DHL,6758458210,-,Cargado en CP - [22-206-HPER // 4700002586 // FFAU1643724]
2022-2023,LIQUIPARCIAL,22-206-HPER,4700002586,RENE,VERITAS,SUSTRATOS ,EASY PLANTER 15 L,RV21,INV-202223/066 - A,"14,000",UN,USD,"28,020.00","28,020.00",50%AP,CIF,SEA,FCL/FCL,,SRI LANKA,CALLAO,1,40HC,20,-,,,NA,DIRECTO,MSC,EBKG03777942,MSCU5441828,-,14/8/2022,30/8/2022,35,MEDUC0915354,MSC ANTIGUA NX238A,20/10/2022,42,NO,NA,IMUPESA,AVM,1004,10/10/2022,14/10/2022,"	 118-2022-10-397723-01-5-00",21/10/2022,21/10/2022,20/10/2022,,27/10/2022,27/10/2022,3/11/2022,AVM,28/10/2022,,AGERSA,29/10/2022,29/10/2022,FUNDO REMANSO,30/11/2022,1/12/2022,48,,001-0117007,036-0000615,-,,,DHL,6758458210,-,Cargado en CP - [22-206-HPER // 4700002586 // MSCU5441828]
2022-2023,LIQUIPARCIAL,22-207-HPER,4700002587,RENE,VERITAS,SUSTRATOS ,EASY PLANTER 15 L,RV21,INV-202223/066 - B,"14,000",UN,USD,"28,020.00","28,020.00",50%AP,CIF,SEA,FCL/FCL,,SRI LANKA,CALLAO,1,40HC,20,-,,,NA,DIRECTO,MSC,EBKG03777942,MSMU8778469,-,26/8/2022,30/8/2022,35,MEDUC0915396,MSC ANTIGUA NX238A,20/10/2022,42,NO,NA,IMUPESA,AVM,1006,10/10/2022,14/10/2022,118-2022-10-397763-01-7-00,21/10/2022,21/10/2022,20/10/2022,,27/10/2022,27/10/2022,3/11/2022,AVM,29/10/2022,,RVC,29/10/2022,29/10/2022,FUNDO REMANSO,6/11/2022,7/11/2022,45,, 001-0117016 ,036-0000349 ,-,,,DHL,6758458210,-,Cargado en CP - [22-207-HPER // 4700002587 // MSMU8778469]
2022-2023,LIQUIPARCIAL,22-207-HPER,4700002587,RENE,VERITAS,SUSTRATOS ,EASY PLANTER 15 L,RV21,INV-202223/066 - B,"14,000",UN,USD,"28,020.00","28,020.00",50%AP,CIF,SEA,FCL/FCL,,SRI LANKA,CALLAO,1,40HC,20,-,,,NA,DIRECTO,MSC,EBKG03777942,MSDU8177306,-,26/8/2022,30/8/2022,35,MEDUC0915396,MSC ANTIGUA NX238A,20/10/2022,42,NO,NA,IMUPESA,AVM,1006,10/10/2022,14/10/2022,118-2022-10-397763-01-7-00,21/10/2022,21/10/2022,20/10/2022,,27/10/2022,27/10/2022,3/11/2022,AVM,29/10/2022,,RVC,29/10/2022,29/10/2022,FUNDO REMANSO,6/11/2022,7/11/2022,45,, 001-0117015,036-0000350,-,,,DHL,6758458210,-,Cargado en CP - [22-207-HPER // 4700002587 // MSDU8177306]
2022-2023,LIQUIPARCIAL,22-207-HPER,4700002587,RENE,VERITAS,SUSTRATOS ,EASY PLANTER 15 L,RV21,INV-202223/066 - B,"14,000",UN,USD,"28,020.00","28,020.00",50%AP,CIF,SEA,FCL/FCL,,SRI LANKA,CALLAO,1,40HC,20,-,,,NA,DIRECTO,MSC,EBKG03777942,MSDU5994853,-,26/8/2022,30/8/2022,35,MEDUC0915396,MSC ANTIGUA NX238A,20/10/2022,42,NO,NA,IMUPESA,AVM,1006,10/10/2022,14/10/2022,118-2022-10-397763-01-7-00,21/10/2022,21/10/2022,20/10/2022,,27/10/2022,27/10/2022,3/11/2022,AVM,29/10/2022,,GUZMAN,29/10/2022,29/10/2022,FUNDO REMANSO,9/11/2022,10/11/2022,45,,001-0117018,036-0000506 ,-,,,DHL,6758458210,-,Cargado en CP - [22-207-HPER // 4700002587 // MSDU5994853]
2022-2023,LIQUIPARCIAL,22-207-HPER,4700002587,RENE,VERITAS,SUSTRATOS ,EASY PLANTER 15 L,RV21,INV-202223/066 - B,"14,000",UN,USD,"28,020.00","28,020.00",50%AP,CIF,SEA,FCL/FCL,,SRI LANKA,CALLAO,1,40HC,20,-,,,NA,DIRECTO,MSC,EBKG03777942,MEDU8610152,-,26/8/2022,30/8/2022,35,MEDUC0915396,MSC ANTIGUA NX238A,20/10/2022,42,NO,NA,IMUPESA,AVM,1006,10/10/2022,14/10/2022,118-2022-10-397763-01-7-00,21/10/2022,21/10/2022,20/10/2022,,27/10/2022,27/10/2022,3/11/2022,AVM,29/10/2022,,GUZMAN,29/10/2022,29/10/2022,FUNDO REMANSO,9/11/2022,10/11/2022,45,,001-0117017 , 036-0000507,-,,,DHL,6758458210,-,Cargado en CP - [22-207-HPER // 4700002587 // MEDU8610152]
2022-2023,LIQUIPARCIAL,22-208-HPER,4700002588,RENE,VERITAS,SUSTRATOS ,EASY PLANTER 15 L,RV21,INV-202223/067 - A,"14,000",UN,USD,"28,020.00","28,020.00",50%AP,CIF,SEA,FCL/FCL,,SRI LANKA,CALLAO,1,40HC,20,-,,,NA,DIRECTO,MSC,EBKG03777939,FFAU2847194,-,19/8/2022,30/8/2022,35,MEDUC0913946,MSC ANTIGUA NX238A,20/10/2022,42,NO,NA,IMUPESA,AVM,1007,10/10/2022,14/10/2022,118-2022-10-398363-01-2-00,21/10/2022,21/10/2022,20/10/2022,,27/10/2022,27/10/2022,3/11/2022,AVM,31/10/2022,,GUZMAN,31/10/2022,31/10/2022,FUNDO REMANSO,15/11/2022,16/11/2022,46,, 001-0117022, 036-0000509,-,,,DHL,6758458210,-,Cargado en CP - [22-208-HPER // 4700002588 // FFAU2847194]
2022-2023,LIQUIPARCIAL,22-208-HPER,4700002588,RENE,VERITAS,SUSTRATOS ,EASY PLANTER 15 L,RV21,INV-202223/067 - A,"14,000",UN,USD,"28,020.00","28,020.00",50%AP,CIF,SEA,FCL/FCL,,SRI LANKA,CALLAO,1,40HC,20,-,,,NA,DIRECTO,MSC,EBKG03777939,MSMU8376583,-,19/8/2022,30/8/2022,35,MEDUC0913946,MSC ANTIGUA NX238A,20/10/2022,42,NO,NA,IMUPESA,AVM,1007,10/10/2022,14/10/2022,118-2022-10-398363-01-2-00,21/10/2022,21/10/2022,20/10/2022,,27/10/2022,27/10/2022,3/11/2022,AVM,31/10/2022,,GUZMAN,31/10/2022,31/10/2022,FUNDO REMANSO,15/11/2022,16/11/2022,46,,001-0117020 ,036-0000508,-,,,DHL,6758458210,-,Cargado en CP - [22-208-HPER // 4700002588 // MSMU8376583]
2022-2023,LIQUIPARCIAL,22-208-HPER,4700002588,RENE,VERITAS,SUSTRATOS ,EASY PLANTER 15 L,RV21,INV-202223/067 - A,"14,000",UN,USD,"28,020.00","28,020.00",50%AP,CIF,SEA,FCL/FCL,,SRI LANKA,CALLAO,1,40HC,20,-,,,NA,DIRECTO,MSC,EBKG03777939,MEDU7813303,-,19/8/2022,30/8/2022,35,MEDUC0913946,MSC ANTIGUA NX238A,20/10/2022,42,NO,NA,IMUPESA,AVM,1007,10/10/2022,14/10/2022,118-2022-10-398363-01-2-00,21/10/2022,21/10/2022,20/10/2022,,27/10/2022,27/10/2022,3/11/2022,AVM,31/10/2022,,GUZMAN,31/10/2022,31/10/2022,FUNDO REMANSO,15/11/2022,16/11/2022,46,,001-0117021,036-0000510 ,-,,,DHL,6758458210,-,Cargado en CP - [22-208-HPER // 4700002588 // MEDU7813303]
2022-2023,LIQUIPARCIAL,22-208-HPER,4700002588,RENE,VERITAS,SUSTRATOS ,EASY PLANTER 15 L,RV21,INV-202223/067 - A,"14,000",UN,USD,"28,020.00","28,020.00",50%AP,CIF,SEA,FCL/FCL,,SRI LANKA,CALLAO,1,40HC,20,-,,,NA,DIRECTO,MSC,EBKG03777939,TCNU3122184,-,19/8/2022,30/8/2022,35,MEDUC0913946,MSC ANTIGUA NX238A,20/10/2022,42,NO,NA,IMUPESA,AVM,1007,10/10/2022,14/10/2022,118-2022-10-398363-01-2-00,21/10/2022,21/10/2022,20/10/2022,,27/10/2022,27/10/2022,3/11/2022,AVM,31/10/2022,,GUZMAN,31/10/2022,31/10/2022,FUNDO REMANSO,15/11/2022,16/11/2022,46,,001-0117019,036-0000511,-,,,DHL,6758458210,-,Cargado en CP - [22-208-HPER // 4700002588 // TCNU3122184]
2022-2023,LIQUIPARCIAL,22-209-HPER,4700002589,RENE,VERITAS,SUSTRATOS ,EASY PLANTER 15 L,RV21,INV-202223/067 - B,"14,000",UN,USD,"28,020.00","28,020.00",50%AP,CIF,SEA,FCL/FCL,,SRI LANKA,CALLAO,1,40HC,20,-,,,NA,DIRECTO,MSC,EBKG03777939,CAAU5587796,-,24/8/2022,30/8/2022,35,MEDUC0914027,MSC ANTIGUA NX238A,20/10/2022,42,NO,NA,IMUPESA,AVM,1008,10/10/2022,14/10/2022,"	 118-2022-10-398402-01-8-00",21/10/2022,21/10/2022,20/10/2022,,27/10/2022,27/10/2022,3/11/2022,AVM,31/10/2022,,RVC,31/10/2022,31/10/2022,FUNDO REMANSO,11/11/2022,12/11/2022,45,, 001-0117023 ,036-0000456,-,,,DHL,6758458210,-,Cargado en CP - [22-209-HPER // 4700002589 // CAAU5587796]
2022-2023,LIQUIPARCIAL,22-209-HPER,4700002589,RENE,VERITAS,SUSTRATOS ,EASY PLANTER 15 L,RV21,INV-202223/067 - B,"14,000",UN,USD,"28,020.00","28,020.00",50%AP,CIF,SEA,FCL/FCL,,SRI LANKA,CALLAO,1,40HC,20,-,,,NA,DIRECTO,MSC,EBKG03777939,MSDU7334632,-,24/8/2022,30/8/2022,35,MEDUC0914027,MSC ANTIGUA NX238A,20/10/2022,42,NO,NA,IMUPESA,AVM,1008,10/10/2022,14/10/2022,"	 118-2022-10-398402-01-8-00",21/10/2022,21/10/2022,20/10/2022,,27/10/2022,27/10/2022,3/11/2022,AVM,31/10/2022,,RVC,31/10/2022,31/10/2022,FUNDO REMANSO,15/11/2022,16/11/2022,46,, 001-0117026,036-0000455,-,,,DHL,6758458210,-,Cargado en CP - [22-209-HPER // 4700002589 // MSDU7334632]
2022-2023,LIQUIPARCIAL,22-209-HPER,4700002589,RENE,VERITAS,SUSTRATOS ,EASY PLANTER 15 L,RV21,INV-202223/067 - B,"14,000",UN,USD,"28,020.00","28,020.00",50%AP,CIF,SEA,FCL/FCL,,SRI LANKA,CALLAO,1,40HC,20,-,,,NA,DIRECTO,MSC,EBKG03777939,MSDU7070680,-,24/8/2022,30/8/2022,35,MEDUC0914027,MSC ANTIGUA NX238A,20/10/2022,42,NO,NA,IMUPESA,AVM,1008,10/10/2022,14/10/2022,"	 118-2022-10-398402-01-8-00",21/10/2022,21/10/2022,20/10/2022,,27/10/2022,27/10/2022,3/11/2022,AVM,31/10/2022,,RVC,31/10/2022,31/10/2022,FUNDO REMANSO,15/11/2022,16/11/2022,46,,001-0117024, 036-0000452,-,,,DHL,6758458210,-,Cargado en CP - [22-209-HPER // 4700002589 // MSDU7070680]
2022-2023,LIQUIPARCIAL,22-209-HPER,4700002589,RENE,VERITAS,SUSTRATOS ,EASY PLANTER 15 L,RV21,INV-202223/067 - B,"14,000",UN,USD,"28,020.00","28,020.00",50%AP,CIF,SEA,FCL/FCL,,SRI LANKA,CALLAO,1,40HC,20,-,,,NA,DIRECTO,MSC,EBKG03777939,SEGU6235296,-,24/8/2022,30/8/2022,35,MEDUC0914027,MSC ANTIGUA NX238A,20/10/2022,42,NO,NA,IMUPESA,AVM,1008,10/10/2022,14/10/2022,"	 118-2022-10-398402-01-8-00",21/10/2022,21/10/2022,20/10/2022,,27/10/2022,27/10/2022,3/11/2022,AVM,31/10/2022,,RVC,31/10/2022,31/10/2022,FUNDO REMANSO,5/12/2022,6/12/2022,49,,001-0117025 ,036-0000459 ,-,,,DHL,6758458210,-,Cargado en CP -  [22-209-HPER // 4700002589 // SEGU6235296]
2022-2023,LIQUIDADO,22-210-HPER,4700002590,RENE,VERITAS,SUSTRATOS ,EASY PLANTER 15 L,RV21,INV-202223/068 - A,"14,000",UN,USD,"28,020.00","28,020.00",50%AP,CIF,SEA,FCL/FCL,,SRI LANKA,CALLAO,1,40HC,20,-,,,NA,DIRECTO,MSC,EBKG03846407,FBLU0091111,-,20/8/2022,29/8/2022,35,MEDUC0913052,MSC ANTIGUA NX238A,20/10/2022,42,NO,NA,IMUPESA,AVM,1003,10/10/2022,14/10/2022,"	 118-2022-10-397678-01-1-00",21/10/2022,21/10/2022,20/10/2022,,27/10/2022,27/10/2022,3/11/2022,AVM,2/11/2022,,GUZMAN,2/11/2022,2/11/2022,FUNDO REMANSO,6/11/2022,7/11/2022,45,,001-0117006,036-0000505,-,,,DHL,6758458210,-,Cargado en CP - [22-210-HPER // 4700002590 // FBLU0091111]
2022-2023,LIQUIDADO,22-210-HPER,4700002590,RENE,VERITAS,SUSTRATOS ,EASY PLANTER 15 L,RV21,INV-202223/068 - A,"14,000",UN,USD,"28,020.00","28,020.00",50%AP,CIF,SEA,FCL/FCL,,SRI LANKA,CALLAO,1,40HC,20,-,,,NA,DIRECTO,MSC,EBKG03846407,SEGU6233415,-,20/8/2022,29/8/2022,35,MEDUC0913052,MSC ANTIGUA NX238A,20/10/2022,42,NO,NA,IMUPESA,AVM,1003,10/10/2022,14/10/2022,"	 118-2022-10-397678-01-1-00",21/10/2022,21/10/2022,20/10/2022,,27/10/2022,27/10/2022,3/11/2022,AVM,2/11/2022,,GUZMAN,2/11/2022,2/11/2022,FUNDO REMANSO,6/11/2022,7/11/2022,45,,001-0117005,036-0000504,-,,,DHL,6758458210,-,Cargado en CP - [22-210-HPER // 4700002590 // SEGU6233415]
2022-2023,LIQUIDADO,22-210-HPER,4700002590,RENE,VERITAS,SUSTRATOS ,EASY PLANTER 15 L,RV21,INV-202223/068 - A,"14,000",UN,USD,"28,020.00","28,020.00",50%AP,CIF,SEA,FCL/FCL,,SRI LANKA,CALLAO,1,40HC,20,-,,,NA,DIRECTO,MSC,EBKG03846407,TCLU1707655,-,20/8/2022,29/8/2022,35,MEDUC0913052,MSC ANTIGUA NX238A,20/10/2022,42,NO,NA,IMUPESA,AVM,1003,10/10/2022,14/10/2022,"	 118-2022-10-397678-01-1-00",21/10/2022,21/10/2022,20/10/2022,,27/10/2022,27/10/2022,3/11/2022,AVM,2/11/2022,,GUZMAN,2/11/2022,2/11/2022,FUNDO REMANSO,16/11/2023,17/11/2022,46,,,,-,,,DHL,6758458210,-,Cargado en CP - [22-210-HPER // 4700002590 // TCLU1707655]
2022-2023,LIQUIDADO,22-210-HPER,4700002590,RENE,VERITAS,SUSTRATOS ,EASY PLANTER 15 L,RV21,INV-202223/068 - A,"14,000",UN,USD,"28,020.00","28,020.00",50%AP,CIF,SEA,FCL/FCL,,SRI LANKA,CALLAO,1,40HC,20,-,,,NA,DIRECTO,MSC,EBKG03846407,TRHU6831567,-,20/8/2022,29/8/2022,35,MEDUC0913052,MSC ANTIGUA NX238A,20/10/2022,42,NO,NA,IMUPESA,AVM,1003,10/10/2022,14/10/2022,"	 118-2022-10-397678-01-1-00",21/10/2022,21/10/2022,20/10/2022,,27/10/2022,27/10/2022,3/11/2022,AVM,2/11/2022,,GUZMAN,2/11/2022,2/11/2022,FUNDO REMANSO,16/11/2023,17/11/2022,46,,001-0117003,,-,,,DHL,6758458210,-,Cargado en CP - [22-210-HPER // 4700002590 // TRHU6831567]
2022-2023,LIQUIPARCIAL,22-211-HPER,4700002591,RENE,VERITAS,SUSTRATOS ,EASY PLANTER 15 L,RV21,INV-202223/068 - B,"14,000",UN,USD,"28,020.00","28,020.00",50%AP,CIF,SEA,FCL/FCL,,SRI LANKA,CALLAO,1,40HC,20,-,,,NA,DIRECTO,MSC,EBKG03846407,MSMU7873250,-,22/8/2022,29/8/2022,35,MEDUC0913417,MSC ANTIGUA NX238A,20/10/2022,42,NO,NA,IMUPESA,AVM,1005,10/10/2022,14/10/2022,"	 118-2022-10-398306-01-9-00",21/10/2022,21/10/2022,20/10/2022,,27/10/2022,27/10/2022,3/11/2022,AVM,2/11/2022,001-0117013,RVC,2/11/2022,2/11/2022,FUNDO REMANSO,7/11/2022,8/11/2022,45,,0004-002186,036-0000454 ,-,,,DHL,6758458210,-,Cargado en CP - [22-211-HPER // 4700002591 // MSMU7873250]
2022-2023,LIQUIPARCIAL,22-211-HPER,4700002591,RENE,VERITAS,SUSTRATOS ,EASY PLANTER 15 L,RV21,INV-202223/068 - B,"14,000",UN,USD,"28,020.00","28,020.00",50%AP,CIF,SEA,FCL/FCL,,SRI LANKA,CALLAO,1,40HC,20,-,,,NA,DIRECTO,MSC,EBKG03846407,MSDU8179844,-,22/8/2022,29/8/2022,35,MEDUC0913417,MSC ANTIGUA NX238A,20/10/2022,42,NO,NA,IMUPESA,AVM,1005,10/10/2022,14/10/2022,"	 118-2022-10-398306-01-9-00",21/10/2022,21/10/2022,20/10/2022,,27/10/2022,27/10/2022,3/11/2022,AVM,2/11/2022,001-0117014 ,RVC,2/11/2022,2/11/2022,FUNDO REMANSO,25/12/2022,26/12/2022,52,,0029-000395,036-0000465,-,,,DHL,6758458210,-,Cargado en CP - [22-211-HPER // 4700002591 // MSDU8179844]
2022-2023,RECEPCIONADO,22-211-HPER,4700002591,RENE,VERITAS,SUSTRATOS ,EASY PLANTER 15 L,RV21,INV-202223/068 - B,"14,000",UN,USD,"28,020.00","28,020.00",50%AP,CIF,SEA,FCL/FCL,,SRI LANKA,CALLAO,1,40HC,20,-,,,NA,DIRECTO,MSC,EBKG03846407,SEGU6163278,-,22/8/2022,29/8/2022,35,MEDUC0913417,MSC ANTIGUA NX238A,20/10/2022,42,NO,NA,IMUPESA,AVM,1005,10/10/2022,14/10/2022,"	 118-2022-10-398306-01-9-00",21/10/2022,21/10/2022,20/10/2022,,27/10/2022,27/10/2022,3/11/2022,AVM,2/11/2022, 001-0117012,RVC,2/11/2022,2/11/2022,FUNDO REMANSO,23/1/2023,24/1/2023,4,,0028-000281,036-0000464,-,,,DHL,6758458210,-,Cargado en CP - [22-211-HPER // 4700002591 // SEGU6163278]
2022-2023,LIQUIPARCIAL,22-211-HPER,4700002591,RENE,VERITAS,SUSTRATOS ,EASY PLANTER 15 L,RV21,INV-202223/068 - B,"14,000",UN,USD,"28,020.00","28,020.00",50%AP,CIF,SEA,FCL/FCL,,SRI LANKA,CALLAO,1,40HC,20,-,,,NA,DIRECTO,MSC,EBKG03846407,TRHU7475521,-,22/8/2022,29/8/2022,35,MEDUC0913417,MSC ANTIGUA NX238A,20/10/2022,42,NO,NA,IMUPESA,AVM,1005,10/10/2022,14/10/2022,"	 118-2022-10-398306-01-9-00",21/10/2022,21/10/2022,20/10/2022,,27/10/2022,27/10/2022,3/11/2022,AVM,2/11/2022, 001-0117011,RVC,2/11/2022,2/11/2022,FUNDO REMANSO,21/12/2022,22/12/2022,51,,0021-001033 ,036-0000463,-,,,DHL,6758458210,-,Cargado en CP - [22-211-HPER // 4700002591 // TRHU7475521]
2022-2023,LIQUIPARCIAL,22-212-HPER,4700002592,RENE,VERITAS,SUSTRATOS ,EASY PLANTER 15 L,RV21,INV-202223/069 - A,"14,000",UN,USD,"28,020.00","28,020.00",50%AP,CIF,SEA,FCL/FCL,,SRI LANKA,CALLAO,1,40HC,20,-,,,NA,DIRECTO,MSC,EBKG03886259,TCNU8982743,-,1/9/2022,10/9/2022,36,MEDUC0920776,MSC CAROLE NX240B,5/11/2022,44,NO,NA,IMUPESA,AVM,1023,23/10/2022,2/11/2022, 118-2022-10-424226-01-1-00,6/11/2022,7/11/2022,5/11/2022,,8/11/2022,21/11/2022,18/11/2022,AVM,30/11/2022, 001-0117513,GUZMAN,30/11/2022,30/11/2022,FUNDO REMANSO,1/12/2022,2/12/2022,48,, 0010-034079,036-0000523,-,,,DHL,6758458210,-,Cargado en CP - [22-212-HPER //4700002592 // TCNU8982743]
2022-2023,LIQUIPARCIAL,22-212-HPER,4700002592,RENE,VERITAS,SUSTRATOS ,EASY PLANTER 15 L,RV21,INV-202223/069 - A,"14,000",UN,USD,"28,020.00","28,020.00",50%AP,CIF,SEA,FCL/FCL,,SRI LANKA,CALLAO,1,40HC,20,-,,,NA,DIRECTO,MSC,EBKG03886259,FCIU8592415,-,1/9/2022,10/9/2022,36,MEDUC0920776,MSC CAROLE NX240B,5/11/2022,44,NO,NA,IMUPESA,AVM,1023,23/10/2022,2/11/2022, 118-2022-10-424226-01-1-00,6/11/2022,7/11/2022,5/11/2022,,8/11/2022,21/11/2022,18/11/2022,AVM,30/11/2022,,GUZMAN,30/11/2022,30/11/2022,FUNDO REMANSO,1/12/2022,2/12/2022,48,,001-0117512,036-0000524 ,-,,,DHL,6758458210,-,Cargado en CP - [22-212-HPER // 4700002592 // FCIU8592415]
2022-2023,LIQUIPARCIAL,22-212-HPER,4700002592,RENE,VERITAS,SUSTRATOS ,EASY PLANTER 15 L,RV21,INV-202223/069 - A,"14,000",UN,USD,"28,020.00","28,020.00",50%AP,CIF,SEA,FCL/FCL,,SRI LANKA,CALLAO,1,40HC,20,-,,,NA,DIRECTO,MSC,EBKG03886259,TGHU6039100,-,1/9/2022,10/9/2022,36,MEDUC0920776,MSC CAROLE NX240B,5/11/2022,44,NO,NA,IMUPESA,AVM,1023,23/10/2022,2/11/2022, 118-2022-10-424226-01-1-00,6/11/2022,7/11/2022,5/11/2022,,8/11/2022,21/11/2022,18/11/2022,AVM,30/11/2022,,GUZMAN,30/11/2022,30/11/2022,FUNDO REMANSO,1/12/2022,2/12/2022,48,, 001-0117514, 036-0000522,-,,,DHL,6758458210,-,Cargado en CP - [22-212-HPER // 4700002592 // TGHU6039100]
2022-2023,LIQUIPARCIAL,22-212-HPER,4700002592,RENE,VERITAS,SUSTRATOS ,EASY PLANTER 15 L,RV21,INV-202223/069 - A,"14,000",UN,USD,"28,020.00","28,020.00",50%AP,CIF,SEA,FCL/FCL,,SRI LANKA,CALLAO,1,40HC,20,-,,,NA,DIRECTO,MSC,EBKG03886259,SEGU4229669,-,1/9/2022,10/9/2022,36,MEDUC0920776,MSC CAROLE NX240B,5/11/2022,44,NO,NA,IMUPESA,AVM,1023,23/10/2022,2/11/2022, 118-2022-10-424226-01-1-00,6/11/2022,7/11/2022,5/11/2022,,8/11/2022,21/11/2022,18/11/2022,AVM,30/11/2022,,GUZMAN,30/11/2022,30/11/2022,FUNDO REMANSO,1/12/2022,2/12/2022,48,, 001-0117511 ,036-0000521,-,,,DHL,6758458210,-,Cargado en CP - [22-212-HPER // 4700002592 // SEGU4229669]
2022-2023,LIQUIPARCIAL,22-213-HPER,4700002593,RENE,VERITAS,SUSTRATOS ,EASY PLANTER 15 L,RV21,INV-202223/069 - B,"14,000",UN,USD,"28,020.00","28,020.00",50%AP,CIF,SEA,FCL/FCL,,SRI LANKA,CALLAO,1,40HC,20,-,,,NA,DIRECTO,MSC,EBKG03886259,TGBU7573524,-,6/9/2022,10/9/2022,36,MEDUC0920800,MSC CAROLE NX240B,5/11/2022,44,NO,NA,IMUPESA,AVM,1024,23/10/2022,2/11/2022, 118-2022-10-424228-01-2-00,6/11/2022,7/11/2022,5/11/2022,,8/11/2022,21/11/2022,18/11/2022,AVM,30/11/2022,,GUZMAN,30/11/2022,30/11/2022,FUNDO REMANSO,4/12/2022,5/12/2022,49,, 001-0117515, 036-0000528 ,-,,,DHL,6758458210,-,Cargado en CP - [22-213-HPER // 4700002593 //TGBU7573524]
2022-2023,LIQUIPARCIAL,22-213-HPER,4700002593,RENE,VERITAS,SUSTRATOS ,EASY PLANTER 15 L,RV21,INV-202223/069 - B,"14,000",UN,USD,"28,020.00","28,020.00",50%AP,CIF,SEA,FCL/FCL,,SRI LANKA,CALLAO,1,40HC,20,-,,,NA,DIRECTO,MSC,EBKG03886259,MEDU7811173 ,-,6/9/2022,10/9/2022,36,MEDUC0920800,MSC CAROLE NX240B,5/11/2022,44,NO,NA,IMUPESA,AVM,1024,23/10/2022,2/11/2022, 118-2022-10-424228-01-2-00,6/11/2022,7/11/2022,5/11/2022,,8/11/2022,21/11/2022,18/11/2022,AVM,30/11/2022,,GUZMAN,30/11/2022,30/11/2022,FUNDO REMANSO,4/12/2022,5/12/2022,49,,001-0115717,036-0000527,-,,,DHL,6758458210,-,Cargado en CP - [22-213-HPER // 4700002593 // MEDU7811173]
2022-2023,LIQUIPARCIAL,22-213-HPER,4700002593,RENE,VERITAS,SUSTRATOS ,EASY PLANTER 15 L,RV21,INV-202223/069 - B,"14,000",UN,USD,"28,020.00","28,020.00",50%AP,CIF,SEA,FCL/FCL,,SRI LANKA,CALLAO,1,40HC,20,-,,,NA,DIRECTO,MSC,EBKG03886259,TGBU5637002,-,6/9/2022,10/9/2022,36,MEDUC0920800,MSC CAROLE NX240B,5/11/2022,44,NO,NA,IMUPESA,AVM,1024,23/10/2022,2/11/2022, 118-2022-10-424228-01-2-00,6/11/2022,7/11/2022,5/11/2022,,8/11/2022,21/11/2022,18/11/2022,AVM,30/11/2022,,GUZMAN,30/11/2022,30/11/2022,FUNDO REMANSO,1/12/2022,2/12/2022,48,, 001-0117516, 036-0000526 ,-,,,DHL,6758458210,-,Cargado en CP - [22-213-HPER // 4700002593 // TGBU5637002]
2022-2023,LIQUIPARCIAL,22-213-HPER,4700002593,RENE,VERITAS,SUSTRATOS ,EASY PLANTER 15 L,RV21,INV-202223/069 - B,"14,000",UN,USD,"28,020.00","28,020.00",50%AP,CIF,SEA,FCL/FCL,,SRI LANKA,CALLAO,1,40HC,20,-,,,NA,DIRECTO,MSC,EBKG03886259,CAIU7836355,-,6/9/2022,10/9/2022,36,MEDUC0920800,MSC CAROLE NX240B,5/11/2022,44,NO,NA,IMUPESA,AVM,1024,23/10/2022,2/11/2022, 118-2022-10-424228-01-2-00,6/11/2022,7/11/2022,5/11/2022,,8/11/2022,21/11/2022,18/11/2022,AVM,30/11/2022,,GUZMAN,30/11/2022,30/11/2022,FUNDO REMANSO,1/12/2022,2/12/2022,48,, 001-0117518 ,036-0000525,-,,,DHL,6758458210,-,Cargado en CP - [22-213-HPER // 4700002593 // CAIU7836355]
2022-2023,LIQUIPARCIAL,22-214-HPER,4700002594,RENE,VERITAS,SUSTRATOS ,EASY PLANTER 15 L,RV21,INV-202223/069 - C,"14,000",UN,USD,"28,020.00","28,020.00",50%AP,CIF,SEA,FCL/FCL,,SRI LANKA,CALLAO,1,40HC,20,-,,,NA,DIRECTO,MSC,EBKG03886259,FCIU7415436,-,5/9/2022,10/9/2022,36,MEDUC0920784,MSC CAROLE NX240B,5/11/2022,44,NO,NA,IMUPESA,AVM,1025,23/10/2022,2/11/2022,118-2022-10-424231-01-3-00,6/11/2022,7/11/2022,5/11/2022,,8/11/2022,21/11/2022,18/11/2022,AVM,30/11/2022,,RVC,30/11/2022,30/11/2022,FUNDO REMANSO,26/12/2022,27/12/2022,52,,001-0117522,036-0000468,-,,,DHL,6758458210,-,Cargado en CP - [22-214-HPER // 4700002594 // FCIU7415436]
2022-2023,LIQUIPARCIAL,22-214-HPER,4700002594,RENE,VERITAS,SUSTRATOS ,EASY PLANTER 15 L,RV21,INV-202223/069 - C,"14,000",UN,USD,"28,020.00","28,020.00",50%AP,CIF,SEA,FCL/FCL,,SRI LANKA,CALLAO,1,40HC,20,-,,,NA,DIRECTO,MSC,EBKG03886259,MEDU7634859,-,5/9/2022,10/9/2022,36,MEDUC0920784,MSC CAROLE NX240B,5/11/2022,44,NO,NA,IMUPESA,AVM,1025,23/10/2022,2/11/2022,118-2022-10-424231-01-3-00,6/11/2022,7/11/2022,5/11/2022,,8/11/2022,21/11/2022,18/11/2022,AVM,30/11/2022,,RVC,30/11/2022,30/11/2022,FUNDO REMANSO,26/12/2022,27/12/2022,52,,001-0117521,036-0000468,-,,,DHL,6758458210,-,Cargado en CP - [22-214-HPER // 4700002594 // MEDU7634859]
2022-2023,LIQUIPARCIAL,22-214-HPER,4700002594,RENE,VERITAS,SUSTRATOS ,EASY PLANTER 15 L,RV21,INV-202223/069 - C,"14,000",UN,USD,"28,020.00","28,020.00",50%AP,CIF,SEA,FCL/FCL,,SRI LANKA,CALLAO,1,40HC,20,-,,,NA,DIRECTO,MSC,EBKG03886259,MSDU8326396,-,5/9/2022,10/9/2022,36,MEDUC0920784,MSC CAROLE NX240B,5/11/2022,44,NO,NA,IMUPESA,AVM,1025,23/10/2022,2/11/2022,118-2022-10-424231-01-3-00,6/11/2022,7/11/2022,5/11/2022,,8/11/2022,21/11/2022,18/11/2022,AVM,30/11/2022,,RVC,30/11/2022,30/11/2022,FUNDO REMANSO,25/12/2022,26/12/2022,52,,001-0117519,036-0000466,-,,,DHL,6758458210,-,Cargado en CP - [22-214-HPER // 4700002594 // MSDU8326396]
2022-2023,LIQUIPARCIAL,22-214-HPER,4700002594,RENE,VERITAS,SUSTRATOS ,EASY PLANTER 15 L,RV21,INV-202223/069 - C,"14,000",UN,USD,"28,020.00","28,020.00",50%AP,CIF,SEA,FCL/FCL,,SRI LANKA,CALLAO,1,40HC,20,-,,,NA,DIRECTO,MSC,EBKG03886259,MSDU7970608,-,5/9/2022,10/9/2022,36,MEDUC0920784,MSC CAROLE NX240B,5/11/2022,44,NO,NA,IMUPESA,AVM,1025,23/10/2022,2/11/2022,118-2022-10-424231-01-3-00,6/11/2022,7/11/2022,5/11/2022,,8/11/2022,21/11/2022,18/11/2022,AVM,30/11/2022,,RVC,30/11/2022,30/11/2022,FUNDO REMANSO,20/12/2022,5/1/2023,1,,001-0117520 ,036-0000467,-,,,DHL,6758458210,-,Cargado en CP - [22-214-HPER // 4700002594 // MSDU7970608]
2022-2023,LIQUIPARCIAL,22-215-HPER,4700002595,RENE,VERITAS,SUSTRATOS ,EASY PLANTER 15 L,RV21,INV-202223/070,"14,000",UN,USD,"28,020.00","28,020.00",50%AP,CIF,SEA,FCL/FCL,,SRI LANKA,CALLAO,1,40HC,20,-,,,NA,DIRECTO,COSCO,6343249760,CSNU6370044 ,-,-,2/9/2022,35,COSU6343249760 ,SEASPAN OCEANIA,19/11/2022,46,NO,NA,IMUPESA,AVM,1082,8/11/2022,15/11/2022,118-2022-10-443835-01-8-00,20/11/2022,20/11/2022,19/11/2022,,22/11/2022,28/11/2022,4/12/2022,AVM,1/12/2022,,GUZMAN,1/12/2022,2/12/2022,FUNDO REMANSO,4/12/2022,5/12/2022,49,,001-0118151, 036-0000531,-,,,DHL,1896648143,-,Cargado en CP - [22-215-HPER // 4700002595 // CSNU6370044]
2022-2023,LIQUIPARCIAL,22-215-HPER,4700002595,RENE,VERITAS,SUSTRATOS ,EASY PLANTER 15 L,RV21,INV-202223/070,"14,000",UN,USD,"28,020.00","28,020.00",50%AP,CIF,SEA,FCL/FCL,,SRI LANKA,CALLAO,1,40HC,20,-,,,NA,DIRECTO,COSCO,6343249760,TCKU6494489 ,-,-,2/9/2022,35,COSU6343249760 ,SEASPAN OCEANIA,19/11/2022,46,NO,NA,IMUPESA,AVM,1082,8/11/2022,15/11/2022,118-2022-10-443835-01-8-00,20/11/2022,20/11/2022,19/11/2022,,22/11/2022,28/11/2022,4/12/2022,AVM,1/12/2022,,GUZMAN,1/12/2022,2/12/2022,FUNDO REMANSO,4/12/2022,5/12/2022,49,,001-0118150 ,036-0000529,-,,,DHL,1896648143,-,Cargado en CP - [22-215-HPER // 4700002595 // TCKU6494489]
2022-2023,LIQUIPARCIAL,22-215-HPER,4700002595,RENE,VERITAS,SUSTRATOS ,EASY PLANTER 15 L,RV21,INV-202223/070,"14,000",UN,USD,"28,020.00","28,020.00",50%AP,CIF,SEA,FCL/FCL,,SRI LANKA,CALLAO,1,40HC,20,-,,,NA,DIRECTO,COSCO,6343249760,CSLU6044930,-,-,2/9/2022,35,COSU6343249760 ,SEASPAN OCEANIA,19/11/2022,46,NO,NA,IMUPESA,AVM,1082,8/11/2022,15/11/2022,118-2022-10-443835-01-8-00,20/11/2022,20/11/2022,19/11/2022,,22/11/2022,28/11/2022,4/12/2022,AVM,1/12/2022,,GUZMAN,1/12/2022,2/12/2022,FUNDO REMANSO,4/12/2022,5/12/2022,49,,001-0118148,036-0000530,-,,,DHL,1896648143,-,Cargado en CP - [22-215-HPER // 4700002595 // TRHU7502503]
2022-2023,LIQUIPARCIAL,22-215-HPER,4700002595,RENE,VERITAS,SUSTRATOS ,EASY PLANTER 15 L,RV21,INV-202223/070,"14,000",UN,USD,"28,020.00","28,020.00",50%AP,CIF,SEA,FCL/FCL,,SRI LANKA,CALLAO,1,40HC,20,-,,,NA,DIRECTO,COSCO,6343249760,TRHU7502503 ,-,-,2/9/2022,35,COSU6343249760 ,SEASPAN OCEANIA,19/11/2022,46,NO,NA,IMUPESA,AVM,1082,8/11/2022,15/11/2022,118-2022-10-443835-01-8-00,20/11/2022,20/11/2022,19/11/2022,,22/11/2022,28/11/2022,4/12/2022,AVM,1/12/2022,,GUZMAN,1/12/2022,2/12/2022,FUNDO REMANSO,4/12/2022,5/12/2022,49,,001-0118149, 036-0000532,-,,,DHL,1896648143,-,Cargado en CP - [22-215-HPER // 4700002595 // CSLU6044930]
2022-2023,LIQUIDADO,22-216-HPER,4700002596,RENE,VERITAS,SUSTRATOS ,EASY PLANTER 15 L,RV21,INV-202223/071,"14,000",UN,USD,"28,020.00","28,020.00",50%AP,CIF,SEA,FCL/FCL,,SRI LANKA,CALLAO,1,40HC,20,-,,,NA,DIRECTO,MSC,EBKG03913154,MSDU7937683,-,3/9/2022,10/9/2022,36,MEDUC0918887,MSC CAROLE NX240B,5/11/2022,44,NO,NA,IMUPESA,AVM,1059,23/10/2022,2/11/2022,118-2022-10-424232-01-1-00,6/11/2022,7/11/2022,5/11/2022,,8/11/2022,21/11/2022,18/11/2022,AVM,30/11/2022,,LIP,30/11/2022,30/11/2022,FUNDO REMANSO,5/12/2022,6/12/2022,49,,001-0117523,014-0001420,-,,,DHL,1896648143,-,Cargado en CP - [22-216-HPER // 4700002596 // MSDU7937683]
2022-2023,LIQUIDADO,22-216-HPER,4700002596,RENE,VERITAS,SUSTRATOS ,EASY PLANTER 15 L,RV21,INV-202223/071,"14,000",UN,USD,"28,020.00","28,020.00",50%AP,CIF,SEA,FCL/FCL,,SRI LANKA,CALLAO,1,40HC,20,-,,,NA,DIRECTO,MSC,EBKG03913154,MSMU8047633,-,3/9/2022,10/9/2022,36,MEDUC0918887,MSC CAROLE NX240B,5/11/2022,44,NO,NA,IMUPESA,AVM,1059,23/10/2022,2/11/2022,118-2022-10-424232-01-1-00,6/11/2022,7/11/2022,5/11/2022,,8/11/2022,21/11/2022,18/11/2022,AVM,30/11/2022,,LIP,30/11/2022,30/11/2022,FUNDO REMANSO,6/12/2022,7/12/2022,49,,001-0117524,014-0001421,-,,,DHL,1896648143,-,Cargado en CP - [22-216-HPER // 4700002596 // MSMU8047633]
2022-2023,LIQUIDADO,22-217-HPER,4700002597,RENE,VERITAS,SUSTRATOS ,EASY PLANTER 15 L,RV21,INV-202223/073 - A,"14,000",UN,USD,"27,770.00","27,770.00",50%AP,CIF,SEA,FCL/FCL,,SRI LANKA,CALLAO,1,40HC,20,-,,,NA,DIRECTO,MSC,EBKG03937356-1,MSDU5746585,-,10/9/2022,14/9/2022,37,MEDUC0922590,CAPE AKRITAS NX243B,24/11/2022,47,NO,NA,IMUPESA,AVM,1083,13/11/2022,22/11/2022,"	 118-2022-10-453621-01-0-00",24/11/2022,26/11/2022,24/11/2022,,2/12/2022,2/12/2022,7/12/2022,AVM,5/12/2022,,GUZMAN,5/12/2022,6/12/2022,FUNDO REMANSO,19/12/2022,20/12/2022,51,,001-0118200, 036-0000542,-,,,DHL,1896648143,-,Cargado en CP - [22-217-HPER // 4700002597 // MSDU5746585]
2022-2023,LIQUIDADO,22-217-HPER,4700002597,RENE,VERITAS,SUSTRATOS ,EASY PLANTER 15 L,RV21,INV-202223/073 - A,"14,000",UN,USD,"27,770.00","27,770.00",50%AP,CIF,SEA,FCL/FCL,,SRI LANKA,CALLAO,1,40HC,20,-,,,NA,DIRECTO,MSC,EBKG03937356-1,MSMU8814360,-,10/9/2022,14/9/2022,37,MEDUC0922590,CAPE AKRITAS NX243B,24/11/2022,47,NO,NA,IMUPESA,AVM,1083,13/11/2022,22/11/2022,"	 118-2022-10-453621-01-0-00",24/11/2022,26/11/2022,24/11/2022,,2/12/2022,2/12/2022,7/12/2022,AVM,5/12/2022,,GUZMAN,5/12/2022,6/12/2022,FUNDO REMANSO,19/12/2022,20/12/2022,51,,001-0118198 ,036-0000544,-,,,DHL,1896648143,-,Cargado en CP - [22-217-HPER // 4700002597 // MSMU8814360]
2022-2023,LIQUIDADO,22-217-HPER,4700002597,RENE,VERITAS,SUSTRATOS ,EASY PLANTER 15 L,RV21,INV-202223/073 - A,"14,000",UN,USD,"27,770.00","27,770.00",50%AP,CIF,SEA,FCL/FCL,,SRI LANKA,CALLAO,1,40HC,20,-,,,NA,DIRECTO,MSC,EBKG03937356-1,TEXU9542589,-,10/9/2022,14/9/2022,37,MEDUC0922590,CAPE AKRITAS NX243B,24/11/2022,47,NO,NA,IMUPESA,AVM,1083,13/11/2022,22/11/2022,"	 118-2022-10-453621-01-0-00",24/11/2022,26/11/2022,24/11/2022,,2/12/2022,2/12/2022,7/12/2022,AVM,5/12/2022,,GUZMAN,5/12/2022,6/12/2022,FUNDO REMANSO,19/12/2022,20/12/2022,51,,001-0118197, 036-0000543,-,,,DHL,1896648143,-,Cargado en CP - [22-217-HPER // 4700002597 // TEXU9542589]
2022-2023,LIQUIDADO,22-217-HPER,4700002597,RENE,VERITAS,SUSTRATOS ,EASY PLANTER 15 L,RV21,INV-202223/073 - A,"14,000",UN,USD,"27,770.00","27,770.00",50%AP,CIF,SEA,FCL/FCL,,SRI LANKA,CALLAO,1,40HC,20,-,,,NA,DIRECTO,MSC,EBKG03937356-1,TRHU5029541,-,10/9/2022,14/9/2022,37,MEDUC0922590,CAPE AKRITAS NX243B,24/11/2022,47,NO,NA,IMUPESA,AVM,1083,13/11/2022,22/11/2022,"	 118-2022-10-453621-01-0-00",24/11/2022,26/11/2022,24/11/2022,,2/12/2022,2/12/2022,7/12/2022,AVM,5/12/2022,,GUZMAN,5/12/2022,6/12/2022,FUNDO REMANSO,19/12/2022,20/12/2022,51,,001-0118199, 036-0000538,-,,,DHL,1896648143,-,Cargado en CP - [22-217-HPER // 4700002597 // TRHU5029541]
2022-2023,LIQUIDADO,22-218-HPER,4700002676,RENE,VERITAS,SUSTRATOS ,EASY PLANTER 15 L,RV21,INV-202223/073B,"14,000",UN,USD,"16,820.00","16,820.00",50%AP,CIF,SEA,FCL/FCL,,SRI LANKA,CALLAO,1,40HC,20,-,,,NA,DIRECTO,MSC,EBKG03937356-1,MEDU8489502,-,9/9/2022,14/9/2022,37,MEDUC0922582,CAPE AKRITAS NX243B,24/11/2022,47,NO,NA,IMUPESA,AVM,1080,13/11/2022,18/11/2022,118-2022-10-450100-01-1-00,24/11/2022,26/11/2022,24/11/2022,,2/12/2022,2/12/2022,7/12/2022,AVM,5/12/2022,,GUZMAN,5/12/2022,5/12/2022,FUNDO REMANSO,19/12/2022,20/12/2022,51,,001-0118192 , 036-0000539,-,,,DHL,1896648143,-,Cargado en CP - [22-218-HPER // 4700002676 // MEDU8489502]
2022-2023,LIQUIDADO,22-218-HPER,4700002676,RENE,VERITAS,SUSTRATOS ,EASY PLANTER 15 L,RV21,INV-202223/073B,"14,000",UN,USD,"16,820.00","16,820.00",50%AP,CIF,SEA,FCL/FCL,,SRI LANKA,CALLAO,1,40HC,20,-,,,NA,DIRECTO,MSC,EBKG03937356-1,MSMU7509927,-,9/9/2022,14/9/2022,37,MEDUC0922582,CAPE AKRITAS NX243B,24/11/2022,47,NO,NA,IMUPESA,AVM,1080,13/11/2022,18/11/2022,118-2022-10-450100-01-1-00,24/11/2022,26/11/2022,24/11/2022,,2/12/2022,2/12/2022,7/12/2022,AVM,5/12/2022,,GUZMAN,5/12/2022,5/12/2022,FUNDO REMANSO,19/12/2022,20/12/2022,51,,001-0118191, 036-0000540 ,-,,,DHL,1896648143,-,Cargado en CP - [22-218-HPER // 4700002676 // MSMU7509927]
2022-2023,LIQUIDADO,22-218-HPER,4700002676,RENE,VERITAS,SUSTRATOS ,EASY PLANTER 15 L,RV21,INV-202223/073B,"14,000",UN,USD,"16,820.00","16,820.00",50%AP,CIF,SEA,FCL/FCL,,SRI LANKA,CALLAO,1,40HC,20,-,,,NA,DIRECTO,MSC,EBKG03937356-1,TEMU7948111,-,9/9/2022,14/9/2022,37,MEDUC0922582,CAPE AKRITAS NX243B,24/11/2022,47,NO,NA,IMUPESA,AVM,1080,13/11/2022,18/11/2022,118-2022-10-450100-01-1-00,24/11/2022,26/11/2022,24/11/2022,,2/12/2022,2/12/2022,7/12/2022,AVM,5/12/2022,,GUZMAN,5/12/2022,5/12/2022,FUNDO REMANSO,19/12/2022,20/12/2022,51,,001-0118190, 036-0000537 ,-,,,DHL,1896648143,-,Cargado en CP - [22-218-HPER // 4700002676 // TEMU7948111]
2022-2023,LIQUIDADO,22-218-HPER,4700002676,RENE,VERITAS,SUSTRATOS ,EASY PLANTER 15 L,RV21,INV-202223/073B,"14,000",UN,USD,"16,820.00","16,820.00",50%AP,CIF,SEA,FCL/FCL,,SRI LANKA,CALLAO,1,40HC,20,-,,,NA,DIRECTO,MSC,EBKG03937356-1,TRHU7222668,-,9/9/2022,14/9/2022,37,MEDUC0922582,CAPE AKRITAS NX243B,24/11/2022,47,NO,NA,IMUPESA,AVM,1080,13/11/2022,18/11/2022,118-2022-10-450100-01-1-00,24/11/2022,26/11/2022,24/11/2022,,2/12/2022,2/12/2022,7/12/2022,AVM,5/12/2022,,GUZMAN,5/12/2022,5/12/2022,FUNDO REMANSO,19/12/2022,20/12/2022,51,, 001-0118189,036-0000541 ,-,,,DHL,1896648143,-,Cargado en CP - [22-218-HPER // 4700002676 // TRHU7222668]
2022-2023,LIQUIPARCIAL,22-219-HPER,4700002677,RENE,VERITAS,SUSTRATOS ,EASY PLANTER 15 L,RV21,INV-202223/077 - A,"14,000",UN,USD,"27,770.00","27,770.00",50%AP,CIF,SEA,FCL/FCL,,SRI LANKA,CALLAO,1,40HC,20,-,,,NA,DIRECTO,MSC,EBKG03968466-1,MSDU7860093,-,14/9/2022,23/9/2022,38,MEDUC0925569,CAPE AKRITAS NX243B,24/11/2022,47,NO,NA,IMUPESA,AVM,1081,13/11/2022,18/11/2022, 118-2022-10-450281-01-4-00,24/11/2022,26/11/2022,24/11/2022,,5/12/2022,19/12/2022,7/12/2022,AVM,20/12/2022,,GUZMAN,20/12/2022,20/12/2022,FUNDO REMANSO,1/1/2023,2/1/2023,1,,001-0118196,036-0000653,-,,,DHL,1896648143,-,Cargado en CP - [22-219-HPER // 4700002677 // MSDU7860093]
2022-2023,LIQUIPARCIAL,22-219-HPER,4700002677,RENE,VERITAS,SUSTRATOS ,EASY PLANTER 15 L,RV21,INV-202223/077 - A,"14,000",UN,USD,"27,770.00","27,770.00",50%AP,CIF,SEA,FCL/FCL,,SRI LANKA,CALLAO,1,40HC,20,-,,,NA,DIRECTO,MSC,EBKG03968466-1,TGCU0111831,-,14/9/2022,23/9/2022,38,MEDUC0925569,CAPE AKRITAS NX243B,24/11/2022,47,NO,NA,IMUPESA,AVM,1081,13/11/2022,18/11/2022, 118-2022-10-450281-01-4-00,24/11/2022,26/11/2022,24/11/2022,,5/12/2022,19/12/2022,7/12/2022,AVM,20/12/2022,,GUZMAN,20/12/2022,20/12/2022,FUNDO REMANSO,30/12/2022,1/1/2023,52,,001-0118194 , 036-000065,-,,,DHL,1896648143,-,Cargado en CP - [22-219-HPER // 4700002677 // TGCU0111831]
2022-2023,LIQUIPARCIAL,22-219-HPER,4700002677,RENE,VERITAS,SUSTRATOS ,EASY PLANTER 15 L,RV21,INV-202223/077 - A,"14,000",UN,USD,"27,770.00","27,770.00",50%AP,CIF,SEA,FCL/FCL,,SRI LANKA,CALLAO,1,40HC,20,-,,,NA,DIRECTO,MSC,EBKG03968466-1,TCNU2021800,-,14/9/2022,23/9/2022,38,MEDUC0925569,CAPE AKRITAS NX243B,24/11/2022,47,NO,NA,IMUPESA,AVM,1081,13/11/2022,18/11/2022, 118-2022-10-450281-01-4-00,24/11/2022,26/11/2022,24/11/2022,,5/12/2022,19/12/2022,7/12/2022,AVM,20/12/2022,,GUZMAN,20/12/2022,20/12/2022,FUNDO REMANSO,1/1/2023,2/1/2023,1,,001-0118195,036-0000652,-,,,DHL,1896648143,-,Cargado en CP - [22-219-HPER // 4700002677 // TCNU2021800]
2022-2023,LIQUIPARCIAL,22-219-HPER,4700002677,RENE,VERITAS,SUSTRATOS ,EASY PLANTER 15 L,RV21,INV-202223/077 - A,"14,000",UN,USD,"27,770.00","27,770.00",50%AP,CIF,SEA,FCL/FCL,,SRI LANKA,CALLAO,1,40HC,20,-,,,NA,DIRECTO,MSC,EBKG03968466-1,TXGU5408014,-,14/9/2022,23/9/2022,38,MEDUC0925569,CAPE AKRITAS NX243B,24/11/2022,47,NO,NA,IMUPESA,AVM,1081,13/11/2022,18/11/2022, 118-2022-10-450281-01-4-00,24/11/2022,26/11/2022,24/11/2022,,5/12/2022,19/12/2022,7/12/2022,AVM,20/12/2022,,GUZMAN,20/12/2022,20/12/2022,FUNDO REMANSO,1/1/2023,2/1/2023,1,,001-0118193,036-0000654,-,,,DHL,1896648143,-,Cargado en CP - [22-219-HPER // 4700002677 // TXGU5408014]
2022-2023,LIQUIPARCIAL,22-220-HPER,4700002678,RENE,VERITAS,SUSTRATOS ,EASY PLANTER 15 L,RV21,INV-202223/077 - B,"14,000",UN,USD,"27,770.00","27,770.00",50%AP,CIF,SEA,FCL/FCL,,SRI LANKA,CALLAO,1,40HC,20,-,,,NA,DIRECTO,MSC,EBKG03968466-1,FSCU8340032,-,21/9/2022,23/9/2022,38,MEDUC0925577,CAPE AKRITAS NX243B,24/11/2022,47,NO,NA,IMUPESA,AVM,1079,13/11/2022,17/11/2022,118-2022-10-447118-01-9-00,24/11/2022,26/11/2022,24/11/2022,,5/12/2022,19/12/2022,7/12/2022,AVM,20/12/2022,,RVC,20/12/2022,20/12/2022,FUNDO REMANSO,29/12/2022,30/12/2022,52,,001-0118187, 036-0000470 ,-,,,DHL,1896648143,-,Cargado en CP - [22-220-HPER // 4700002678 // FSCU8340032]
2022-2023,LIQUIPARCIAL,22-220-HPER,4700002678,RENE,VERITAS,SUSTRATOS ,EASY PLANTER 15 L,RV21,INV-202223/077 - B,"14,000",UN,USD,"27,770.00","27,770.00",50%AP,CIF,SEA,FCL/FCL,,SRI LANKA,CALLAO,1,40HC,20,-,,,NA,DIRECTO,MSC,EBKG03968466-1,CAAU5768937,-,21/9/2022,23/9/2022,38,MEDUC0925577,CAPE AKRITAS NX243B,24/11/2022,47,NO,NA,IMUPESA,AVM,1079,13/11/2022,17/11/2022,118-2022-10-447118-01-9-00,24/11/2022,26/11/2022,24/11/2022,,5/12/2022,19/12/2022,7/12/2022,AVM,20/12/2022,,RVC,20/12/2022,20/12/2022,FUNDO REMANSO,8/1/2023,9/1/2023,2,, 001-0118188,EG07-00000002 ,-,,,DHL,1896648143,-,Cargado en CP - [22-220-HPER // 4700002678 // CAAU5768937]
2022-2023,LIQUIPARCIAL,22-221-HPER,4700002679,RENE,VERITAS,SUSTRATOS ,EASY PLANTER 15 L,RV21,INV-202223/080 - A,"14,000",UN,USD,"27,470.00","27,470.00",50%AP,CIF,SEA,FCL/FCL,,SRI LANKA,CALLAO,1,40HC,20,-,,,NA,DIRECTO,WAN HAI,062C000829,WHLU5797644,-,-,28/9/2022,39,062C000829,EVER LOYAL E056,30/11/2022,48,NO,NA,IMUPESA,AVM,1093,20/11/2022,28/11/2022,"	 118-2022-10-462577-01-0-00",1/12/2022,1/12/2022,30/11/2022,,5/12/2022,19/12/2022,20/12/2022,AVM,20/12/2022,,AGERSA,20/12/2022,20/12/2022,FUNDO REMANSO,29/12/2022,30/12/2022,52,,001-0118350,036-0000647,-,,,DHL,1896648143,-,Cargado en CP - [22-221-HPER // 4700002679 // WHLU5797644]
2022-2023,LIQUIPARCIAL,22-221-HPER,4700002679,RENE,VERITAS,SUSTRATOS ,EASY PLANTER 15 L,RV21,INV-202223/080 - A,"14,000",UN,USD,"27,470.00","27,470.00",50%AP,CIF,SEA,FCL/FCL,,SRI LANKA,CALLAO,1,40HC,20,-,,,NA,DIRECTO,WAN HAI,062C000829,WHSU6591870,-,-,28/9/2022,39,062C000829,EVER LOYAL E056,30/11/2022,48,NO,NA,IMUPESA,AVM,1093,20/11/2022,28/11/2022,"	 118-2022-10-462577-01-0-00",1/12/2022,1/12/2022,30/11/2022,,5/12/2022,19/12/2022,20/12/2022,AVM,20/12/2022,,AGERSA,20/12/2022,20/12/2022,FUNDO REMANSO,1/1/2023,2/1/2023,1,,001-0118351,036-0000706,-,,,DHL,1896648143,-,Cargado en CP - [22-221-HPER // 4700002679 // WHSU6591870]
2022-2023,LIQUIPARCIAL,22-221-HPER,4700002679,RENE,VERITAS,SUSTRATOS ,EASY PLANTER 15 L,RV21,INV-202223/080 - A,"14,000",UN,USD,"27,470.00","27,470.00",50%AP,CIF,SEA,FCL/FCL,,SRI LANKA,CALLAO,1,40HC,20,-,,,NA,DIRECTO,WAN HAI,062C000829,WHSU5303325,-,-,28/9/2022,39,062C000829,EVER LOYAL E056,30/11/2022,48,NO,NA,IMUPESA,AVM,1093,20/11/2022,28/11/2022,"	 118-2022-10-462577-01-0-00",1/12/2022,1/12/2022,30/11/2022,,5/12/2022,19/12/2022,20/12/2022,AVM,20/12/2022,,AGERSA,20/12/2022,20/12/2022,FUNDO REMANSO,1/1/2023,2/1/2023,1,,001-0118353,036-0000705 ,-,,,DHL,1896648143,-,Cargado en CP - [22-221-HPER // 4700002679 // WHSU5303325]
2022-2023,LIQUIPARCIAL,22-221-HPER,4700002679,RENE,VERITAS,SUSTRATOS ,EASY PLANTER 15 L,RV21,INV-202223/080 - A,"14,000",UN,USD,"27,470.00","27,470.00",50%AP,CIF,SEA,FCL/FCL,,SRI LANKA,CALLAO,1,40HC,20,-,,,NA,DIRECTO,WAN HAI,062C000829,WHSU6610352,-,-,28/9/2022,39,062C000829,EVER LOYAL E056,30/11/2022,48,NO,NA,IMUPESA,AVM,1093,20/11/2022,28/11/2022,"	 118-2022-10-462577-01-0-00",1/12/2022,1/12/2022,30/11/2022,,5/12/2022,19/12/2022,20/12/2022,AVM,20/12/2022,,AGERSA,20/12/2022,20/12/2022,FUNDO REMANSO,1/1/2023,2/1/2023,1,, 001-0118352 ,036-0000704,-,,,DHL,1896648143,-,Cargado en CP - [22-221-HPER // 4700002679 // WHSU6610352]
2022-2023,LIQUIPARCIAL,22-222-HPER,4700002680,RENE,VERITAS,SUSTRATOS ,EASY PLANTER 15 L,RV21,INV-202223/080 - B,"14,000",UN,USD,"27,470.00","27,470.00",50%AP,CIF,SEA,FCL/FCL,,SRI LANKA,CALLAO,1,40HC,20,-,,,NA,DIRECTO,WAN HAI,062C000829,WHSU5043193,-,-,28/9/2022,39,062C000859,ANTHEA Y / E033,14/12/2022,50,NO,NA,IMUPESA,AVM,1092,3/12/2022,13/12/2022, 118-2022-10-484477-01-9-00,15/12/2022,15/12/2022,14/12/2022,,19/12/2022,19/12/2022,21/12/2022,AVM,21/12/2022,,GUZMAN,21/12/2022,21/12/2022,FUNDO REMANSO,1/1/2023,2/1/2023,1,,001-0119259,036-0000657,-,,,DHL,1896648143,-,Cargado en CP - [22-222-HPER // 4700002680 // WHSU5043193]
2022-2023,LIQUIPARCIAL,22-222-HPER,4700002680,RENE,VERITAS,SUSTRATOS ,EASY PLANTER 15 L,RV21,INV-202223/080 - B,"14,000",UN,USD,"27,470.00","27,470.00",50%AP,CIF,SEA,FCL/FCL,,SRI LANKA,CALLAO,1,40HC,20,-,,,NA,DIRECTO,WAN HAI,062C000829,WHSU5381821,-,-,28/9/2022,39,062C000859,ANTHEA Y / E033,14/12/2022,50,NO,NA,IMUPESA,AVM,1092,3/12/2022,13/12/2022, 118-2022-10-484477-01-9-00,15/12/2022,15/12/2022,14/12/2022,,19/12/2022,19/12/2022,21/12/2022,AVM,21/12/2022,,GUZMAN,21/12/2022,21/12/2022,FUNDO REMANSO,3/1/2023,4/1/2023,1,,001-0119261,EG07-00000008,-,,,DHL,1896648143,-,Cargado en CP - [22-222-HPER // 4700002680 // WHSU5381821]
2022-2023,LIQUIPARCIAL,22-222-HPER,4700002680,RENE,VERITAS,SUSTRATOS ,EASY PLANTER 15 L,RV21,INV-202223/080 - B,"14,000",UN,USD,"27,470.00","27,470.00",50%AP,CIF,SEA,FCL/FCL,,SRI LANKA,CALLAO,1,40HC,20,-,,,NA,DIRECTO,WAN HAI,062C000829,WHSU5734425,-,-,28/9/2022,39,062C000859,ANTHEA Y / E033,14/12/2022,50,NO,NA,IMUPESA,AVM,1092,3/12/2022,13/12/2022, 118-2022-10-484477-01-9-00,15/12/2022,15/12/2022,14/12/2022,,19/12/2022,19/12/2022,21/12/2022,AVM,21/12/2022,,GUZMAN,21/12/2022,21/12/2022,FUNDO REMANSO,3/1/2023,4/1/2023,1,,001-0119262 ,EG07-00000006,-,,,DHL,1896648143,-,Cargado en CP - [22-222-HPER // 4700002680 // WHSU5734425]
2022-2023,LIQUIPARCIAL,22-222-HPER,4700002680,RENE,VERITAS,SUSTRATOS ,EASY PLANTER 15 L,RV21,INV-202223/080 - B,"14,000",UN,USD,"27,470.00","27,470.00",50%AP,CIF,SEA,FCL/FCL,,SRI LANKA,CALLAO,1,40HC,20,-,,,NA,DIRECTO,WAN HAI,062C000829,DFSU7516013,-,-,28/9/2022,39,062C000859,ANTHEA Y / E033,14/12/2022,50,NO,NA,IMUPESA,AVM,1092,3/12/2022,13/12/2022, 118-2022-10-484477-01-9-00,15/12/2022,15/12/2022,14/12/2022,,19/12/2022,19/12/2022,21/12/2022,AVM,21/12/2022,,GUZMAN,21/12/2022,21/12/2022,FUNDO REMANSO,3/1/2023,4/1/2023,1,,001-0119260 ,EG07-00000005,-,,,DHL,1896648143,-,Cargado en CP - [22-222-HPER // 4700002680 // DFSU7516013]
2022-2023,LIQUIPARCIAL,22-223-HPER,4700002681,RENE,VERITAS,SUSTRATOS ,EASY PLANTER 15 L,RV21,INV-202223/080 - C,"14,000",UN,USD,"27,470.00","27,470.00",50%AP,CIF,SEA,FCL/FCL,,SRI LANKA,CALLAO,1,40HC,20,-,,,NA,DIRECTO,WAN HAI,062C000829,WHSU6333664,-,-,28/9/2022,39,062C000863,ANTHEA Y / E033,14/12/2022,50,NO,NA,IMUPESA,AVM,1089,3/12/2022,13/12/2022,"	 118-2022-10-484230-01-3-00",15/12/2022,15/12/2022,14/12/2022,,19/12/2022,19/12/2022,21/12/2022,AVM,21/12/2022,,GUZMAN,21/12/2022,21/12/2022,FUNDO REMANSO,1/1/2023,2/1/2023,1,,001-0119257,036-0000655,-,,,DHL,1896648143,-,Cargado en CP - [22-223-HPER // 4700002681 // WHSU6333664]
2022-2023,LIQUIPARCIAL,22-223-HPER,4700002681,RENE,VERITAS,SUSTRATOS ,EASY PLANTER 15 L,RV21,INV-202223/080 - C,"14,000",UN,USD,"27,470.00","27,470.00",50%AP,CIF,SEA,FCL/FCL,,SRI LANKA,CALLAO,1,40HC,20,-,,,NA,DIRECTO,WAN HAI,062C000829,WHSU6034827,-,-,28/9/2022,39,062C000863,ANTHEA Y / E033,14/12/2022,50,NO,NA,IMUPESA,AVM,1089,3/12/2022,13/12/2022,"	 118-2022-10-484230-01-3-00",15/12/2022,15/12/2022,14/12/2022,,19/12/2022,19/12/2022,21/12/2022,AVM,21/12/2022,,GUZMAN,21/12/2022,21/12/2022,FUNDO REMANSO,30/12/2022,1/1/2023,52,,001-0119256 ,036-0000656,-,,,DHL,1896648143,-,Cargado en CP - [22-223-HPER // 4700002681 // WHSU6034827]
2022-2023,LIQUIPARCIAL,22-223-HPER,4700002681,RENE,VERITAS,SUSTRATOS ,EASY PLANTER 15 L,RV21,INV-202223/080 - C,"14,000",UN,USD,"27,470.00","27,470.00",50%AP,CIF,SEA,FCL/FCL,,SRI LANKA,CALLAO,1,40HC,20,-,,,NA,DIRECTO,WAN HAI,062C000829,WHSU5442193,-,-,28/9/2022,39,062C000863,ANTHEA Y / E033,14/12/2022,50,NO,NA,IMUPESA,AVM,1089,3/12/2022,13/12/2022,"	 118-2022-10-484230-01-3-00",15/12/2022,15/12/2022,14/12/2022,,19/12/2022,19/12/2022,21/12/2022,AVM,21/12/2022,,GUZMAN,21/12/2022,21/12/2022,FUNDO REMANSO,3/1/2023,4/1/2023,1,,001-0119255, EG07-00000007,-,,,DHL,1896648143,-,Cargado en CP - [22-223-HPER // 4700002681 // WHSU5442193]
2022-2023,LIQUIPARCIAL,22-224-HPER,4700002616,RENE,HFCH,PLANTAS,ROCIO # 360,-,12924,"18,720",UN,USD,"48,977.91","48,977.91",90,CFR,AIR,AIR,,SANTIAGO,LIMA,-,-,0.5,-,,,NA,DIRECTO,KOREAN,-,-,-,-,10/10/2022,41,062CA00019,KE 0274,10/10/2022,41,SI,10/10/2022,SAASA,AVM,1002,10/10/2022,10/10/2022,235-2022-10-150793-01-7-00,10/10/2022,10/10/2022,11/10/2022,,12/10/2022,12/10/2022,NA,NA,13/10/2022,NA,AVM,NA,NA,VIVERO ILUSION,13/10/2022,14/10/2022,41,,001-0116959,NA,-,,,NA,NA,-,Sin cargar por medio de transporte AIRE - [22-224-HPER]
2022-2023,LIQUIPARCIAL,22-224-HPER,4700002616,RENE,HFCH,PLANTAS,ROCIO # 325,-,12924,"14,300",UN,USD,"37,413.69","37,413.69",90,CFR,AIR,AIR,,SANTIAGO,LIMA,-,-,0.5,-,,,NA,DIRECTO,KOREAN,-,-,-,-,10/10/2022,41,180-48572182 ,KE 0274,10/10/2022,41,SI,10/10/2022,SAASA,AVM,1002,10/10/2022,10/10/2022,235-2022-10-150793-01-7-00,10/10/2022,10/10/2022,11/10/2022,,12/10/2022,12/10/2022,NA,NA,13/10/2022,NA,AVM,NA,NA,VIVERO ILUSION,13/10/2022,14/10/2022,41,,001-0116959,NA,-,,,NA,NA,-,Sin cargar por medio de transporte AIRE - [22-224-HPER]
2022-2023,LIQUIPARCIAL,22-224-HPER,4700002617,RENE,HFCH,PLANTAS,BB14-232 PT-2,-,12923,"159,360",UN,USD,"142,221.93","142,221.93",90,CFR,AIR,AIR,,SANTIAGO,LIMA,-,-,5,-,,,NA,DIRECTO,KOREAN,-,-,-,-,10/10/2022,41,180-48572182 ,KE 0274,10/10/2022,41,SI,10/10/2022,SAASA,AVM,1002,10/10/2022,10/10/2022,235-2022-10-150793-01-7-00,10/10/2022,10/10/2022,11/10/2022,,12/10/2022,12/10/2022,NA,NA,13/10/2022,NA,AVM,NA,NA,VIVERO ILUSION,13/10/2022,14/10/2022,41,,001-0116959,NA,-,,,NA,NA,-,Sin cargar por medio de transporte AIRE - [22-224-HPER]
2022-2023,LIQUIPARCIAL,22-224-HPER,4700002617,RENE,HFCH,PLANTAS,BB14-321 NA-1,-,12923,"156,000",UN,USD,"139,223.27","139,223.27",90,CFR,AIR,AIR,,SANTIAGO,LIMA,-,-,5,-,,,NA,DIRECTO,KOREAN,-,-,-,-,10/10/2022,41,180-48572182 ,KE 0274,10/10/2022,41,SI,10/10/2022,SAASA,AVM,1002,10/10/2022,10/10/2022,235-2022-10-150793-01-7-00,10/10/2022,10/10/2022,11/10/2022,,12/10/2022,12/10/2022,NA,NA,13/10/2022,NA,AVM,NA,NA,VIVERO ILUSION,13/10/2022,14/10/2022,41,,001-0116959,NA,-,,,NA,NA,-,Sin cargar por medio de transporte AIRE - [22-224-HPER]
2022-2023,LIQUIPARCIAL,22-225-HPER,4700002622,RENE,HFCH,PLANTAS,ROCIO # 325,-,12929,"93,600",UN,USD,"243,747.00","243,747.00",0,CFR,AIR,AIR,,SANTIAGO,LIMA,-,-,3,-,,,NA,DIRECTO,KOREAN,-,-,-,-,19/10/2022,42,180-48572462,KE 0274,17/10/2022,42,SI,17/10/2022,SAASA,AVM,1036,17/10/2022,17/10/2022,"	 235-2022-10-154187-01-4-00",17/10/2022,17/10/2022,17/10/2022,,19/10/2022,19/10/2022,NA,NA,19/10/2022,NA,AVM,NA,NA,VIVERO ILUSION,19/10/2022,20/10/2022,42,,001-0116981,NA,-,,,NA,NA,-,Sin cargar por medio de transporte AIRE - [22-225-HPER]
2022-2023,LIQUIPARCIAL,22-225-HPER,4700002624,RENE,HFCH,PLANTAS,BB14-321 NA-1,-,12930,"218,400",UN,USD,"195,279.00","195,279.00",90,CFR,AIR,AIR,,SANTIAGO,LIMA,-,-,7,-,,,NA,DIRECTO,KOREAN,-,-,-,-,19/10/2022,42,180-48572462,KE 0274,17/10/2022,42,SI,17/10/2022,SAASA,AVM,1036,17/10/2022,17/10/2022,"	 235-2022-10-154187-01-4-00",17/10/2022,17/10/2022,17/10/2022,,19/10/2022,19/10/2022,NA,NA,19/10/2022,NA,AVM,NA,NA,VIVERO ILUSION,19/10/2022,20/10/2022,42,,001-0116981,NA,-,,,NA,NA,-,Sin cargar por medio de transporte AIRE - [22-225-HPER]
2022-2023,LIQUIPARCIAL,22-226-HPER,4700002628,RENE,OZ,PLANTAS,MAGICA - REPOSICION,-,1710-2022,"156,000",UN,USD,"407,503.88","407,503.88",0,CFR,AIR,AIR,,SANTIAGO,LIMA,-,-,5,-,,,NA,DIRECTO,KOREAN,-,-,-,-,19/10/2022,42,180-48572484,KE 0274,17/10/2022,42,SI,17/10/2022,SAASA,AVM,1035,17/10/2022,17/10/2022,235-2022-10-154216-01-4-00,17/10/2022,17/10/2022,17/10/2022,,19/10/2022,19/10/2022,NA,NA,19/10/2022,NA,AVM,NA,NA,VIVERO ILUSION,19/10/2022,20/10/2022,42,,001-0116982,NA,-,,,NA,NA,-,Sin cargar por medio de transporte AIRE - [22-226-HPER]
2022-2023,LIQUIPARCIAL,22-226-HPER,4700002628,RENE,OZ,PLANTAS,BONITA - REPOSICION,-,1710-2022,"18,200",UN,USD,"47,542.12","47,542.12",0,CFR,AIR,AIR,,SANTIAGO,LIMA,-,-,1,-,,,NA,DIRECTO,KOREAN,-,-,-,-,19/10/2022,42,180-48572484,KE 0274,17/10/2022,42,SI,17/10/2022,SAASA,AVM,1035,17/10/2022,17/10/2022,235-2022-10-154216-01-4-00,17/10/2022,17/10/2022,17/10/2022,,19/10/2022,19/10/2022,NA,NA,19/10/2022,NA,AVM,NA,NA,VIVERO ILUSION,19/10/2022,20/10/2022,42,,001-0116982,NA,-,,,NA,NA,-,Sin cargar por medio de transporte AIRE - [22-226-HPER]
2022-2023,LIQUIPARCIAL,22-227-HPER,4700002580,MELANIE,A&B,SPAREPARTS,RPTOS VARIOS PARA MAQUINA PESADORA DE ARANDANOS A&B,-,20040,108,UN,USD,"37,787.00","37,787.00",0,EXW,AIR,AIR,,MIAMI,LIMA,-,-,3,17/10/2022,,,18/10/2022,AIRSEALOG,NORTHERN,-,-,21/10/2022,-,30/10/2022,43, 95AMIA223950,AIRMAX,29/10/2022,43,SI,28/10/2022,ALFOSAC,PASOC,58769,28/10/2022,29/10/2022,235-2022-10-161648-01-3-00,29/10/2022,30/10/2022,31/10/2022,,NA,NA,NA,AVM,3/11/2022,PENDIENTE,AGERSA,3/11/2022,NA,PACKING CHAO,2/11/2022,3/11/2022,44,,001-0387536,0036-0000423,-,,,UPS,1Z40F35A0320053772,-,Sin cargar por medio de transporte AIRE - [22-227-HPER // 4700002580]
2022-2023,LIQUIPARCIAL,22-228-HPER,4700002598,RENE,OZ,PLANTAS,MAGICA - REPOSICION,-,2309-2022,"130,000",UN,USD,"341,018.00","341,018.00",0,CFR,AIR,AIR,,SANTIAGO,LIMA,-,-,4,-,,,NA,DIRECTO,KOREAN,-,-,-,-,26/9/2022,39,180-48570351,KE0274/26,26/9/2022,39,SI,27/9/2022,SAASA,AVM,963,27/9/2022,26/9/2022,"	 235-2022-10-142966-01-3-00",26/9/2022,26/9/2022,26/9/2022,,28/9/2022,28/9/2022,NA,NA,28/9/2022,NA,AVM,NA,NA,VIVERO ILUSION,28/9/2022,29/9/2022,39,,001-0116529,NA,-,,,NA,NA,-,Sin cargar por medio de transporte AIRE - [22-228-HPER // 4700002598]
2022-2023,LIQUIDADO,22-229-HPER,4700002567,RENE,JCK,E & E,PUNNET PET 18OZ 7X7 CESTA,-,756,"244,776",UN,USD,"9,497.31","9,497.31",90,FOB,SEA,FCL/FCL,,SAN ANTONIO,CALLAO,1,40HC,658,20/9/2022,,,20/9/2022,ULOG,HSUD,2SCL021091,MRSU6538915,-,29/9/2022,2/10/2022,39,ES202209-8946,NORTHERN PRIORITY 237W,7/10/2022,40,SI,3/10/2022,IMUPESA,PASOC,56549,5/10/2022,8/10/2022, 118-2022-10-388460-01-5-00,8/10/2022,9/10/2022,7/10/2022,,NA,NA,19/10/2022,PASOC,19/10/2022,,TRANSPESA,19/10/2022,19/10/2022,PACKING CHAO,1/12/2022,2/12/2022,48,,,036-0000199,-,,,NA,NA,-,Cargada en CP - [22-229-HPER // 4700002567 // MRSU6538915]
2022-2023,LIQUIDADO,22-229-HPER,4700002567,RENE,JCK,E & E,PUNNET PET 18OZ 7X7 CESTA,-,756,"244,776",UN,USD,"9,497.31","9,497.31",90,FOB,SEA,FCL/FCL,,SAN ANTONIO,CALLAO,1,40HC,658,20/9/2022,,,20/9/2022,ULOG,HSUD,2SCL021091,MRSU3977766,-,29/9/2022,2/10/2022,39,ES202209-8946,NORTHERN PRIORITY 237W,7/10/2022,40,SI,3/10/2022,IMUPESA,PASOC,56549,5/10/2022,8/10/2022, 118-2022-10-388460-01-5-00,8/10/2022,9/10/2022,7/10/2022,,NA,NA,19/10/2022,PASOC,19/10/2022,,TRANSPESA,19/10/2022,19/10/2022,PACKING CHAO,17/11/2022,18/11/2022,46,, 001-0384226,036-0000457,-,,,NA,NA,-,Cargada en CP - [22-229-HPER // 4700002567 // MRSU3977766]
2022-2023,LIQUIDADO,22-229-HPER,4700002567,RENE,JCK,E & E,PUNNET PET 18OZ 7X7 CESTA,-,756,"244,776",UN,USD,"9,497.31","9,497.31",90,FOB,SEA,FCL/FCL,,SAN ANTONIO,CALLAO,1,40HC,658,20/9/2022,,,20/9/2022,ULOG,HSUD,2SCL021091,MRKU3775382 ,-,29/9/2022,2/10/2022,39,ES202209-8946,NORTHERN PRIORITY 237W,7/10/2022,40,SI,3/10/2022,IMUPESA,PASOC,56549,5/10/2022,8/10/2022, 118-2022-10-388460-01-5-00,8/10/2022,9/10/2022,7/10/2022,,NA,NA,19/10/2022,PASOC,19/10/2022,,TRANSPESA,19/10/2022,19/10/2022,PACKING CHAO,21/11/2022,22/11/2022,47,,001-0384228 , 036-0000551,-,,,NA,NA,-,Cargada en CP - [22-229-HPER // 4700002567 // MRKU3775382]
2022-2023,LIQUIDADO,22-229-HPER,4700002567,RENE,JCK,E & E,PUNNET PET 18OZ 7X7 CESTA,-,756,"244,776",UN,USD,"9,497.31","9,497.31",90,FOB,SEA,FCL/FCL,,SAN ANTONIO,CALLAO,1,40HC,658,20/9/2022,,,20/9/2022,ULOG,HSUD,2SCL021091,MRSU3183133,-,29/9/2022,2/10/2022,39,ES202209-8946,NORTHERN PRIORITY 237W,7/10/2022,40,SI,3/10/2022,IMUPESA,PASOC,56549,5/10/2022,8/10/2022, 118-2022-10-388460-01-5-00,8/10/2022,9/10/2022,7/10/2022,,NA,NA,19/10/2022,PASOC,19/10/2022,,TRANSPESA,19/10/2022,19/10/2022,PACKING CHAO,23/11/2022,24/11/2022,47,,001-0384229, 036-0000555 ,-,,,NA,NA,-,Cargada en CP - [22-229-HPER // 4700002567 // MRSU3183133]
2022-2023,LIQUIDADO,22-230-HPER,4700002565,RENE,JCK,E & E,PUNNET 250G H40 JCK,-,766,"626,640",UN,USD,"24,313.63","24,313.63",90,FOB,SEA,FCL/FCL,,SAN ANTONIO,CALLAO,1,40HC,575,26/9/2022,,,20/9/2022,ULOG,HSUD,-,TLLU4905591,-,-,9/10/2022,40,ES20221-9032 ,ANTOFAGASTA EXPRESS 238W,14/10/2022,41,SI,10/10/2022,IMUPESA,PASOC,57224,10/10/2022,14/10/2022,118-2022-10-395655-01-2-00,14/10/2022,15/10/2022,14/10/2022,,NA,NA,23/10/2022,PASOC,19/10/2022,,RVC,19/10/2022,19/10/2022,PACKING CHAO,21/10/2022,22/10/2022,42,, 001-0386528,0036-00000337,-,,,NA,NA,-,Cargada en CP - Falta booking - [22-230-HPER // 4700002565 // TLLU4905591] (15/03)
2022-2023,LIQUIPARCIAL,22-231-HPER,4700002533,TATIANA,RITEC,EQP & INST,PARTES PARA SISTEMAS DE RIEGO,-,22-759,40,UN,USD,"7,977.98","7,977.98",0,EXW,AIR,AIR,,MADRID,LIMA,-,-,1,9/9/2022,,,23/9/2022,NOWPORTS,PLUS,-,-,29/9/2022,-,4/10/2022,40,1251720,LA2485,5/10/2022,40,SI,3/10/2022,ALFOSAC,LIP,15338,3/10/2022,5/10/2022,235-2022-10-146908-01-8-01,5/10/2022,5/10/2022,5/10/2022,,NA,NA,NA,LIP,6/10/2022,PENDIENTE,AGERSA,6/10/2022,NA,FUNDO ARMONIA,10/10/2022,11/10/2022,41,, 0001-019198,036-0000385,-,,,NA,NA,-,Sin cargar por método de transporte AIRE [22-231-HPER // 4700002533]
2022-2023,LIQUIDADO,22-232-HPER,4700002497,TATIANA,SMARTPACK,SPAREPARTS,RPTOS VARIOS PARA MAQUINA HEAT SEALER,-,111,5,UN,USD,"2,416.40","2,416.40",0,EXW,AIR,AIR,,SANTIAGO,LIMA,-,-,0.83,-,,,NA,DIRECTO,DHL,-,-,29/9/2022,-,30/9/2022,39,4692873522,-,1/10/2022,39,NO,NA,DHL,DHL,NA,NA,30/9/2022,235-2022-10-145665-01-4-01,1/10/2022,1/10/2022,30/9/2022,,NA,NA,NA,DHL,3/10/2022,NA,DHL,4/10/2022,NA,PACKING SALAVERRY,11/10/2022,11/10/2022,41,,NA,NA,-,,,NA,NA,-,Sin cargar por método de transporte AIRE [22-232-HPER // 4700002497]
2022-2023,LIQUIPARCIAL,22-232-HPER,4700002563,MELANIE,SMARTPACK,SPAREPARTS,RPTOS VARIOS PARA MAQUINA HEAT SEALER,-,112,1,UN,USD,535.19,535.19,0,EXW,AIR,AIR,,SANTIAGO,LIMA,-,-,0.17,-,,,NA,DIRECTO,DHL,-,-,29/9/2022,-,30/9/2022,39,4692873522,-,1/10/2022,39,NO,NA,DHL,DHL,NA,NA,30/9/2022,235-2022-10-145665-01-4-01,1/10/2022,1/10/2022,30/9/2022,,NA,NA,NA,DHL,3/10/2022,NA,DHL,4/10/2022,NA,PACKING SALAVERRY,11/10/2022,11/10/2022,41,,NA,NA,-,,,NA,NA,-,Sin cargar por método de transporte AIRE [22-232-HPER // 470002563]
2022-2023,LIQUIDADO,22-233-HPER,4700002566,RENE,JCK,E & E,PUNNET 250G H40 JCK,-,772,"590,760",UN,USD,"22,921.49","22,921.49",90,FOB,SEA,FCL/FCL,,SAN ANTONIO,CALLAO,1,40HC,547,26/9/2022,,,20/9/2022,ULOG,HYUNDAI,SCLM94780500,CAIU7166361,-,-,23/10/2022,42,ES202210-9129,MSC PERLE / 0018E,29/10/2022,43,SI,27/10/2022,IMUPESA,PASOC,58646,27/10/2022,30/10/2022,"	 118-2022-10-421083-01-3-00",30/10/2022,31/10/2022,29/10/2022,,NA,NA,13/11/2022,PASOC,9/11/2022,,AGERSA,10/11/2022,10/11/2022,PACKING CHAO,14/11/2022,15/11/2022,46,,001-0386068,036-0000436,-,,,NA,NA,-,Cargada en CP - [22-233-HPER // 4700002566 // CAIU7166361]
2022-2023,LIQUIDADO,22-234-HPER,4700002547,RENE,PARSYL,EQP & INST,TREK TAB,-,100261,500,UN,USD,"6,000.00","6,000.00",30,DDP,AIR,AIR,,DENVER,LIMA,-,-,1,-,,,NA,DIRECTO,FEDEX,-,-,-,-,19/9/2022,38,278154943209,-,20/10/2022,42,NO,NA,SCHRAFF,SCHRAFF,NA,NA,17/8/2022,235-2022-10-121910-01-9-01,20/10/2022,21/10/2022,3/11/2022,,NA,NA,NA,SCHARFF,NA,NA,ET EXPRESS,NA,NA,PACKING SALAVERRY,25/10/2022,26/10/2022,43,,NA,NA,-,,,NA,NA,-,Sin cargar por método de transporte AIRE [22-234-HPER]
2022-2023,LIQUIDADO,22-234-HPER,4700002548,RENE,PARSYL,EQP & INST,TREK TAB,-,100261,500,UN,USD,"6,000.00","6,000.00",30,DDP,AIR,AIR,,DENVER,LIMA,-,-,1,-,,,NA,DIRECTO,FEDEX,-,-,-,-,19/9/2022,38,278154943209,-,20/10/2022,42,NO,NA,SCHRAFF,SCHRAFF,NA,NA,17/8/2022,235-2022-10-121910-01-9-01,20/10/2022,21/10/2022,3/11/2022,,NA,NA,NA,SCHARFF,NA,NA,ET EXPRESS,NA,NA,PACKING SALAVERRY,25/10/2022,26/10/2022,43,,NA,NA,-,,,NA,NA,-,Sin cargar por método de transporte AIRE [22-234-HPER]
2022-2023,LIQUIPARCIAL,22-235-HPER,4700002564,TATIANA,AZUD,EQP & INST,AZUD HELIX AUTOMATIC,RV21, FVM22-001410,1,UN,USD,"4,972.51","4,972.51",90,FCA,SEA,LCL/LCL,,BARCELONA,CALLAO,-,-,1,-,,,31/10/2022,AIRSEALOG,CMA CGM,80E2022110126,BMOU6196309,8/11/2022,-,19/11/2022,46,8.02022E+11,DIMITRIS C,18/12/2022,50,SI,21/11/2022,VILLAS OQUENDO,LIP,19102,12/12/2022,16/12/2022, 118-2022-10-491515-01-1-00,18/12/2022,19/12/2022,19/12/2022,,NA,NA,NA,LIP,21/12/2022,,AGERSA,21/12/2022,NA,FUNDO ARMONIA,29/12/2022,30/12/2022,52,,0001-019844, 036-0000639,-,,,NA,NA,-,"Cargada en CP - Falta booking (erroneo), bl (erroneo) - [22-235-HPER // 4700002564 // BMOU6196309]"
2022-2023,LIQUIPARCIAL,22-235-HPER,4700002603,TATIANA,AZUD,EQP & INST,AZUD HELIX AUTOMATIC,RV21, FVM22-001410,4,UN,USD,"34,744.97","34,744.97",90,FCA,SEA,LCL/LCL,,BARCELONA,CALLAO,-,-,4,-,,,31/10/2022,AIRSEALOG,CMA CGM,80E2022110126,BMOU6196309,8/11/2022,-,19/11/2022,46,8.02022E+11,DIMITRIS C,18/12/2022,50,SI,21/11/2022,VILLAS OQUENDO,LIP,19102,12/12/2022,16/12/2022, 118-2022-10-491515-01-1-00,18/12/2022,19/12/2022,19/12/2022,,NA,NA,NA,LIP,21/12/2022,,AGERSA,21/12/2022,NA,FUNDO ARMONIA,29/12/2022,30/12/2022,52,,0001-019812, 036-0000639,-,,,NA,NA,-,"Cargada en CP - Falta booking (erroneo), bl (erroneo) - [22-235-HPER // 4700002603 // BMOU6196309]"
2022-2023,LIQUIPARCIAL,22-236-HPER,4700002441,OMAR,EDEN MODERN,AGQ,DISPER COMPLEX,-,2022-1460,"20,000",LT,EUR,"137,600.00","151,360.00",90,EXW,SEA,FCL/FCL,,VALENCIA,CALLAO,1,40HC,40,3/10/2022,,,23/9/2022,AIRSEALOG,MAERSK,-,MIEU3001529,10/10/2022,-,28/10/2022,43,PAEM014601,MAERSK BATAM 245S,9/12/2022,49,SI,31/10/2022,IMUPESA,PASOC,61153,21/11/2022,7/12/2022, 118-2022-10-478616-01-0-00,9/12/2022,11/12/2022,12/12/2022,,NA,NA,14/12/2022,PASOC,14/12/2022,,AGERSA,14/12/2022,15/12/2022,FUNDO ARMONIA,19/12/2022,20/12/2022,51,,001 -0389647,036-0000630,52,,,NA,NA,-,Cargada en CP - Falta booking - [22-236-HPER // 4700002441 // MIEU3001529] (15/03)
2022-2023,LIQUIPARCIAL,22-237-HPER,4700002621,OMAR,PROMISOL ,AGQ,CYTOFLOW,-,22404,"9,620",KG,EUR,"102,453.00","112,698.30",90,EXW,SEA,FCL/FCL,,BARCELONA,CALLAO,0.33,20ST,12,-,,,20/10/2022,AIRSEALOG,MAERSK,S00022240,CAAU6566226,31/10/2022,-,10/11/2022,45,PBEM044798,CHARLOTTE MAERSK 250W,19/12/2022,51,SI,11/11/2022,IMUPESA,PASOC,62139,30/11/2022,7/12/2022,"	 118-2022-10-480418-01-8-00",20/12/2022,21/12/2022,21/12/2022,,NA,NA,30/12/2022,PASOC,23/12/2022,,AGERSA,23/12/2022,23/12/2022,FUNDO ARMONIA,30/12/2022,30/12/2022,52,,001-0389825,036-0000701,-,,,NA,NA,-,Cargada en CP - [22-237-HPER // 4700002621 // CAAU6566226]
2022-2023,LIQUIPARCIAL,22-237-HPER,4700002621,OMAR,PROMISOL ,AGQ,CYTOLAN,-,22404,"2,120",KG,EUR,"26,712.00","29,383.20",90,EXW,SEA,FCL/FCL,,BARCELONA,CALLAO,0.33,20ST,2,-,,,20/10/2022,AIRSEALOG,MAERSK,S00022240,CAAU6566226,31/10/2022,-,10/11/2022,45,PBEM044798,CHARLOTTE MAERSK 250W,19/12/2022,51,SI,11/11/2022,IMUPESA,PASOC,62139,30/11/2022,7/12/2022,118-2022-10-480418-01-8-00,20/12/2022,21/12/2022,21/12/2022,,NA,NA,30/12/2022,PASOC,23/12/2022,,AGERSA,23/12/2022,23/12/2022,FUNDO ARMONIA,30/12/2022,30/12/2022,52,,001-0389825,036-0000701,-,,,NA,NA,-,Cargada en CP - [22-237-HPER // 4700002621 // CAAU6566226]
2022-2023,LIQUIPARCIAL,22-237-HPER,4700002621,OMAR,PROMISOL ,AGQ,PROMI CALFOR,-,22404,"2,100",KG,EUR,"8,820.00","9,702.00",90,EXW,SEA,FCL/FCL,,BARCELONA,CALLAO,0.33,20ST,2,-,,,20/10/2022,AIRSEALOG,MAERSK,S00022240,CAAU6566226,31/10/2022,-,10/11/2022,45,PBEM044798,CHARLOTTE MAERSK 250W,19/12/2022,51,SI,11/11/2022,IMUPESA,PASOC,62139,30/11/2022,7/12/2022,118-2022-10-480418-01-8-00,20/12/2022,21/12/2022,21/12/2022,,NA,NA,30/12/2022,PASOC,23/12/2022,,AGERSA,23/12/2022,23/12/2022,FUNDO ARMONIA,30/12/2022,30/12/2022,52,,001-0389825,036-0000701,-,,,NA,NA,-,Cargada en CP - [22-237-HPER // 4700002621 // CAAU6566226]
2022-2023,LIQUIPARCIAL,22-238-HPER,4700002683,RENE,HFCH,PLANTAS,BB14-232 PT-2,-,12936,"31,200",UN,USD,"28,144.00","28,144.00",90,CFR,AIR,AIR,,SANTIAGO,LIMA,-,-,1.00,-,,,NA,DIRECTO,KOREAN,-,-,-,-,24/10/2022,43,180-12347786,KE 0274,24/10/2022,43,SI,24/10/2022,SAASA,AVM,1060,24/10/2022,24/10/2022,"	 235-2022-10-158306-01-8-00",24/10/2022,24/10/2022,19/12/2022,,27/10/2022,27/10/2022,NA,NA,27/10/2022,NA,AVM,NA,NA,VIVERO ILUSION,27/10/2022,28/10/2022,43,,001-0117441,NA,-,,,NA,NA,-,Sin cargar por medio de transporte AIRE [22-238-HPER]
2022-2023,LIQUIPARCIAL,22-238-HPER,4700002682,RENE,HFCH,PLANTAS,ROCIO # 325 - REPOSICION,-,12937,"31,200",UN,USD,"81,496.00","81,496.00",90,CFR,AIR,AIR,,SANTIAGO,LIMA,-,-,1.00,-,,,NA,DIRECTO,KOREAN,-,-,-,-,24/10/2022,43,180-12347786,KE 0274,24/10/2022,43,SI,24/10/2022,SAASA,AVM,1060,24/10/2022,24/10/2022,"	 235-2022-10-158306-01-8-00",24/10/2022,24/10/2022,1/12/2022,,27/10/2022,27/10/2022,NA,NA,27/10/2022,NA,AVM,NA,NA,VIVERO ILUSION,27/10/2022,28/10/2022,43,,001-0117441,NA,-,,,NA,NA,-,Sin cargar por medio de transporte AIRE [22-238-HPER]
2022-2023,LIQUIPARCIAL,22-238-HPER,4700002684,RENE,HFCH,PLANTAS,BB14-321 NA-1,-,12934,"218,400",UN,USD,"194,542.00","194,542.00",90,CFR,AIR,AIR,,SANTIAGO,LIMA,-,-,7.00,-,,,NA,DIRECTO,KOREAN,-,-,-,-,24/10/2022,43,180-12347786,KE 0274,24/10/2022,43,SI,24/10/2022,SAASA,AVM,1060,24/10/2022,24/10/2022,"	 235-2022-10-158306-01-8-00",24/10/2022,24/10/2022,1/12/2022,,27/10/2022,27/10/2022,NA,NA,27/10/2022,NA,AVM,NA,NA,VIVERO ILUSION,27/10/2022,28/10/2022,43,,001-0117441,NA,-,,,NA,NA,-,Sin cargar por medio de transporte AIRE [22-238-HPER]
2022-2023,LIQUIPARCIAL,22-238-HPER,4700002685,RENE,HFCH,PLANTAS,ROCIO # 325,-,12935,93600,UN,USD,"243,988.00","243,988.00",90,CFR,AIR,AIR,,SANTIAGO,LIMA,-,-,3.00,-,,,NA,DIRECTO,KOREAN,-,-,-,-,24/10/2022,43,180-12347786,KE 0274,24/10/2022,43,SI,24/10/2022,SAASA,AVM,1060,24/10/2022,24/10/2022,"	 235-2022-10-158306-01-8-00",24/10/2022,24/10/2022,1/12/2022,,27/10/2022,27/10/2022,NA,NA,27/10/2022,NA,AVM,NA,NA,VIVERO ILUSION,27/10/2022,28/10/2022,43,,001-0117441,NA,-,,,NA,NA,-,Sin cargar por medio de transporte AIRE [22-238-HPER]
2022-2023,LIQUIDADO,22-239-HPER,4700002538,MELANIE,LIPPEL ,SPAREPARTS,RPTOS VARIOS PARA MAQUINA CHIPEADORA,-,35491,2,UN,USD,212.00,212.00,0,EXW,AIR,AIR,,VIRACOPOS,LIMA,-,-,1,4/11/2022,,,24/11/2022,DIRECTO,DHL,-,-,5/12/2022,-,12/12/2022,50,1899737711,DHL COURIER,14/12/2022,50,NO,NA,DHL,DHL,NA,NA,14/12/2022, 235-2022-28-01310534-41-4-00,14/12/2022,14/12/2022,14/12/2022,,NA,NA,NA,NA,14/12/2022,NA,DHL,15/12/2022,NA,FUNDO ARMONIA,4/1/2023,5/1/2023,1,,NA,NA,-,,,NA,NA,-,No cargada por metodo de transporte AIRE [4700002538]
2022-2023,LIQUIPARCIAL,22-240-HPER,4700002664,RENE,VERITAS,SUSTRATOS ,EASY PLANTER 15 L,RV21,INV-202223/080 - D,"14,000",UN,USD,"26,070.00","26,070.00",50%AP,CIF,SEA,FCL/FCL,,SRI LANKA,CALLAO,1,40HC,20,-,,,NA,DIRECTO,WAN HAI,062C000829,WHSU5932164,-,-,28/9/2022,39,062CA00013,ANTHEA Y / E033,14/12/2022,50,NO,NA,IMUPESA,AVM,1090,3/12/2022,13/12/2022,"	 118-2022-10-484397-01-5-00",15/12/2022,15/12/2022,14/12/2022,,19/12/2022,19/12/2022,21/12/2022,NA,21/12/2022,001-0119258,GUZMAN,21/12/2022,21/12/2022,FUNDO REMANSO,4/1/2023,5/1/2023,1,,0010-034229,EG07-00000009,-,,,DHL,7855958272,-,Cargado en CP - [22-240-HPER // 4700002664 // WHSU5932164]
2022-2023,LIQUIPARCIAL,22-241-HPER,4700002665,RENE,VERITAS,SUSTRATOS ,EASY PLANTER 15 L,RV21,INV-202223/083 - A,"14,000",UN,USD,"26,070.00","26,070.00",50%AP,CIF,SEA,FCL/FCL,,COLOMBO,CALLAO,1,40HC,20,-,,,NA,DIRECTO,MSC,EBKG04078282-1,TCNU7042929,-,27/9/2022,3/10/2022,40,MEDUC0930965,MSC AINO  NX244A,1/12/2022,48,NO,NA,IMUPESA,AVM,1088,20/11/2022,29/11/2022,118-2022-10-464037-01-3-00,1/12/2022,1/12/2022,1/12/2022,,6/12/2022,6/12/2022,14/12/2022,NA,13/12/2022,001-0119154,AGERSA,13/12/2022,13/12/2022,FUNDO REMANSO,30/12/2022,31/12/2022,52,,0010-034210 ,036-0000550,-,,,DHL,7855958272,-,Cargado en CP - [22-241-HPER // 4700002665 // TCNU7042929]
2022-2023,LIQUIPARCIAL,22-241-HPER,4700002665,RENE,VERITAS,SUSTRATOS ,EASY PLANTER 15 L,RV21,INV-202223/083 - A,"14,000",UN,USD,"26,070.00","26,070.00",50%AP,CIF,SEA,FCL/FCL,,COLOMBO,CALLAO,1,40HC,20,-,,,NA,DIRECTO,MSC,EBKG04078282-1,TCLU5276577,-,27/9/2022,3/10/2022,40,MEDUC0930965,MSC AINO  NX244A,1/12/2022,48,NO,NA,IMUPESA,AVM,1088,20/11/2022,29/11/2022,118-2022-10-464037-01-3-00,1/12/2022,1/12/2022,1/12/2022,,6/12/2022,6/12/2022,14/12/2022,NA,13/12/2022,001-0119155,AGERSA,13/12/2022,13/12/2022,FUNDO REMANSO,19/12/2022,20/12/2022,51,,0010-034147, 036-0000545,-,,,DHL,7855958272,-,Cargado en CP - [22-241-HPER // 4700002665 // TCLU5276577]
2022-2023,LIQUIPARCIAL,22-241-HPER,4700002665,RENE,VERITAS,SUSTRATOS ,EASY PLANTER 15 L,RV21,INV-202223/083 - A,"14,000",UN,USD,"26,070.00","26,070.00",50%AP,CIF,SEA,FCL/FCL,,COLOMBO,CALLAO,1,40HC,20,-,,,NA,DIRECTO,MSC,EBKG04078282-1,MSMU7176549,-,27/9/2022,3/10/2022,40,MEDUC0930965,MSC AINO  NX244A,1/12/2022,48,NO,NA,IMUPESA,AVM,1088,20/11/2022,29/11/2022,118-2022-10-464037-01-3-00,1/12/2022,1/12/2022,1/12/2022,,6/12/2022,6/12/2022,14/12/2022,AVM,13/12/2022,001-0119156,AGERSA,13/12/2022,13/12/2022,FUNDO REMANSO,20/12/2022,21/12/2022,51,,0010-034153, 036-0000546,-,,,DHL,7855958272,-,Cargado en CP - [22-241-HPER // 4700002665 // MSMU7176549]
2022-2023,LIQUIPARCIAL,22-241-HPER,4700002665,RENE,VERITAS,SUSTRATOS ,EASY PLANTER 15 L,RV21,INV-202223/083 - A,"14,000",UN,USD,"26,070.00","26,070.00",50%AP,CIF,SEA,FCL/FCL,,COLOMBO,CALLAO,1,40HC,20,-,,,NA,DIRECTO,MSC,EBKG04078282-1,CRXU9904250,-,27/9/2022,3/10/2022,40,MEDUC0930965,MSC AINO  NX244A,1/12/2022,48,NO,NA,IMUPESA,AVM,1088,20/11/2022,29/11/2022,118-2022-10-464037-01-3-00,1/12/2022,1/12/2022,1/12/2022,,6/12/2022,6/12/2022,14/12/2022,AVM,13/12/2022,,AGERSA,13/12/2022,13/12/2022,FUNDO REMANSO,20/12/2022,21/12/2022,51,,001-0119157,036-0000547,-,,,DHL,7855958272,-,Cargado en CP - [22-241-HPER // 4700002665 // CRXU9904250]
2022-2023,LIQUIDADO,22-242-HPER,4700002666,RENE,VERITAS,SUSTRATOS ,EASY PLANTER 15 L,RV21,INV-202223/083 - B,"14,000",UN,USD,"26,070.00","26,070.00",50%AP,CIF,SEA,FCL/FCL,,COLOMBO,CALLAO,1,40HC,20,-,,,NA,DIRECTO,MSC,EBKG04078282-1,TCNU1368749,-,29/9/2022,3/10/2022,40,MEDUC0930981,MSC AINO  NX244A,1/12/2022,48,NO,NA,IMUPESA,AVM,1091,20/11/2022,29/11/2022, 118-2022-10-463981-01-1-00,1/12/2022,1/12/2022,1/12/2022,,6/12/2022,6/12/2022,14/12/2022,AVM,12/12/2022,,GUZMAN,12/12/2022,13/12/2022,FUNDO REMANSO,19/12/2022,20/12/2022,51,,001-0119151, 036-0000638,-,,,DHL,7855958272,-,Cargado en CP - [22-242-HPER // 4700002666 // TCNU1368749]
2022-2023,LIQUIDADO,22-242-HPER,4700002666,RENE,VERITAS,SUSTRATOS ,EASY PLANTER 15 L,RV21,INV-202223/083 - B,"14,000",UN,USD,"26,070.00","26,070.00",50%AP,CIF,SEA,FCL/FCL,,COLOMBO,CALLAO,1,40HC,20,-,,,NA,DIRECTO,MSC,EBKG04078282-1,TLLU7572679,-,29/9/2022,3/10/2022,40,MEDUC0930981,MSC AINO  NX244A,1/12/2022,48,NO,NA,IMUPESA,AVM,1091,20/11/2022,29/11/2022, 118-2022-10-463981-01-1-00,1/12/2022,1/12/2022,1/12/2022,,6/12/2022,6/12/2022,14/12/2022,AVM,12/12/2022,,GUZMAN,12/12/2022,13/12/2022,FUNDO REMANSO,23/12/2022,24/12/2022,51,,001-0119150, 036-0000637,-,,,DHL,7855958272,-,Cargado en CP - [22-242-HPER // 4700002666 // TLLU7572679]
2022-2023,LIQUIDADO,22-242-HPER,4700002666,RENE,VERITAS,SUSTRATOS ,EASY PLANTER 15 L,RV21,INV-202223/083 - B,"14,000",UN,USD,"26,070.00","26,070.00",50%AP,CIF,SEA,FCL/FCL,,COLOMBO,CALLAO,1,40HC,20,-,,,NA,DIRECTO,MSC,EBKG04078282-1,MSDU8172325,-,29/9/2022,3/10/2022,40,MEDUC0930981,MSC AINO  NX244A,1/12/2022,48,NO,NA,IMUPESA,AVM,1091,20/11/2022,29/11/2022, 118-2022-10-463981-01-1-00,1/12/2022,1/12/2022,1/12/2022,,6/12/2022,6/12/2022,14/12/2022,AVM,12/12/2022,,GUZMAN,12/12/2022,13/12/2022,FUNDO REMANSO,27/12/2022,28/12/2022,52,,001-0119152 , 036-0000643,-,,,DHL,7855958272,-,Cargado en CP - [22-242-HPER // 4700002666 // MSDU8172325]
2022-2023,LIQUIDADO,22-242-HPER,4700002666,RENE,VERITAS,SUSTRATOS ,EASY PLANTER 15 L,RV21,INV-202223/083 - B,"14,000",UN,USD,"26,070.00","26,070.00",50%AP,CIF,SEA,FCL/FCL,,COLOMBO,CALLAO,1,40HC,20,-,,,NA,DIRECTO,MSC,EBKG04078282-1,MSDU7825050,-,29/9/2022,3/10/2022,40,MEDUC0930981,MSC AINO  NX244A,1/12/2022,48,NO,NA,IMUPESA,AVM,1091,20/11/2022,29/11/2022, 118-2022-10-463981-01-1-00,1/12/2022,1/12/2022,1/12/2022,,6/12/2022,6/12/2022,14/12/2022,AVM,12/12/2022,,GUZMAN,12/12/2022,13/12/2022,FUNDO REMANSO,29/12/2022,30/12/2022,52,,001-0119153 ,036-0000646,-,,,DHL,7855958272,-,Cargado en CP - [22-242-HPER // 4700002666// MSDU7825050]
2022-2023,LIQUIPARCIAL,22-243-HPER,4700002667,RENE,VERITAS,SUSTRATOS ,EASY PLANTER 15 L,RV21, INV-202223/086,"14,000",UN,USD,"25,620.00","25,620.00",50%AP,CIF,SEA,FCL/FCL,,COLOMBO,CALLAO,1,40HC,20,-,,,NA,DIRECTO,CMA CGM,CBO0259525,TCNU5736200,-,-,5/10/2022,40,CBO0259525,SHIPPING VOLGA 0WCDDS1MA,25/11/2022,47,NO,NA,IMUPESA,AVM,1126,14/11/2022,21/11/2022,"	 118-2022-10-452344-01-3-00",26/11/2022,27/11/2022,25/11/2022,,29/11/2022,29/11/2022,,AVM,2/12/2022,,GUZMAN,2/12/2022,2/12/2022,FUNDO REMANSO,6/12/2022,7/12/2022,49,, 001-0118186 - ,036-0000535,-,,,DHL,7855958272,-,Cargada en CP - (se sacó BL de cta cda) - [22-243-HPER // 4700002667 // SEGU6206148]
2022-2023,LIQUIPARCIAL,22-243-HPER,4700002667,RENE,VERITAS,SUSTRATOS ,EASY PLANTER 15 L,RV21, INV-202223/086,"14,000",UN,USD,"25,620.00","25,620.00",50%AP,CIF,SEA,FCL/FCL,,COLOMBO,CALLAO,1,40HC,20,-,,,NA,DIRECTO,CMA CGM,CBO0259525,TCNU1242560,-,-,5/10/2022,40,CBO0259525,SHIPPING VOLGA 0WCDDS1MA,25/11/2022,47,NO,NA,IMUPESA,AVM,1126,14/11/2022,21/11/2022,"	 118-2022-10-452344-01-3-00",26/11/2022,27/11/2022,25/11/2022,,29/11/2022,29/11/2022,,AVM,2/12/2022,,GUZMAN,2/12/2022,2/12/2022,FUNDO REMANSO,6/12/2022,7/12/2022,49,,001-0118185,036-0000534,-,,,DHL,7855958272,-,Cargada en CP - (se sacó BL de cta cda) - [22-243-HPER // 4700002667 // CMAU4999270]
2022-2023,LIQUIPARCIAL,22-243-HPER,4700002667,RENE,VERITAS,SUSTRATOS ,EASY PLANTER 15 L,RV21, INV-202223/086,"14,000",UN,USD,"25,620.00","25,620.00",50%AP,CIF,SEA,FCL/FCL,,COLOMBO,CALLAO,1,40HC,20,-,,,NA,DIRECTO,CMA CGM,CBO0259525,CAIU9253017,-,-,5/10/2022,40,CBO0259525,SHIPPING VOLGA 0WCDDS1MA,25/11/2022,47,NO,NA,IMUPESA,AVM,1126,14/11/2022,21/11/2022,"	 118-2022-10-452344-01-3-00",26/11/2022,27/11/2022,25/11/2022,,29/11/2022,29/11/2022,,AVM,2/12/2022,,GUZMAN,2/12/2022,2/12/2022,FUNDO REMANSO,6/12/2022,7/12/2022,49,, 001-0118184 -,036-0000533,-,,,DHL,7855958272,-,Cargada en CP - (se sacó BL de cta cda) - [22-243-HPER // 4700002667 // CMAU7643153]
2022-2023,LIQUIPARCIAL,22-243-HPER,4700002667,RENE,VERITAS,SUSTRATOS ,EASY PLANTER 15 L,RV21, INV-202223/086,"14,000",UN,USD,"25,620.00","25,620.00",50%AP,CIF,SEA,FCL/FCL,,COLOMBO,CALLAO,1,40HC,20,-,,,NA,DIRECTO,CMA CGM,CBO0259525,FSCU9543250,-,-,5/10/2022,40,CBO0259525,SHIPPING VOLGA 0WCDDS1MA,25/11/2022,47,NO,NA,IMUPESA,AVM,1126,14/11/2022,21/11/2022,"	 118-2022-10-452344-01-3-00",26/11/2022,27/11/2022,25/11/2022,,29/11/2022,29/11/2022,,AVM,2/12/2022,,GUZMAN,2/12/2022,2/12/2022,FUNDO REMANSO,6/12/2022,7/12/2022,49,,001-0118183,036-0000536,-,,,DHL,7855958272,-,Cargada en CP - (se sacó BL de cta cda) - [22-243-HPER // 4700002667 // CMAU4643930]
2022-2023,LIQUIPARCIAL,22-244-HPER,4700002668,RENE,VERITAS,SUSTRATOS ,EASY PLANTER 15 L,RV21,INV-202223/087 ,"14,000",UN,USD,"25,620.00","25,620.00",50%AP,CIF,SEA,FCL/FCL,,COLOMBO,CALLAO,1,40HC,20,-,,,NA,DIRECTO,CMA CGM,CBO0259624,CMAU7643153,-,-,13/10/2022,41,CBO0259624 ,GUAYAQUIL EXPRESS,10/12/2022,49,NO,NA,IMUPESA,AVM,1136,30/11/2022,6/12/2022,118-2022-10-475032-01-8-00,20/12/2022,20/12/2022,10/12/2022,,22/12/2022,22/12/2022,24/12/2022,AVM,23/12/2022,,RVC,23/12/2022,23/12/2022,FUNDO REMANSO,2/1/2023,3/1/2023,1,, 001-0119616 , EG07-00000003 ,-,,,DHL,8044755692,-,Cargada en CP - [22-244-HPER // 4700002668 // CMAU7643153]
2022-2023,LIQUIPARCIAL,22-245-HPER,4700002669,RENE,VERITAS,SUSTRATOS ,EASY PLANTER 15 L,RV21,INV-202223/089,"14,000",UN,USD,"25,420.00","25,420.00",50%AP,CIF,SEA,FCL/FCL,,COLOMBO,CALLAO,1,40HC,20,-,,,NA,DIRECTO,WAN HAI,062C000891,CAIU4378428,-,-,22/10/2022,42,062C000891 ,KOTA PURI 024E,24/12/2022,51,NO,NA,IMUPESA,AVM,1137,9/12/2022,15/12/2022,118-2022-10-489729-01-6-00,25/12/2022,26/12/2022,26/12/2022,,28/12/2022,28/12/2022,1/1/2023,AVM,29/12/2022,,AGERSA,29/12/2022,29/12/2022,FUNDO REMANSO,4/1/2023,5/1/2023,1,,001-0119631,EG07-00000011,-,,,DHL,8044755692,-,Cargada en CP - [22-245-HPER // 4700002469 // CAIU4378428]
2022-2023,LIQUIPARCIAL,22-245-HPER,4700002669,RENE,VERITAS,SUSTRATOS ,EASY PLANTER 15 L,RV21,INV-202223/089,"14,000",UN,USD,"25,420.00","25,420.00",50%AP,CIF,SEA,FCL/FCL,,COLOMBO,CALLAO,1,40HC,20,-,,,NA,DIRECTO,WAN HAI,062C000891,WHSU5771856,-,-,22/10/2022,42,062C000891 ,KOTA PURI 024E,24/12/2022,51,NO,NA,IMUPESA,AVM,1137,9/12/2022,15/12/2022,118-2022-10-489729-01-6-00,25/12/2022,26/12/2022,26/12/2022,,28/12/2022,28/12/2022,1/1/2023,AVM,29/12/2022,,AGERSA,29/12/2022,29/12/2022,FUNDO REMANSO,2/1/2023,3/1/2023,1,,001-0119628, 036-0000707,-,,,DHL,8044755692,-,Cargada en CP - [22-245-HPER // 4700002469 // WHSU5771856]
2022-2023,LIQUIPARCIAL,22-245-HPER,4700002669,RENE,VERITAS,SUSTRATOS ,EASY PLANTER 15 L,RV21,INV-202223/089,"14,000",UN,USD,"25,420.00","25,420.00",50%AP,CIF,SEA,FCL/FCL,,COLOMBO,CALLAO,1,40HC,20,-,,,NA,DIRECTO,WAN HAI,062C000891,DFSU7659478,-,-,22/10/2022,42,062C000891 ,KOTA PURI 024E,24/12/2022,51,NO,NA,IMUPESA,AVM,1137,9/12/2022,15/12/2022,118-2022-10-489729-01-6-00,25/12/2022,26/12/2022,26/12/2022,,28/12/2022,28/12/2022,1/1/2023,AVM,29/12/2022,,AGERSA,29/12/2022,29/12/2022,FUNDO REMANSO,4/1/2023,5/1/2023,1,,001-0119630,EG07-00000013,-,,,DHL,8044755692,-,Cargada en CP - [22-245-HPER // 4700002469 // DFSU7659478]
2022-2023,LIQUIPARCIAL,22-245-HPER,4700002669,RENE,VERITAS,SUSTRATOS ,EASY PLANTER 15 L,RV21,INV-202223/089,"14,000",UN,USD,"25,420.00","25,420.00",50%AP,CIF,SEA,FCL/FCL,,COLOMBO,CALLAO,1,40HC,20,-,,,NA,DIRECTO,WAN HAI,062C000891,WHSU5521857,-,-,22/10/2022,42,062C000891 ,KOTA PURI 024E,24/12/2022,51,NO,NA,IMUPESA,AVM,1137,9/12/2022,15/12/2022,118-2022-10-489729-01-6-00,25/12/2022,26/12/2022,26/12/2022,,28/12/2022,28/12/2022,1/1/2023,AVM,29/12/2022,,AGERSA,29/12/2022,29/12/2022,FUNDO REMANSO,4/1/2023,5/1/2023,1,,001-0119629,EG07-00000012,-,,,DHL,8044755692,-,Cargada en CP - [22-245-HPER // 4700002469 // WHSU5521857]
2022-2023,LIQUIPARCIAL,22-246-HPER,4700002670,RENE,VERITAS,SUSTRATOS ,EASY PLANTER 15 L,RV21,INV-202223/093-A,"14,000",UN,USD,"25,420.00","25,420.00",50%AP,CIF,SEA,FCL/FCL,,COLOMBO,CALLAO,1,40HC,20,-,,,NA,DIRECTO,WAN HAI,062C000898,WHSU6632520,-,-,23/10/2022,42,062C000898,"	WAN HAI 723",27/12/2022,52,NO,NA,IMUPESA,AVM,1214,13/12/2022,20/12/2022,118-2022-10-497008-01-2-00,28/12/2022,28/12/2022,27/12/2022,,3/1/2023,3/1/2023,3/1/2023,AVM,4/1/2023,,AGERSA,4/1/2023,4/1/2023,FUNDO REMANSO,5/1/2023,6/1/2023,1,,001-0119974,EG07-00000023,-,,,NA,NA,-,Cargada en CP - [22-246-HPER // 4700002470 //  WHSU6632520]
2022-2023,LIQUIPARCIAL,22-246-HPER,4700002670,RENE,VERITAS,SUSTRATOS ,EASY PLANTER 15 L,RV21,INV-202223/093-A,"14,000",UN,USD,"25,420.00","25,420.00",50%AP,CIF,SEA,FCL/FCL,,COLOMBO,CALLAO,1,40HC,20,-,,,NA,DIRECTO,WAN HAI,062C000898,WHSU6287070,-,-,23/10/2022,42,062C000898,"	WAN HAI 723",27/12/2022,52,NO,NA,IMUPESA,AVM,1214,13/12/2022,20/12/2022,118-2022-10-497008-01-2-00,28/12/2022,28/12/2022,27/12/2022,,3/1/2023,3/1/2023,3/1/2023,AVM,4/1/2023,,AGERSA,4/1/2023,4/1/2023,FUNDO REMANSO,5/1/2023,6/1/2023,1,,001-0119973,EG07-00000021,-,,,NA,NA,-,Cargada en CP - [22-246-HPER // 4700002470 //  WHSU6287070]
2022-2023,LIQUIPARCIAL,22-246-HPER,4700002670,RENE,VERITAS,SUSTRATOS ,EASY PLANTER 15 L,RV21,INV-202223/093-A,"14,000",UN,USD,"25,420.00","25,420.00",50%AP,CIF,SEA,FCL/FCL,,COLOMBO,CALLAO,1,40HC,20,-,,,NA,DIRECTO,WAN HAI,062C000898,WHSU5089907,-,-,23/10/2022,42,062C000898,"	WAN HAI 723",27/12/2022,52,NO,NA,IMUPESA,AVM,1214,13/12/2022,20/12/2022,118-2022-10-497008-01-2-00,28/12/2022,28/12/2022,27/12/2022,,3/1/2023,3/1/2023,3/1/2023,AVM,4/1/2023,,AGERSA,4/1/2023,4/1/2023,FUNDO REMANSO,5/1/2023,6/1/2023,1,,001-0119972,EG07-00000022,-,,,NA,NA,-,Cargada en CP - [22-246-HPER // 4700002470 //  WHSU5089907]
2022-2023,LIQUIPARCIAL,22-247-HPER,4700002671,RENE,VERITAS,SUSTRATOS ,EASY PLANTER 15 L,RV21,INV-202223/093-B,"14,000",UN,USD,"25,420.00","25,420.00",50%AP,CIF,SEA,FCL/FCL,,COLOMBO,CALLAO,1,40HC,20,-,,,NA,DIRECTO,WAN HAI,062C000898,WHLU5771845,-,-,23/10/2022,42,062C000921 ,"	WAN HAI 723",27/12/2022,52,NO,NA,IMUPESA,AVM,1213,13/12/2022,20/12/2022, 118-2022-10-496947-01-5-00,28/12/2022,28/12/2022,27/12/2022,,3/1/2023,3/1/2023,3/1/2023,AVM,4/1/2023,,RVC,4/1/2023,4/1/2023,FUNDO REMANSO,5/1/2023,6/1/2023,1,,001-0119968, EG07-00000020,-,,,NA,NA,-,Cargada en CP - [22-247-HPER // 4700002671 // WHLU5771845]
2022-2023,RECEPCIONADO,22-247-HPER,4700002671,RENE,VERITAS,SUSTRATOS ,EASY PLANTER 15 L,RV21,INV-202223/093-B,"14,000",UN,USD,"25,420.00","25,420.00",50%AP,CIF,SEA,FCL/FCL,,COLOMBO,CALLAO,1,40HC,20,-,,,NA,DIRECTO,WAN HAI,062C000898,DFSU7675099,-,-,23/10/2022,42,062C000921 ,"	WAN HAI 723",27/12/2022,52,NO,NA,IMUPESA,AVM,1213,13/12/2022,20/12/2022, 118-2022-10-496947-01-5-00,28/12/2022,28/12/2022,27/12/2022,,3/1/2023,3/1/2023,3/1/2023,AVM,4/1/2023,,RVC,4/1/2023,4/1/2023,FUNDO REMANSO,23/1/2023,24/1/2023,4,, 001-0119969, EG07-00000029,-,,,NA,NA,-,Cargada en CP - [22-247-HPER // 4700002671 // DFSU7675099]
2022-2023,LIQUIPARCIAL,22-247-HPER,4700002671,RENE,VERITAS,SUSTRATOS ,EASY PLANTER 15 L,RV21,INV-202223/093-B,"14,000",UN,USD,"25,420.00","25,420.00",50%AP,CIF,SEA,FCL/FCL,,COLOMBO,CALLAO,1,40HC,20,-,,,NA,DIRECTO,WAN HAI,062C000898,BEAU4815689,-,-,23/10/2022,42,062C000921 ,"	WAN HAI 723",27/12/2022,52,NO,NA,IMUPESA,AVM,1213,13/12/2022,20/12/2022, 118-2022-10-496947-01-5-00,28/12/2022,28/12/2022,27/12/2022,,3/1/2023,3/1/2023,3/1/2023,AVM,4/1/2023,,RVC,4/1/2023,4/1/2023,FUNDO REMANSO,4/1/2023,5/1/2023,1,,001-0119971, EG07-00000019 ,-,,,NA,NA,-,Cargada en CP - [22-247-HPER // 4700002672 // BEAU4815689]
2022-2023,LIQUIPARCIAL,22-247-HPER,4700002671,RENE,VERITAS,SUSTRATOS ,EASY PLANTER 15 L,RV21,INV-202223/093-A,"14,000",UN,USD,"25,420.00","25,420.00",50%AP,CIF,SEA,FCL/FCL,,COLOMBO,CALLAO,1,40HC,20,-,,,NA,DIRECTO,WAN HAI,062C000898,DFSU7625415,-,-,23/10/2022,42,062C000921 ,"	WAN HAI 723",27/12/2022,52,NO,NA,IMUPESA,AVM,1213,13/12/2022,20/12/2022, 118-2022-10-496947-01-5-00,28/12/2022,28/12/2022,27/12/2022,,3/1/2023,3/1/2023,3/1/2023,AVM,4/1/2023,,RVC,4/1/2023,4/1/2023,FUNDO REMANSO,4/1/2023,5/1/2023,1,,001-0119970, EG07-00000015,-,,,NA,NA,-,Cargada en CP - [22-247-HPER // 4700002671 // DFSU7625415]
2022-2023,LIQUIPARCIAL,22-248-HPER,4700002672,RENE,VERITAS,SUSTRATOS ,EASY PLANTER 15 L,RV21,INV-202223/093-C,"14,000",UN,USD,"25,420.00","25,420.00",50%AP,CIF,SEA,FCL/FCL,,COLOMBO,CALLAO,1,40HC,20,-,,,NA,DIRECTO,WAN HAI,062C000898,WHSU6408439,-,-,23/10/2022,42,062C000928,"	WAN HAI 723",27/12/2022,52,NO,NA,IMUPESA,AVM,1212,13/12/2022,20/12/2022, 118-2022-10-496916-01-2-00,28/12/2022,28/12/2022,27/12/2022,,3/1/2023,3/1/2023,3/1/2023,AVM,4/1/2023,,GUZMAN,4/1/2023,4/1/2023,FUNDO REMANSO,4/1/2023,5/1/2023,1,, 001-0119966, EG07-00000017,-,,,NA,NA,-,Cargada en CP - [22-248-HPER // 4700002672 // WHSU6408439]
2022-2023,LIQUIPARCIAL,22-248-HPER,4700002672,RENE,VERITAS,SUSTRATOS ,EASY PLANTER 15 L,RV21,INV-202223/093-C,"14,000",UN,USD,"25,420.00","25,420.00",50%AP,CIF,SEA,FCL/FCL,,COLOMBO,CALLAO,1,40HC,20,-,,,NA,DIRECTO,WAN HAI,062C000898,WHSU6540065,-,-,23/10/2022,42,062C000928,"	WAN HAI 723",27/12/2022,52,NO,NA,IMUPESA,AVM,1212,13/12/2022,20/12/2022, 118-2022-10-496916-01-2-00,28/12/2022,28/12/2022,27/12/2022,,3/1/2023,3/1/2023,3/1/2023,AVM,4/1/2023,,GUZMAN,4/1/2023,4/1/2023,FUNDO REMANSO,4/1/2023,5/1/2023,1,, 001-0119967, EG07-00000018,-,,,NA,NA,-,Cargada en CP - [22-248-HPER // 4700002672 // WHSU6540065]
2022-2023,LIQUIPARCIAL,22-249-HPER,4700002675,RENE,HFCH,PLANTAS,BB14-232 PT-2 #360,-,12958,"11,520",UN,USD,"10,303.31","10,303.31",90,CFR,AIR,AIR,,SANTIAGO,LIMA,-,-,0.50,-,,,NA,DIRECTO,KOREAN,-,-,-,-,31/10/2022,44,180-12348033,KE 0274,31/10/2022,44,SI,31/10/2022,SAASA,AVM,1075,31/10/2022,31/10/2022,"	 235-2022-10-162290-01-5-00",31/10/2022,28/12/2022,31/10/2022,,NA,NA,NA,NA,3/11/2022,NA,AVM,NA,NA,VIVERO ILUSION,3/11/2022,4/11/2022,44,,001-0117463,NA,-,,,NA,NA,-,No cargada por metodo de transporte AIRE [22-249-HPER]
2022-2023,LIQUIPARCIAL,22-249-HPER,4700002675,RENE,HFCH,PLANTAS,BB14-232 PT-2 #325,-,12958,"20,800",UN,USD,"18,603.19","18,603.19",90,CFR,AIR,AIR,,SANTIAGO,LIMA,-,-,0.50,-,,,NA,DIRECTO,KOREAN,-,-,-,-,31/10/2022,44,180-12348033,KE 0274,31/10/2022,44,SI,31/10/2022,SAASA,AVM,1075,31/10/2022,31/10/2022,"	 235-2022-10-162290-01-5-00",31/10/2022,28/12/2022,31/10/2022,,NA,NA,NA,NA,3/11/2022,NA,AVM,NA,NA,VIVERO ILUSION,3/11/2022,4/11/2022,44,,001-0117463,NA,-,,,NA,NA,-,No cargada por metodo de transporte AIRE [22-249-HPER]
2022-2023,LIQUIPARCIAL,22-249-HPER,4700002673,RENE,HFCH,PLANTAS,ROCIO # 325 - REPOSICION,-,12959,"62,400",UN,USD,"162,158.38","162,158.38",90,CFR,AIR,AIR,,SANTIAGO,LIMA,-,-,2.00,-,,,NA,DIRECTO,KOREAN,-,-,-,-,31/10/2022,44,180-12348033,KE 0274,31/10/2022,44,SI,31/10/2022,SAASA,AVM,1075,31/10/2022,31/10/2022,"	 235-2022-10-162290-01-5-00",31/10/2022,28/12/2022,31/10/2022,,NA,NA,NA,NA,3/11/2022,NA,AVM,NA,NA,VIVERO ILUSION,3/11/2022,4/11/2022,44,,001-0117463,NA,-,,,NA,NA,-,No cargada por metodo de transporte AIRE [22-249-HPER]
2022-2023,LIQUIPARCIAL,22-249-HPER,4700002674,RENE,HFCH,PLANTAS,BB14-321 NA-1,-,12960,"62,400",UN,USD,"55,723.52","55,723.52",90,CFR,AIR,AIR,,SANTIAGO,LIMA,-,-,2.00,-,,,NA,DIRECTO,KOREAN,-,-,-,-,31/10/2022,44,180-12348033,KE 0274,31/10/2022,44,SI,31/10/2022,SAASA,AVM,1075,31/10/2022,31/10/2022,"	 235-2022-10-162290-01-5-00",31/10/2022,31/10/2022,31/10/2022,,NA,NA,NA,NA,3/11/2022,NA,AVM,NA,NA,VIVERO ILUSION,3/11/2022,4/11/2022,44,,001-0117463,NA,-,,,NA,NA,-,No cargada por metodo de transporte AIRE [22-249-HPER]
2022-2023,LIQUIPARCIAL,22-250-HPER,4700002712,RENE,HFCH,PLANTAS,"Plantas Frambuesas, var Centennial #50",-,12957,"12,000",UN,USD,"15,770.00","15,770.00",90,CFR,AIR,AIR,,SANTIAGO,LIMA,-,-,5,-,,,NA,DIRECTO,KOREAN,-,-,-,-,31/10/2022,44,180-48568505,KE 0274,31/10/2022,44,SI,31/10/2022,SAASA,AVM,1076,31/10/2022,2/11/2022,235-2022-10-163055-01-1-01,31/10/2022,31/10/2022,2/11/2022,,NA,NA,NA,NA,4/11/2022,NA,AVM,NA,NA,FUNDO ARMONIA,4/11/2022,5/11/2022,44,,001 0117484,NA,-,,,NA,NA,-,No cargada por metodo de transporte AIRE [22-250-HPER]
2022-2023,LIQUIDADO,22-251-HPER,4700002639,RENE,JCK,E & E,PUNNET CESTA PET UK 150g,-,781,"820,125",UN,USD,"25,833.94","25,833.94",90,FOB,SEA,FCL/FCL,,SAN ANTONIO,CALLAO,1,40HC,675,-,,,2/11/2022,NOATUM,HAPAG,61528100,FSCU7173563,-,10/11/2022,12/11/2022,45,MIQSCL015486,GSL MELINA 243W,18/11/2022,46,SI,15/11/2022,IMUPESA,PASOC,60492,15/11/2022,17/11/2022,118-2022-10-447462-01-1-00,19/11/2022,19/11/2022,18/11/2022,,NA,NA,22/11/2022,PASOC,1/12/2022,,AGERSA,1/12/2022,1/12/2022,PACKING CHAO,2/12/2022,3/12/2022,48,,,,-,,,NA,NA,-,Cargada en CP -  [22-251-HPER // 4700002639 // FSCU7173563]
2022-2023,LIQUIDADO,22-251-HPER,4700002639,RENE,JCK,E & E,PUNNET CESTA PET UK 150g,-,781,"820,125",UN,USD,"25,833.94","25,833.94",90,FOB,SEA,FCL/FCL,,SAN ANTONIO,CALLAO,1,40HC,675,-,,,2/11/2022,NOATUM,HAPAG,61528100,FANU1170522,-,10/11/2022,12/11/2022,45,MIQSCL015486,GSL MELINA 243W,18/11/2022,46,SI,15/11/2022,IMUPESA,PASOC,60492,15/11/2022,17/11/2022,118-2022-10-447462-01-1-00,19/11/2022,19/11/2022,18/11/2022,,NA,NA,22/11/2022,PASOC,1/12/2022,,AGERSA,2/12/2022,2/12/2022,PACKING CHAO,2/12/2022,3/12/2022,48,, 001-0386378,036-0000619 ,-,,,NA,NA,-,Cargada en CP -  [22-251-HPER // 4700002639 // FANU1170522]
2022-2023,LIQUIDADO,22-251-HPER,4700002639,RENE,JCK,E & E,PUNNET CESTA PET UK 150g,-,781,"820,125",UN,USD,"25,833.94","25,833.94",90,FOB,SEA,FCL/FCL,,SAN ANTONIO,CALLAO,1,40HC,675,-,,,2/11/2022,NOATUM,HAPAG,61528100,SEGU5625582,-,10/11/2022,12/11/2022,45,MIQSCL015486,GSL MELINA 243W,18/11/2022,46,SI,15/11/2022,IMUPESA,PASOC,60492,15/11/2022,17/11/2022,118-2022-10-447462-01-1-00,19/11/2022,19/11/2022,18/11/2022,,NA,NA,22/11/2022,PASOC,1/12/2022,,AGERSA,1/12/2022,1/12/2022,PACKING SALAVERRY,5/12/2022,6/12/2022,49,, 001-0386377 ,036-0000624,-,,,NA,NA,-,Cargada en CP -  [22-251-HPER // 4700002639 // SEGU5625582]
2022-2023,LIQUIPARCIAL,22-252-HPER,4700002638,MELANIE,SMARTPACK,SPAREPARTS,RPTOS VARIOS PARA MAQUINA HEAT SEALER,-,114,1,UN,USD,810.00,810.00,0,EXW,AIR,AIR,,SANTIAGO,LIMA,-,-,1,-,,,26/10/2022,FORBIS,DHL,6101310191,-,3/11/2022,-,3/11/2022,44,6101310191,-,5/11/2022,44,NO,NA,DHL,DHL,NA,NA,5/11/2022, 235-2022-28-01144165-41-5-00,5/11/2022,6/11/2022,5/11/2022,,NA,NA,NA,DHL,7/11/2022,NA,DHL,NA,NA,PACKING SALAVERRY,11/11/2022,12/11/2022,45,,NA,NA,-,,,NA,NA,-,No cargada por metodo de transporte AIRE [22-252-HPER]
2022-2023,LIQUIPARCIAL,22-253-HPER,4700002657,DAVID,OTFLOW,EQP & INST,COBERTOR DE SUELO PARA CNTR,-,322152-765145-4700002642,25,UN,EUR,"4,250.00","4,675.00",0,EXW,AIR,AIR,,PANAMA,LIMA,-,-,1,-,,,2/11/2022,AIRSEALOG,DHL,-,-,1/12/2022,-,7/12/2022,49,EAPAN2219291,D51002,8/12/2022,49,SI,6/12/2022,SHOHIN,LIP,18868,6/12/2022,5/12/2022,"	 235-2022-10-182693-01-8-00",8/12/2022,8/12/2022,8/12/2022,,NA,NA,NA,LIP,12/12/2022,PENDIENTE,AGERSA,13/12/2022,NA,PACKING SALAVERRY,22/12/2022,23/12/2022,51,,0001-016972, 036-0000632,-,,,NA,NA,-,No cargada por metodo de transporte AIRE [22-253-HPER]
2022-2023,LIQUIPARCIAL,22-254-HPER,4700002367-2,TATIANA,A&B,SPAREPARTS,RPTOS VARIOS PARA MAQUINA PESADORA DE ARANDANOS A&B,-,98987,1,UN,USD,"21,923.46","21,923.46",0,EXW,AIR,AIR,,MIAMI,LIMA,-,-,1,-,,,NA,DIRECTO,FEDEX,-,-,-,-,5/7/2022,27,582790623903,1158,8/7/2022,27,NO,NA,SCHRAFF,SCHRAFF,NA,NA,17/8/2022,"	 235-2022-10-121910-01-9-01",8/7/2022,8/7/2022,3/11/2022,,NA,NA,NA,NA,18/7/2022,NA,SCHRAFF,19/7/2022,19/7/2022,PACKING SALAVERRY,20/7/2022,21/7/2022,29,,NA,NA,-,,,NA,NA,-,No cargada por metodo de transporte AIRE [22-254-HPER // 4700002367]
2022-2023,LIQUIDADO,22-255-HPER,PEA2F20202,GONZALO,WEBEE,EQP & INST,PIEZA DE HARDWARE,-,10826,22,UN,USD,"25,272.00","25,272.00",0,DAP,AIR,AIR,,MIAMI,LIMA,-,-,1,-,,,NA,DHL,DHL,8473288471,-,-,-,10/11/2022,45,8473288471,-,15/11/2022,46,NO,NA,DHL,LIP,19166,13/12/2022,15/12/2022,235-2022-10-187565-01-8-00,15/11/2022,15/11/2022,16/11/2022,,NA,NA,NA,DHL,16/12/2022,NA,AGERSA,17/12/2022,NA,FUNDO ARMONIA,26/12/2022,27/12/2022,52,,0001-019812,PENDIENTE,-,,,NA,NA,-,No cargada por método de transporte AIRE [22-255-HPER]
2022-2023,LIQUIPARCIAL,22-256-HPER,4700002714,TATIANA,HFCH,PLANTAS,ROCIO # 325 - REPOSICION,-,13007,62400,UN,USD,"162,570.00","162,570.00",0,CFR,AIR,AIR,,SANTIAGO,LIMA,-,-,2,-,,,NA,DIRECTO,KOREAN,-,-,-,-,14/11/2022,46,180-12350262,KE 0274,14/11/2022,46,SI,14/11/2022,SAASA,AVM,1095,14/11/2022,15/11/2022, 235-2022-10-170206-01-1-00,14/11/2022,14/11/2022,15/11/2022,,16/11/2022,16/11/2022,NA,NA,18/11/2022,NA,AVM,NA,NA,VIVERO ILUSION,17/11/2022,18/11/2022,46,, 001-0118063,NA,-,,,NA,NA,-,No cargada por metodo de transporte AIRE [22-256-HPER]
2022-2023,LIQUIPARCIAL,22-257-HPER,4700002715,TATIANA,HF GENETICS,PLANTAS,IMPERIAL #325,-,7020000025,124800,UN,USD,"214,656.00","214,656.00",30,CFR,AIR,AIR,,SANTIAGO,LIMA,-,-,4,-,,,NA,DIRECTO,KOREAN,-,-,-,-,14/11/2022,46, 180-12350892,KE 0274,14/11/2022,46,SI,14/11/2022,SAASA,AVM,1096,14/11/2022,16/11/2022, 235-2022-10-170988-01-8-00,14/11/2022,14/11/2022,16/11/2022,,17/11/2022,17/11/2022,NA,NA,17/11/2022,NA,AVM,NA,NA,VIVERO ILUSION,17/11/2022,18/11/2022,46,,001-0118065,NA,-,,,NA,NA,-,No cargada por metodo de transporte AIRE [22-257-HPER]
2022-2023,LIQUIPARCIAL,22-257-HPER,4700002715,TATIANA,HF GENETICS,PLANTAS,MILAGRO #360,-,7020000025,5760,UN,USD,"9,907.20","9,907.20",30,CFR,AIR,AIR,,SANTIAGO,LIMA,-,-,2,-,,,NA,DIRECTO,KOREAN,-,-,-,-,14/11/2022,46, 180-12350892,KE 0274,14/11/2022,46,SI,14/11/2022,SAASA,AVM,1096,14/11/2022,16/11/2022, 235-2022-10-170988-01-8-00,14/11/2022,14/11/2022,16/11/2022,,17/11/2022,17/11/2022,NA,NA,17/11/2022,NA,AVM,NA,NA,VIVERO ILUSION,17/11/2022,18/11/2022,46,,001-0118065,NA,-,,,NA,NA,-,No cargada por metodo de transporte AIRE [22-257-HPER]
2022-2023,LIQUIPARCIAL,22-257-HPER,4700002715,TATIANA,HF GENETICS,PLANTAS,MILAGRO #325,-,7020000025,96200,UN,USD,"165,464.00","165,464.00",30,CFR,AIR,AIR,,SANTIAGO,LIMA,-,-,2,-,,,NA,DIRECTO,KOREAN,-,-,-,-,14/11/2022,46, 180-12350892,KE 0274,14/11/2022,46,SI,14/11/2022,SAASA,AVM,1096,14/11/2022,16/11/2022, 235-2022-10-170988-01-8-00,14/11/2022,14/11/2022,16/11/2022,,17/11/2022,17/11/2022,NA,NA,17/11/2022,NA,AVM,NA,NA,VIVERO ILUSION,17/11/2022,18/11/2022,46,,001-0118065,NA,-,,,NA,NA,-,No cargada por metodo de transporte AIRE [22-257-HPER]
2022-2023,LIQUIPARCIAL,22-258-HPER,4700002716,TATIANA,HF GENETICS,PLANTAS,IMPERIAL ,-,7020000030,39000,UN,USD,"67,080.00","67,080.00",30,CFR,AIR,AIR,,SANTIAGO,LIMA,-,-,2,-,,,NA,DIRECTO,KOREAN,-,-,-,-,21/11/2022,47,180-12351205,KE 0274,21/11/2022,47,SI,21/11/2022,SAASA,AVM,1135,21/11/2022,21/11/2022,235-2022-10-173745-01-9-00,21/11/2022,21/11/2022,21/11/2022,,23/11/2022,23/11/2022,NA,NA,24/11/2022,NA,AVM,NA,NA,VIVERO ILUSION,24/11/2022,25/11/2022,47,, 001-0118158,NA,-,,,NA,NA,-,No cargada por metodo de transporte AIRE [22-258-HPER]
2022-2023,LIQUIDADO,22-259-HPER,4700002608,GONZALO,SMARTPACK,SPAREPARTS,RPTOS VARIOS PARA MAQUINA HEAT SEALER,-,119,2,UN,USD,"5,425.00","5,425.00",0,EXW,AIR,AIR,,SANTIAGO,LIMA,-,-,0.25,24/11/2022,,,24/11/2022,AIRSEALOG,DHL,6293854383,-,25/11/2022,-,7/12/2022,49,6293854383,DHL COURIER,8/12/2022,49,NO,NA,DHL,DHL,NA,NA,5/12/2022,235-2022-10-181861-01-4-00,8/12/2022,8/12/2022,8/12/2022,,NA,NA,NA,DHL,13/12/2022,NA,DHL,NA,NA,PACKING SALAVERRY,15/12/2022,16/12/2022,50,,NA,NA,-,,,NA,NA,-,No cargada por metodo de transporte AIRE [22-259-HPER]
2022-2023,LIQUIDADO,22-259-HPER,4700002651,GONZALO,SMARTPACK,SPAREPARTS,RPTOS VARIOS PARA MAQUINA HEAT SEALER,-,118,4,UN,USD,868.00,868.00,0,EXW,AIR,AIR,,SANTIAGO,LIMA,-,-,0.5,24/11/2022,,,24/11/2022,AIRSEALOG,DHL,6293854383,-,25/11/2022,-,7/12/2022,49,6293854383,DHL COURIER,8/12/2022,49,NO,NA,DHL,DHL,NA,NA,5/12/2022,235-2022-10-181861-01-4-00,8/12/2022,8/12/2022,8/12/2022,,NA,NA,NA,DHL,13/12/2022,NA,DHL,NA,NA,PACKING SALAVERRY,15/12/2022,16/12/2022,50,,NA,NA,-,,,NA,NA,-,No cargada por metodo de transporte AIRE [4700002651]
2022-2023,LIQUIDADO,22-259-HPER,4700002652,MELANIE,SMARTPACK,SPAREPARTS,RPTOS VARIOS PARA MAQUINA HEAT SEALER,-,120,2,UN,USD,"2,237.00","2,237.00",0,EXW,AIR,AIR,,SANTIAGO,LIMA,-,-,0.25,24/11/2022,,,24/11/2022,AIRSEALOG,DHL,6293854383,-,25/11/2022,-,7/12/2022,49,6293854383,DHL COURIER,8/12/2022,49,NO,NA,DHL,DHL,NA,NA,5/12/2022,235-2022-10-181861-01-4-00,8/12/2022,8/12/2022,8/12/2022,,NA,NA,NA,DHL,13/12/2022,NA,DHL,NA,NA,PACKING SALAVERRY,15/12/2022,16/12/2022,50,,NA,NA,-,,,NA,NA,-,No cargada por metodo de transporte AIRE [4700002652]
2022-2023,LIQUIPARCIAL,22-260-HPER,4700002661,GONZALO,RITEC,EQP & INST,"""FLUJOMETRO 750 Y 500 LPH 1/2"""" NUTRITEC""",-,22/1013,4,UN,USD,200.00,200.00,0,EXW,AIR,AIR,,MADRID,LIMA,-,-,0.5,24/11/2022,,,24/11/2022,DIRECTO,DHL,57 5150 2901,-,2/12/2022,-,3/12/2022,48,1044699180,DHL COURIER,4/12/2022,48,NO,NA,DHL,DHL,NA,NA,5/12/2022,"	 235-2022-28-01269592-41-2-00",4/12/2022,4/12/2022,5/12/2022,,NA,NA,NA,DHL,9/12/2022,NA,DHL,10/12/2022,10/12/2022,FUNDO ARMONIA,12/12/2022,13/12/2022,50,,NA,NA,-,,,NA,NA,-,No cargada por metodo de transporte AIRE [22-260-HPER // 4700002661]
2022-2023,LIQUIPARCIAL,22-260-HPER,4700002663,GONZALO,RITEC,EQP & INST,"""FILTRO AIRE 1/2"""" INOX-RM""",-,22/1013,100,UN,USD,480.00,480.00,0,EXW,AIR,AIR,,MADRID,LIMA,-,-,0.5,24/11/2022,,,24/11/2022,DIRECTO,DHL,57 5150 2901,-,2/12/2022,-,3/12/2022,48,1044699180,DHL COURIER,4/12/2022,48,NO,NA,DHL,DHL,NA,NA,5/12/2022,"	 235-2022-28-01269592-41-2-00",4/12/2022,4/12/2022,5/12/2022,,NA,NA,NA,DHL,9/12/2022,NA,DHL,10/12/2022,10/12/2022,FUNDO ARMONIA,12/12/2022,13/12/2022,50,,NA,NA,-,,,NA,NA,-,No cargada por metodo de transporte AIRE [22-260-HPER // 4700002663]
2022-2023,LIQUIDADO,22-261-HPER,4700002658,TATIANA,JCK,E & E,PUNNET 250G H40 JCK,-,791,"605,880",UN,USD,"23,508.14","23,508.14",90,FOB,SEA,FCL/FCL,,SAN ANTONIO,CALLAO,1,40HC,748,24/11/2022,,,25/11/2022,AIRSEALOG,HAPAG,62532810,FANU1400142,-,-,26/12/2022,52,ASLCLS00023564,CONSTANTIA 249W,30/12/2022,52,SI,27/12/2022,IMUPESA,PASOC,64519,28/12/2022,29/12/2022, 118-2022-10-510273-01-9-00,30/12/2022,31/12/2022,30/12/2022,,NA,NA,3/1/2023,PASOC,6/1/2023,,AGERSA,6/1/2023,6/1/2023,PACKING CHAO,9/1/2023,10/1/2023,2,,001-0391527 ,EG07-00000024,-,,,NA,NA,-,Cargada en CP - [22-261-HPER // 4700002658 // FANU1400142]
2022-2023,LIQUIDADO,22-262-HPER,4700002686-1,TATIANA,JCK,E & E,PUNNET PET 18OZ 7X7 CESTA,-,790,"244,776",UN,USD,"28,345.06","28,345.06",90,FOB,SEA,FCL/FCL,,SAN ANTONIO,CALLAO,1,40HC,658,24/11/2022,,,25/11/2022,NOATUM,HAPAG,-,FFAU1667120,-,-,18/12/2022,50,MIQSCL015699,SAN ANTONIO EXPRESS 248W,23/12/2022,51,SI,19/12/2022,IMUPESA,PASOC,63850,19/12/2022,22/12/2022,118-2022-10-499727-01-6-00,23/12/2022,23/12/2022,23/12/2022,,NA,NA,27/12/2022,PASOC,27/12/2022,,AGERSA,28/12/2022,28/12/2022,PACKING CHAO,30/12/2022,31/12/2022,52,, 001-0389873,036-0000703,-,,,NA,NA,-,Cargada en CP - Falta booking - [22-262-HPER // 4700002686 // FFAU1667120] (15/03)
2022-2023,LIQUIDADO,22-262-HPER,4700002686-1,TATIANA,JCK,E & E,PUNNET PET 18OZ 7X7 CESTA,-,790,"244,776",UN,USD,"28,345.06","28,345.06",90,FOB,SEA,FCL/FCL,,SAN ANTONIO,CALLAO,1,40HC,658,24/11/2022,,,25/11/2022,NOATUM,HAPAG,-,FANU1390912,-,-,18/12/2022,50,MIQSCL015699,SAN ANTONIO EXPRESS 248W,23/12/2022,51,SI,19/12/2022,IMUPESA,PASOC,63850,19/12/2022,22/12/2022,118-2022-10-499727-01-6-00,23/12/2022,23/12/2022,23/12/2022,,NA,NA,27/12/2022,PASOC,27/12/2022,,AGERSA,28/12/2022,28/12/2022,PACKING CHAO,30/12/2022,31/12/2022,52,, 001-0389874, 036-0000702,-,,,NA,NA,-,Cargada en CP - Falta booking - [22-262-HPER // 4700002686 // FANU1390912] (15/03)
2022-2023,LIQUIDADO,22-263-HPER,4700002687-1,TATIANA,JCK,E & E,PUNNET PET 11OZ 5X7,-,786,"498,240",UN,USD,"40,706.21","40,706.21",90,FOB,SEA,FCL/FCL,,SAN ANTONIO,CALLAO,1,40HC,692,24/11/2022,,,25/11/2022,AIRSEALOG,HAPAG,S00023563,HLBU3242980,-,7/12/2022,10/12/2022,49,ASLCLS00023563 ,AMSTERDAM EXPRESS,15/12/2022,50,SI,12/12/2022,IMUPESA,PASOC,63095,13/12/2022,14/12/2022,118-2022-10-488256-01-7-00,16/12/2022,16/12/2022,15/12/2022,,NA,NA,28/12/2022,PASOC,21/12/2022,,AGERSA,21/12/2022,21/12/2022,PACKING CHAO,2/1/2023,3/1/2023,1,,001-0389795,EG07-00000004,-,,,NA,NA,-,Cargada en CP - [22-263-HPER // 4700002687-1 // HLBU3242980]
2022-2023,LIQUIDADO,22-267-HPER,PEA23U0101,TATIANA,PROJAR,SUSTRATOS ,COCOPEAT EASY PLANTER - MUESTRA,-,S22-012,30,UN,USD,0.00,0.00,0,DDP,AIR,AIR,,COLOMBO,LIMA,-,-,1,-,,,NA,DIRECTO,UPS,-,-,3/12/2022,-,4/12/2022,48,V042 5461 870,-,12/12/2022,50,NO,NA,UPS,UPS,NA,NA,14/12/2022,235-2022-10-186774-01-2-00,12/12/2022,12/12/2022,15/12/2022,,NA,NA,NA,UPS,17/12/2022,NA,UPS,NA,NA,FUNDO REMANSO,18/12/2022,19/12/2022,51,,NA,NA,-,,,NA,NA,-,Sin cargar por método de transporte AIRE - [22-267-HPER]
2022-2023,LIQUIDADO,22-268-HPER,PEA2G80202,TATIANA,CKF,E & E,MUESTRAS,-,6931941483,1,UN,USD,1.00,1.00,0,DDP,AIR,AIR,,RICHMOND,LIMA,-,-,1,-,,,NA,DIRECTO,UPS,662F4X83NTJ ,-,-,-,10/12/2022,49,662F4X83NTJ ,1Z662F4X0413815995 ,10/12/2022,49,NO,NA,UPS,UPS,NA,NA,20/12/2022,"	 235-2022-28-01340010-41-3-00",10/12/2022,10/12/2022,20/12/2022,,NA,NA,NA,UPS,21/12/2022,NA,UPS,22/12/2022,NA,FUNDO ARMONIA,25/12/2022,26/12/2022,52,,NA,NA,-,,,NA,NA,-,Sin cargar por método de transporte AIRE - [22-268-HPER]
2022-2023,LIQUIPARCIAl,22-270-HPER,4700002744,TATIANA,HF GENETICS,PLANTAS, BB14-321NA-1 IMPERIAL,-,7020000047,"187,200",UN,USD,"321,984.00","321,984.00",30,CFR,AIR,AIR,,SANTIAGO,LIMA,-,-,6,-,,,NA,DIRECTO,KOREAN,-,-,-,-,19/12/2022,51,180-10155224,KE 0274,19/12/2022,51,SI,19/12/2022,SAASA,AVM,1225,19/12/2022,19/12/2022,235-2022-10-189373-01-9-00,19/12/2022,19/12/2022,19/12/2022,,21/12/2022,21/12/2022,NA,NA,22/12/2022,NA,AVM,NA,NA,VIVERO ILUSION,22/12/2022,23/12/2022,51,,001-0119613,NA,-,,,NA,NA,-,Sin cargar por método de transporte AIRE - [22-270-HPER]
2022-2023,LIQUIPARCIAL,22-271-HPER,4700002668,RENE,VERITAS,SUSTRATOS ,EASY PLANTER 15 L,RV21,INV-202223/087 ,"14,000",UN,USD,"25,620.00","25,620.00",50%AP,CIF,SEA,FCL/FCL,,COLOMBO,CALLAO,1,40HC,20,-,,,NA,DIRECTO,CMA CGM,CBO0259624,SEGU6206148,-,-,13/10/2022,41,LMM0390155,GUAYAQUIL EXPRESS,19/12/2022,51,NO,NA,IMUPESA,AVM,1215,30/11/2022,16/12/2022,118-2022-10-494211-01-1-00 ,20/12/2022,20/12/2022,20/12/2022,,22/12/2022,22/12/2022,24/12/2022,AVM,23/12/2022, 001-0119618,GUZMAN,23/12/2022,23/12/2022,FUNDO REMANSO,4/1/2023,5/1/2023,1,,0010-034230,EG07-00000010,-,,,DHL,8044755692,-,Cargada en CP - [22-244-HPER // 4700002668 // SEGU6206148]
2022-2023,LIQUIPARCIAL,22-271-HPER,4700002668,RENE,VERITAS,SUSTRATOS ,EASY PLANTER 15 L,RV21,INV-202223/087 ,"14,000",UN,USD,"25,620.00","25,620.00",50%AP,CIF,SEA,FCL/FCL,,COLOMBO,CALLAO,1,40HC,20,-,,,NA,DIRECTO,CMA CGM,CBO0259624,CMAU4999270,-,-,13/10/2022,41,LMM0390155,GUAYAQUIL EXPRESS,19/12/2022,51,NO,NA,IMUPESA,AVM,1215,30/11/2022,16/12/2022,118-2022-10-494211-01-1-00 ,20/12/2022,20/12/2022,20/12/2022,,22/12/2022,22/12/2022,24/12/2022,AVM,23/12/2022,001-0119619,GUZMAN,23/12/2022,23/12/2022,FUNDO REMANSO,4/1/2023,5/1/2023,1,, 0001-0006210,EG07-00000016,-,,,DHL,8044755692,-,Cargada en CP - [22-244-HPER // 4700002668 // CMAU4999270]
2022-2023,LIQUIPARCIAL,22-271-HPER,4700002668,RENE,VERITAS,SUSTRATOS ,EASY PLANTER 15 L,RV21,INV-202223/087 ,"14,000",UN,USD,"25,620.00","25,620.00",50%AP,CIF,SEA,FCL/FCL,,COLOMBO,CALLAO,1,40HC,20,-,,,NA,DIRECTO,CMA CGM,CBO0259624,CMAU4643930,-,-,13/10/2022,41,LMM0390155,GUAYAQUIL EXPRESS,19/12/2022,51,NO,NA,IMUPESA,AVM,1215,30/11/2022,16/12/2022,118-2022-10-494211-01-1-00 ,20/12/2022,20/12/2022,20/12/2022,,22/12/2022,22/12/2022,24/12/2022,AVM,23/12/2022, 001-0119617,GUZMAN,23/12/2022,23/12/2022,FUNDO REMANSO,4/1/2023,5/1/2023,1,,0010-034231,EG07-00000014,-,,,DHL,8044755692,-,Cargada en CP - [22-244-HPER // 4700002668 // CMAU4643930]
2022-2023,LIQUIDADO,22-277-HPER,4700002731,MELANIE,INTRALOX,SPAREPARTS,RPTOS VARIOS PARA FAJAS TRANSPORTADORAS ,-,40967826,35,UN,USD,749.00,749.00,0,FCA,AIR,AIR,,MIAMI,LIMA,-,-,1,-,,,NA,DIRECTO,DHL,-,-,-,-,25/12/2022,51,9796525616,-,26/12/2022,52,NO,NA,DHL,DHL,NA,NA,26/12/2022, 235-2022-28-01358452-41-8-00,26/12/2022,26/12/2022,26/12/2022,,NA,NA,NA,NA,28/12/2022,NA,DHL,NA,20/12/2022,PACKING SALAVERRY,29/12/2022,30/12/2022,52,,NA,NA,-,,,NA,NA,-,No cargada por metodo de transporte AIRE [22-277-HPER // 4700002731]
2022-2023,LIQUIPARCIAL,22-278-HPER,4700002745,TATIANA,HF GENETICS,PLANTAS,BB14-321NA-1 IMPERIAL,-,7020000048,124800,UN,USD,"214,656.00","214,656.00",30,CFR,AIR,AIR,,SANTIAGO,LIMA,-,-,4,-,,,NA,DIRECTO,KOREAN,-,-,-,-,26/12/2022,52,180-10154992,KE 0274,26/12/2022,52,SI,24/12/2022,SAASA,AVM,1264,24/12/2022,26/12/2022,"	 235-2022-10-193062-01-4-00",26/12/2022,26/12/2022,26/12/2022,,28/12/2022,28/12/2022,NA,NA,29/12/2022,NA,AVM,29/12/2022,NA,VIVERO ILUSION,29/12/2022,30/12/2022,52,,001-0119613,NA,-,,,NA,NA,-,No cargada por metodo de transporte AIRE [22-278-HPER]
2022-2023,LIQUIPARCIAL,22-278-HPER,4700002745,TATIANA,HF GENETICS,PLANTAS,BB14-232PT-2 MILAGRO,-,7020000048,50700,UN,USD,"87,204.00","87,204.00",30,CFR,AIR,AIR,,SANTIAGO,LIMA,-,-,2,-,,,NA,DIRECTO,KOREAN,-,-,-,-,26/12/2022,52,180-10154992,KE 0274,26/12/2022,52,SI,24/12/2022,SAASA,AVM,1264,24/12/2022,26/12/2022,"	 235-2022-10-193062-01-4-00",26/12/2022,26/12/2022,26/12/2022,,28/12/2022,28/12/2022,NA,NA,29/12/2022,NA,AVM,29/12/2022,NA,VIVERO ILUSION,29/12/2022,30/12/2022,52,,001-0119613,NA,-,,,NA,NA,-,No cargada por metodo de transporte AIRE [22-278-HPER]
