SEASON,STATUS,OPERATION,OC,BUYER,SUPPLIER,CATEGORY,PRODUCT,PROYECT,INVOICE,QTY,UM,CUR,AMOUNT,AMOUNT USD ,PAYMENT TERM,INCOTERM,MODE,TYPE,COUNTRY ORIGIN,POL,POD,CTNR QTY,CTNR TYPE,BULKS,CP OPENNING,QUOTE REQUEST DATE,ASSIGMENT DATE,FFW,SHIPPING LINE,BOOKING,CNTR NR,PICK UP DATE,ATD,WEEK ATD,B/L- AWB,VESSEL,ATA,WEEK ATA,INSURANCE HPER,INSURANCE POLICY DATE,DEPOT,CUSTOMS AGENT,ORDER,IE DATE,FECHA NUM DAM,DAM,DOWNLOAD DATE,TALLY DATE,FECHA LEVANTE,FECHA INSPECCION SENASA,FECHA LIBERACION SENASA,FECHA VCTO SOBRESTADIA,TRANSP LIMA (T1),FECHA RETIRO (T1),GR T1 ,TRANSP TRUX (T2),FECHA ENTREGA BASE T2 (T1),WEEK BASE LIMA,PUNTO DE LLEGADA,FECHA FIN DE VIAJE (T2),WEEK TRUX,FECHA CONFIRMACION RECEPCION,GR T2 ,GR HORTIFRUT,CP OBSERVACIONES,OC2,,
2023-2024,LIQUIDADO,23-175-HPER,4700003187,TATIANA,AAMS,SPAREPARTS,KIT DE CALIBRACION,-,23701025,1.00,UN,EUR,"5,738.05","6,311.86",0,DAP,AIR,AIR,BELGICA,BRUSELAS,LIMA,NA,NA,1,NA,NA,NA,COURIER,DHL,4068549984,NA,,3/1/2024,1,4068549984,DHL COURIER,8/1/2024,2,NO,NA,DHL,DHL,,NA,5/1/2024,235-2024-10-001872-01-7-00,8/1/2024,8/1/2024,9/1/2024,NA,NA,,,,,,16/1/2024,3,SALAVERRY,16/1/2024,3,17/1/2024,,,NA,4700003187,,
2023-2024,ENTREGADO,23-026-HFEB,4700003212,FIORELLA,JCK,E & E,PUNNET 250G H40,-,900,"249,480.00",UN,USD,"9,979.20","9,979.20",30,EXW,SEA,FCL,CHILE,SAN ANTONIO,CALLAO,1,40 HC,325,NA,NA,16/5/2023,AIRSEALOG,,,FANU1356245,3/1/2024,8/1/2024,2,ASLCLS00036524,AMSTERDAM EXPRESS 351,14/1/2024,2,NO,NA,,AVM,82,5/1/2024,8/1/2024, 118-2024-10-007586-01-1-00,12/1/2024,12/1/2024,12/1/2024,NA,NA,,,,,AVM,17/1/2024,3,OLMOS,17/1/2024,3,17/1/2024,,,NA,4700003212,,
2023-2024,LIQUIDADO,23-065-HPER,4700002841-6,TATIANA,JCK,E & E,PUNNET PET 11OZ 5X7,-,899,"498,240.00",UN,USD,"29,894.40","29,894.40",90,EXW,SEA,FCL,CHILE,SAN ANTONIO,CALLAO,1,40 HC,692,3/1/2023,NA,16/5/2023,AIRSEALOG,HAPAG,,UETU5814399,3/1/2024,8/1/2024,2,ASLCLS00036431,AMSTERDAM EXPRESS 351,14/1/2024,2,SI,5/1/2024,IMUPESA,PASOC,98938,5/1/2024,10/1/2024,118-2024-10-011378-01-9-00,12/1/2024,12/1/2024,15/1/2024,NA,NA,22/1/2024,PASOC,17/1/2024,T001-18176,GUZMAN,17/1/2024,3,SALAVERRY,23/1/2024,4,24/1/2024,EG03-00000180,EG07-00000174 / EG07-00000176,"Carga completada. Quedó en CP sin etiquetas,booking[23-065-HPER/4700002841-6/UETU5814399]",4700002841-6,,
2023-2024,LIQUIDADO,23-065-HPER,4700002841-6,TATIANA,JCK,E & E,PUNNET PET 11OZ 5X7,-,899,"498,240.00",UN,USD,"29,894.40","29,894.40",90,EXW,SEA,FCL,CHILE,SAN ANTONIO,CALLAO,1,40 HC,692,3/1/2023,NA,16/5/2023,AIRSEALOG,HAPAG,,HLXU8175389,3/1/2024,8/1/2024,2,ASLCLS00036431,AMSTERDAM EXPRESS 351,14/1/2024,2,SI,5/1/2024,IMUPESA,PASOC,98938,5/1/2024,10/1/2024,118-2024-10-011378-01-9-00,12/1/2024,12/1/2024,15/1/2024,NA,NA,22/1/2024,PASOC,17/1/2024,T001-18175,PASOC,18/1/2024,3,CHAO - FUNDO,18/1/2024,3,24/1/2024,N/A,N/A,"Carga completada. Quedó en CP sin etiquetas,booking[23-065-HPER/4700002841-6/HLXU8175389]",4700002841-6,,
2023-2024,ENTREGADO,24-001-HFEB,NA,FIORELLA,CRAWFORD,E & E,PLASTIC BAGS,SAMPLE,,500.00,UN,EUR,20.00,22.00,0,DDP,AIR,AIR,ITALIA,TREVISO,LIMA,NA,NA,1,NA,NA,NA,COURIER,DHL,4314022451,NA,,12/1/2024,2,4314022451,DHL COURIER,15/1/2024,3,NO,NA,DHL,DHL,,NA,13/1/2024,235-2024-28-00085247-10-9-00,,,,NA,NA,,,,,,29/1/2024,5,OLMOS,29/1/2024,5,29/1/2024,,,NA,NA,,
2023-2024,LIQUIDADO,24-001-HPER,4700003189,MELANIE,HAPPYVOLT,SPAREPARTS,ACT. PS FIRMPRO PORTATIL,-,74,1.00,UN,USD,"7,450.00","7,450.00",0,DAP,AIR,AIR,CHILE,SANTIAGO,LIMA,NA,NA,1,NA,NA,NA,DIRECTO,FEDEX,774830791812,NA,,16/1/2024,3,774830791812,FEDEX COURIER,19/1/2024,3,NO,NA,SCHARFF,SCHARFF,NA,,19/1/2024,235-2024-10-008496-01-0-00,19/1/2024,19/1/2024,22/1/2024,NA,NA,,,,T005-5507,,26/1/2024,4,SALAVERRY,26/1/2024,4,,,,NA,4700003189,,
2023-2024,LIQUIDADO,23-157-HPER,4700003075,GONZALO,GUANGDONG,EQP & INST,CABLE + LAMPARAS,-,16720230913,"30,618.00",UN,USD,"97,445.92","97,445.92",0,FOB,SEA,FCL,CHINA,LELIU,CALLAO,1,40 HC,472,30/11/2023,6/11/2023,14/11/2023,NOATUM,COSCO,,CBHU9068662,,1/12/2023,48,ROECHN23120220,WAN HAI A03 003E,24/1/2024,4,NO,NA,IMUPESA,LIP,1013,13/1/2024,23/1/2024,118-2024-10-027691-01-3-01,25/1/2024,26/1/2024,25/1/2024,NA,NA,,LIP,29/1/2024,T001-2037,LIP,31/1/2024,5,CHAO - FUNDO,31/1/2024,5,31/1/2024,EG03-00000003,N/A,Carga completada. OK[23-157-HPER/4700003075/CBHU9068662],4700003075,,
2023-2024,LIQUIDADO,23-166-HPER,4700003169,OMAR,BIOCONSUL,AGQ,ORGANCAB K (ABONO ORGANICO),-,BE031/23 ,"20,000.00",KG,EUR,"15,000.00","16,500.00",60,EXW,SEA,FCL,ESPAÑA,VALENCIA,CALLAO,1,40 HC,20,15/12/2023,7/12/2023,,AIRSEALOG,CMA CGM,,TGBU8928906,18/12/2023,27/12/2023,52,PAEM016253,ISTANBUL EXPRESS 0WCH1S1MA,28/1/2024,4,SI,3/1/2024,IMUPESA,PASOC,100029,15/1/2023,25/1/2024,118-2024-10-030436-01-0-00 ,29/1/2024,29/1/2024,27/1/2024,NA,NA,10/2/2024,PASOC,31/1/2024,T001-19146,GUZMAN,31/1/2024,5,,4/2/2024,5,4/2/2024,0010-035574,EG07-00000189,"Carga completada.Quedó en CP sin Ag. de carga,etiqueta,booking[23-166-HPER/4700003169/TGBU8928906]",4700003169,,
2023-2024,LIQUIDADO,24-005-HPER,PEA23Z9901,CORPORATIVO,GUILLIN,E & E,PUNNETS,SAMPLE,240117-1,200.00,UN,EUR,6.00,6.60,0,DDP,AIR,AIR,ESPAÑA,BARCELONA,LIMA,NA,NA,1,NA,NA,NA,COURIER,UPS,1Z1WX4450492861262,NA,,21/1/2024,3,1Z1WX4450492861262,UPS COURIER,29/1/2024,5,NO,NA,NA,UPS,,,,,,,,NA,NA,,,,,,29/1/2024,5,SALAVERRY,29/1/2024,5,20/2/2024,,,NA,PEA23Z9901,,
2023-2024,LIQUIDADO,24-008-HPER,4700002803,DAVID,HF GENETICS,PLANTAS,COSMICA,-,7020000267,"62,400.00",UN,USD,"121,680.00","121,680.00",30,CPT,AIR,AIR,CHILE,SANTIAGO,LIMA,NA,NA,2,NA,NA,NA,DIRECTO,KOREAN,180-12635582,NA,,29/1/2024,5,180-12635582,KE0274,29/1/2024,5,SI,26/1/2024,SAASA,AVM,120,26/1/2024,26/1/2024,235-2024-10-012765-01-2-00,29/1/2024,29/1/2024,29/1/2024,30/1/2024,30/1/2024,NA,AVM,30/1/2024,T001-1230,AVM,31/1/2024,5,CHAO - VIVEROS,31/1/2024,5,12/2/2024,0002-001043,,NA,4700002803,,
2023-2024,LIQUIDADO,24-009-HPER,PEA23Z9901,KATHERINE,SAICA,E & E,BARQUETAS DE CARTON,SAMPLE,-,1.00,UN,EUR,1.00,1.10,0,DAP,AIR,AIR,ESPAÑA,BARCELONA,LIMA,NA,NA,1,NA,NA,NA,COURIER,UPS,1Z1WY2276795076766,NA,,5/2/2024,6,1WY227TTYNW,UPS COURIER,14/2/2024,7,NO,NA,UPS,UPS,NA,NA,8/2/2024,235-2024-28-00232014-10-6-00,,,,NA,NA,,,,,,19/2/2024,8,SALAVERRY,19/2/2024,8,20/2/2024,,,NA,PEA23Z9901,,
2023-2024,LIQUIDADO,24-003-HPER,4700003223,GONZALO,UNITEC,SPAREPARTS,MOTOR ELECTRICO,-,185,2.00,UN,EUR,356.94,392.63,0,EXW,AIR,AIR,CHILE,SANTIAGO,LIMA,NA,NA,1,NA,30/1/2024,6/2/2024,FORBIS,JETSMART,703-20103506,NA,13/2/2024,15/2/2024,7,703-20103506,JA7730,15/2/2024,7,SI,12/2/2024,SHOHIN,LIP,2514,14/2/2024,15/2/2024,235-2024-10-023819-01-1-00 ,NA,NA,16/2/2024,NA,NA,NA,LIP,19/2/2024,T001-2195,GUZMAN,19/2/2024,8,SALAVERRY,29/2/2024,9,1/3/2024,0010-035637,EG07-00000229,NA,4700003223,,
2023-2024,LIQUIDADO,24-003-HPER,4700003229,MELANIE,UNITEC,SPAREPARTS,REPUESTOS VARIOS,-,183,139.00,UN,EUR,"14,035.28","15,438.81",0,EXW,AIR,AIR,CHILE,SANTIAGO,LIMA,NA,NA,1,NA,30/1/2024,6/2/2024,FORBIS,JETSMART,703-20103506,NA,13/2/2024,15/2/2024,7,703-20103506,JA7730,15/2/2024,7,SI,12/2/2024,SHOHIN,LIP,2514,14/2/2024,15/2/2024,235-2024-10-023819-01-1-00 ,NA,NA,16/2/2024,NA,NA,NA,LIP,19/2/2024,T001-2195,GUZMAN,19/2/2024,8,SALAVERRY,29/2/2024,9,1/3/2024,0010-035637,EG07-00000229,NA,4700003229,,
2023-2024,LIQUIDADO,23-174-HPER,4700003181,OMAR,PROMISOL,AGQ,MUCIGEL,-, F/24004 ,"12,000.00",LT,EUR,"106,800.00","117,480.00",90,EXW,SEA,FCL,ESPAÑA,BARCELONA,CALLAO,0.33,40 HC,12,3/1/2023,27/12/2023,28/12/2023,AIRSEALOG,CMA CGM,,APZU4426987,,13/1/2024,2,PBEM052334,GUAYAQUIL EXPRESS 0WCH7S1MA,16/2/2024,7,SI,15/1/2024,IMUPESA,PASOC,102058,5/2/2024,15/2/2024,118-2024-10-059217-01-5-01,17/2/2024,17/2/2024,16/2/2024,NA,NA,1/3/2024,PASOC,21/2/2024,T001-21116,GUZMAN,21/2/2024,8,CHAO - FUNDO,23/2/2024,8,26/2/2024,0010-035614,EG07-00000224,Carga completada.Quedó en CP sin booking[23-174-HPER/4700003181/APZU4426987],4700003181,,
2023-2024,LIQUIDADO,23-174-HPER,4700003181,OMAR,PROMISOL,AGQ,CYTOFLOW AMIN,-, F/24004 ,"4,000.00",KG,EUR,"41,120.00","45,232.00",90,EXW,SEA,FCL,ESPAÑA,BARCELONA,CALLAO,0.33,40 HC,4,3/1/2023,27/12/2023,28/12/2023,AIRSEALOG,CMA CGM,,APZU4426987,,13/1/2024,2,PBEM052334,GUAYAQUIL EXPRESS 0WCH7S1MA,16/2/2024,7,SI,15/1/2024,IMUPESA,PASOC,102058,5/2/2024,15/2/2024,118-2024-10-059217-01-5-01,17/2/2024,17/2/2024,16/2/2024,NA,NA,1/3/2024,PASOC,21/2/2024,T001-21116,GUZMAN,21/2/2024,8,CHAO - FUNDO,23/2/2024,8,26/2/2024,0010-035614,EG07-00000224,Carga completada.Quedó en CP sin booking[23-174-HPER/4700003181/APZU4426987],4700003181,,
2023-2024,LIQUIDADO,23-174-HPER,4700003181,OMAR,PROMISOL,AGQ,CYTOLAN,-, F/24004 ,"2,000.00",KG,EUR,"22,100.00","24,310.00",90,EXW,SEA,FCL,ESPAÑA,BARCELONA,CALLAO,0.33,40 HC,4,3/1/2023,27/12/2023,28/12/2023,AIRSEALOG,CMA CGM,,APZU4426987,,13/1/2024,2,PBEM052334,GUAYAQUIL EXPRESS 0WCH7S1MA,16/2/2024,7,SI,15/1/2024,IMUPESA,PASOC,102058,5/2/2024,15/2/2024,118-2024-10-059217-01-5-01,17/2/2024,17/2/2024,16/2/2024,NA,NA,1/3/2024,PASOC,21/2/2024,T001-21116,GUZMAN,21/2/2024,8,CHAO - FUNDO,23/2/2024,8,26/2/2024,0010-035614,EG07-00000224,Carga completada.Quedó en CP sin booking[23-174-HPER/4700003181/APZU4426987],4700003181,,
2023-2024,LIQUIDADO,24-010-HPER,PEA23Z9901,KATHERINE,SAICA,E & E,BARQUETAS DE CARTON,SAMPLE,-,1.00,UN,EUR,1.00,1.10,0,DAP,AIR,AIR,ESPAÑA,BARCELONA,LIMA,NA,NA,1,NA,NA,NA,COURIER,UPS,1Z1WY2276796655503,NA,,6/2/2024,6,1WY227V8Y8Y,UPS COURIER,19/2/2024,8,NO,NA,UPS,UPS,NA,NA,10/2/2024,235-2024-28-00243509-10-1-00,,,,NA,NA,,,,,,19/2/2024,8,SALAVERRY,19/2/2024,8,20/2/2024,,,NA,PEA23Z9901,,
2023-2024,LIQUIDADO,24-011-HPER,4700003261,DAVID,HF GENETICS,PLANTAS,IMPERIAL,-,7020000292,800.00,UN,USD,"2,240.00","2,240.00",30,CPT,AIR,AIR,CHILE,SANTIAGO,LIMA,NA,NA,2,NA,NA,NA,DIRECTO,KOREAN,180-12635906,NA,,19/2/2024,8,180-12635906,KE0274,19/2/2024,8,SI,19/2/2024,SAASA,AVM,238,19/2/2024,19/2/2024,235-2024-10-025356-01-9-00,19/2/2024,19/2/2024,19/2/2024,19/2/2024,19/2/2024,NA,AVM,21/2/2024,T001-1282,AVM,22/2/2024,8,CHAO - VIVEROS,22/2/2024,8,28/2/2024,0002-001078,,NA,4700003261,,
2023-2024,LIQUIDADO,24-004-HPER,4700003234,GONZALO,SMARTPACK,SPAREPARTS,RPTOS VARIOS PARA MAQUINA HEAT SEALER,-,183,3.00,UN,USD,690.00,690.00,30,EXW,AIR,AIR,CHILE,SANTIAGO,LIMA,NA,NA,1,NA,NA,NA,COURIER,DHL,4333147895,NA,16/2/2024,16/2/2024,7,4333147895,DHL COURIER,21/2/2024,8,NO,NA,DHL,DHL,NA,NA,19/2/2024,235-2024-10-025259-01-3-00,NA,NA,21/2/2024,NA,NA,NA,NA,NA,,NA,27/2/2024,9,SALAVERRY,27/2/2024,9,27/2/2024,NA,NA,NA,4700003234,,
2023-2024,LIQUIDADO,24-004-HPER,4700003224,MELANIE,SMARTPACK,SPAREPARTS,RPTOS VARIOS PARA MAQUINA HEAT SEALER,-,177,2.00,UN,USD,743.00,743.00,30,EXW,AIR,AIR,CHILE,SANTIAGO,LIMA,NA,NA,-,NA,NA,NA,COURIER,DHL,4333147895,NA,16/2/2024,16/2/2024,7,4333147895,DHL COURIER,21/2/2024,8,NO,NA,DHL,DHL,NA,NA,19/2/2024,235-2024-10-025259-01-3-00,NA,NA,21/2/2024,NA,NA,NA,NA,NA,,NA,27/2/2024,9,SALAVERRY,27/2/2024,9,27/2/2024,NA,NA,NA,4700003224,,
2023-2024,LIQUIDADO,24-004-HPER,4700003240,GONZALO,SMARTPACK,SPAREPARTS,RPTOS VARIOS PARA MAQUINA HEAT SEALER,-,179,10.00,UN,USD,693.10,693.10,30,EXW,AIR,AIR,CHILE,SANTIAGO,LIMA,NA,NA,-,NA,NA,NA,COURIER,DHL,4333147895,NA,16/2/2024,16/2/2024,7,4333147895,DHL COURIER,21/2/2024,8,NO,NA,DHL,DHL,NA,NA,19/2/2024,235-2024-10-025259-01-3-00,NA,NA,21/2/2024,NA,NA,NA,NA,NA,,NA,27/2/2024,9,SALAVERRY,27/2/2024,9,27/2/2024,NA,NA,NA,4700003240,,
2023-2024,LIQUIDADO,24-006-HPER,4700003228,FIORELLA,SIRANE,E & E,PADS ABSORBENTES,-,4000,"150,000.00",UN,USD,930.00,930.00,0,EXW,AIR,AIR,MEXICO,GUADALAJARA,LIMA,NA,NA,1,NA,24/1/2024,30/1/2024,AIRSEALOG,LAN,1EACMX2453,NA,12/2/2024,20/2/2024,8,1EACMX2453,UC-1400,23/2/2024,8,SI,19/2/2024,ALFOSAC,PASOC,103319,20/2/2024,20/2/2024,235-2024-10-025925-01-3-00,NA,NA,23/2/2024,NA,NA,NA,PASOC,24/2/2024,T001-21424,GUZMAN,24/2/2024,8,CHAO - FUNDO,27/2/2024,9,27/2/2024,EG03-00000002,EG07-00000228,NA,4700003228,,
2023-2024,LIQUIDADO,23-152-HPER,4700003131-1,TATIANA,VERITAS,SUSTRATOS,EASY PLANTER 15 L,-,INV-202324/123,"14,000.00",UN,USD,"14,420.00","14,420.00",50% AP,CIF,SEA,FCL,SRI LANKA,COLOMBO,CALLAO,1,40 HC,20,20/11/2023,NA,NA,DIRECTO,MSC,EBKG07301750,MEDU9477682,,11/12/2023,50,MEDUKL169688,MSC EUGENIA NX405A,1/3/2024,9,NO,NA,IMUPESA,AVM,24/000203,20/2/2024,26/3/2024,118-2024-10-115181-01-3-00,1/3/2024,2/3/2024,,1/4/2024,1/4/2024,22/3/2024,AVM,1/4/2024,T001-1375,GUZMAN,2/4/2024,14,CHAO - FUNDO,10/4/2024,15,10/4/2024,0010-035767,EG07-00000284,Carga completada. OK[23-152-HPER/4700003131-1/MEDU9477682],4700003131-1,,
2023-2024,LIQUIDADO,23-152-HPER,4700003131-1,TATIANA,VERITAS,SUSTRATOS,EASY PLANTER 15 L,-,INV-202324/123,"14,000.00",UN,USD,"14,420.00","14,420.00",50% AP,CIF,SEA,FCL,SRI LANKA,COLOMBO,CALLAO,1,40 HC,20,20/11/2023,NA,NA,DIRECTO,MSC,EBKG07301750,MEDU8502902,,11/12/2023,50,MEDUKL169688,MSC EUGENIA NX405A,1/3/2024,9,NO,NA,IMUPESA,AVM,24/000203,20/2/2024,26/3/2024,118-2024-10-115181-01-3-00,1/3/2024,2/3/2024,,1/4/2024,1/4/2024,22/3/2024,AVM,1/4/2024,T001-1374,GUZMAN,2/4/2024,14,CHAO - FUNDO,9/4/2024,15,9/4/2024,0010-035756,EG07-00000277,Carga completada. OK[23-152-HPER/4700003131-1/MEDU8502902],4700003131-1,,
2023-2024,LIQUIDADO,23-152-HPER,4700003131-1,TATIANA,VERITAS,SUSTRATOS,EASY PLANTER 15 L,-,INV-202324/123,"14,000.00",UN,USD,"14,420.00","14,420.00",50% AP,CIF,SEA,FCL,SRI LANKA,COLOMBO,CALLAO,1,40 HC,20,20/11/2023,NA,NA,DIRECTO,MSC,EBKG07301750,MSDU7314507,,11/12/2023,50,MEDUKL169688,MSC EUGENIA NX405A,1/3/2024,9,NO,NA,IMUPESA,AVM,24/000203,20/2/2024,26/3/2024,118-2024-10-115181-01-3-00,1/3/2024,2/3/2024,,1/4/2024,1/4/2024,22/3/2024,AVM,1/4/2024,T001-1376,GUZMAN,2/4/2024,14,CHAO - FUNDO,10/4/2024,15,10/4/2024,0010-035765,EG07-00000282,Carga completada. OK(14/12)[23-152-HPER/4700003131-1/MSDU7314507],4700003131-1,,
2023-2024,LIQUIDADO,23-152-HPER,4700003131-1,TATIANA,VERITAS,SUSTRATOS,EASY PLANTER 15 L,-,INV-202324/123,"14,000.00",UN,USD,"14,420.00","14,420.00",50% AP,CIF,SEA,FCL,SRI LANKA,COLOMBO,CALLAO,1,40 HC,20,20/11/2023,NA,NA,DIRECTO,MSC,EBKG07301750,FBLU0171876,,11/12/2023,50,MEDUKL169688,MSC EUGENIA NX405A,1/3/2024,9,NO,NA,IMUPESA,AVM,24/000203,20/2/2024,26/3/2024,118-2024-10-115181-01-3-00,1/3/2024,2/3/2024,,1/4/2024,1/4/2024,22/3/2024,AVM,1/4/2024,T001-1372,GUZMAN,2/4/2024,14,CHAO - FUNDO,10/4/2024,15,10/4/2024,0010-035766,EG07-00000283,Carga completada. OK[23-152-HPER/4700003131-1/FBLU0171876],4700003131-1,,
2023-2024,LIQUIDADO,23-152-HPER,4700003131-1,TATIANA,VERITAS,SUSTRATOS,EASY PLANTER 15 L,-,INV-202324/123,"14,000.00",UN,USD,"14,420.00","14,420.00",50% AP,CIF,SEA,FCL,SRI LANKA,COLOMBO,CALLAO,1,40 HC,20,20/11/2023,NA,NA,DIRECTO,MSC,EBKG07301750,FDCU0222029,,11/12/2023,50,MEDUKL169688,MSC EUGENIA NX405A,1/3/2024,9,NO,NA,IMUPESA,AVM,24/000203,20/2/2024,26/3/2024,118-2024-10-115181-01-3-00,1/3/2024,2/3/2024,,1/4/2024,1/4/2024,22/3/2024,AVM,1/4/2024,T001-1373,GUZMAN,2/4/2024,14,CHAO - FUNDO,9/4/2024,15,9/4/2024,0010-035757,EG07-00000275,Carga completada. OK[23-152-HPER/4700003131-1/FDCU0222029],4700003131-1,,
2023-2024,LIQUIDADO,23-153-HPER,4700003131-2,TATIANA,VERITAS,SUSTRATOS,EASY PLANTER 15 L,-,INV-202324/124,"14,000.00",UN,USD,"14,420.00","14,420.00",50% AP,CIF,SEA,FCL,SRI LANKA,COLOMBO,CALLAO,1,40 HC,20,20/11/2023,NA,NA,DIRECTO,MSC,EBKG07301797,FCIU9493016,,11/12/2023,50,MEDUKL169696,MSC EUGENIA NX405A,1/3/2024,9,NO,NA,IMUPESA,AVM,24/000202,20/2/2024,26/3/2024,118-2024-10-115186-01-5-00,1/3/2024,2/3/2024,,1/4/2024,1/4/2024,22/3/2024,AVM,1/4/2024,T001-1349,GUZMAN,2/4/2024,14,CHAO - FUNDO,8/4/2024,15,8/4/2024,0010-035752,EG07-00000265,Carga completada. Quedó en CP sin BL[23-152-HPER/4700003131-2/FCIU9493016],4700003131-2,,
2023-2024,LIQUIDADO,23-153-HPER,4700003131-2,TATIANA,VERITAS,SUSTRATOS,EASY PLANTER 15 L,-,INV-202324/124,"14,000.00",UN,USD,"14,420.00","14,420.00",50% AP,CIF,SEA,FCL,SRI LANKA,COLOMBO,CALLAO,1,40 HC,20,20/11/2023,NA,NA,DIRECTO,MSC,EBKG07301797,FFAU2341499,,11/12/2023,50,MEDUKL169696,MSC EUGENIA NX405A,1/3/2024,9,NO,NA,IMUPESA,AVM,24/000202,20/2/2024,26/3/2024,118-2024-10-115186-01-5-00,1/3/2024,2/3/2024,,1/4/2024,1/4/2024,22/3/2024,AVM,1/4/2024,T001-1350,GUZMAN,2/4/2024,14,CHAO - FUNDO,8/4/2024,15,8/4/2024,0010-035750,EG07-00000266,Carga completada. Quedó en CP sin BL[23-152-HPER/4700003131-2/FFAU2341499],4700003131-2,,
2023-2024,LIQUIDADO,23-153-HPER,4700003131-2,TATIANA,VERITAS,SUSTRATOS,EASY PLANTER 15 L,-,INV-202324/124,"14,000.00",UN,USD,"14,420.00","14,420.00",50% AP,CIF,SEA,FCL,SRI LANKA,COLOMBO,CALLAO,1,40 HC,20,20/11/2023,NA,NA,DIRECTO,MSC,EBKG07301797,TEMU8303138,,11/12/2023,50,MEDUKL169696,MSC EUGENIA NX405A,1/3/2024,9,NO,NA,IMUPESA,AVM,24/000202,20/2/2024,26/3/2024,118-2024-10-115186-01-5-00,1/3/2024,2/3/2024,,1/4/2024,1/4/2024,22/3/2024,AVM,1/4/2024,T001-1352,GUZMAN,2/4/2024,14,CHAO - FUNDO,8/4/2024,15,8/4/2024,0010-035751,EG07-00000271,Carga completada. Quedó en CP sin BL[23-152-HPER/4700003131-2/TEMU8303138],4700003131-2,,
2023-2024,LIQUIDADO,23-153-HPER,4700003131-2,TATIANA,VERITAS,SUSTRATOS,EASY PLANTER 15 L,-,INV-202324/124,"14,000.00",UN,USD,"14,420.00","14,420.00",50% AP,CIF,SEA,FCL,SRI LANKA,COLOMBO,CALLAO,1,40 HC,20,20/11/2023,NA,NA,DIRECTO,MSC,EBKG07301797,MEDU4412591,,11/12/2023,50,MEDUKL169696,MSC EUGENIA NX405A,1/3/2024,9,NO,NA,IMUPESA,AVM,24/000202,20/2/2024,26/3/2024,118-2024-10-115186-01-5-00,1/3/2024,2/3/2024,,1/4/2024,1/4/2024,22/3/2024,AVM,2/4/2024,T001-1351,GUZMAN,3/4/2024,14,CHAO - FUNDO,8/4/2024,15,8/4/2024,0010-035748,EG07-00000267,Carga completada. Quedó en CP sin BL[23-152-HPER/4700003131-2/MEDU4412591],4700003131-2,,
2023-2024,LIQUIDADO,23-155-HPER,4700003131-4,TATIANA,VERITAS,SUSTRATOS,EASY PLANTER 15 L,-,INV-202324/130,"14,000.00",UN,USD,"14,420.00","14,420.00",50% AP,CIF,SEA,FCL,SRI LANKA,COLOMBO,CALLAO,1,40 HC,20,12/12/2023,NA,NA,DIRECTO,MSC,,BSIU9455707,,1/1/2024,1,MEDUKL180412,MSC EUGENIA NX405A,1/3/2024,9,NO,NA,IMUPESA,AVM,24/000204,20/2/2024,26/3/2024,118-2024-10-115454-01-1-00,1/3/2024,2/3/2024,,1/4/2024,1/4/2024,22/3/2024,AVM,2/4/2024,T001-1353,GUZMAN,3/4/2024,14,CHAO - FUNDO,5/4/2024,14,5/4/2024,0010-035746,EG07-00000260,"Carga completada. Quedó en CP. sin booking,BL en la plantilla[23-155-HPER/4700003131-4/BSIU9455707]",4700003131-4,,
2023-2024,LIQUIDADO,23-155-HPER,4700003131-4,TATIANA,VERITAS,SUSTRATOS,EASY PLANTER 15 L,-,INV-202324/130,"14,000.00",UN,USD,"14,420.00","14,420.00",50% AP,CIF,SEA,FCL,SRI LANKA,COLOMBO,CALLAO,1,40 HC,20,12/12/2023,NA,NA,DIRECTO,MSC,,CAIU4859296,,1/1/2024,1,MEDUKL180412,MSC EUGENIA NX405A,1/3/2024,9,NO,NA,IMUPESA,AVM,24/000204,20/2/2024,26/3/2024,118-2024-10-115454-01-1-00,1/3/2024,2/3/2024,,1/4/2024,1/4/2024,22/3/2024,AVM,2/4/2024,T001-1354,GUZMAN,3/4/2024,14,CHAO - FUNDO,5/4/2024,14,5/4/2024,0010-035743,EG07-00000259,"Carga completada. Quedó en CP. sin booking,BL en la plantilla[23-155-HPER/4700003131-4/CAIU4859296]",4700003131-4,,
2023-2024,LIQUIDADO,23-155-HPER,4700003131-4,TATIANA,VERITAS,SUSTRATOS,EASY PLANTER 15 L,-,INV-202324/130,"14,000.00",UN,USD,"14,420.00","14,420.00",50% AP,CIF,SEA,FCL,SRI LANKA,COLOMBO,CALLAO,1,40 HC,20,12/12/2023,NA,NA,DIRECTO,MSC,,MSMU8496450,,1/1/2024,1,MEDUKL180412,MSC EUGENIA NX405A,1/3/2024,9,NO,NA,IMUPESA,AVM,24/000204,20/2/2024,26/3/2024,118-2024-10-115454-01-1-00,1/3/2024,2/3/2024,,1/4/2024,1/4/2024,22/3/2024,AVM,2/4/2024,T001-1356,GUZMAN,3/4/2024,14,CHAO - FUNDO,5/4/2024,14,5/4/2024,0010-035744,EG07-00000261,"Carga completada. Quedó en CP. sin booking,BL en la plantilla[23-155-HPER/4700003131-4/MSMU8496450]",4700003131-4,,
2023-2024,LIQUIDADO,23-155-HPER,4700003131-4,TATIANA,VERITAS,SUSTRATOS,EASY PLANTER 15 L,-,INV-202324/130,"14,000.00",UN,USD,"14,420.00","14,420.00",50% AP,CIF,SEA,FCL,SRI LANKA,COLOMBO,CALLAO,1,40 HC,20,12/12/2023,NA,NA,DIRECTO,MSC,,MSDU6195851,,1/1/2024,1,MEDUKL180412,MSC EUGENIA NX405A,1/3/2024,9,NO,NA,IMUPESA,AVM,24/000204,20/2/2024,26/3/2024,118-2024-10-115454-01-1-00,1/3/2024,2/3/2024,,1/4/2024,1/4/2024,22/3/2024,AVM,2/4/2024,T001-1355,GUZMAN,3/4/2024,14,CHAO - FUNDO,5/4/2024,14,5/4/2024,0010-035742,EG07-00000258,"Carga completada. Quedó en CP. sin booking,BL en la plantilla[23-155-HPER/4700003131-4/MSDU6195851]",4700003131-4,,
2023-2024,LIQUIDADO,24-014-HPER,PEA279A448,ERIKA C.,ROYAL BERRIES,EQP & INST,FTA-CARDS,SAMPLE,-,1.00,UN,EUR,1.00,1.10,0,DDP,AIR,AIR,ESPAÑA,SEVILLA,LIMA,NA,NA,1,NA,NA,NA,COURIER,DHL,7860139921,NA,29/2/2024,1/3/2024,9,7860139921,DHL COURIER,6/3/2024,10,NO,NA,DHL,DHL,NA,NA,1/3/2024,235-2024-28-00335324-10-4-00,NA,NA,3/3/2024,NA,NA,NA,NA,NA,,NA,6/3/2024,10,OFICINA QUINTANAS,6/3/2024,10,,,,NA,PEA279A448,,
2023-2024,LIQUIDADO,23-154-HPER,4700003131-3,TATIANA,VERITAS,SUSTRATOS,EASY PLANTER 15 L,-,INV-202324/126,"14,000.00",UN,USD,"14,420.00","14,420.00",50% AP,CIF,SEA,FCL,SRI LANKA,COLOMBO,CALLAO,1,40 HC,20,12/12/2023,NA,NA,DIRECTO,MSC,,MSCU7015293,,18/12/2023,51,MEDUKL174001,MSC CASSANDRE NX406A,27/3/2024,13,NO,NA,IMUPESA,AVM,196,1/2/2024,26/3/2024,118-2024-10-115345-01-6-00,1/3/2024,2/3/2024,,1/4/2024,1/4/2024,17/4/2024,AVM,2/4/2024,T001-1380,GUZMAN,3/4/2024,14,CHAO - FUNDO,9/4/2024,15,9/4/2024,0010-035758,EG07-00000276,Carga completada. Quedó en CP sin booking[23-154-HPER/4700003131-3/MSCU7015293],4700003131-3,,
2023-2024,LIQUIDADO,23-154-HPER,4700003131-3,TATIANA,VERITAS,SUSTRATOS,EASY PLANTER 15 L,-,INV-202324/126,"14,000.00",UN,USD,"14,420.00","14,420.00",50% AP,CIF,SEA,FCL,SRI LANKA,COLOMBO,CALLAO,1,40 HC,20,12/12/2023,NA,NA,DIRECTO,MSC,,MEDU7395760,,18/12/2023,51,MEDUKL174001,MSC CASSANDRE NX406A,27/3/2024,13,NO,NA,IMUPESA,AVM,196,1/2/2024,26/3/2024,118-2024-10-115345-01-6-00,1/3/2024,2/3/2024,,1/4/2024,1/4/2024,17/4/2024,AVM,2/4/2024,T001-1379,GUZMAN,3/4/2024,14,CHAO - FUNDO,10/4/2024,15,10/4/2024,0010-035764,EG07-00000281,Carga completada. Quedó en CP sin booking[23-154-HPER/4700003131-3/MEDU7395760],4700003131-3,,
2023-2024,LIQUIDADO,23-154-HPER,4700003131-3,TATIANA,VERITAS,SUSTRATOS,EASY PLANTER 15 L,-,INV-202324/126,"14,000.00",UN,USD,"14,420.00","14,420.00",50% AP,CIF,SEA,FCL,SRI LANKA,COLOMBO,CALLAO,1,40 HC,20,12/12/2023,NA,NA,DIRECTO,MSC,,CAAU5036324,,18/12/2023,51,MEDUKL174001,MSC CASSANDRE NX406A,27/3/2024,13,NO,NA,IMUPESA,AVM,196,1/2/2024,26/3/2024,118-2024-10-115345-01-6-00,1/3/2024,2/3/2024,,1/4/2024,1/4/2024,17/4/2024,AVM,2/4/2024,T001-1377,GUZMAN,3/4/2024,14,CHAO - FUNDO,9/4/2024,15,9/4/2024,0010-035759,EG07-00000274,Carga completada. Quedó en CP sin booking[23-154-HPER/4700003131-3/CAAU5036324],4700003131-3,,
2023-2024,LIQUIDADO,23-154-HPER,4700003131-3,TATIANA,VERITAS,SUSTRATOS,EASY PLANTER 15 L,-,INV-202324/126,"14,000.00",UN,USD,"14,420.00","14,420.00",50% AP,CIF,SEA,FCL,SRI LANKA,COLOMBO,CALLAO,1,40 HC,20,12/12/2023,NA,NA,DIRECTO,MSC,,CARU9948371,,18/12/2023,51,MEDUKL174001,MSC CASSANDRE NX406A,27/3/2024,13,NO,NA,IMUPESA,AVM,196,1/2/2024,26/3/2024,118-2024-10-115345-01-6-00,1/3/2024,2/3/2024,,1/4/2024,1/4/2024,17/4/2024,AVM,2/4/2024,T001-1378,GUZMAN,3/4/2024,14,CHAO - FUNDO,10/4/2024,15,10/4/2024,0010-035763,EG07-00000280,Carga completada. Quedó en CP sin booking[23-154-HPER/4700003131-3/CARU9948371],4700003131-3,,
2023-2024,LIQUIDADO,24-002-HPER,4700003175,MELANIE,A&B,SPAREPARTS,RPTOS VARIOS PARA MAQUINA PESADORA DE ARANDANOS A&B,-,20563,480.00,UN,USD,"2,347.40","2,347.40",0,EXW,AIR,AIR,USA,MIAMI,LIMA,NA,NA,1,NA,26/2/2024,27/2/2024,AIRSEALOG,AIRMAX,658-30783723,NA,,17/3/2024,11,87AMIA241305,NC0860,17/3/2024,11,SI,14/3/2024,ALFOSAC,LIP,3737,14/3/2024,15/3/2024,235-2024-10-039570-01-8-00,NA,NA,18/3/2024,NA,NA,NA,LIP,19/3/2024,T001-2399,GUZMAN,19/3/2024,12,,19/3/2023,11,28/3/2024,EG07-00000245,,NA,4700003175,,
2023-2024,LIQUIDADO,24-002-HPER,4700003221,MELANIE,A&B,SPAREPARTS,RPTOS VARIOS PARA MAQUINA PESADORA DE ARANDANOS A&B,-,20579,32.00,UN,USD,573.92,573.92,0,EXW,AIR,AIR,USA,MIAMI,LIMA,NA,NA,1,NA,26/2/2024,27/2/2024,AIRSEALOG,AIRMAX,658-30783723,NA,,17/3/2024,11,87AMIA241305,NC0860,17/3/2024,11,SI,14/3/2024,ALFOSAC,LIP,3737,14/3/2024,15/3/2024,235-2024-10-039570-01-8-00,NA,NA,18/3/2024,NA,NA,NA,LIP,19/3/2024,T001-2399,GUZMAN,19/3/2024,12,,19/3/2023,11,28/3/2024,EG07-00000245,,NA,4700003221,,
2023-2024,LIQUIDADO,24-002-HPER,4700003241,GONZALO,A&B,SPAREPARTS,RPTOS VARIOS PARA MAQUINA PESADORA DE ARANDANOS A&B,-,20586,1.00,UN,USD,"1,481.15","1,481.15",0,EXW,AIR,AIR,USA,MIAMI,LIMA,NA,NA,1,NA,26/2/2024,27/2/2024,AIRSEALOG,AIRMAX,658-30783723,NA,,17/3/2024,11,87AMIA241305,NC0860,17/3/2024,11,SI,14/3/2024,ALFOSAC,LIP,3737,14/3/2024,15/3/2024,235-2024-10-039570-01-8-00,NA,NA,18/3/2024,NA,NA,NA,LIP,19/3/2024,T001-2399,GUZMAN,19/3/2024,12,,19/3/2023,11,28/3/2024,EG07-00000245,,NA,4700003241,,
2023-2024,LIQUIDADO,24-022-HPER,4700003286,HUB,HF MEXICO,PLANTAS,PLANTAS IN VITRO,SAMPLE,2024-002,155.00,UN,USD,600.00,600.00,0,CFR,AIR,AIR,MEXICO,GUADALAJARA,LIMA,NA,NA,1,NA,NA,NA,DIRECTO,AEROMEXICO,139-46500856,NA,,16/3/2024,11,139-46500856,AM0229/15,17/3/2024,11,SI,18/3/2024,SAASA,AVM,24/000333,18/3/2024,18/3/2024,235-2024-10-040510-01-5-00,17/3/2024,NA,18/3/2024,20/3/2024,20/3/2024,NA,NA,20/3/2024,,,21/3/2024,12,CHAO - VIVEROS,21/3/2024,12,,,,NA,4700003286,,
2023-2024,LIQUIDADO,23-177-HPER,4700002849-2,TATIANA,FASTIK,E & E,FILM PUNNET PET 11OZ 5X7,-,102902,"1,923,756.00",UN,USD,"103,863.59","103,863.59",0,EXW,SEA,LCL,CANADA,MIAMI,CALLAO,NA,NA,9,4/3/2024,10/1/2024,12/1/2024,AIRSEALOG,SEABOARD,VCRCLL-191435,SMLU7951035,29/1/2024,8/3/2024,10,27169-1-E-191435,SEABOARD EXPLORER 41,19/3/2024,12,SI,4/3/2024,ALFOSAC,PASOC,105328,13/3/2024,18/3/2024,118-2024-10-102459-01-8-00,19/3/2024,20/3/2024,19/3/2024,NA,NA,NA,PASOC,22/3/2024,T001-248564,GUZMAN,22/3/2024,12,SALAVERRY,12/4/2024,15,12/4/2024,0010-035774,EG07-00000286,Carga completada. Quedó en CP. sin Punto de llegada[23-177-HPER/4700002849-2/SMLU7951035],4700002849-2,,
2023-2024,LIQUIDADO,24-012-HPER,4700003254,FIORELLA,SIRANE,E & E,PADS ABSORBENTES,-,4117,"200,000.00",UN,USD,"1,240.00","1,240.00",0,EXW,AIR,AIR,MEXICO,GUADALAJARA,LIMA,NA,NA,1,NA,26/2/2024,1/3/2024,CH ROBINSON,AEROUNION,805-13377641,NA,,16/3/2024,11,468247158GDL,7003,20/3/2024,12,SI,15/3/2024,SHOHIN,PASOC,105657,18/3/2024,19/3/2024,235-2024-10-041143-01-6-00,20/3/2024,NA,21/3/2024,NA,NA,NA,PASOC,22/3/2024,,GUZMAN,22/3/2024,12,,,52,26/3/2024,0010-035705,EG07-00000246,NA,4700003254,,
2023-2024,LIQUIDADO,24-012-HPER,4700003255,FIORELLA,SIRANE,E & E,PADS ABSORBENTES,-,4117,"220,000.00",UN,USD,"1,364.00","1,364.00",0,EXW,AIR,AIR,MEXICO,GUADALAJARA,LIMA,NA,NA,-,NA,26/2/2024,1/3/2024,CH ROBINSON,AEROUNION,805-13377641,NA,,16/3/2024,11,468247158GDL,7003,20/3/2024,12,SI,15/3/2024,SHOHIN,PASOC,105657,18/3/2024,19/3/2024,235-2024-10-041143-01-6-00,20/3/2024,NA,21/3/2024,NA,NA,NA,PASOC,22/3/2024,,GUZMAN,22/3/2024,12,,,52,26/3/2024,0010-035705,EG07-00000246,NA,4700003255,,
2023-2024,LIQUIDADO,24-015-HPER,4700003262,FIORELLA,PARSYL,EQP & INST,TREK TAB,-,1449,40.00,UN,USD,440.00,440.00,0,EXW,AIR,AIR,USA,COLORADO,LIMA,NA,NA,1,NA,NA,NA,COURIER,DHL,1916886974,NA,7/3/2024,11/3/2024,11,1916886974,DHL COURIER,20/3/2024,12,NO,NA,DHL,DHL,NA,NA,12/3/2024,235-2024-28-00396890-10-1-00,NA,NA,13/3/2024,NA,NA,NA,NA,NA,,NA,20/3/2024,12,SALAVERRY,20/3/2024,12,21/3/2024,,,NA,4700003262,,
2023-2024,LIQUIDADO,24-018-HPER,4700003269,GONZALO,AZUD,EQP & INST,FILTRO ANILLO 3°,-,FVM24-000334,1.00,UN,USD,481.66,481.66,90,EXW,AIR,AIR,ESPAÑA,ALICANTE,LIMA,NA,NA,1,NA,NA,NA,COURIER,DHL,6964851390,NA,13/3/2024,13/3/2024,11,6964851390,DHL COURIER,20/3/2024,12,NO,NA,NA,DHL,NA,NA,13/3/2024,235-2024-28-00402399-10-3-00,NA,NA,,NA,NA,NA,NA,NA,,NA,20/3/2024,12,SALAVERRY,20/3/2024,12,21/3/2024,,,NA,4700003269,,
2023-2024,LIQUIDADO,24-013-HPER,4700003246,MELANIE,UNITEC,SPAREPARTS,REPUESTOS VARIOS,-,192,2.00,UN,EUR,"1,987.20","2,185.92",0,EXW,AIR,AIR,CHILE,SANTIAGO,LIMA,NA,NA,"0,5",NA,5/3/2024,11/3/2024,AIRSEALOG,JETSMART,180-49950294,NA,,25/3/2024,13,S2403208113,KE0274,25/3/2024,13,SI,18/3/2024,SHOHIN,LIP,4046,22/3/2024,22/3/2024,235-2024-10-043725-01-2-00,25/3/2024,25/3/2024,26/3/2024,NA,NA,,LIP,26/3/2024,T001-2433,GUZMAN,27/3/2024,13,SALAVERRY,12/4/2024,15,13/4/2024,0010-035774,EG07-00000287,NA,4700003246,,
2023-2024,LIQUIDADO,24-013-HPER,4700003242,MELANIE,UNITEC,SPAREPARTS,REPUESTOS VARIOS,-,193,24.00,UN,EUR,"2,520.99","2,773.09",0,EXW,AIR,AIR,CHILE,SANTIAGO,LIMA,NA,NA,"0,5",NA,5/3/2024,11/3/2024,AIRSEALOG,JETSMART,180-49950294,NA,,25/3/2024,13,S2403208113,KE0274,25/3/2024,13,SI,18/3/2024,SHOHIN,LIP,4046,22/3/2024,22/3/2024,235-2024-10-043725-01-2-00,25/3/2024,25/3/2024,26/3/2024,NA,NA,,LIP,26/3/2024,T001-2433,GUZMAN,27/3/2024,13,SALAVERRY,12/4/2024,15,13/4/2024,0010-035774,EG07-00000287,NA,4700003242,,
2023-2024,LIQUIDADO,24-007-HPER,4700003231,OMAR,BIOCONSUL,AGQ,ORGANCAB K (ABONO ORGANICO),-,BE002/24,"20,000.00",LT,EUR,"15,000.00","16,500.00",60,EXW,SEA,FCL,ESPAÑA,VALENCIA,CALLAO,1,40 HC,20,15/2/2024,25/1/2024,30/1/2024,CH ROBINSON,HAPAG,,HLBU2549231,,19/2/2024,8,464252459ALC,CZECH 4208S,28/3/2024,13,SI,19/2/2024,IMUPESA,PASOC,106042,19/3/2024,,118-2024-10-114319-01-1-00,,,,NA,NA,,PASOC,4/4/2024,T001-249447,GUZMAN,4/4/2024,14,CHAO - FUNDO,8/4/2024,15,8/4/2024,0010-035747,EG07-00000270,"Carga completa. Quedó en CP. sin factura,booking[24-007-HPER/4700003231/HLBU2549231]",4700003231,,
2023-2024,LIQUIDADO,24-020-HPER,4700003259,MELANIE,INTRALOX,SPAREPARTS,BANDA PLASTICA TRANSPORTADORA,-,42401962,1.00,UN,USD,"4,225.71","4,225.71",0,FCA,AIR,AIR,USA,MIAMI,LIMA,NA,NA,1,NA,13/3/2024,14/3/2024,AIRSEALOG,NORTHERN,81AMIA241461,NA,21/3/2024,3/4/2024,14,81AMIA241461,NC0862,3/4/2024,14,SI,20/4/2024,ALFOSAC,LIP,4494,20/4/1912,2/4/2024,235-2024-10-048336-01-4-00,3/4/2024,3/4/2024,,NA,NA,,LIP,5/4/2024,T001-2476,GUZMAN,6/4/2024,14,SALAVERRY,12/4/2024,15,13/4/2024,0010-035774,EG07-00000288,NA,4700003259,,
2023-2024,LIQUIDADO,24-023-HPER,4700003085,TATIANA,HF GENETICS,PLANTAS,PLANTAS ZARZAMORA,-,7020000308,"27,000.00",UN,USD,"40,359.30","40,359.30",30,CPT,AIR,AIR,USA,PORTLAND,LIMA,NA,NA,9,NA,NA,NA,DIRECTO,AIR CANADA,014-31130050,NA,,28/3/2024,13,014-31130050,AC7252,3/4/2024,14,SI,3/4/2024,SAASA,AVM,24/000364,3/4/2024,4/4/2024,235-2024-10-049504-01-8-00,3/4/2024,3/4/2024,,5/4/2024,13/4/2024,NA,AVM,14/4/2023,T001-1408,AVM,15/4/2024,16,CHAO - VIVEROS,15/4/2024,16,19/4/2024,,,NA,4700003085,,
2023-2024,LIQUIDADO,24-026-HPER,4900050790,GERMAN,UNITEC,SPAREPARTS,REPUESTOS VARIOS,-,204,479.00,UN,USD,"8,344.12","8,344.12",0,DDP,AIR,LCL,CHILE,,CALLAO,NA,NA,0.33,NA,NA,NA,COURIER,FEDEX,775649514288,,,22/3/2024,12,775649514288,FEDEX COURIER,11/4/2024,15,NO,NA,NA,FEDEX,NA,NA,,,,,,NA,NA,,,,,,11/4/2024,15,SALAVERRY,11/4/2024,15,16/4/2024,NA,NA,NA,4900050790,,
2023-2024,LIQUIDADO,24-026-HPER,4900050790,GERMAN,UNITEC,SPAREPARTS,REPUESTOS VARIOS,-,205,772.00,UN,USD,"4,823.59","4,823.59",0,DDP,AIR,LCL,CHILE,,CALLAO,NA,NA,0.33,NA,NA,NA,COURIER,FEDEX,775649514288,,,22/3/2024,12,775649514288,FEDEX COURIER,11/4/2024,15,NO,NA,NA,FEDEX,NA,NA,,,,,,NA,NA,,,,,,11/4/2024,15,SALAVERRY,11/4/2024,15,16/4/2024,NA,NA,NA,4900050790,,
2023-2024,LIQUIDADO,24-026-HPER,4900050790,GERMAN,UNITEC,SPAREPARTS,REPUESTOS VARIOS,-,206,117.00,UN,USD,"5,119.57","5,119.57",0,DDP,AIR,LCL,CHILE,,CALLAO,NA,NA,0.33,NA,NA,NA,COURIER,FEDEX,775649514288,,,22/3/2024,12,775649514288,FEDEX COURIER,11/4/2024,15,NO,NA,NA,FEDEX,NA,NA,,,,,,NA,NA,,,,,,11/4/2024,15,SALAVERRY,11/4/2024,15,16/4/2024,NA,NA,NA,4900050790,,
2023-2024,LIQUIDADO,24-016-HPER,4700003283,CORPORATIVO,HF ECUADOR,SUSTRATOS,TURBA LEGRO,-,003-003-000000001,24.00,UN,USD,"16,231.68","16,231.68",30,DDP,LAND,LAND,ECUADOR,GUAYAQUIL,CHAO,NA,NA,24,NA,NA,NA,NA,NA,NA,NA,,11/4/2024,15,000240-24,-,17/4/2024,16,NO,NA,COMPLEX,AVM,88-36,NA,1/4/2024,019-2024-10-001535-01-6-00,NA,NA,1/4/2024,4/4/2024,15/4/2024,NA,,,,,17/4/2024,16,CHAO - FUNDO,17/4/2024,16,,,,NA,4700003283,,
2023-2024,LIQUIDADO,24-024-HPER,4700003267,MELANIE,A&B,SPAREPARTS,RPTOS VARIOS PARA MAQUINA PESADORA DE ARANDANOS A&B,-,20613,"2,900.00",UN,USD,"9,385.00","9,385.00",0,EXW,AIR,AIR,USA,MIAMI,LIMA,NA,NA,2,NA,,9/4/2024,APRILE ,AIRMAX,SDB752414555,NA,12/3/2024,17/4/2024,16,SDB752414555,NC860,17/4/2024,16,SI,16/4/2024,SHOHIN,LIP,4817,16/4/2024,16/4/2024,235-2024-10-056453-01-6-00,18/4/2024,18/4/2024,18/4/2024,NA,NA,NA,LIP,19/4/2024,T001-2590,GUZMAN,19/4/2024,16,SALAVERRY,13/5/2024,20,13/5/2024,0010-035855,EG07-00000307,NA,4700003267,,
2023-2024,LIQUIDADO,24-019-HPER,4700003273,OMAR,BIOCONSUL,AGQ,ORGANCAB K (ABONO ORGANICO),-,BE007/24,"20,000.00",LT,EUR,"15,000.00","16,500.00",60,EXW,SEA,FCL,ESPAÑA,VALENCIA,CALLAO,1,40 HC,20,21/3/2024,11/3/2024,12/3/2024,FORBIS,MAERSK,,MRKU5217353,22/3/2024,28/3/2024,13,FBME2403610/1,CORNELIUS MAERSK 417W,29/4/2024,18,SI,2/4/2024,IMUPESA,PASOC,108664,25/4/2024,26/4/2024,118-2024-10-154686-01-5-00,30/4/2024,30/4/2024,29/4/2024,NA,NA,,PASOC,3/5/2024,T001-251660,GUZMAN,6/5/2024,19,CHAO - FUNDO,9/5/2024,19,10/5/2024,0010-035854,EG07-00000306,Carga completada. Quedó sin booking[24-019-HPER/4700003273/MRKU5217353],4700003273,,
2023-2024,ENTREGADO,24-002-HFEB,4700003263,FIORELLA,PROMISOL,AGQ,MUCIGEL,-,F/24098,"3,000.00",LT,EUR,"26,700.00","29,370.00",120,EXW,SEA,LCL,ESPAÑA,VALENCIA,CALLAO,NA,NA,3,NA,8/3/2024,11/3/2024,AIRSEALOG,CMA CGM,,FCIU9250211,18/3/2024,27/3/2024,13,12024031587,CMA CGM JACQUES JOSEPH 0WCHVS1MA,3/5/2024,18,NO,NA,VILLAS OQUENDO,AVM,24/000421,22/4/2024,30/4/2024,118-2024-10-158898-01-7-00,4/5/2024,5/5/2024,8/5/2024,NA,NA,NA,AVM,13/5/2024,,AVM,15/5/2024,20,OLMOS,15/5/2024,20,15/5/2024,,,NA,4700003263,,
2023-2024,ENTREGADO,24-002-HFEB,4700003263,FIORELLA,PROMISOL,AGQ,PROMI FERTIL MIX,-,F/24098,"3,000.00",KG,EUR,"23,550.00","25,905.00",120,EXW,SEA,LCL,ESPAÑA,VALENCIA,CALLAO,NA,NA,3,NA,8/3/2024,11/3/2024,AIRSEALOG,CMA CGM,,FCIU9250211,18/3/2024,27/3/2024,13,12024031587,CMA CGM JACQUES JOSEPH 0WCHVS1MA,3/5/2024,18,NO,NA,VILLAS OQUENDO,AVM,24/000421,22/4/2024,30/4/2024,118-2024-10-158898-01-7-00,4/5/2024,5/5/2024,8/5/2024,NA,NA,NA,AVM,13/5/2024,,AVM,15/5/2024,20,OLMOS,15/5/2024,20,15/5/2024,,,NA,4700003263,,
2023-2024,LIQUIDADO,24-017-HPER,4700003295,GONZALO,BVB,SUSTRATOS,TURBA,-,B0908628,22.00,UN,USD,"9,471.58","9,471.58",0,CIF,SEA,FCL,ESTONIA,TALLINN,CALLAO,1,40 HC,22,15/4/2024,NA,NA,DIRECTO,MAERSK,237514395,MRSU3356671,,31/3/2024,13,MAEU237514395,GSL TRIPOLI 414S,3/5/2024,18,NO,NA,IMUPESA,AVM,24/000441,26/4/2024,3/5/2024,118-2024-10-162750-01-0-00,4/5/2024,4/5/2024,3/5/2024,7/5/2024,14/5/2024,23/5/2024,AVM,15/5/2024,T001-1510,GUZMAN,15/5/2024,20,CHAO - FUNDO,22/5/2024,21,6/6/2024,0010-035884,EG07-00000344,Carga completada. OK[24-017-HPER/4700003295/MRSU3356671],4700003295,,
2023-2024,LIQUIDADO,24-017-HPER,4700003295,GONZALO,BVB,SUSTRATOS,TURBA,-,B0908628,22.00,UN,USD,"9,471.58","9,471.58",0,CIF,SEA,FCL,ESTONIA,TALLINN,CALLAO,1,40 HC,22,15/4/2024,NA,NA,DIRECTO,MAERSK,237514395,MRKU5540664,,31/3/2024,13,MAEU237514395,GSL TRIPOLI 414S,3/5/2024,18,NO,NA,IMUPESA,AVM,24/000441,26/4/2024,3/5/2024,118-2024-10-162750-01-0-00,4/5/2024,4/5/2024,3/5/2024,7/5/2024,14/5/2024,23/5/2024,AVM,15/5/2024,T001-1509,GUZMAN,15/5/2024,20,CHAO - FUNDO,22/5/2024,21,6/6/2024,0010-035886,EG07-00000343,Carga completada. OK[24-017-HPER/4700003295/MRKU5540664],4700003295,,
2023-2024,LIQUIDADO,24-017-HPER,4700003295,GONZALO,BVB,SUSTRATOS,TURBA,-,B0908628,22.00,UN,USD,"9,471.58","9,471.58",0,CIF,SEA,FCL,ESTONIA,TALLINN,CALLAO,1,40 HC,22,15/4/2024,NA,NA,DIRECTO,MAERSK,237514395,MIEU3035534,,31/3/2024,13,MAEU237514395,GSL TRIPOLI 414S,3/5/2024,18,NO,NA,IMUPESA,AVM,24/000441,26/4/2024,3/5/2024,118-2024-10-162750-01-0-00,4/5/2024,4/5/2024,3/5/2024,7/5/2024,14/5/2024,23/5/2024,AVM,15/5/2024,T001-1506,GUZMAN,15/5/2024,20,CHAO - FUNDO,21/5/2024,21,6/6/2024,0010-035880,EG07-00000335,Carga completada. OK[24-017-HPER/4700003295/MIEU3035534],4700003295,,
2023-2024,LIQUIDADO,24-017-HPER,4700003295,GONZALO,BVB,SUSTRATOS,TURBA,-,B0908628,22.00,UN,USD,"9,471.58","9,471.58",0,CIF,SEA,FCL,ESTONIA,TALLINN,CALLAO,1,40 HC,22,15/4/2024,NA,NA,DIRECTO,MAERSK,237514395,MRKU3678994,,31/3/2024,13,MAEU237514395,GSL TRIPOLI 414S,3/5/2024,18,NO,NA,IMUPESA,AVM,24/000441,26/4/2024,3/5/2024,118-2024-10-162750-01-0-00,4/5/2024,4/5/2024,3/5/2024,7/5/2024,14/5/2024,23/5/2024,AVM,15/5/2024,T001-1507,GUZMAN,15/5/2024,20,CHAO - FUNDO,21/5/2024,21,6/6/2024,0010-035882,EG07-00000337,Carga completada. OK[24-017-HPER/4700003295/MRKU3678994],4700003295,,
2023-2024,LIQUIDADO,24-017-HPER,4700003295,GONZALO,BVB,SUSTRATOS,TURBA,-,B0908628,22.00,UN,USD,"9,471.58","9,471.58",0,CIF,SEA,FCL,ESTONIA,TALLINN,CALLAO,1,40 HC,22,15/4/2024,NA,NA,DIRECTO,MAERSK,237514395,FFAU5001804,,31/3/2024,13,MAEU237514395,GSL TRIPOLI 414S,3/5/2024,18,NO,NA,IMUPESA,AVM,24/000441,26/4/2024,3/5/2024,118-2024-10-162750-01-0-00,4/5/2024,4/5/2024,3/5/2024,7/5/2024,14/5/2024,23/5/2024,AVM,15/5/2024,T001-1505,GUZMAN,15/5/2024,20,CHAO - FUNDO,21/5/2024,21,6/6/2024,0010-035881,EG07-00000336,Carga completada. OK[24-017-HPER/4700003295/FFAU5001804],4700003295,,
2023-2024,LIQUIDADO,24-017-HPER,4700003295,GONZALO,BVB,SUSTRATOS,TURBA,-,B0908628,22.00,UN,USD,"9,471.58","9,471.58",0,CIF,SEA,FCL,ESTONIA,TALLINN,CALLAO,1,40 HC,22,15/4/2024,NA,NA,DIRECTO,MAERSK,237514395,MRKU4100151,,31/3/2024,13,MAEU237514395,GSL TRIPOLI 414S,3/5/2024,18,NO,NA,IMUPESA,AVM,24/000441,26/4/2024,3/5/2024,118-2024-10-162750-01-0-00,4/5/2024,4/5/2024,3/5/2024,7/5/2024,14/5/2024,23/5/2024,AVM,15/5/2024,T001-1508,GUZMAN,15/5/2024,20,CHAO - FUNDO,22/5/2024,21,6/6/2024,0010-035885,EG07-00000342,Carga completada. OK[24-017-HPER/4700003295/MRKU4100151],4700003295,,
2023-2024,LIQUIDADO,24-029-HPER,4700003319,GONZALO,AZUD,EQP & INST,AZUD HELIX AUTOM,-,FV24-001857,1.00,UN,USD,"4,517.00","4,517.00",90,CPT,AIR,AIR,ESPAÑA,MADRID,LIMA,NA,NA,1,NA,NA,NA,DIRECTO,IBERIA,075-63363716,NA,,8/5/2024,19,VLC-00027393,IB6659,8/5/2024,19,SI,6/5/2024,,LIP,6088,7/5/2024,7/5/2024,235-2024-10-068530-01-0-00,NA,NA,,NA,NA,,LIP,10/5/2024,T001-2731,GUZMAN,10/5/2024,19,CHAO - FUNDO,23/5/2024,21,29/5/2024,,EG07-00000347,NA,4700003319,,
2023-2024,LIQUIDADO,24-021-HPER,4700003278,OMAR,PROMISOL,AGQ,CYTOFLOW AMIN,-,F/24112,"2,000.00",KG,EUR,"20,560.00","22,616.00",90,EXW,SEA,LCL,ESPAÑA,BARCELONA,CALLAO,NA,NA,2,1/4/2023,13/3/2024,13/3/2024,AIRSEALOG,CMA CGM,,TCLU5487570,20/3/2024,7/4/2024,14,12024031609,CALLAO EXPRESS 0WCHXS1MA,10/5/2024,19,SI,10/4/2024,VILLAS OQUENDO,PASOC,109076,29/4/2024,6/5/2024,118-2024-10-164881-01-5-00,11/5/2024,11/5/2024,10/5/2024,NA,NA,NA,PASOC,15/5/2024,T001-252494,GUZMAN,17/5/2024,20,CHAO - FUNDO,23/5/2024,21,24/5/2024,0010-035893,EG07-00000348,"Carga completada. Ag. de carga,en planilla depósito VILLAS OQUENDO falta en cp,en planilla factura F/24112,booking[24-021-HPER/4700003278/TCLU5487570]",4700003278,,
2023-2024,LIQUIDADO,24-021-HPER,4700003278,OMAR,PROMISOL,AGQ,MUCIGEL,-,F/24112,"2,000.00",LT,EUR,"17,800.00","19,580.00",90,EXW,SEA,LCL,ESPAÑA,BARCELONA,CALLAO,NA,NA,3,1/4/2023,13/3/2024,13/3/2024,AIRSEALOG,CMA CGM,,TCLU5487570,20/3/2024,7/4/2024,14,12024031609,CALLAO EXPRESS 0WCHXS1MA,10/5/2024,19,SI,10/4/2024,VILLAS OQUENDO,PASOC,109076,29/4/2024,6/5/2024,118-2024-10-164881-01-5-00,11/5/2024,11/5/2024,10/5/2024,NA,NA,NA,PASOC,15/5/2024,T001-252494,GUZMAN,17/5/2024,20,CHAO - FUNDO,23/5/2024,21,24/5/2024,0010-035893,EG07-00000348,"Carga completada. Ag. de carga,en planilla depósito VILLAS OQUENDO falta en cp,en planilla factura F/24112,booking[24-021-HPER/4700003278/TCLU5487570]",4700003278,,
2023-2024,LIQUIDADO,24-021-HPER,4700003278,OMAR,PROMISOL,AGQ,CYTOLAN,-,F/24112,"1,000.00",KG,EUR,"11,050.00","12,155.00",90,EXW,SEA,LCL,ESPAÑA,BARCELONA,CALLAO,NA,NA,1,1/4/2023,13/3/2024,13/3/2024,AIRSEALOG,CMA CGM,,TCLU5487570,20/3/2024,7/4/2024,14,12024031609,CALLAO EXPRESS 0WCHXS1MA,10/5/2024,19,SI,10/4/2024,VILLAS OQUENDO,PASOC,109076,29/4/2024,6/5/2024,118-2024-10-164881-01-5-00,11/5/2024,11/5/2024,10/5/2024,NA,NA,NA,PASOC,15/5/2024,T001-252494,GUZMAN,17/5/2024,20,CHAO - FUNDO,23/5/2024,21,24/5/2024,0010-035893,EG07-00000348,"Carga completada. Ag. de carga,en planilla depósito VILLAS OQUENDO falta en cp,en planilla factura F/24112,booking,[24-021-HPER/4700003278/TCLU5487570]",4700003278,,
2023-2024,LIQUIDADO,24-030-HPER,4700003258-1,OMAR,LEGRO,SUSTRATOS,TURBA,-,24HOR3042,24.00,UN,EUR,"9,685.50","10,654.05",30%PP-70%CD,CFR,SEA,FCL,PAISES BAJOS,ROTTERDAM,CALLAO,1,40 HC,24,15/4/2024,NA,NA,DIRECTO,HAPAG,30516620,HLBU2656456,,5/4/2024,14,HLCURTM240362977,CALLAO EXPRESS 4214S,10/5/2024,19,SI,30/4/2024,IMUPESA,AVM,24/000452,29/4/2024,9/5/2024,118-2024-10-169003-01-6-00,11/5/2024,13/5/2024,10/5/2024,PENDIENTE,22/5/2024,30/5/2024,AVM,23/5/2024,T001-1531,GUZMAN,23/5/2024,21,CHAO - FUNDO,28/5/2024,22,6/6/2024,0010-035919,EG07-00000359,OK[/24-030-HPER/4700003258-1/HLBU2656456],4700003258-1,,
2023-2024,LIQUIDADO,24-030-HPER,4700003258-1,OMAR,LEGRO,SUSTRATOS,TURBA,-,24HOR3042,24.00,UN,EUR,"9,685.50","10,654.05",30%PP-70%CD,CFR,SEA,FCL,PAISES BAJOS,ROTTERDAM,CALLAO,1,40 HC,24,15/4/2024,NA,NA,DIRECTO,HAPAG,30516620,BEAU4179360,,5/4/2024,14,HLCURTM240362977,CALLAO EXPRESS 4214S,10/5/2024,19,SI,30/4/2024,IMUPESA,AVM,24/000452,29/4/2024,9/5/2024,118-2024-10-169003-01-6-00,11/5/2024,13/5/2024,10/5/2024,PENDIENTE,22/5/2024,30/5/2024,AVM,23/5/2024,T001-1529,GUZMAN,23/5/2024,21,CHAO - FUNDO,28/5/2024,22,6/6/2024,0010-035918,EG07-00000356,OK[/24-030-HPER/4700003258-1/BEAU4179360],4700003258-1,,
2023-2024,LIQUIDADO,24-030-HPER,4700003258-1,OMAR,LEGRO,SUSTRATOS,TURBA,-,24HOR3042,24.00,UN,EUR,"9,685.50","10,654.05",30%PP-70%CD,CFR,SEA,FCL,PAISES BAJOS,ROTTERDAM,CALLAO,1,40 HC,24,15/4/2024,NA,NA,DIRECTO,HAPAG,30516620,UACU5406598,,5/4/2024,14,HLCURTM240362977,CALLAO EXPRESS 4214S,10/5/2024,19,SI,30/4/2024,IMUPESA,AVM,24/000452,29/4/2024,9/5/2024,118-2024-10-169003-01-6-00,11/5/2024,13/5/2024,10/5/2024,PENDIENTE,22/5/2024,30/5/2024,AVM,23/5/2024,T001-1532,GUZMAN,23/5/2024,21,CHAO - FUNDO,28/5/2024,22,6/6/2024,0010-035920,EG07-00000357,OK)[/24-030-HPER/4700003258-1/UACU5406598],4700003258-1,,
2023-2024,LIQUIDADO,24-030-HPER,4700003258-1,OMAR,LEGRO,SUSTRATOS,TURBA,-,24HOR3042,24.00,UN,EUR,"9,685.50","10,654.05",30%PP-70%CD,CFR,SEA,FCL,PAISES BAJOS,ROTTERDAM,CALLAO,1,40 HC,24,15/4/2024,NA,NA,DIRECTO,HAPAG,30516620,HBLU1165870,,5/4/2024,14,HLCURTM240362977,CALLAO EXPRESS 4214S,10/5/2024,19,SI,30/4/2024,IMUPESA,AVM,24/000452,29/4/2024,9/5/2024,118-2024-10-169003-01-6-00,11/5/2024,13/5/2024,10/5/2024,PENDIENTE,22/5/2024,30/5/2024,AVM,23/5/2024,T001-1530,GUZMAN,23/5/2024,21,CHAO - FUNDO,28/5/2024,22,6/6/2024,0010-035921,EG07-00000358,OK[/24-030-HPER/4700003258-1/HBLU1165870],4700003258-1,,
2023-2024,LIQUIDADO,24-031-HPER,4700003258-2,OMAR,LEGRO,SUSTRATOS,TURBA,-,24HOR3047,24.00,UN,EUR,"9,685.50","10,654.05",30%PP-70%CD,CFR,SEA,FCL,PAISES BAJOS,ROTTERDAM,CALLAO,1,40 HC,24,15/4/2024,NA,NA,DIRECTO,HAPAG,39434572,FANU3283235,,5/4/2024,14,HLCURTM240362988,CALLAO EXPRESS 4214S,10/5/2024,19,SI,30/4/2024,IMUPESA,AVM,24/000458,1/5/2024,9/5/2024,118-2024-10-169106-01-1-00,11/5/2024,13/5/2024,10/5/2024,PENDIENTE,22/5/2024,30/5/2024,AVM,24/5/2024,T001-1535,GUZMAN,24/5/2024,21,CHAO - FUNDO,29/5/2024,22,6/6/2024,0010-035927,EG07-00000362,OK/24-031-HPER/4700003258-2/FANU3283235],4700003258-2,,
2023-2024,LIQUIDADO,24-031-HPER,4700003258-2,OMAR,LEGRO,SUSTRATOS,TURBA,-,24HOR3047,24.00,UN,EUR,"9,685.50","10,654.05",30%PP-70%CD,CFR,SEA,FCL,PAISES BAJOS,ROTTERDAM,CALLAO,1,40 HC,24,15/4/2024,NA,NA,DIRECTO,HAPAG,39434572,HAMU1311233,,5/4/2024,14,HLCURTM240362988,CALLAO EXPRESS 4214S,10/5/2024,19,SI,30/4/2024,IMUPESA,AVM,24/000458,1/5/2024,9/5/2024,118-2024-10-169106-01-1-00,11/5/2024,13/5/2024,10/5/2024,PENDIENTE,22/5/2024,30/5/2024,AVM,24/5/2024,T001-1536,GUZMAN,24/5/2024,21,CHAO - FUNDO,29/5/2024,22,6/6/2024,0010-035929,EG07-00000365,OK[/24-031-HPER/4700003258-2/HAMU1311233],4700003258-2,,
2023-2024,LIQUIDADO,24-031-HPER,4700003258-2,OMAR,LEGRO,SUSTRATOS,TURBA,-,24HOR3047,24.00,UN,EUR,"9,685.50","10,654.05",30%PP-70%CD,CFR,SEA,FCL,PAISES BAJOS,ROTTERDAM,CALLAO,1,40 HC,24,15/4/2024,NA,NA,DIRECTO,HAPAG,39434572,TEMU7272372,,5/4/2024,14,HLCURTM240362988,CALLAO EXPRESS 4214S,10/5/2024,19,SI,30/4/2024,IMUPESA,AVM,24/000458,1/5/2024,9/5/2024,118-2024-10-169106-01-1-00,11/5/2024,13/5/2024,10/5/2024,PENDIENTE,22/5/2024,30/5/2024,AVM,24/5/2024,T001-1538,GUZMAN,24/5/2024,21,CHAO - FUNDO,29/5/2024,22,6/6/2024,0010-035930,EG07-00000364,OK[/24-031-HPER/4700003258-2/TEMU7272372],4700003258-2,,
2023-2024,LIQUIDADO,24-031-HPER,4700003258-2,OMAR,LEGRO,SUSTRATOS,TURBA,-,24HOR3047,24.00,UN,EUR,"9,685.50","10,654.05",30%PP-70%CD,CFR,SEA,FCL,PAISES BAJOS,ROTTERDAM,CALLAO,1,40 HC,24,15/4/2024,NA,NA,DIRECTO,HAPAG,39434572,MAGU5276531,,5/4/2024,14,HLCURTM240362988,CALLAO EXPRESS 4214S,10/5/2024,19,SI,30/4/2024,IMUPESA,AVM,24/000458,1/5/2024,9/5/2024,118-2024-10-169106-01-1-00,11/5/2024,13/5/2024,10/5/2024,PENDIENTE,22/5/2024,30/5/2024,AVM,24/5/2024,T001-1537,GUZMAN,24/5/2024,21,CHAO - FUNDO,29/5/2024,22,6/6/2024,0010-035928,EG07-00000363,OK[/24-031-HPER/4700003258-2/MAGU5276531],4700003258-2,,
2023-2024,LIQUIDADO,24-027-HPER,4700003270,OMAR,EDEN,AGQ,DISPER COMPLEX,-,2024-1623,"9,000.00",KG,EUR,"69,000.00","75,900.00",90,CIF,SEA,FCL,ESPAÑA,VALENCIA,CALLAO,1,20 ST,18,11/4/2024,3/4/2024,NA,DIRECTO,MSC,EBKG08536646,MSCU6996414,,21/4/2024,16,MEDUVB523128,MSC PALAK NX416A,16/5/2024,20,NO,NA,IMUPESA,PASOC,109757,8/5/2024,13/5/2024,118-2024-10-172324-01-4-00,17/5/2024,17/5/2024,16/5/2024,NA,NA,20/5/2024,PASOC,20/5/2024,T001-252837,GUZMAN,20/5/2024,21,CHAO - FUNDO,23/5/2024,21,31/5/2024,0010-035892,EG07-00000346,OK[24-027-HPER/4700003270/MSCU6996414],4700003270,,
2023-2024,LIQUIDADO,24-032-HPER,4700003258-3,OMAR,LEGRO,SUSTRATOS,TURBA,-,24HOR3048,24.00,UN,EUR,"9,685.50","10,654.05",30%PP-70%CD,CFR,SEA,FCL,PAISES BAJOS,ROTTERDAM,CALLAO,1,40 HC,24,15/4/2024,NA,NA,DIRECTO,HAPAG,27225252,HLBU1328241,,13/4/2024,15,HLCURTM240362999,COSCO SHIPPING VOLGA 4215S,16/5/2024,20,SI,6/5/2024,IMUPESA,AVM,24/000479,6/5/2024,15/5/2024,118-2024-10-176310-01-8-00,17/5/2024,17/5/2024,16/5/2024,PENDIENTE,29/5/2024,,AVM,31/5/2024,T001-1557,GUZMAN,31/5/2024,22,CHAO - FUNDO,4/6/2024,23,7/6/2024,0010-035964,EG07-00000381,OK[/24-032-HPER/4700003258-3/HLBU1328241],4700003258-3,,
2023-2024,LIQUIDADO,24-032-HPER,4700003258-3,OMAR,LEGRO,SUSTRATOS,TURBA,-,24HOR3048,24.00,UN,EUR,"9,685.50","10,654.05",30%PP-70%CD,CFR,SEA,FCL,PAISES BAJOS,ROTTERDAM,CALLAO,1,40 HC,24,15/4/2024,NA,NA,DIRECTO,HAPAG,27225252,FCIU7109009,,13/4/2024,15,HLCURTM240362999,COSCO SHIPPING VOLGA 4215S,16/5/2024,20,SI,6/5/2024,IMUPESA,AVM,24/000479,6/5/2024,15/5/2024,118-2024-10-176310-01-8-00,17/5/2024,17/5/2024,16/5/2024,PENDIENTE,29/5/2024,,AVM,31/5/2024,T001-1556,GUZMAN,31/5/2024,22,CHAO - FUNDO,4/6/2024,23,7/6/2024,0010-035963,EG07-00000380,OK[/24-032-HPER/4700003258-3/FCIU7109009],4700003258-3,,
2023-2024,LIQUIDADO,24-032-HPER,4700003258-3,OMAR,LEGRO,SUSTRATOS,TURBA,-,24HOR3048,24.00,UN,EUR,"9,685.50","10,654.05",30%PP-70%CD,CFR,SEA,FCL,PAISES BAJOS,ROTTERDAM,CALLAO,1,40 HC,24,15/4/2024,NA,NA,DIRECTO,HAPAG,27225252,TCLU8263948,,13/4/2024,15,HLCURTM240362999,COSCO SHIPPING VOLGA 4215S,16/5/2024,20,SI,6/5/2024,IMUPESA,AVM,24/000479,6/5/2024,15/5/2024,118-2024-10-176310-01-8-00,17/5/2024,17/5/2024,16/5/2024,PENDIENTE,29/5/2024,,AVM,31/5/2024,T001-1558,GUZMAN,31/5/2024,22,CHAO - FUNDO,4/6/2024,23,7/6/2024,0010-035965,EG07-00000382,OK[/24-032-HPER/4700003258-3/TCLU8263948],4700003258-3,,
2023-2024,LIQUIDADO,24-032-HPER,4700003258-3,OMAR,LEGRO,SUSTRATOS,TURBA,-,24HOR3048,24.00,UN,EUR,"9,685.50","10,654.05",30%PP-70%CD,CFR,SEA,FCL,PAISES BAJOS,ROTTERDAM,CALLAO,1,40 HC,24,15/4/2024,NA,NA,DIRECTO,HAPAG,27225252,CAIU8530400,,13/4/2024,15,HLCURTM240362999,COSCO SHIPPING VOLGA 4215S,16/5/2024,20,SI,6/5/2024,IMUPESA,AVM,24/000479,6/5/2024,15/5/2024,118-2024-10-176310-01-8-00,17/5/2024,17/5/2024,16/5/2024,PENDIENTE,29/5/2024,,AVM,31/5/2024,T001-1555,GUZMAN,31/5/2024,22,CHAO - FUNDO,4/6/2024,23,7/6/2024,0010-035966,EG07-00000378,OK[/24-032-HPER/4700003258-3/CAIU8530400],4700003258-3,,
2023-2024,LIQUIDADO,24-033-HPER,4700003258-4,OMAR,LEGRO,SUSTRATOS,TURBA,-,24HOR3517,24.00,UN,EUR,"9,685.50","10,654.05",30%PP-70%CD,CFR,SEA,FCL,PAISES BAJOS,ROTTERDAM,CALLAO,1,40 HC,24,15/4/2024,NA,NA,DIRECTO,HAPAG,32106600,FANU1038840,,13/4/2024,15,HLCURTM240363004,COSCO SHIPPING VOLGA 4215S,16/5/2024,20,SI,10/5/2024,IMUPESA,AVM,24/000492,10/5/2024,15/5/2024,118-2024-10-177755-01-3-01,17/5/2024,17/5/2024,16/5/2024,PENDIENTE,29/5/2024,,AVM,31/5/2024,T001-1559,GUZMAN,31/5/2024,22,CHAO - FUNDO,5/6/2024,23,7/6/2024,0010-035970,EG07-00000392,OK[/24-033-HPER/4700003258-4/FANU1038840],4700003258-4,,
2023-2024,LIQUIDADO,24-033-HPER,4700003258-4,OMAR,LEGRO,SUSTRATOS,TURBA,-,24HOR3517,24.00,UN,EUR,"9,685.50","10,654.05",30%PP-70%CD,CFR,SEA,FCL,PAISES BAJOS,ROTTERDAM,CALLAO,1,40 HC,24,15/4/2024,NA,NA,DIRECTO,HAPAG,32106600,FDCU0142643,,13/4/2024,15,HLCURTM240363004,COSCO SHIPPING VOLGA 4215S,16/5/2024,20,SI,10/5/2024,IMUPESA,AVM,24/000492,10/5/2024,15/5/2024,118-2024-10-177755-01-3-01,17/5/2024,17/5/2024,16/5/2024,PENDIENTE,29/5/2024,,AVM,31/5/2024,T001-1561,GUZMAN,31/5/2024,22,CHAO - FUNDO,5/6/2024,23,7/6/2024,0010-035968,EG07-00000394,OK[/24-033-HPER/4700003258-4/FDCU0142643],4700003258-4,,
2023-2024,LIQUIDADO,24-033-HPER,4700003258-4,OMAR,LEGRO,SUSTRATOS,TURBA,-,24HOR3517,24.00,UN,EUR,"9,685.50","10,654.05",30%PP-70%CD,CFR,SEA,FCL,PAISES BAJOS,ROTTERDAM,CALLAO,1,40 HC,24,15/4/2024,NA,NA,DIRECTO,HAPAG,32106600,FANU3814861,,13/4/2024,15,HLCURTM240363004,COSCO SHIPPING VOLGA 4215S,16/5/2024,20,SI,10/5/2024,IMUPESA,AVM,24/000492,10/5/2024,15/5/2024,118-2024-10-177755-01-3-01,17/5/2024,17/5/2024,16/5/2024,PENDIENTE,29/5/2024,,AVM,31/5/2024,T001-1560,GUZMAN,31/5/2024,22,CHAO - FUNDO,5/6/2024,23,7/6/2024,0010-035969,EG07-00000393,OK[/24-033-HPER/4700003258-4/FANU3814861],4700003258-4,,
2023-2024,LIQUIDADO,24-033-HPER,4700003258-4,OMAR,LEGRO,SUSTRATOS,TURBA,-,24HOR3517,24.00,UN,EUR,"9,685.50","10,654.05",30%PP-70%CD,CFR,SEA,FCL,PAISES BAJOS,ROTTERDAM,CALLAO,1,40 HC,24,15/4/2024,NA,NA,DIRECTO,HAPAG,32106600,HLBU2550295,,13/4/2024,15,HLCURTM240363004,COSCO SHIPPING VOLGA 4215S,16/5/2024,20,SI,10/5/2024,IMUPESA,AVM,24/000492,10/5/2024,15/5/2024,118-2024-10-177755-01-3-01,17/5/2024,17/5/2024,16/5/2024,PENDIENTE,29/5/2024,,AVM,31/5/2024,T001-1562,GUZMAN,31/5/2024,22,CHAO - FUNDO,5/6/2024,23,7/6/2024,0010-035967,EG07-00000395,OK[/24-033-HPER/4700003258-4/HLBU2550295],4700003258-4,,
2023-2024,SIN GASTOS,24-037-HPER,PEA2H10101,CORPORATIVO,GUILLIN,E & E,PUNNETS,SAMPLE,240503-1,100.00,UN,EUR,5.00,5.50,0,DDP,AIR,AIR,ESPAÑA,BARCELONA,LIMA,NA,NA,1,NA,NA,NA,COURIER,UPS,1Z1WX4450494382026,NA,,3/5/2024,18,1Z1WX4450494382026,UPS COURIER,17/5/2024,20,NO,NA,NA,UPS,NA,NA,,,,,,NA,NA,,,,,,17/5/2024,20,SALAVERRY,17/5/2024,20,,,,NA,PEA2H10101,,
2023-2024,LIQUIDADO,24-025-HPER,4700003320,GONZALO,INTRALOX,SPAREPARTS,BANDA PLASTICA TRANSPORTADORA,-,42487953,80.00,UN,USD,"1,868.80","1,868.80",0,FCA,AIR,AIR,USA,MIAMI,LIMA,NA,NA,1,NA,NA,NA,COURIER,DHL,3440531415,NA,9/5/2024,8/5/2024,19,3440531415,DHL COURIER,21/5/2024,21,NO,NA,NA,DHL,NA,NA,10/5/2024,235-2024-28-00745228-10-0-00,,,,NA,NA,,,,,,21/5/2024,21,SALAVERRY,21/5/2024,21,23/5/2024,,,NA,4700003320,,
2023-2024,LIQUIDADO,24-038-HPER,4700003312,GONZALO,RITEC,EQP & INST,APARATOS DE RIEGO,-,24/310,93.00,UN,USD,"4,991.00","4,991.00",0,CPT,AIR,AIR,ESPAÑA,MADRID,LIMA,NA,NA,0.5,NA,NA,NA,DIRECTO,LAN,045-49745323,NA,,21/5/2024,21,045-49745323,LA2485,23/5/2024,21,SI,14/5/2024,TALMA,LIP,154,17/5/2024,17/5/2024,235-2024-10-074415-01-5-00,23/5/2024,23/5/2024,23/5/2024,NA,NA,NA,LIP,24/5/2024,T001-2895,GUZMAN,24/5/2024,21,SALAVERRY,6/6/2024,23,27/6/2024,EG03-00000329,T013-00000064,NA,4700003312,,
2023-2024,LIQUIDADO,24-038-HPER,4700003318,GONZALO,RITEC,EQP & INST,APARATOS DE RIEGO,-,24/310,26.00,UN,USD,"6,469.90","6,469.90",0,CPT,AIR,AIR,ESPAÑA,MADRID,LIMA,NA,NA,0.5,NA,NA,NA,DIRECTO,LAN,045-49745323,NA,,21/5/2024,21,045-49745323,LA2485,23/5/2024,21,SI,14/5/2024,TALMA,LIP,154,17/5/2024,17/5/2024,235-2024-10-074415-01-5-00,23/5/2024,23/5/2024,23/5/2024,NA,NA,NA,LIP,24/5/2024,T001-2895,GUZMAN,24/5/2024,21,SALAVERRY,6/6/2024,23,27/6/2024,EG03-00000329,T013-00000064,NA,4700003318,,
2023-2024,LIQUIDADO,24-039-HPER,4700003288,VICTORIA,A&B,SPAREPARTS,RPTOS VARIOS PARA MAQUINA PESADORA DE ARANDANOS A&B,-,20628,120.00,UN,USD,"3,738.40","3,738.40",0,EXW,AIR,AIR,USA,MIAMI,LIMA,NA,NA,1,NA,NA,NA,COURIER,FEDEX,703873949115,NA,,13/5/2024,20,703873949115,FEDEX COURIER,23/5/2024,21,NO,NA,NA,FEDEX,NA,NA,15/5/2024,235-2024-10-072411-01-2-00,NA,NA,,NA,NA,NA,,,,,23/5/2024,21,SALAVERRY,23/5/2024,21,28/5/2024,,,NA,4700003288,,
2023-2024,ENTREGADO,24-003-HFEB,4700003282,FIORELLA,PROMISOL,AGQ,MUCIGEL,-,F/24140,"1,000.00",LT,EUR,"8,900.00","9,790.00",120,EXW,SEA,LCL,ESPAÑA,BARCELONA,CALLAO,NA,NA,1,NA,21/3/2024,2/4/2024,ONBOARD,CMA CGM,,CMAU7654857,4/4/2024,15/4/2024,16,240401233/0108,CMA CGM ESTELLE 0WCI1S1MA,24/5/2024,21,NO,NA,ALFOSAC,AVM,24/000517,15/5/2024,20/5/2024,118-2024-10-184069-01-4-00,25/5/2024,25/5/2024,24/5/2024,NA,NA,NA,,29/5/2024,,AVM,31/5/2024,22,OLMOS,31/5/2024,22,31/5/2024,,,NA,4700003282,,
2023-2024,LIQUIDADO,24-028-HPER,4700003304,GONZALO,UNITEC,SPAREPARTS,REPUESTOS VARIOS,-,221,2.00,UN,EUR,356.94,392.63,0,EXW,AIR,AIR,CHILE,SANTIAGO,LIMA,NA,NA,1,NA,2/5/2024,13/5/2024,AIRSEALOG,JETSMART,703-20381572,NA,15/5/2024,23/5/2024,21,703-20381583,JA7732,24/5/2024,21,SI,15/5/2024,SHOHIN,LIP,6755,22/5/2024,22/5/2024,235-2024-10-076824-01-1-01,24/5/2024,24/5/2024,24/5/2024,NA,NA,NA,LIP,25/5/2024,T001-2903,GUZMAN,25/5/2024,21,SALAVERRY,30/5/2024,22,5/6/2024,EG03-00000308,EG07-00000369,NA,4700003304,,
2023-2024,LIQUIDADO,24-028-HPER,4700003305,VICTORIA,UNITEC,SPAREPARTS,REPUESTOS VARIOS,-,222,3.00,UN,EUR,295.98,325.58,0,EXW,AIR,AIR,CHILE,SANTIAGO,LIMA,NA,NA,1,NA,2/5/2024,13/5/2024,AIRSEALOG,JETSMART,703-20381572,NA,15/5/2024,23/5/2024,21,703-20381583,JA7732,24/5/2024,21,SI,15/5/2024,SHOHIN,LIP,6755,22/5/2024,22/5/2024,235-2024-10-076824-01-1-01,24/5/2024,24/5/2024,24/5/2024,NA,NA,NA,LIP,25/5/2024,T001-2903,GUZMAN,25/5/2024,21,SALAVERRY,30/5/2024,22,5/6/2024,EG03-00000308,EG07-00000369,NA,4700003305,,
2023-2024,LIQUIDADO,24-028-HPER,4700003284,VICTORIA,UNITEC,SPAREPARTS,REPUESTOS VARIOS,-,203,16.00,UN,EUR,"3,041.55","3,345.71",0,EXW,AIR,AIR,CHILE,SANTIAGO,LIMA,NA,NA,-,NA,2/5/2024,13/5/2024,AIRSEALOG,JETSMART,703-20381572,NA,15/5/2024,23/5/2024,21,703-20381583,JA7732,24/5/2024,21,SI,15/5/2024,SHOHIN,LIP,6755,22/5/2024,22/5/2024,235-2024-10-076824-01-1-01,24/5/2024,24/5/2024,24/5/2024,NA,NA,NA,LIP,25/5/2024,T001-2903,GUZMAN,25/5/2024,21,SALAVERRY,30/5/2024,22,5/6/2024,EG03-00000308,EG07-00000369,NA,4700003284,,
2023-2024,LIQUIDADO,24-034-HPER,4700003258-5,OMAR,LEGRO,SUSTRATOS,TURBA,-,24HOR3521,24.00,UN,EUR,"9,685.50","10,654.05",30%PP-70%CD,CFR,SEA,FCL,PAISES BAJOS,ROTTERDAM,CALLAO,1,40 HC,24,15/4/2024,NA,NA,DIRECTO,HAPAG,91388719,TCLU8088892,,19/4/2024,16,HLCURTM240363015,CMA CGM ESTELLE 4216S,24/5/2024,21,SI,15/5/2024,IMUPESA,AVM,24/000515,15/5/2024,22/5/2024,118-2024-10-186840-01-1-00,25/5/2024,26/5/2024,24/5/2024,27/5/2024,5/6/2024,,AVM,8/6/2024,T001-1588,GUZMAN,8/6/2024,23,CHAO - FUNDO,11/6/2024,24,14/6/2024,0010-035977,EG07-00000411,Carga completada. Faltó en CP Ag. de cargas[/24-034-HPER/4700003258-5/TCLU8088892],4700003258-5,,
2023-2024,LIQUIDADO,24-034-HPER,4700003258-5,OMAR,LEGRO,SUSTRATOS,TURBA,-,24HOR3521,24.00,UN,EUR,"9,685.50","10,654.05",30%PP-70%CD,CFR,SEA,FCL,PAISES BAJOS,ROTTERDAM,CALLAO,1,40 HC,24,15/4/2024,NA,NA,DIRECTO,HAPAG,91388719,TCNU3705514,,19/4/2024,16,HLCURTM240363015,CMA CGM ESTELLE 4216S,24/5/2024,21,SI,15/5/2024,IMUPESA,AVM,24/000515,15/5/2024,22/5/2024,118-2024-10-186840-01-1-00,25/5/2024,26/5/2024,24/5/2024,27/5/2024,5/6/2024,,AVM,8/6/2024,T001-1589,GUZMAN,8/6/2024,23,CHAO - FUNDO,11/6/2024,24,14/6/2024,0010-035980,EG07-00000412,Carga completada. Faltó en CP Ag. de cargas[/24-034-HPER/4700003258-5/TCNU3705514],4700003258-5,,
2023-2024,LIQUIDADO,24-034-HPER,4700003258-5,OMAR,LEGRO,SUSTRATOS,TURBA,-,24HOR3521,24.00,UN,EUR,"9,685.50","10,654.05",30%PP-70%CD,CFR,SEA,FCL,PAISES BAJOS,ROTTERDAM,CALLAO,1,40 HC,24,15/4/2024,NA,NA,DIRECTO,HAPAG,91388719,SEGU5598764,,19/4/2024,16,HLCURTM240363015,CMA CGM ESTELLE 4216S,24/5/2024,21,SI,15/5/2024,IMUPESA,AVM,24/000515,15/5/2024,22/5/2024,118-2024-10-186840-01-1-00,25/5/2024,26/5/2024,24/5/2024,27/5/2024,5/6/2024,,AVM,8/6/2024,T001-1587,GUZMAN,8/6/2024,23,CHAO - FUNDO,11/6/2024,24,14/6/2024,0010-035979,EG07-00000413,Carga completada. Faltó en CP Ag. de cargas[/24-034-HPER/4700003258-5/SEGU5598764],4700003258-5,,
2023-2024,LIQUIDADO,24-034-HPER,4700003258-5,OMAR,LEGRO,SUSTRATOS,TURBA,-,24HOR3521,24.00,UN,EUR,"9,685.50","10,654.05",30%PP-70%CD,CFR,SEA,FCL,PAISES BAJOS,ROTTERDAM,CALLAO,1,40 HC,24,15/4/2024,NA,NA,DIRECTO,HAPAG,91388719,FANU1232943,,19/4/2024,16,HLCURTM240363015,CMA CGM ESTELLE 4216S,24/5/2024,21,SI,15/5/2024,IMUPESA,AVM,24/000515,15/5/2024,22/5/2024,118-2024-10-186840-01-1-00,25/5/2024,26/5/2024,24/5/2024,27/5/2024,5/6/2024,,AVM,8/6/2024,T001-1586,GUZMAN,8/6/2024,23,CHAO - FUNDO,11/6/2024,24,14/6/2024,0010-035978,EG07-00000414,Carga completada. Faltó en CP Ag. de cargas[/24-034-HPER/4700003258-5/FANU1232943],4700003258-5,,
2023-2024,LIQUIDADO,24-035-HPER,4700003258-6,OMAR,LEGRO,SUSTRATOS,TURBA,-,24HOR3524,24.00,UN,EUR,"9,685.50","10,654.05",30%PP-70%CD,CFR,SEA,FCL,PAISES BAJOS,ROTTERDAM,CALLAO,1,40 HC,24,15/4/2024,NA,NA,DIRECTO,HAPAG,12155986,NIDU5207809,,19/4/2024,16,HLCURTM240363026,CMA CGM ESTELLE 4216S,24/5/2024,21,SI,15/5/2024,IMUPESA,AVM,24/000516,15/5/2024,21/5/2024,118-2024-10-185480-01-1-00,25/5/2024,26/5/2024,24/5/2024,27/5/2024,5/6/2024,,AVM,10/6/2024,T001-1593,GUZMAN,10/6/2024,24,CHAO - FUNDO,13/6/2024,24,14/6/2024,0010-035991,EF07-00000430,Carga completada. Faltó en CP Ag. de cargas[/24-035-HPER/4700003258-6/NIDU5207809],4700003258-6,,
2023-2024,LIQUIDADO,24-035-HPER,4700003258-6,OMAR,LEGRO,SUSTRATOS,TURBA,-,24HOR3524,24.00,UN,EUR,"9,685.50","10,654.05",30%PP-70%CD,CFR,SEA,FCL,PAISES BAJOS,ROTTERDAM,CALLAO,1,40 HC,24,15/4/2024,NA,NA,DIRECTO,HAPAG,12155986,GESU6140977,,19/4/2024,16,HLCURTM240363026,CMA CGM ESTELLE 4216S,24/5/2024,21,SI,15/5/2024,IMUPESA,AVM,24/000516,15/5/2024,21/5/2024,118-2024-10-185480-01-1-00,25/5/2024,26/5/2024,24/5/2024,27/5/2024,5/6/2024,,AVM,10/6/2024,T001-1591,GUZMAN,10/6/2024,24,CHAO - FUNDO,13/6/2024,24,14/6/2024,0010-035989,EF07-00000432,Carga completada. Faltó en CP Ag. de cargas[/24-035-HPER/4700003258-6/GESU6140977],4700003258-6,,
2023-2024,LIQUIDADO,24-035-HPER,4700003258-6,OMAR,LEGRO,SUSTRATOS,TURBA,-,24HOR3524,24.00,UN,EUR,"9,685.50","10,654.05",30%PP-70%CD,CFR,SEA,FCL,PAISES BAJOS,ROTTERDAM,CALLAO,1,40 HC,24,15/4/2024,NA,NA,DIRECTO,HAPAG,12155986,TCNU6293811,,19/4/2024,16,HLCURTM240363026,CMA CGM ESTELLE 4216S,24/5/2024,21,SI,15/5/2024,IMUPESA,AVM,24/000516,15/5/2024,21/5/2024,118-2024-10-185480-01-1-00,25/5/2024,26/5/2024,24/5/2024,27/5/2024,5/6/2024,,AVM,10/6/2024,T001-1594,GUZMAN,10/6/2024,24,CHAO - FUNDO,13/6/2024,24,14/6/2024,0010-035988,EF07-00000431,Carga completada. Faltó en CP Ag. de cargas[/24-035-HPER/4700003258-6/TCNU6293811],4700003258-6,,
2023-2024,LIQUIDADO,24-035-HPER,4700003258-6,OMAR,LEGRO,SUSTRATOS,TURBA,-,24HOR3524,24.00,UN,EUR,"9,685.50","10,654.05",30%PP-70%CD,CFR,SEA,FCL,PAISES BAJOS,ROTTERDAM,CALLAO,1,40 HC,24,15/4/2024,NA,NA,DIRECTO,HAPAG,12155986,HLXU8603424,,19/4/2024,16,HLCURTM240363026,CMA CGM ESTELLE 4216S,24/5/2024,21,SI,15/5/2024,IMUPESA,AVM,24/000516,15/5/2024,21/5/2024,118-2024-10-185480-01-1-00,25/5/2024,26/5/2024,24/5/2024,27/5/2024,5/6/2024,,AVM,10/6/2024,T001-1592,GUZMAN,10/6/2024,24,CHAO - FUNDO,13/6/2024,24,14/6/2024,0010-035993,EF07-00000429,Carga completada. Faltó en CP Ag. de cargas[/24-035-HPER/4700003258-6/HLXU8603424],4700003258-6,,
2023-2024,LIQUIDADO,24-042-HPER,4700003085,HUB,HF GENETICS,PLANTAS,PLANTAS IN VITRO DE ZARZAMORA,,7020000342,"30,000.00",UN,USD,,0.00,30,CPT,AIR,AIR,USA,PORTLAND,LIMA,NA,NA,1,NA,NA,NA,DIRECTO,AIR CANADA,,,,23/5/2024,21,014-372139861,,26/5/2024,21,SI,27/5/2024,TALMA,AVM,587,27/5/2024,28/5/2024,235-2024-10-079808-01-5-00,26/5/2024,26/5/2024,28/5/2024,4/6/2024,4/6/2024,,AVM,,,,31/5/2024,22,CHAO - VIVEROS,4/6/2024,23,,,,NA,4700003085,,
2023-2024,LIQUIDADO,24-040-HPER,4700003279,VICTORIA,A&B,SPAREPARTS,RPTOS VARIOS PARA MAQUINA PESADORA DE ARANDANOS A&B,-,20620,2.00,UN,USD,"1,300.56","1,300.56",0,EXW,AIR,AIR,USA,MIAMI,LIMA,NA,NA,1,NA,NA,NA,COURIER,DHL,1791772754,NA,17/5/2024,20/5/2024,21,1791772754,DHL COURIER,29/5/2024,22,NO,NA,NA,DHL,NA,NA,22/5/2024,235-2024-28-00814871-10-7-00,22/5/2024,22/5/2024,22/5/2024,NA,NA,NA,NA,NA,,,29/5/2024,22,SALAVERRY,29/5/2024,22,30/5/2024,NA,NA,NA,4700003279,,
2023-2024,LIQUIDADO,24-040-HPER,4700003324,GONZALO,A&B,SPAREPARTS,RPTOS VARIOS PARA MAQUINA PESADORA DE ARANDANOS A&B,-,20667,4.00,UN,USD,634.40,634.40,0,EXW,AIR,AIR,USA,MIAMI,LIMA,NA,NA,1,NA,NA,NA,COURIER,DHL,1791772754,NA,17/5/2024,20/5/2024,21,1791772754,DHL COURIER,29/5/2024,22,NO,NA,NA,DHL,NA,NA,22/5/2024,235-2024-28-00814871-10-7-00,22/5/2024,22/5/2024,22/5/2024,NA,NA,NA,NA,NA,,,29/5/2024,22,SALAVERRY,29/5/2024,22,30/5/2024,NA,NA,NA,4700003324,,
2023-2024,LIQUIDADO,24-044-HPER,4501258043,HUB,HF GENETICS,PLANTAS,PLANTAS IN VITRO ,SAMPLE, 2024-006,120.00,UN,USD,12.00,12.00,0,CPT,AIR,AIR,USA,PORTLAND,LIMA,NA,NA,1,NA,NA,NA,DIRECTO,AIR CANADA,,,,30/5/2024,22,014-32738145,,2/6/2024,22,SI,31/5/2024,TALMA,AVM,,31/5/2024,3/6/2024,235-2024-10-083327-01-8-00,2/6/2024,2/6/2024,,5/6/2024,5/6/2024,,AVM,6/6/2024,,,6/6/2024,23,CHAO - VIVEROS,6/6/2024,23,,,,NA,4501258043,,
2023-2024,LIQUIDADO,24-045-HPER,4700003353,GONZALO,AZUD,EQP & INST,KIT DE MANTENIMIENTO,-,FV24-002151,55.00,UN,USD,"1,653.16","1,653.16",90,DAP,AIR,AIR,ESPAÑA,ALICANTE,LIMA,NA,NA,,NA,NA,NA,COURIER,DHL,7276593332,,,30/5/2024,22,7276593332,DHL COURIER,6/6/2024,23,NO,NA,NA,DHL,NA,NA,31/5/2024,235-2024-28-00874368-10-1-00,,,,NA,NA,,,,,,6/6/2024,23,SALAVERRY,6/6/2024,23,25/6/2024,,,NA,4700003353,,
2023-2024,ENTREGADO,24-004-HFEB,4700003289,FIORELLA,EDEN,AGQ,DISPER CHLOROPHYL,-,2024-1626,560.00,KG,EUR,"15,992.80","17,592.08",90,CIF,SEA,LCL,ESPAÑA,VALENCIA,CALLAO,NA,NA,1,NA,NA,NA,DIRECTO,CMA CGM,1422067,TEMU8192306,,25/4/2024,17,240101241/0301,CMA CGM NEVA 0LIEOS1MA,9/6/2024,23,NO,NA,ALFOSAC,AVM,24/000550,20/5/2024,23/5/2024,118-2024-10-188518-01-8-00,10/6/2024,,,NA,NA,,,13/6/2024,,AVM,14/6/2024,24,OLMOS,14/6/2024,24,14/6/2024,,,NA,4700003289,,
2023-2024,SIN GASTOS,24-048-HPER,PEA2H10101,FIORELLA,AVERY,E & E,MATERIAL AUTOADHESIVO,SAMPLE,24051,1.00,UN,USD,3.00,3.00,0,DDP,AIR,AIR,COLOMBIA,MEDELLIN,LIMA,NA,NA,1,NA,NA,NA,COURIER,DHL,3292443070,,,31/5/2024,22,3292443070,DHL COURIER,10/6/2024,24,NO,NA,NA,DHL,NA,NA,2/6/2024,235-2024-28-00886933-10-9-00,,,,NA,NA,,,,,,4/6/2024,23,SALAVERRY,4/6/2024,23,6/6/2024,,,NA,PEA2H10101,,
2023-2024,LIQUIDADO,24-036-HPER,4700003271,OMAR,CODIAGRO,AGQ,FITOKONTROL-K,-,243,"6,000.00",LT,EUR,"15,436.80","16,980.48",0,EXW,SEA,LCL,ESPAÑA,BARCELONA,CALLAO,NA,NA,6,2/4/2024,21/3/2024,2/4/2024,APRILE ,CMA CGM,802024040060,TGHU9838820,5/4/2024,23/4/2024,17,802024040060,ISTANBUL EXPRESS 0WCI7S1MA,14/6/2024,24,SI,22/4/2024,,PASOC,110529,17/5/2024,24/5/2024,118-2024-10-190633-01-5-00,,,,NA,NA,,PASOC,19/6/2024,T001-2542028,GUZMAN,19/6/2024,25,CHAO,22/6/2024,25,24/6/2024,0010-036016,EG07-00000451,OK[24-036-HPER/4700003271/TGHU9838820],4700003271,,
2023-2024,ENTREGADO,24-006-HFEB,N/A,CORPORATIVO,HF MEXICO,MAQUINARIA,LINEA 1 - OLMOS (HFBP-A000201),REIMPORTACION,F005-00008283A,8.00,UN,USD,"108,405.00","108,405.00",N/A,CIF,SEA,FCL,MEXICO,MANZANILLO,CALLAO,1,40 HC,8,NA,NA,NA,DIRECTO,CMA CGM,MXO0700129,FFAU4545320,,5/6/2024,23,ITRL220171,CMA CGM ALASKA 0MHMGW1MA,19/6/2024,25,NO,NA,IMUPESA,LIP,8049,17/6/2024,26/6/2024,118-2024-30-000101-01-3-00,20/6/2024,21/6/2024,2/7/2024,NA,NA,2/7/2024,NA,4/7/2024,NA,LIP,5/7/2024,27,OLMOS,5/7/2024,27,5/7/2024,,NA,NA,N/A,,
2023-2024,ENTREGADO,24-006-HFEB,N/A,CORPORATIVO,HF MEXICO,MAQUINARIA,LINEA 2 - OLMOS (HFBP-A000203),REIMPORTACION,F005-00008284A,8.00,UN,USD,"108,405.00","108,405.00",N/A,CIF,SEA,FCL,MEXICO,MANZANILLO,CALLAO,1,40 HC,8,NA,NA,NA,DIRECTO,CMA CGM,MXO0700129,TCNU3930623,,5/6/2024,23,ITRL220171,CMA CGM ALASKA 0MHMGW1MA,19/6/2024,25,NO,NA,IMUPESA,LIP,8049,17/6/2024,26/6/2024,118-2024-30-000101-01-3-00,20/6/2024,21/6/2024,2/7/2024,NA,NA,2/7/2024,NA,4/7/2024,NA,LIP,5/7/2024,27,OLMOS,5/7/2024,27,5/7/2024,,NA,NA,N/A,,
2023-2024,ENTREGADO,24-006-HFEB,N/A,CORPORATIVO,HF MEXICO,MAQUINARIA,LINEA 3 - OLMOS (HFBP-A000184),REIMPORTACION,F005-00008285A,6.00,UN,USD,"97,187.00","97,187.00",N/A,CIF,SEA,FCL,MEXICO,MANZANILLO,CALLAO,1,40 HC,6,NA,NA,NA,DIRECTO,CMA CGM,MXO0700129,CMAU7462371,,5/6/2024,23,ITRL220171,CMA CGM ALASKA 0MHMGW1MA,19/6/2024,25,NO,NA,IMUPESA,LIP,8049,17/6/2024,26/6/2024,118-2024-30-000101-01-3-00,20/6/2024,21/6/2024,2/7/2024,NA,NA,2/7/2024,NA,4/7/2024,NA,LIP,5/7/2024,27,OLMOS,5/7/2024,27,5/7/2024,,NA,NA,N/A,,
2023-2024,LIQUIDADO,24-041-HPER,PEA23Z9901,CORPORATIVO,HF MEXICO,MAQUINARIA,LINEA 1 - CHAO (HFPE-A001408),REIMPORTACION,F005-00008280A,6.00,UN,USD,"71,703.00","71,703.00",N/A,CIF,SEA,FCL,MEXICO,MANZANILLO,CALLAO,1,40 HC,6,4/7/2024,NA,NA,DIRECTO,CMA CGM,MXO0700129,CMAU6373705,,5/6/2024,23,ITRL220170,CMA CGM ALASKA 0MHMGW1MA,19/6/2024,25,NO,NA,IMUPESA,LIP,9122,17/6/2024,8/7/2024,118-2024-30-000114-01-8-00,20/6/2024,21/6/2024,15/7/2024,NA,NA,2/7/2024,NA,15/7/2024,NA,LIP,16/7/2024,29,CHAO,16/7/2024,29,17/7/2024,T001-3352,NA,"OK.En CP el nombre es 24-041-HPER,en la planilla PEA23Z9901[24-041-HPER//CMAU6373705]",PEA23Z9901,,
2023-2024,LIQUIDADO,24-041-HPER,PEA23Z9901,CORPORATIVO,HF MEXICO,MAQUINARIA,LINEA 2 - CHAO (HFPE-A001406),REIMPORTACION,F005-00008281A,6.00,UN,USD,"71,734.00","71,734.00",N/A,CIF,SEA,FCL,MEXICO,MANZANILLO,CALLAO,1,40 HC,6,4/7/2024,NA,NA,DIRECTO,CMA CGM,MXO0700129,TCNU3145831,,5/6/2024,23,ITRL220170,CMA CGM ALASKA 0MHMGW1MA,19/6/2024,25,NO,NA,IMUPESA,LIP,9122,17/6/2024,8/7/2024,118-2024-30-000114-01-8-00,20/6/2024,21/6/2024,15/7/2024,NA,NA,2/7/2024,NA,15/7/2024,NA,LIP,16/7/2024,29,CHAO,16/7/2024,29,17/7/2024,T001-3354,NA,"OK.En CP el nombre es 24-041-HPER,en la planilla PEA23Z9901[24-041-HPER//TCNU3145831]",PEA23Z9901,,
2023-2024,LIQUIDADO,24-041-HPER,PEA23Z9901,CORPORATIVO,HF MEXICO,MAQUINARIA,DESAPILADORA,REIMPORTACION,F005-00008281A,6.00,UN,USD,"10,295.46","10,295.46",N/A,CIF,SEA,FCL,MEXICO,MANZANILLO,CALLAO,-,40 HC,1,4/7/2024,NA,NA,DIRECTO,CMA CGM,MXO0700129,TCNU3145831,,5/6/2024,23,ITRL220170,CMA CGM ALASKA 0MHMGW1MA,19/6/2024,25,NO,NA,IMUPESA,LIP,9121,17/6/2024,8/7/2024,118-2024-30-000113-01-1-00,20/6/2024,21/6/2024,17/7/2024,NA,NA,2/7/2024,NA,18/7/2024,NA,LIP,19/7/2024,29,CHAO,19/7/2024,29,22/7/2024,T001-3387,NA,"OK.En CP el nombre es 24-041-HPER,en la planilla PEA23Z9901[24-041-HPER//TCNU3145831]",PEA23Z9901,,
2023-2024,LIQUIDADO,24-041-HPER,PEA23Z9901,CORPORATIVO,HF MEXICO,MAQUINARIA,LINEA 3 - CHAO (HFPE-A003891),REIMPORTACION,F005-00008282A,6.00,UN,USD,"93,629.00","93,629.00",N/A,CIF,SEA,FCL,MEXICO,MANZANILLO,CALLAO,1,40 HC,6,4/7/2024,NA,NA,DIRECTO,CMA CGM,MXO0700129,TCNU2868693,,5/6/2024,23,ITRL220170,CMA CGM ALASKA 0MHMGW1MA,19/6/2024,25,NO,NA,IMUPESA,LIP,9122,17/6/2024,8/7/2024,118-2024-30-000114-01-8-00,20/6/2024,21/6/2024,15/7/2024,NA,NA,2/7/2024,NA,15/7/2024,NA,LIP,16/7/2024,29,CHAO,16/7/2024,29,17/7/2024,T001-3353,NA,"OK.En CP el nombre es 24-041-HPER,en la planilla PEA23Z9901[24-041-HPER//TCNU2868693]",PEA23Z9901,,
2023-2024,ENTREGADO,24-007-HFEB,4700003256,VICTOR,SMARTPACK,SPAREPARTS,RPTOS VARIOS PARA MAQUINA HEAT SEALER,-,191,13.00,UN,USD,"7,880.00","7,880.00",30,EXW,AIR,AIR,CHILE,SANTIAGO,LIMA,NA,NA,1,NA,6/6/2024,13/6/2024,AIRSEALOG,SKY,605-00486581,NA,20/6/2024,27/6/2024,26,PELIM24084B,SKY AIRLINES,27/6/2024,26,NO,NA,ALFOSAC,LIP,8293,24/6/2024,24/6/2024,235-2024-10-095288-01-2-00,NA,NA,27/6/2024,NA,NA,NA,NA,NA,,,1/7/2024,27,OLMOS,1/7/2024,27,,,,NA,4700003256,,
2023-2024,ENTREGADO,24-005-HFEB,4700003251,FIORELLA,QUALIBIO,E & E,PUNNET CELULOSA EC 2843 Base,-,A-0381,"393,120.00",UN,EUR,"43,636.32","47,999.95",0,EXW,SEA,FCL,PAISES BAJOS,ROTTERDAM,CALLAO,1,40 HC,624,NA,6/5/2024,10/5/2024,AIRSEALOG,MSC,356SL1914105,BMOU4552442,21/5/2024,31/5/2024,22,SBNL00199395,MSC SASHA NX422A,28/6/2024,26,NO,NA,IMUPESA,AVM,24/000688,17/6/2024,21/6/2024,118-2024-10-231489-01-7-00,,,28/6/2024,NA,NA,,,,,AVM,4/7/2024,27,OLMOS,4/7/2024,27,,,,NA,4700003251,,
2023-2024,LIQUIDADO,24-043-HPER,4700003337,OMAR,BIOCONSUL,AGQ,ORGANCAB K (ABONO ORGANICO),-,BE017/24,"20,000.00",LT,EUR,"15,000.00","16,500.00",60,EXW,SEA,FCL,ESPAÑA,VALENCIA,CALLAO,1,40 HC,20,10/6/2024,21/5/2024,21/5/2024,FORBIS,MSC,048IBC0351052,MSMU8165831,30/5/2024,3/6/2024,23,FBME2407040/1,MSC SASHA NX422A,28/6/2024,26,SI,29/5/2024,IMUPESA,PASOC,113234,17/6/2024,25/6/2024,118-2024-10-235240-01-3-00,29/6/2024,30/6/2024,28/6/2024,NA,NA,,PASOC,2/7/2024,T001-2542938,GUZMAN,2/7/2024,27,CHAO - FUNDO,5/7/2024,27,6/7/2024,0010-036059,EG07-00000473,OK[24-043-HPER/4700003337/MSMU8165831],4700003337,,
2023-2024,LIQUIDADO,24-051-HPER,4700003244,MELANIE,UNITEC,SPAREPARTS,REPUESTOS VARIOS,-,234,20.00,UN,EUR,"2,027.70","2,230.47",0,EXW,AIR,AIR,CHILE,SANTIAGO,LIMA,NA,NA,1,NA,17/6/2024,19/6/2024,FORBIS,KOREAN,180-13724410,,26/6/2024,28/6/2024,26,S2406296757,KE0274/28,28/6/2024,26,SI,27/6/2024,SHOHIN,LIP,8472,27/6/2024,27/6/2024,235-2024-10-097488-01-9-00,29/6/2024,29/6/2024,2/7/2024,NA,NA,NA,LIP,4/7/2024,T001-3247,GUZMAN,4/7/2024,27,SALAVERRY,5/7/2024,27,6/7/2024,V002-000051,EG07-00000474,NA,4700003244,,
2023-2024,LIQUIDADO,24-051-HPER,4700003323,GONZALO,UNITEC,SPAREPARTS,REPUESTOS VARIOS,-,233,14.00,UN,EUR,"2,087.15","2,295.87",0,EXW,AIR,AIR,CHILE,SANTIAGO,LIMA,NA,NA,1,NA,17/6/2024,19/6/2024,FORBIS,KOREAN,180-13724410,,26/6/2024,28/6/2024,26,S2406296757,KE0274/28,28/6/2024,26,SI,27/6/2024,SHOHIN,LIP,8472,27/6/2024,27/6/2024,235-2024-10-097488-01-9-00,29/6/2024,29/6/2024,2/7/2024,NA,NA,NA,LIP,4/7/2024,T001-3247,GUZMAN,4/7/2024,27,SALAVERRY,5/7/2024,27,6/7/2024,V002-000051,EG07-00000474,NA,4700003323,,
2023-2024,LIQUIDADO,24-051-HPER,4700003335,GONZALO,UNITEC,SPAREPARTS,REPUESTOS VARIOS,-,235,252.00,UN,EUR,"9,406.43","10,347.07",0,EXW,AIR,AIR,CHILE,SANTIAGO,LIMA,NA,NA,-,NA,17/6/2024,19/6/2024,FORBIS,KOREAN,180-13724410,,26/6/2024,28/6/2024,26,S2406296757,KE0274/28,28/6/2024,26,SI,27/6/2024,SHOHIN,LIP,8472,27/6/2024,27/6/2024,235-2024-10-097488-01-9-00,29/6/2024,29/6/2024,2/7/2024,NA,NA,NA,LIP,4/7/2024,T001-3247,GUZMAN,4/7/2024,27,SALAVERRY,5/7/2024,27,6/7/2024,V002-000051,EG07-00000474,NA,4700003335,,
2023-2024,LIQUIDADO,24-051-HPER,4700003335,GONZALO,UNITEC,SPAREPARTS,REPUESTOS VARIOS,-,236,142.00,UN,EUR,"5,378.72","5,916.59",0,EXW,AIR,AIR,CHILE,SANTIAGO,LIMA,NA,NA,-,NA,17/6/2024,19/6/2024,FORBIS,KOREAN,180-13724410,,26/6/2024,28/6/2024,26,S2406296757,KE0274/28,28/6/2024,26,SI,27/6/2024,SHOHIN,LIP,8472,27/6/2024,27/6/2024,235-2024-10-097488-01-9-00,29/6/2024,29/6/2024,2/7/2024,NA,NA,NA,LIP,4/7/2024,T001-3247,GUZMAN,4/7/2024,27,SALAVERRY,5/7/2024,27,6/7/2024,V002-000051,EG07-00000474,NA,4700003335,,
2023-2024,LIQUIDADO,24-051-HPER,4700003335,GONZALO,UNITEC,SPAREPARTS,REPUESTOS VARIOS,-,237,246.00,UN,EUR,"8,599.14","9,459.05",0,EXW,AIR,AIR,CHILE,SANTIAGO,LIMA,NA,NA,-,NA,17/6/2024,19/6/2024,FORBIS,KOREAN,180-13724410,,26/6/2024,28/6/2024,26,S2406296757,KE0274/28,28/6/2024,26,SI,27/6/2024,SHOHIN,LIP,8472,27/6/2024,27/6/2024,235-2024-10-097488-01-9-00,29/6/2024,29/6/2024,2/7/2024,NA,NA,NA,LIP,4/7/2024,T001-3247,GUZMAN,4/7/2024,27,SALAVERRY,5/7/2024,27,6/7/2024,V002-000051,EG07-00000474,NA,4700003335,,
2023-2024,LIQUIDADO,24-051-HPER,4700003335,GONZALO,UNITEC,SPAREPARTS,REPUESTOS VARIOS,-,238,139.00,UN,EUR,"8,372.91","9,210.20",0,EXW,AIR,AIR,CHILE,SANTIAGO,LIMA,NA,NA,-,NA,17/6/2024,19/6/2024,FORBIS,KOREAN,180-13724410,,26/6/2024,28/6/2024,26,S2406296757,KE0274/28,28/6/2024,26,SI,27/6/2024,SHOHIN,LIP,8472,27/6/2024,27/6/2024,235-2024-10-097488-01-9-00,29/6/2024,29/6/2024,2/7/2024,NA,NA,NA,LIP,4/7/2024,T001-3247,GUZMAN,4/7/2024,27,SALAVERRY,5/7/2024,27,6/7/2024,V002-000051,EG07-00000474,NA,4700003335,,
2023-2024,SIN GASTOS,24-058-HPER,NA,GONZALO,RITEC,EQP & INST,REPOSICION,SAMPLE,,57.00,UN,EUR,55.68,61.25,0,DDP,AIR,AIR,ESPAÑA,MADRID,LIMA,NA,NA,1,NA,NA,NA,COURIER,UPS,,NA,,13/6/2024,24,1Z97900A0424225452,UPS COURIER,28/6/2024,26,NO,NA,NA,LIP,NA,NA,21/6/2024,235-2024-28-01022359-41-4-00,,,21/6/2024,NA,NA,NA,,,,,3/7/2024,27,SALAVERRY,,52,,,,NA,NA,,
2023-2024,SIN GASTOS,24-056-HPER,N/A,ZANDER,UPAJ,E & E,PLASTIC CONTAINER,SAMPLE,,1.00,,USD,,0.00,0,DAP,AIR,AIR,INDIA,INDIA,LIMA,NA,NA,1,NA,NA,NA,COURIER,FEDEX,776862194364,,,,52,776862194364,DHL COURIER,3/7/2024,27,NO,NA,NA,PASOC,,,,,,,,NA,NA,,,,,,3/7/2024,27,,,52,,,,NA,N/A,,
2024-2025,LIQUIDADO,24-061-HPER,4700003372,OMAR,CODIAGRO,AGQ,FITOKONTROL-K,-,563,"8,000.00",LT,EUR,"25,728.00","28,300.80",0,EXW,AIR,AIR,ESPAÑA,MADRID,LIMA,NA,NA,8,NA,2/7/2024,3/7/2024,NOATUM,IBERIA,075-63436903,NA,,11/7/2024,28,075-63436903,IB6659,12/7/2024,28,SI,8/7/2024,SAASA,PASOC,115507,10/7/2024,12/7/2024,235-2024-10-105295-01-2-01,12/7/2024,13/7/2024,15/7/2024,NA,NA,NA,PASOC,16/7/2024,T001-2544121,GUZMAN,16/7/2024,29,CHAO - ALMACEN,17/7/2024,29,18/7/2024,EG03-00000060,EG07-00000514,NA,4700003372,,
2024-2025,LIQUIDADO,24-061-HPER,4700003395,OMAR,CODIAGRO,AGQ,FITOKONTROL-K,-,563,"2,000.00",LT,EUR,"25,728.00","28,300.80",0,EXW,AIR,AIR,ESPAÑA,MADRID,LIMA,NA,NA,2,NA,2/7/2024,3/7/2024,NOATUM,IBERIA,075-63436903,NA,,11/7/2024,28,075-63436903,IB6659,12/7/2024,28,SI,8/7/2024,SAASA,PASOC,115507,10/7/2024,12/7/2024,235-2024-10-106091-01-1-00,12/7/2024,13/7/2024,15/7/2024,NA,NA,NA,PASOC,16/7/2024,T001-2544122,GUZMAN,16/7/2024,29,CHAO - ALMACEN,17/7/2024,29,18/7/2024,EG03-00000060,EG07-00000514,NA,4700003395,,
2023-2024,LIQUIDADO,24-059-HPER,4700003380,GERMAN,JAPAN MACHINERY,MAQUINARIA,MAQUINA PODADORA,-,4021-2024,1.00,UN,USD,"1,201.35","1,201.35",0,EXW,AIR,AIR,JAPON,NARITA,LIMA,NA,NA,1,NA,26/6/2024,28/6/2024,AIRSEALOG,DELTA,006-52382890,NA,8/7/2024,13/7/2024,28,HFI15248921,DL151,14/7/2024,28,SI,11/7/2024,ALFOSAC,LIP,9363,11/7/2024,12/7/2024,235-2024-10-105964-01-1-00,14/7/2024,14/7/2024,15/7/2024,NA,NA,NA,LIP,16/7/2024,T001-3358,GUZMAN,16/7/2024,29,CHAO-ALMACEN,18/7/2024,29,26/8/2024,EG03-00000045,T013-00000084,NA,4700003380,,
2024-2025,LIQUIDADO,24-063-HPER,4700003426,HUB,HF MEXICO,PLANTAS,PLANTAS IN VITRO,SAMPLE,2024-003,645.00,UN,USD,"1,580.25","1,580.25",0,CPT,AIR,AIR,MEXICO,GUADALAJARA,LIMA,NA,NA,1,NA,NA,NA,DIRECTO,AEROMEXICO,139-46552612,NA,NA,13/7/2024,28,139-46552612,AEROMEXICO,15/7/2024,29,SI,15/7/2024,SAASA,AVM,24/000804,15/7/2024,15/7/2024,235-2024-10-107617-01-7-01,15/7/2024,15/7/2024,16/7/2024,17/7/2024,17/7/2024,NA,NA,17/7/2024,NA,AVM,18/7/2024,29,CHAO - VIVEROS,18/7/2024,29,22/7/2024,T001-1701,NA,NA,4700003426,,
2024-2025,SIN GASTOS,24-064-HPER,PEA2H10101,FIORELLA,ASSOCIATED LBL,E & E,ETIQUETAS,SAMPLE,24156650,1.00,UN,USD,14.67,14.67,0,,AIR,AIR,CANADA,BRITSH COLUMBIA,LIMA,NA,NA,1,NA,NA,NA,COURIER,DHL,5771374420,NA,NA,9/7/2024,28,5771374420,DHL COURIER,15/7/2024,29,NO,NA,NA,DHL,,,,,,,,NA,NA,,,,,,15/7/2024,29,SALAVERRY,15/7/2024,29,19/7/2024,,,NA,PEA2H10101,,
2023-2024,LIQUIDADO,24-062-HPER,4700003327,GONZALO,SMARTPACK,SPAREPARTS,RPTOS VARIOS PARA MAQUINA HEAT SEALER,-,194,71.00,UN,USD,"11,087.00","11,087.00",30,EXW,AIR,AIR,CHILE,SANTIAGO,LIMA,NA,NA,1,NA,4/7/2024,8/7/2024,AIRSEALOG,,703-20378901,NA,11/7/2024,16/7/2024,29,703-20378901,JA797,16/7/2024,29,SI,10/7/2024,ALFOSAC,LIP,9451,12/7/2024,12/7/2024,235-2024-10-106760-01-0-01,16/7/2024,16/7/2024,17/7/2024,NA,NA,NA,LIP,18/7/2024,T001-3381,GUZMAN,18/7/2024,29,SALAVERRY,2/8/2024,31,3/8/2024,EG03-00000125,EG07-00000533,NA,4700003327,,
2023-2024,LIQUIDADO,24-062-HPER,4700003349,GONZALO,SMARTPACK,SPAREPARTS,RPTOS VARIOS PARA MAQUINA HEAT SEALER,-,195,4.00,UN,USD,"3,522.00","3,522.00",30,EXW,AIR,AIR,CHILE,SANTIAGO,LIMA,NA,NA,-,NA,4/7/2024,8/7/2024,AIRSEALOG,,703-20378901,NA,11/7/2024,16/7/2024,29,703-20378901,JA797,16/7/2024,29,SI,10/7/2024,ALFOSAC,LIP,9451,12/7/2024,12/7/2024,235-2024-10-106760-01-0-01,16/7/2024,16/7/2024,17/7/2024,NA,NA,NA,LIP,18/7/2024,T001-3381,GUZMAN,18/7/2024,29,SALAVERRY,2/8/2024,31,3/8/2024,EG03-00000125,EG07-00000533,NA,4700003349,,
2023-2024,LIQUIDADO,24-053-HPER,4700003381,GONZALO,AGROGENIUS,EQP & INST,BAXLOS,-,INV-2024062401,18.00,UN,USD,"20,588.77","20,588.77",0,DDP,AIR,AIR,USA,MIAMI,LIMA,NA,NA,1,NA,NA,NA,COURIER,UPS,1ZW012W96710482159,,,8/7/2024,28,1ZW012W96710482159,UPS COURIER,17/7/2024,29,NO,NA,NA,UPS,NA,NA,10/7/2024,235-2024-10-104818-01-1-01,,,,NA,NA,NA,NA,NA,NA,NA,17/7/2024,29,SALAVERRY,17/7/2024,29,18/7/2024,,,NA,4700003381,,
2023-2024,LIQUIDADO,24-047-HPER,4700003341,OMAR,EDEN,AGQ,DISPER COMPLEX,-,2024-1640,"20,000.00",KG,EUR,"148,000.00","162,800.00",90,EXW,SEA,FCL,ESPAÑA,VALENCIA,CALLAO,1,40 HC,40,19/6/2024,5/6/2024,5/6/2024,FORBIS,MSC,048IBC0352190,MEDU9439213,,19/6/2024,25,MEDUD8625755,MSC PALAK NX425A,18/7/2024,29,SI,19/6/2024,IMUPESA,PASOC,115386,9/7/2024,17/7/2024,118-2024-10-266883-01-3-00,19/7/2024,20/7/2024,18/7/2024,NA,NA,31/7/2024,PASOC,24/7/2024,T001-254404,GUZMAN,24/7/2024,30,CHAO ALMACEN,26/7/2024,30,26/7/2024,EG03-00000084,EG07-00000518,OK[24-047-HPER/4700003341/MEDU9439213],4700003341,,
2023-2024,LIQUIDADO,24-049-HPER,4700003308,GONZALO,PROJAR,SUSTRATOS,FIBRA DE COCO,-,FE24-00645,24.00,UN,EUR,"10,232.00","11,255.20",60,CIF,SEA,FCL,ESPAÑA,ALMERIA,CALLAO,1,40 HC,24,10/6/2024,NA,NA,DIRECTO,MSC,EBKG08991203,INKU6706531,31/5/2024,10/6/2024,24,MEDUVB682957,MSC PALAK NX425A,18/7/2024,29,NO,NA,IMUPESA,AVM,24/000784,9/7/2024,17/7/2024,118-2024-10-268234-01-2-00,19/7/2024,20/7/2024,18/7/2024,25/7/2024,9/8/2024,1/8/2024,AVM,10/8/2024,T001-1795,GUZMAN,10/8/2024,32,CHAO-ALMACEN,15/8/2024,33,28/8/2024,,EG07-00000560,OK[24-049-HPER/4700003308/INKU6706531],4700003308,,
2023-2024,LIQUIDADO,24-049-HPER,4700003308,GONZALO,PROJAR,SUSTRATOS,FIBRA DE COCO,-,FE24-00645,17.00,UN,EUR,"7,831.00","8,614.10",60,CIF,SEA,FCL,ESPAÑA,ALMERIA,CALLAO,1,40 HC,17,10/6/2024,NA,NA,DIRECTO,MSC,EBKG08991203,MSMU4844177,31/5/2024,10/6/2024,24,MEDUVB682957,MSC PALAK NX425A,18/7/2024,29,NO,NA,IMUPESA,AVM,24/000784,9/7/2024,17/7/2024,118-2024-10-268234-01-2-00,19/7/2024,20/7/2024,18/7/2024,25/7/2024,9/8/2024,1/8/2024,AVM,10/8/2024,T001-1796,GUZMAN,10/8/2024,32,CHAO-ALMACEN,15/8/2024,33,28/8/2024,EG07-00000189,EG07-00000561,OK[24-049-HPER/4700003308/MSMU4844177],4700003308,,
2023-2024,LIQUIDADO,24-049-HPER,4700003308,GONZALO,PROJAR,SUSTRATOS,TURBA,-,FE24-00645,7.00,UN,EUR,"4,009.00","4,409.90",60,CIF,SEA,LCL,ESPAÑA,ALMERIA,CALLAO,-,NA,7,10/6/2024,NA,NA,DIRECTO,MSC,EBKG08991203,MSMU4844177,31/5/2024,10/6/2024,24,MEDUVB682957,MSC PALAK NX425A,18/7/2024,29,NO,NA,IMUPESA,AVM,24/000784,9/7/2024,17/7/2024,118-2024-10-268234-01-2-00,19/7/2024,20/7/2024,18/7/2024,25/7/2024,9/8/2024,1/8/2024,AVM,10/8/2024,T001-1796,GUZMAN,10/8/2024,32,CHAO-ALMACEN,15/8/2024,33,28/8/2024,EG07-00000189,EG07-00000561,OK[24-049-HPER/4700003308/MSMU4844177],4700003308,,
2023-2024,LIQUIDADO,24-046-HPER,4700003344,OMAR,BIOCONSUL,AGQ,ORGANCAB K (ABONO ORGANICO),-,BE018/24,"20,000.00",LT,EUR,"15,000.00","16,500.00",60,EXW,SEA,FCL,ESPAÑA,VALENCIA,CALLAO,1,40 HC,20,10/6/2024,28/5/2024,5/6/2024,CH ROBINSON,HAPAG,,HLBU2438710,,15/6/2024,24,477663303ALC,CALLAO EXPRESS 4224S,19/7/2024,29,SI,11/6/2024,IMUPESA,PASOC,115504,10/7/2024,17/7/2024,118-2024-10-267183-01-5-00,20/7/2024,21/7/2024,19/7/2024,NA,NA,1/8/2024,PASOC,25/7/2024,T001-2544778,GUZMAN,25/7/2024,30,CHAO ALMACEN,2/8/2024,31,3/8/2024,EG03-00000123,EG07-00000532,"Carga completa.Falto en CP. BL,booking[24-046-HPER/4700003344/HLBU2438710]",4700003344,,
2023-2024,LIQUIDADO,24-046-HPER,4700003344,OMAR,BIOCONSUL,AGQ,ORGANCAB K (ABONO ORGANICO),-,BE018/24,"20,000.00",LT,EUR,"15,000.00","16,500.00",60,EXW,SEA,FCL,ESPAÑA,VALENCIA,CALLAO,1,40 HC,20,10/6/2024,28/5/2024,5/6/2024,CH ROBINSON,HAPAG,,BMOU6675214,,15/6/2024,24,477663303ALC,CALLAO EXPRESS 4224S,19/7/2024,29,SI,11/6/2024,IMUPESA,PASOC,115504,10/7/2024,17/7/2024,118-2024-10-267183-01-5-00,20/7/2024,21/7/2024,19/7/2024,NA,NA,1/8/2024,PASOC,25/7/2024,T001-2544777,GUZMAN,25/7/2024,30,CHAO ALMACEN,2/8/2024,31,3/8/2024,EG03-00000122,EG07-00000529,"Carga completa.Falto en CP. BL,booking[24-046-HPER/4700003344/BMOU6675214]",4700003344,,
2024-2025,LIQUIDADO,24-065-HPER,4700003348,GONZALO,A&B,SPAREPARTS,RPTOS VARIOS PARA MAQUINA PESADORA DE ARANDANOS A&B,-,20689,88.00,UN,USD,"4,756.44","4,756.44",0,EXW,AIR,AIR,USA,MIAMI,LIMA,NA,NA,2,NA,9/7/2024,22/7/2024,AIRSEALOG,,658-30803706,NA,,4/8/2024,31,80AMIA244052,NC0862,4/8/2024,31,SI,2/8/2024,ALFOSAC,LIP,10892,2/8/2024,2/8/2024,235-2024-10-118168-01-4-00,,,4/8/2024,NA,NA,,LIP,7/8/2024,T001-3544,GUZMAN,7/8/2024,32,SALAVERRY,14/8/2024,33,15/8/2024,EG03-00000169,EG07-00000549,NA,4700003348,,
2024-2025,LIQUIDADO,24-065-HPER,4700003362,GONZALO,A&B,SPAREPARTS,RPTOS VARIOS PARA MAQUINA PESADORA DE ARANDANOS A&B,-,20690,6.00,UN,USD,421.20,421.20,0,EXW,AIR,AIR,USA,MIAMI,LIMA,NA,NA,1,NA,9/7/2024,22/7/2024,AIRSEALOG,,658-30803706,NA,,4/8/2024,31,80AMIA244052,NC0862,4/8/2024,31,SI,2/8/2024,ALFOSAC,LIP,10892,2/8/2024,2/8/2024,235-2024-10-118168-01-4-00,,,4/8/2024,NA,NA,,LIP,7/8/2024,T001-3544,GUZMAN,7/8/2024,32,SALAVERRY,14/8/2024,33,15/8/2024,EG03-00000169,EG07-00000549,NA,4700003362,,
2024-2025,LIQUIDADO,24-067-HPER,4700003414,OMAR,PROMISOL,AGQ,PROMI-CALFOR,-,F/24337,"8,000.00",KG,EUR,"27,740.00","30,514.00",90,EXW,AIR,AIR,ESPAÑA,BARCELONA,LIMA,NA,NA,7,NA,16/7/2024,24/7/2024,AIRSEALOG,KLM,074-01985432,NA,29/7/2024,5/8/2024,32,074-01985432,KL0743,5/8/2024,32,SI,2/8/2024,SHOHIN,PASOC,117868,2/8/2024,2/8/2024,235-2024-10-118612-01-1-01,5/8/2024,5/8/2024,5/8/2024,NA,NA,NA,PASOC,8/8/2024,T001-2545787,GUZMAN,8/8/2024,32,CHAO-ALMACEN,14/8/2024,33,14/8/2024,EG03-00000170,EG07-00000548,NA,4700003414,,
2023-2024,LIQUIDADO,24-057-HPER,4700003371,OMAR,PROMISOL,AGQ,PROMI-CALFOR,-,F/24301,"24,000.00",KG,EUR,"83,220.00","91,542.00",90,EXW,SEA,FCL,ESPAÑA,BARCELONA,CALLAO,1,20 ST,20,8/7/2024,27/6/2024,1/7/2024,FORBIS,HAPAG,13780890,FTAU1194955,,14/7/2024,28,FBME2408911/1,VALPARAISO EXPRESS 4227S,9/8/2024,32,SI,15/7/2024,IMUPESA,AVM,24/000925,5/8/2024,8/8/2024,118-2024-10-296838-01-6-00,10/8/2024,10/8/2024,8/8/2024,NA,NA,,AVM,13/8/2024,T001-1811,GUZMAN,13/8/2024,33,CHAO-ALMACEN,14/8/2024,33,14/8/2024,EG03-00000181,EG07-00000552,Completado[24-057-HPER/4700003371/FTAU1194955],4700003371,,
2023-2024,LIQUIDADO,24-052-HPER,4700003339,OMAR,CODIAGRO,AGQ,FITOKONTROL-K,-,500,"17,000.00",LT,EUR,"43,737.60","48,111.36",0,EXW,SEA,FCL,ESPAÑA,VALENCIA,CALLAO,1,20 ST,17,26/6/2024,12/6/2024,12/6/2024,FORBIS,HAPAG,15818427,HLXU1034901,21/6/2024,28/6/2024,26,FBME2408072/1,VALPARAISO EXPRESS 4227S,9/8/2024,32,SI,26/6/2024,IMUPESA,AVM,24/000924,5/8/2024,7/8/2024,118-2024-10-295683-01-9-00,10/8/2024,10/8/2024,8/8/2024,NA,NA,,AVM,13/8/2024,T001-1810,GUZMAN,13/8/2024,33,CHAO-ALMACEN,14/8/2024,33,16/8/2024,EG03-00000182,EG07-00000556,"Carga completada.Quedó en CP. bl en la carga,booking[24-052-HPER/4700003339/HLXU1034901]",4700003339,,
2023-2024,LIQUIDADO,24-052-HPER,4700003339,OMAR,CODIAGRO,AGQ,FITOKONTROL-K,-,500,"17,000.00",LT,EUR,"43,737.60","48,111.36",0,EXW,SEA,FCL,ESPAÑA,VALENCIA,CALLAO,1,20 ST,17,26/6/2024,12/6/2024,12/6/2024,FORBIS,HAPAG,15818427,BMOU2939962,21/6/2024,28/6/2024,26,FBME2408072/1,VALPARAISO EXPRESS 4227S,9/8/2024,32,SI,26/6/2024,IMUPESA,AVM,24/000924,5/8/2024,7/8/2024,118-2024-10-295683-01-9-00,10/8/2024,10/8/2024,8/8/2024,NA,NA,,AVM,13/8/2024,T001-1809,GUZMAN,13/8/2024,33,CHAO-ALMACEN,14/8/2024,33,16/8/2024,EG03-00000180,EG07-00000557,"Carga completada.Quedó en CP. bl en la carga,booking[24-052-HPER/4700003339/BMOU2939962]",4700003339,,
2024-2025,LIQUIDADO,24-073-HPER,4700003396,GONZALO,HOTTINGER,E & E,CELDA CARGA 1 PW6CMR,-,512279409,20.00,UN,EUR,"3,140.00","3,454.00",0,FCA,AIR,AIR,ALEMANIA,FRANKFURT,LIMA,NA,NA,1,NA,NA,NA,COURIER,DHL,5099885431,NA,2/8/2024,2/8/2024,31,5099885431,DHL COURIER,15/8/2024,33,NO,NA,NA,DHL,NA,2/8/2024,2/8/2024,235-2024-10-118582-01-5-00,,,4/8/2024,NA,NA,NA,NA,NA,NA,NA,15/8/2024,33,SALAVERRY,15/8/2024,33,16/8/2024,,,NA,4700003396,,
2023-2024,ENTREGADO,24-008-HFEB,4700003342,OMAR,PROMISOL,AGQ,CYTOFLOW AMIN,-,F/24277,"2,000.00",KG,EUR,"21,200.00","23,320.00",120,EXW,SEA,FCL,ESPAÑA,BARCELONA,CALLAO,1,40 HC,2.5,NA,6/6/2024,11/6/2024,FORBIS,MSC,048IBC0352790,MSMU7728859,18/6/2024,28/6/2024,26,ME2408054/1,MSC ELMA NX429A,16/8/2024,33,NO,NA,IMUPESA,AVM,24/000931,8/8/2024,9/8/2024,118-2024-10-300271-01-8-00,16/8/2024,18/8/2024,16/8/2024,NA,NA,,AVM,21/8/2024,,AVM,23/8/2024,34,OLMOS,23/8/2024,34,,,,NA,4700003342,,
2023-2024,ENTREGADO,24-008-HFEB,4700003342,OMAR,PROMISOL,AGQ,CYTOLAN,-,F/24277,"2,000.00",KG,EUR,"22,100.00","24,310.00",120,EXW,SEA,FCL,ESPAÑA,BARCELONA,CALLAO,-,NA,2.5,NA,6/6/2024,11/6/2024,FORBIS,MSC,048IBC0352790,MSMU7728859,18/6/2024,28/6/2024,26,ME2408054/1,MSC ELMA NX429A,16/8/2024,33,NO,NA,IMUPESA,AVM,24/000931,8/8/2024,9/8/2024,118-2024-10-300271-01-8-00,16/8/2024,18/8/2024,16/8/2024,NA,NA,,AVM,21/8/2024,,AVM,23/8/2024,34,OLMOS,23/8/2024,34,,,,NA,4700003342,,
2023-2024,ENTREGADO,24-008-HFEB,4700003342,OMAR,PROMISOL,AGQ,PROMI FERTIL MIX,-,F/24277,"5,000.00",KG,EUR,"39,250.00","43,175.00",120,EXW,SEA,FCL,ESPAÑA,BARCELONA,CALLAO,-,NA,5,NA,6/6/2024,11/6/2024,FORBIS,MSC,048IBC0352790,MSMU7728859,18/6/2024,28/6/2024,26,ME2408054/1,MSC ELMA NX429A,16/8/2024,33,NO,NA,IMUPESA,AVM,24/000931,8/8/2024,9/8/2024,118-2024-10-300271-01-8-00,16/8/2024,18/8/2024,16/8/2024,NA,NA,,AVM,21/8/2024,,AVM,23/8/2024,34,OLMOS,23/8/2024,34,,,,NA,4700003342,,
2023-2024,ENTREGADO,24-008-HFEB,4700003351,OMAR,PROMISOL,AGQ,MUCIGEL,-,F/24277,"4,000.00",LT,EUR,"34,532.00","37,985.20",120,EXW,SEA,FCL,ESPAÑA,BARCELONA,CALLAO,-,NA,4,NA,6/6/2024,11/6/2024,FORBIS,MSC,048IBC0352790,MSMU7728859,18/6/2024,28/6/2024,26,ME2408054/1,MSC ELMA NX429A,16/8/2024,33,NO,NA,IMUPESA,AVM,24/000931,8/8/2024,9/8/2024,118-2024-10-300271-01-8-00,16/8/2024,18/8/2024,16/8/2024,NA,NA,,AVM,21/8/2024,,AVM,23/8/2024,34,OLMOS,23/8/2024,34,,,,NA,4700003351,,
2023-2024,LIQUIDADO,24-054-HPER,4700003343-2,OMAR,PROMISOL,AGQ,MUCIGEL,-,F/24291,"6,000.00",LT,EUR,"51,798.00","56,977.80",90,EXW,SEA,FCL,ESPAÑA,BARCELONA,CALLAO,1,20 ST,6,28/6/2024,19/6/2024,19/6/2024,FORBIS,MSC,048IBC0353428,MSMU2042280,26/6/2024,30/6/2024,26,FBME2408378/1,MSC ELMA NX429A,16/8/2024,33,SI,28/6/2024,IMUPESA,AVM,24/000926,5/8/2024,9/8/2024,118-2024-10-300005-01-6-00,16/8/2024,18/8/2024,16/8/2024,NA,NA,,AVM,21/8/2024,T001-1859,GUZMAN,21/8/2024,34,CHAO - ALMACEN,23/8/2024,34,24/8/2024,EG03-00000257,EG07-00000584,Carga completada quedó en CP. sin bl[24-054-HPER/4700003343-2/MSMU2042280],4700003343-2,,
2023-2024,LIQUIDADO,24-054-HPER,4700003343-2,OMAR,PROMISOL,AGQ,PROMI-CALFOR,-,F/24291,"16,800.00",KG,EUR,"58,254.00","64,079.40",90,EXW,SEA,FCL,ESPAÑA,BARCELONA,CALLAO,-,20 ST,14,28/6/2024,19/6/2024,19/6/2024,FORBIS,MSC,048IBC0353428,MSMU2042280,26/6/2024,30/6/2024,26,FBME2408378/1,MSC ELMA NX429A,16/8/2024,33,SI,28/6/2024,IMUPESA,AVM,24/000926,5/8/2024,9/8/2024,118-2024-10-300005-01-6-00,16/8/2024,18/8/2024,16/8/2024,NA,NA,,AVM,21/8/2024,T001-1859,GUZMAN,21/8/2024,34,CHAO - ALMACEN,23/8/2024,34,24/8/2024,EG03-00000257,EG07-00000584,Carga completada quedó en CP. sin bl[24-054-HPER/4700003343-2/MSMU2042280],4700003343-2,,
2023-2024,LIQUIDADO,24-055-HPER,4700003370,OMAR,EDEN,AGQ,DISPER COMPLEX,-,2024-1644,"10,000.00",KG,EUR,"74,000.00","81,400.00",90,EXW,SEA,FCL,ESPAÑA,VALENCIA,CALLAO,1,20 ST,20,8/7/2024,20/6/2024,21/6/2024,FORBIS,HAPAG,27863955,HAMU1062927,,13/7/2024,28,FBME2408583/1,CZECH 4228S,16/8/2024,33,SI,11/7/2024,IMUPESA,AVM,24/000932,8/8/2024,12/8/2024,118-2024-10-302205-01-2-00,17/8/2024,18/8/2024,16/8/2024,NA,NA,,AVM,21/8/2024,T001-1861,GUZMAN,21/8/2024,34,CHAO-ALMACEN,23/8/2024,34,24/8/2024,EG03-00000258,EG07-00000585,"Carga completada quedó en CP. sin BL, factura[24-055-HPER/4700003370/HAMU1062927]",4700003370,,
2024-2025,ENTREGADO,24-014-HFEB,4700003376-2,FIORELLA,JCK,E & E,PUNNET 250G H40,-,951,"605,880.00",UN,USD,"20,296.98","20,296.98",120,EXW,SEA,FCL,CHILE,SAN ANTONIO,CALLAO,1,40 HC,748,NA,30/7/2024,30/7/2024,AIRSEALOG,HAPAG,,UACU5796290,7/8/2024,12/8/2024,33,ASLCLS00043433,MAERSK REDWOOD 430W,16/8/2024,33,NO,NA,IMUPESA,PASOC,119093,12/8/2024,16/8/2024,118-2024-10-310728-01-0-00,17/8/2024,18/8/2024,16/8/2024,NA,NA,,PASOC,,,PASOC,22/8/2024,34,OLMOS,22/8/2024,34,,,,NA,4700003376-2,,
2024-2025,SIN GASTOS,24-076-HPER,PEA23U1301,OMAR,DASA,AGQ,GLADIS + CALCIPLANT,SAMPLE,249046,10.00,KG,EUR,5.00,5.50,0,DDP,AIR,AIR,ESPAÑA,BARCELONA,LIMA,NA,NA,1,NA,NA,NA,DIRECTO,DHL,5099807753,NA,5/8/2024,5/8/2024,32,5099807753,DHL COURIER,19/8/2024,34,NO,NA,NA,DHL,NA,,,,,,,NA,NA,,,,,,19/8/2024,34,SALAVERRY,19/8/2024,34,20/8/2024,NA,NA,NA,PEA23U1301,,
2024-2025,LIQUIDADO,24-070-HPER,4700003143-1,HUB,HF GENETICS,PLANTAS,PLANTAS IN VITRO,SAMPLE,7020000390,"100,000.00",UN,USD,"195,000.00","195,000.00",30,CPT,AIR,AIR,CHILE,SANTIAGO,LIMA,NA,NA,2,NA,NA,NA,DIRECTO,KOREAN,180-13785903,NA,,19/8/2024,34,180-13785903,KE0274,19/8/2024,34,SI,17/8/2024,SAASA,AVM,24/000969,17/8/2024,19/8/2024,235-2024-10-127006-01-3-00,19/8/2024,19/8/2024,19/8/2024,21/8/2024,21/8/2024,NA,AVM,21/8/2024,T001-1865,AVM,22/8/2024,34,CHAO - VIVEROS,22/8/2024,34,26/8/2024,NA,NA,NA,4700003143-1,,
2024-2025,ENTREGADO,24-010-HFEB,4700003376-1,FIORELLA,JCK,E & E,PUNNET 250G H40,-,949,"605,880.00",UN,USD,"20,296.98","20,296.98",120,EXW,SEA,FCL,CHILE,SAN ANTONIO,CALLAO,1,40 HC,748,NA,15/7/2024,22/7/2024,AIRSEALOG,HAPAG,,FANU1951124,2/8/2024,16/8/2024,33,ASLCLS00043196,VALPARAISO EXPRESS 4227N,20/8/2024,34,NO,NA,IMUPESA,PASOC,118805,8/8/2024,16/8/2024,118-2024-10-313197-01-6-00,20/8/2024,22/8/2024,21/8/2024,NA,NA,31/8/2024,PASOC,26/8/2024,,PASOC,28/8/2024,35,OLMOS,28/8/2024,35,28/8/2024,,,NA,4700003376-1,,
2024-2025,ENTREGADO,24-009-HFEB,4700003390,OMAR,PROMISOL,AGQ,CYTOLAN,-,F/24314,"2,000.00",KG,EUR,"22,100.00","24,310.00",120,EXW,SEA,FCL,ESPAÑA,BARCELONA,CALLAO,1,20 ST,3,NA,9/7/2024,9/7/2024,FORBIS,MSC,048IBC0355157,BMOU2921921,17/7/2024,26/7/2024,30,FBME2409423/1,MSC LAGOS X NX430A,22/8/2024,34,NO,NA,IMUPESA,AVM,24/000958,15/8/2024,19/8/2024,118-2024-10-314651-01-2-00,23/8/2024,24/8/2024,22/8/2024,NA,NA,,AVM,27/8/2024,,AVM,29/8/2024,35,OLMOS,29/8/2024,35,29/8/2024,,,NA,4700003390,,
2024-2025,ENTREGADO,24-009-HFEB,4700003390,OMAR,PROMISOL,AGQ,PROMI FERTIL MIX,-,F/24314,"5,000.00",KG,EUR,"39,250.00","43,175.00",120,EXW,SEA,FCL,ESPAÑA,BARCELONA,CALLAO,-,-,5,NA,9/7/2024,9/7/2024,FORBIS,MSC,048IBC0355157,BMOU2921921,17/7/2024,26/7/2024,30,FBME2409423/1,MSC LAGOS X NX430A,22/8/2024,34,NO,NA,IMUPESA,AVM,24/000958,15/8/2024,19/8/2024,118-2024-10-314651-01-2-00,23/8/2024,24/8/2024,22/8/2024,NA,NA,,AVM,27/8/2024,,AVM,29/8/2024,35,OLMOS,29/8/2024,35,29/8/2024,,,NA,4700003390,,
2024-2025,ENTREGADO,24-009-HFEB,4700003407,OMAR,PROMISOL,AGQ,MUCIGEL,-,F/24314,"2,000.00",LT,EUR,"17,266.00","18,992.60",120,EXW,SEA,FCL,ESPAÑA,BARCELONA,CALLAO,-,-,2,NA,9/7/2024,9/7/2024,FORBIS,MSC,048IBC0355157,BMOU2921921,17/7/2024,26/7/2024,30,FBME2409423/1,MSC LAGOS X NX430A,22/8/2024,34,NO,NA,IMUPESA,AVM,24/000958,15/8/2024,19/8/2024,118-2024-10-314651-01-2-00,23/8/2024,24/8/2024,22/8/2024,NA,NA,,AVM,27/8/2024,,AVM,29/8/2024,35,OLMOS,29/8/2024,35,29/8/2024,,,NA,4700003407,,
2023-2024,LIQUIDADO,24-050-HPER,4700003343-1,OMAR,PROMISOL,AGQ,MUCIGEL,-,F/24282,"12,000.00",LT,EUR,"103,596.00","113,955.60",90,EXW,SEA,FCL,ESPAÑA,BARCELONA,CALLAO,1,20 ST,12,19/6/2024,6/6/2024,11/6/2024,FORBIS,MSC,048IBC0352930,TGBU3996370,19/6/2024,30/6/2024,26,FBME2408091/1,MSC LAGOS X NX430A,22/8/2024,34,SI,19/6/2024,IMUPESA,AVM,24/000941,12/8/2024,19/8/2024,118-2024-10-314506-01-2-00,23/8/2024,24/8/2024,22/8/2024,NA,NA,,AVM,27/8/2024,T001-1877,GUZMAN,27/8/2024,35,CHAO-ALMACEN,4/9/2024,36,5/9/2024,EG03-00000353,EG07-00000612,Carga completada[24-050-HPER/4700003343-1/TGBU3996370],4700003343-1,,
2023-2024,LIQUIDADO,24-050-HPER,4700003343-1,OMAR,PROMISOL,AGQ,PROMI-CALFOR,-,F/24282,"7,200.00",KG,EUR,"24,966.00","27,462.60",90,EXW,SEA,FCL,ESPAÑA,BARCELONA,CALLAO,-,-,6,19/6/2024,6/6/2024,11/6/2024,FORBIS,MSC,048IBC0352930,TGBU3996370,19/6/2024,30/6/2024,26,FBME2408091/1,MSC LAGOS X NX430A,22/8/2024,34,SI,19/6/2024,IMUPESA,AVM,24/000941,12/8/2024,19/8/2024,118-2024-10-314506-01-2-00,23/8/2024,24/8/2024,22/8/2024,NA,NA,,AVM,27/8/2024,T001-1877,GUZMAN,27/8/2024,35,CHAO-ALMACEN,4/9/2024,36,5/9/2024,EG03-00000353,EG07-00000612,Carga completada[24-050-HPER/4700003343-1/TGBU3996370],4700003343-1,,
2024-2025,LIQUIDADO,24-060-HPER,4700003392,OMAR,BIOCONSUL,AGQ,ORGANCAB K (ABONO ORGANICO),-,BE021/24,"20,000.00",LT,EUR,"15,000.00","16,500.00",60,EXW,SEA,FCL,ESPAÑA,VALENCIA,CALLAO,1,40 HC,20,19/7/2024,1/7/2024,1/7/2024,FORBIS,MSC,EBKG09537313,BMOU5581511,10/7/2024,15/7/2024,29,FBME2409099/1,MSC LAGOS X NX430A,22/8/2024,34,SI,15/7/2024,IMUPESA,AVM,24/000942,12/8/2024,19/8/2024,118-2024-10-314395-01-6-00,23/8/2024,24/8/2024,22/8/2024,NA,NA,,AVM,27/8/2024,T001-1878,GUZMAN,27/8/2024,35,CHAO-ALMACEN,4/9/2024,36,5/9/2024,EG03-00000354,EG07-00000613,Carga completada.Quedó en CP. sin factura[24-060-HPER/4700003392/BMOU5581511],4700003392,,
2023-2024,LIQUIDADO,24-050-HPER,4700003343-1,OMAR,PROMISOL,AGQ,PROMI-CALFOR,-,F/24282,"24,000.00",KG,EUR,"83,220.00","91,542.00",90,EXW,SEA,FCL,ESPAÑA,BARCELONA,CALLAO,1,20 ST,20,19/6/2024,6/6/2024,11/6/2024,FORBIS,MSC,048IBC0352930,TEMU0501040,19/6/2024,30/6/2024,26,FBME2408091/1,MSC LAGOS X NX430A,22/8/2024,34,SI,19/6/2024,IMUPESA,AVM,24/000941,12/8/2024,19/8/2024,118-2024-10-314506-01-2-00,23/8/2024,24/8/2024,22/8/2024,NA,NA,,AVM,27/8/2024,T001-1876,GUZMAN,27/8/2024,35,CHAO-ALMACEN,4/9/2024,36,5/9/2024,EG03-00000356,EG07-00000611,carga completada [24-050-HPER/4700003343-1/TEMU0501040],4700003343-1,,
2024-2025,LIQUIDADO,24-075-HPER,4700003368,GONZALO,INTRALOX,SPAREPARTS,BANDA PLASTICA TRANSPORTADORA,-,42673319,1.00,UN,USD,"4,192.34","4,192.34",0,FCA,AIR,AIR,USA,MIAMI,LIMA,NA,NA,1,NA,13/8/2024,13/8/2024,AIRSEALOG,AIRMAX,658-30803776,NA,15/8/2024,21/8/2024,34,85AMIA244477,AIRMAX,22/8/2024,34,SI,20/8/2024,ALFOSAC,LIP,11964,20/8/2024,20/8/2024,235-2024-10-127934-01-8-00,22/8/2024,22/8/2024,23/8/2024,NA,NA,NA,LIP,26/8/2024,T001-3762,GUZMAN,26/8/2024,35,SALAVERRY,10/9/2024,37,14/9/2024,EG03-00000390,EG07-00000690,NA,4700003368,,
2024-2025,LIQUIDADO,24-074-HPER,4700003388,GONZALO,A&B,SPAREPARTS,RPTOS VARIOS PARA MAQUINA PESADORA DE ARANDANOS A&B,-,20723,1.00,UN,USD,"1,586.15","1,586.15",0,EXW,AIR,AIR,USA,MIAMI,LIMA,NA,NA,1,NA,9/8/2024,12/8/2024,AIRSEALOG,AIRMAX,658-30803776,NA,,21/8/2024,34,84AMIA244477,NC0860,22/8/2024,34,SI,20/8/2024,ALFOSAC,LIP,11965,20/8/2024,20/8/2024,235-2024-10-128027-01-4-00,22/8/2024,22/8/2024,23/8/2024,NA,NA,NA,LIP,26/8/2024,T001-3761,GUZMAN,26/8/2024,35,SALAVERRY,10/9/2024,37,14/9/2024,EG03-00000390,EG07-00000690,NA,4700003388,,
2024-2025,LIQUIDADO,24-074-HPER,4700003411,GONZALO,A&B,SPAREPARTS,RPTOS VARIOS PARA MAQUINA PESADORA DE ARANDANOS A&B,-,20710,62.00,UN,USD,"4,612.74","4,612.74",0,EXW,AIR,AIR,USA,MIAMI,LIMA,NA,NA,2,NA,9/8/2024,12/8/2024,AIRSEALOG,AIRMAX,658-30803776,NA,,21/8/2024,34,84AMIA244477,NC0860,22/8/2024,34,SI,20/8/2024,ALFOSAC,LIP,11965,20/8/2024,20/8/2024,235-2024-10-128027-01-4-00,22/8/2024,22/8/2024,23/8/2024,NA,NA,NA,LIP,26/8/2024,T001-3761,GUZMAN,26/8/2024,35,SALAVERRY,10/9/2024,37,14/9/2024,EG03-00000390,EG07-00000691,NA,4700003411,,
2024-2025,LIQUIDADO,24-079-HPER,4700003143-2,HUB,HF GENETICS,PLANTAS,IMPERIAL,-,7020000392,"312,000.00",UN,USD,"608,400.00","608,400.00",30,CPT,AIR,AIR,CHILE,SANTIAGO,LIMA,NA,NA,10,NA,NA,NA,DIRECTO,KOREAN,180-13786032,NA,,26/8/2024,35,180-13786032,KE0274,26/8/2024,35,SI,24/8/2024,SAASA,AVM,24/001000,24/8/2024,26/8/2024, 235-2024-10-131171-01-5-00,26/8/2024,,26/8/2024,27/7/2024,27/7/2024,NA,NA,28/8/2024,T001-1887,AVM,29/8/2024,35,CHAO - VIVEROS,29/8/2024,35,10/9/2024,T001-1887,NA,NA,4700003143-2,,
2024-2025,ENTREGADO,24-013-HFEB,4700003412,FIORELLA,NOVATEC,E & E,TARIMA PLASTICO,-,CF211570,600.00,UN,USD,"16,891.80","16,891.80",0,CFR,SEA,FCL,MEXICO,MANZANILLO,CALLAO,1,40 HC,600,NA,NA,NA,DIRECTO,HAPAG,67631873,GCXU5949986,15/8/2024,31/8/2024,35,HLCUME3240832109,ITAJAI EXPRESS 2432E,9/9/2024,37,NO,NA,IMUPESA,PASOC,121262,3/9/2024,6/9/2024,118-2024-10-344003-01-9-00,10/9/2024,11/9/2024,10/9/2024,NA,NA,18/9/2024,NA,12/9/2024,,PASOC,13/9/2024,37,OLMOS,13/9/2024,37,,,,NA,4700003412,,
2024-2025,LIQUIDADO,24-086-HPER,4700003143-3,HUB,HF GENETICS,PLANTAS,IMPERIAL,-,7020000404,"87,100.00",UN,USD,"169,845.00","169,845.00",30,CPT,AIR,AIR,CHILE,SANTIAGO,LIMA,NA,NA,4,NA,NA,NA,DIRECTO,KOREAN,180-13788235,NA,,9/9/2024,37,180-13788235,KE0274,9/9/2024,37,SI,9/9/2024,SAASA,AVM,24/001067,9/9/2024,9/9/2024,235-2024-10-139241-01-2-00,9/9/2024,9/9/2024,9/9/2024,11/9/2024,11/9/2024,NA,NA,11/9/2024,T001-1930,AVM,12/9/2024,37,CHAO - VIVEROS,12/9/2024,37,18/9/2024,NA,NA,NA,,,
2024-2025,LIQUIDADO,24-086-HPER,4700003143-3,HUB,HF GENETICS,PLANTAS,RBA-140,-,7020000404,"50,000.00",UN,USD,"97,500.00","97,500.00",30,CPT,AIR,AIR,CHILE,SANTIAGO,LIMA,NA,NA,1,NA,NA,NA,DIRECTO,KOREAN,180-13788235,NA,,9/9/2024,37,180-13788235,KOREAN AIRLINES,9/9/2024,37,SI,9/9/2024,SAASA,AVM,24/001067,9/9/2024,9/9/2024,235-2024-10-139241-01-2-00,9/9/2024,9/9/2024,9/9/2024,11/9/2024,11/9/2024,NA,NA,11/9/2024,T001-1930,AVM,12/9/2024,37,CHAO - VIVEROS,12/9/2024,37,18/9/2024,NA,NA,NA,,,
2024-2025,LIQUIDADO,24-086-HPER,5400000374,HUB,HF GENETICS,PLANTAS,RBA-140,REPOSICION,7020000406,"1,950.00",UN,USD,"3,802.50","3,802.50",30,CPT,AIR,AIR,CHILE,SANTIAGO,LIMA,NA,NA,1,NA,NA,NA,DIRECTO,KOREAN,180-13788235,NA,,9/9/2024,37,180-13788235,KOREAN AIRLINES,9/9/2024,37,SI,9/9/2024,SAASA,AVM,24/001067,9/9/2024,9/9/2024,235-2024-10-139241-01-2-00,9/9/2024,9/9/2024,9/9/2024,11/9/2024,11/9/2024,NA,NA,11/9/2024,T001-1930,AVM,12/9/2024,37,CHAO - VIVEROS,12/9/2024,37,18/9/2024,NA,NA,NA,,,
2024-2025,LIQUIDADO,24-082-HPER,PEA2H10101,DAVID,PROJAR,E & E,MACETAS,SAMPLE,FRCLEM-24-00120,3.00,UN,EUR,1.50,1.65,0,DAP,AIR,AIR,ESPAÑA,MANISES,LIMA,NA,NA,1,NA,NA,NA,COURIER,UPS,1Z48V0570495698394,,,28/8/2024,35,1Z48V0570495698394,UPS COURIER,11/9/2024,37,NO,NA,NA,UPS,NA,NA,3/9/2024,235-2024-28-01842360-41-3-00,,,3/9/2024,NA,NA,,,,,,11/9/2024,37,SALAVERRY,11/9/2024,37,,,,NA,PEA2H10101,,
2024-2025,LIQUIDADO,24-083-HPER,PEA2H10101,DAVID,LINGWODA LOT,SPAREPARTS,MUESTRAS,SAMPLE,F-0004,1.00,UN,USD,0.00,0.00,0,DAP,AIR,AIR,CHINA,SHANGHAI,LIMA,NA,NA,1,NA,NA,NA,COURIER,UPS,1ZC222K50417550524,NA,,28/8/2024,35,1ZC222K50417550524,UPS COURIER,11/9/2024,37,NO,NA,NA,UPS,NA,NA,1/9/2024,235-2024-28-01816309-41-4-00,,,1/9/2024,NA,NA,,,,,,11/9/2024,37,SALAVERRY,11/9/2024,37,,,,NA,PEA2H10101,,
2024-2025,LIQUIDADO,24-081-HPER,PEA2G80202,GUILLERMO,TYPACK MEX,E & E,BANDEJAS DE PLASTICO,SAMPLE,JWDK2N,1.00,UN,USD,20.00,20.00,0,DAP,AIR,AIR,MEXICO,GUADALAJARA,LIMA,NA,NA,1,NA,NA,NA,COURIER,DHL,3268987094,NA,,28/8/2024,35,3268987094,DHL COURIER,12/9/2024,37,NO,NA,NA,DHL,NA,NA,29/8/2024,235-2024-28-01768205-41-7-00,,,2/9/2024,NA,NA,,,,,,12/9/2024,37,SALAVERRY,12/9/2024,37,12/9/2024,NA,NA,NA,PEA2G80202,,
2024-2025,LIQUIDADO,24-084-HPER,PEA2G80202,GUILLERMO,THE COPPER,E & E,TELA CORTADA,SAMPLE,MAN-GWARSV,1.00,UN,USD,1.00,1.00,0,DAP,AIR,AIR,CHILE,SANTIAGO,LIMA,NA,NA,1,NA,NA,NA,COURIER,DHL,2846799502,NA,,30/8/2024,35,2846799502,DHL COURIER,12/9/2024,37,NO,NA,NA,DHL,NA,NA,29/8/2024,235-2024-28-01768205-41-7-00,,,2/9/2024,NA,NA,,,,,,12/9/2024,37,SALAVERRY,12/9/2024,37,12/9/2024,NA,NA,NA,PEA2G80202,,
2024-2025,LIQUIDADO,24-080-HPER,4700003375-1,FIORELLA,JCK,E & E,PUNNET 250G H40,-,957,"260,000.00",UN,USD,"8,710.00","8,710.00",120,EXW,SEA,FCL,CHILE,SAN ANTONIO,CALLAO,1,40 HC,321,6/9/2024,16/8/2024,21/8/2024,AIRSEALOG,HAPAG,,HAMU1783841,4/9/2024,9/9/2024,37,ASLCLS00044169,AMSTERDAM EXPRESS 434W,13/9/2024,37,SI,6/9/2024,IMUPESA,PASOC,121724,10/9/2024,11/9/2024,118-2024-10-348949-01-4-00,14/9/2024,14/9/2024,13/9/2024,NA,NA,,PASOC,17/9/2024,EG07-00008589,GUZMAN,18/9/2024,38,CHAO - ALMACEN,20/9/2024,38,21/9/2024,EG03-488/EG03-590,EG07-732/EG07-794,"Carga completada. Quedó en CP sin bl,booking,punto de llegada[24-080-HPER/4700003375-1/HAMU1783841]",4700003375-1,,
2024-2025,LIQUIDADO,24-080-HPER,4700003492,FIORELLA,JCK,E & E,PUNNET 250G H40,-,957,"345,880.00",UN,USD,"11,586.98","11,586.98",120,EXW,SEA,FCL,CHILE,SAN ANTONIO,CALLAO,-,40 HC,427,6/9/2024,16/8/2024,21/8/2024,AIRSEALOG,HAPAG,,HAMU1783841,4/9/2024,9/9/2024,37,ASLCLS00044169,AMSTERDAM EXPRESS 434W,13/9/2024,37,SI,6/9/2024,IMUPESA,PASOC,121724,10/9/2024,11/9/2024,118-2024-10-348949-01-4-00,14/9/2024,14/9/2024,13/9/2024,NA,NA,,PASOC,17/9/2024,EG07-00008589,GUZMAN,18/9/2024,38,CHAO - ALMACEN,10/10/2024,41,11/10/2024,EG03-651/EG03-604,EG07-807/EG07-853,"Carga completada. Quedó en CP sin bl,booking,punto de llegada[24-080-HPER/4700003492/HAMU1783841]",4700003492,,
2024-2025,LIQUIDADO,24-093-HPER,4700003143-4,HUB,HF GENETICS,PLANTAS,BB14 231,-,7020000410,"100,000.00",UN,USD,"195,000.00","195,000.00",30,CPT,AIR,AIR,CHILE,SANTIAGO,LIMA,NA,NA,9,NA,NA,NA,DIRECTO,KOREAN,180-12636993,NA,,13/9/2024,37,180-12636993,KOREAN AIRLINES,13/9/2024,37,SI,12/9/2024,SAASA,AVM,24/001091,12/9/2024,13/9/2024,235-2024-10-141572-01-2-00,13/9/2024,13/9/2024,13/9/2024,17/9/2024,17/9/2024,NA,NA,18/9/2024,T001-1964,AVM,19/9/2024,38,CHAO - VIVEROS,19/9/2024,38,20/9/2024,NA,NA,NA,,,
2024-2025,LIQUIDADO,24-094-HPER,4700003542,HUB,HF MEXICO,PLANTAS,PLANTAS IN VITRO,SAMPLE,2024-005,85.00,UN,USD,430.00,430.00,0,CPT,AIR,AIR,MEXICO,GUADALAJARA,LIMA,NA,NA,1,NA,NA,NA,DIRECTO,KOREAN,139-46620792,NA,,14/9/2024,37,180-12636993,AEROMEXICO,15/9/2024,37,SI,13/9/2024,SAASA,AVM,24/001106,16/9/2024,16/9/2024,235-2024-10-143275-01-5-00,16/9/2024,16/9/2024,16/9/2024,17/9/2024,17/9/2024,NA,NA,18/9/2024,T001-1966,AVM,19/9/2024,38,CHAO - VIVEROS,19/9/2024,38,20/9/2024,NA,NA,NA,,,
2024-2025,LIQUIDADO,24-095-HPER,4700003143-5,HUB,HF GENETICS,PLANTAS,IMPERIAL,-,7020000408,"124,800.00",UN,USD,"243,360.00","243,360.00",30,CPT,AIR,AIR,CHILE,SANTIAGO,LIMA,NA,NA,4,NA,NA,NA,DIRECTO,KOREAN,180-13789086,NA,,16/9/2024,38,180-13789086,KOREAN AIRLINES,16/9/2024,38,SI,16/9/2024,SAASA,AVM,24/001105,16/9/2024,16/9/2024,235-2024-10-143189-01-1-00,16/9/2024,16/9/2024,16/9/2024,17/9/2024,17/9/2024,NA,NA,18/9/2024,T001-1965,AVM,19/9/2024,38,CHAO - VIVEROS,19/9/2024,38,20/9/2024,NA,NA,NA,,,
2024-2025,LIQUIDADO,24-087-HPER,4700003498,GONZALO,UNITEC,SPAREPARTS,REPUESTOS VARIOS,-,247,3.00,UN,EUR,"5,678.64","6,246.50",30,EXW,AIR,AIR,CHILE,SANTIAGO,LIMA,NA,NA,1,NA,9/9/2024,10/9/2024,FORBIS,JETSMART,703-20384011,NA,,17/9/2024,38,PELIM24128D,JETSMART,17/9/2024,38,SI,16/9/2024,ALFOSAC,LIP,13399,16/9/2024,16/9/2024,235-2024-10-143464-01-2-00,17/9/2024,17/9/2024,17/9/2024,NA,NA,,LIP,18/9/2024,T001-4002,GUZMAN,18/9/2024,38,SALAVERRY,21/9/2024,38,24/9/2024,EG03-00000489,EG07-00000731,NA,4700003498,,
2024-2025,LIQUIDADO,24-087-HPER,4700003367,GONZALO,UNITEC,SPAREPARTS,REPUESTOS VARIOS,-,248,20.00,UN,EUR,"1,622.20","1,784.42",30,EXW,AIR,AIR,CHILE,SANTIAGO,LIMA,NA,NA,-,NA,9/9/2024,10/9/2024,FORBIS,JETSMART,703-20384011,NA,,17/9/2024,38,PELIM24128D,JETSMART,17/9/2024,38,SI,16/9/2024,ALFOSAC,LIP,13399,16/9/2024,16/9/2024,235-2024-10-143464-01-2-00,17/9/2024,17/9/2024,17/9/2024,NA,NA,,LIP,18/9/2024,T001-4002,GUZMAN,18/9/2024,38,SALAVERRY,21/9/2024,38,24/9/2024,EG03-00000489,EG07-00000731,NA,4700003367,,
2024-2025,LIQUIDADO,24-090-HPER,4700003374,GONZALO,A&B,SPAREPARTS,RPTOS VARIOS PARA MAQUINA PESADORA DE ARANDANOS A&B,-,20735,355.00,UN,USD,"17,594.82","17,594.82",0,EXW,AIR,AIR,USA,MIAMI,LIMA,NA,NA,1,NA,10/9/2024,11/9/2024,AIRSEALOG,AIRMAX,658-30807674,NA,,18/9/2024,38,79AMIA244976,AIRMAX,18/9/2024,38,SI,17/9/2024,ALFOSAC,LIP,13479,17/9/2024,17/9/2024,235-2024-10-144285-01-4-01,18/9/2024,18/9/2024,19/9/2024,NA,NA,,LIP,,T001-4013,GUZMAN,20/9/2024,38,SALAVERRY,4/10/2024,40,5/10/2024,EG03-00000603,EG07-00000810,NA,4700003374,,
2024-2025,ENTREGADO,24-011-HFEB,4700003410,OMAR,GREENHOW,AGQ,SULFATO DE POTASIO,-,M-1872,"25,000.00",KG,USD,"27,000.00","27,000.00",120,CIF,SEA,FCL,MEXICO,MANZANILLO,CALLAO,1,20 ST,1000,NA,NA,NA,DIRECTO,PIL,MEX400075700,TGBU3650793,,4/9/2024,36,MEX400075700,WAN HAI 511 VQW50094W,19/9/2024,38,NO,NA,IMUPESA,AVM,24/001064,9/9/2024,11/9/2024,118-2024-10-349320-01-2-00,16/9/2024,,19/9/2024,NA,NA,,NA,24/9/2024,,AVM,25/9/2024,39,OLMOS,25/9/2024,39,,,,NA,4700003410,,
2024-2025,LIQUIDADO,24-077-HPER,4700003405,GONZALO,HAPPYVOLT,SPAREPARTS,EQUIPO DE MEDICION FIRMEZA PRO,-,148,1.00,UN,USD,"2,450.00","2,450.00",0,DAP,AIR,AIR,CHILE,PADAHUEL,LIMA,NA,NA,1,NA,NA,NA,DIRECTO,FEDEX,778063774068,NA,,19/8/2024,34,778063774068,FEDEX COURIER,19/9/2024,38,NO,NA,SCHARFF,SCHARFF,NA,NA,11/9/2024,235-2024-28-02030622-42-0-00,11/9/2024,11/9/2024,14/9/2024,NA,NA,,NA,NA,NA,NA,19/9/2024,38,SALAVERRY,19/9/2024,38,21/9/2024,NA,NA,NA,4700003405,,
2024-2025,LIQUIDADO,24-077-HPER,4700003405,GONZALO,HAPPYVOLT,SPAREPARTS,LICENCIA SOFTWARE,-,109,-,UN,USD,"8,180.00","8,180.00",0,DAP,AIR,AIR,CHILE,PADAHUEL,LIMA,NA,NA,-,NA,NA,NA,DIRECTO,FEDEX,778063774068,NA,,19/8/2024,34,778063774068,FEDEX COURIER,19/9/2024,38,NO,NA,SCHARFF,SCHARFF,NA,NA,11/9/2024,235-2024-28-02030622-42-0-00,11/9/2024,11/9/2024,14/9/2024,NA,NA,,NA,NA,NA,NA,19/9/2024,38,SALAVERRY,19/9/2024,38,21/9/2024,NA,NA,NA,4700003405,,
2024-2025,LIQUIDADO,24-066-HPER,4700003391,OMAR,CODIAGRO,AGQ,FITOKONTROL-K,-,636,"7,000.00",LT,EUR,"18,009.60","19,810.56",0,EXW,SEA,LCL,ESPAÑA,BARCELONA,CALLAO,NA,NA,7,2/8/2024,18/7/2024,24/7/2024,AIRSEALOG,MSC,,MSDU5971396,29/7/2024,14/8/2024,33,VLC/CAL/07392,MSC ANCHORAGE NX434A,19/9/2024,38,SI,31/7/2024,DPW,AVM,24/001098,13/9/2024,16/9/2024,118-2024-10-356544-01-1-00,,,,NA,NA,,AVM,24/9/2024,T001-1992,GUZMAN,24/9/2024,39,CHAO - ALMACEN,4/10/2024,40,,EG03-00000604,EG07-00000808,Completada. Quedó en cp sin punto de llegada[24-066-HPER/4700003391/MSDU5971396],4700003391,,
2024-2025,ENTREGADO,24-012-HFEB,4700003416,OMAR,PROMISOL,AGQ,PROMI-CALFOR,-,F/24347,"6,000.00",KG,EUR,"21,900.00","24,090.00",120,EXW,SEA,LCL,ESPAÑA,BARCELONA,CALLAO,NA,NA,5,NA,22/7/2024,24/7/2024,AIRSEALOG,CMA CGM,S00043236,CMAU9568260,,12/8/2024,33,BCN/CAL/07405,CALLAO EXPRESS 0WCJ1S1MA,26/9/2024,39,NO,NA,IMUPESA,AVM,24/001135,23/9/2024,25/9/2024,118-2024-10-370431-01-4-00,27/9/2024,27/9/2024,26/9/2024,NA,NA,,NA,,,AVM,4/10/2024,40,OLMOS,4/10/2024,40,,,,NA,4700003416,,
2024-2025,ENTREGADO,24-012-HFEB,4700003421,OMAR,PROMISOL,AGQ,CYTOFLOW AMIN,-,F/24347,"2,000.00",KG,EUR,"21,200.00","23,320.00",120,EXW,SEA,LCL,ESPAÑA,BARCELONA,CALLAO,NA,NA,3,NA,26/7/2024,26/7/2024,AIRSEALOG,CMA CGM,S00043236,CMAU9568260,,12/8/2024,33,BCN/CAL/07405,CALLAO EXPRESS 0WCJ1S1MA,26/9/2024,39,NO,NA,IMUPESA,AVM,24/001135,23/9/2024,25/9/2024,118-2024-10-370431-01-4-00,27/9/2024,27/9/2024,26/9/2024,NA,NA,,NA,,,AVM,4/10/2024,40,OLMOS,4/10/2024,40,,,,NA,4700003421,,
2024-2025,LIQUIDADO,24-101-HPER,4700003176,HUB,HF GENETICS,PLANTAS,IMPERIAL,-,7020000413,"250,000.00",UN,USD,"487,500.00","487,500.00",30,CPT,AIR,AIR,CHILE,SANTIAGO,LIMA,NA,NA,15,NA,NA,NA,DIRECTO,KOREAN,180-49612581,NA,,27/9/2024,39,180-49612581,KOREAN AIRLINES,27/9/2024,39,SI,27/9/2024,SAASA,AVM,24/001165,27/9/2024,27/9/2024,235-2024-10-150324-01-8-00,27/9/2024,27/9/2024,27/9/2024,30/9/2024,30/9/2024,NA,NA,1/10/2024,T001-2009,AVM,2/10/2024,40,CHAO - VIVEROS,2/10/2024,40,9/10/2024,NA,NA,NA,4700003176,,
2024-2025,LIQUIDADO,24-101-HPER,5400000375,HUB,HF GENETICS,PLANTAS,IMPERIAL,REPOSICION,7020000414,"10,000.00",UN,USD,"19,500.00","19,500.00",30,CPT,AIR,AIR,CHILE,SANTIAGO,LIMA,NA,NA,1,NA,NA,NA,DIRECTO,KOREAN,180-49612581,NA,,27/9/2024,39,180-49612581,KOREAN AIRLINES,27/9/2024,39,SI,27/9/2024,SAASA,AVM,24/001165,27/9/2024,27/9/2024,235-2024-10-150324-01-8-00,27/9/2024,27/9/2024,27/9/2024,30/9/2024,30/9/2024,NA,NA,1/10/2024,T001-2009,AVM,2/10/2024,40,CHAO - VIVEROS,2/10/2024,40,16/10/2024,NA,NA,NA,5400000375,,
2024-2025,LIQUIDADO,24-089-HPER,4700003483,GONZALO,GREMON,EQP & INST,BALANZAS,-,2024-E-EUR/00091,2.00,UN,EUR,"20,976.80","23,074.48",0,EXW,AIR,AIR,PAISES BAJOS,AMSTERDAM,LIMA,NA,NA,2,NA,11/9/2024,11/9/2024,AIRSEALOG,AIR EUROPA,125-13000551,NA,,27/9/2024,39,AE-005707,AIR EUROPA,27/9/2024,39,SI,18/9/2024,SHOHIN,LIP,13510,18/9/2024,26/9/2024,235-2024-10-149728-01-1-00,27/9/2024,27/9/2024,30/9/2024,NA,NA,NA,LIP,1/10/2024,T001-4105,GUZMAN,1/10/2024,40,CHAO,4/10/2024,40,20/11/2024,EG03-00000604,EG07-00000809,NA,4700003483,,
2024-2025,LIQUIDADO,24-102-HPER,4700003143-6,HUB,HF GENETICS,PLANTAS,IMPERIAL,-,7020000415,"31,200.00",UN,USD,"60,840.00","60,840.00",30,CPT,AIR,AIR,CHILE,SANTIAGO,LIMA,NA,NA,2,NA,NA,NA,DIRECTO,SKY, 605-00516272 ,NA,,28/9/2024,39, 605-00516272 , SKY AIRLINES ,28/9/2024,39,SI,29/9/2024,TALMA,AVM,24/001177,29/9/2024,30/9/2024,235-2024-10-152082-01-1-00,29/9/2024,29/9/2024,30/9/2024,3/10/2024,3/10/2024,NA,NA,3/10/2024,T001-2024,AVM,4/10/2024,40,CHAO - VIVEROS,4/10/2024,40,9/10/2024,NA,NA,NA,4700003143-6,,
2024-2025,LIQUIDADO,24-102-HPER,4700003143-6,HUB,HF GENETICS,PLANTAS,IMPERIAL,-,7020000415,"31,200.00",UN,USD,"60,840.00","60,840.00",30,CPT,AIR,AIR,CHILE,SANTIAGO,LIMA,NA,NA,2,NA,NA,NA,DIRECTO,SKY, 605-00516272 ,NA,,28/9/2024,39, 605-00516272 , SKY AIRLINES ,28/9/2024,39,SI,29/9/2024,TALMA,AVM,24/001179,29/9/2024,30/9/2024,235-2024-10-152083-01-8-00,29/9/2024,29/9/2024,30/9/2024,3/10/2024,3/10/2024,NA,NA,3/10/2024,T001-2026,AVM,4/10/2024,40,CHAO - VIVEROS,4/10/2024,40,9/10/2024,NA,NA,NA,4700003143-6,,
2024-2025,LIQUIDADO,24-102-HPER,4700003143-6,HUB,HF GENETICS,PLANTAS,IMPERIAL,-,7020000415,"31,200.00",UN,USD,"60,840.00","60,840.00",30,CPT,AIR,AIR,CHILE,SANTIAGO,LIMA,NA,NA,2,NA,NA,NA,DIRECTO,SKY, 605-00516272 ,NA,,28/9/2024,39, 605-00516272 , SKY AIRLINES ,28/9/2024,39,SI,29/9/2024,TALMA,AVM,24/001178,29/9/2024,30/9/2024,235-2024-10-152084-01-4-00,29/9/2024,29/9/2024,30/9/2024,3/10/2024,3/10/2024,NA,NA,3/10/2024,T001-2025,AVM,4/10/2024,40,CHAO - VIVEROS,4/10/2024,40,9/10/2024,NA,NA,NA,4700003143-6,,
2024-2025,LIQUIDADO,24-102-HPER,4700003143-6,HUB,HF GENETICS,PLANTAS,IMPERIAL,-,7020000415,"31,200.00",UN,USD,"60,840.00","60,840.00",30,CPT,AIR,AIR,CHILE,SANTIAGO,LIMA,NA,NA,2,NA,NA,NA,DIRECTO,SKY, 605-00516272 ,NA,,28/9/2024,39, 605-00516272 , SKY AIRLINES ,28/9/2024,39,SI,29/9/2024,TALMA,AVM,24/001176,29/9/2024,30/9/2024,235-2024-10-152085-01-0-00,29/9/2024,29/9/2024,30/9/2024,3/10/2024,3/10/2024,NA,NA,3/10/2024,T001-2023,AVM,4/10/2024,40,CHAO - VIVEROS,4/10/2024,40,9/10/2024,NA,NA,NA,4700003143-6,,
2024-2025,LIQUIDADO,24-102-HPER,4700003143-6,HUB,HF GENETICS,PLANTAS,IMPERIAL,-,7020000415,"31,200.00",UN,USD,"60,840.00","60,840.00",30,CPT,AIR,AIR,CHILE,SANTIAGO,LIMA,NA,NA,2,NA,NA,NA,DIRECTO,SKY, 605-00516272 ,NA,,28/9/2024,39, 605-00516272 , SKY AIRLINES ,28/9/2024,39,SI,29/9/2024,TALMA,AVM,24/001175,29/9/2024,30/9/2024,235-2024-10-152086-01-7-00,29/9/2024,29/9/2024,30/9/2024,3/10/2024,3/10/2024,NA,NA,3/10/2024,T001-2022,AVM,4/10/2024,40,CHAO - VIVEROS,4/10/2024,40,9/10/2024,NA,NA,NA,4700003143-6,,
2024-2025,LIQUIDADO,24-097-HPER,4700003510,GONZALO,A&B,SPAREPARTS,RPTOS VARIOS PARA MAQUINA PESADORA DE ARANDANOS A&B,-,20761,12.00,UN,USD,"17,073.33","17,073.33",0,EXW,AIR,AIR,USA,MIAMI,LIMA,NA,NA,1,NA,23/9/2024,23/9/2024,AIRSEALOG,NORTHERN,658-30812666,NA,,3/10/2024,40,97AMIA245303,NORTHERN,3/10/2024,40,SI,2/10/2024,ALFOSAC,LIP,14417,2/10/2024,2/10/2024,235-2024-10-153647-01-2-01,3/10/2024,3/10/2024,4/10/2024,NA,NA,NA,LIP,5/10/2024,T001-4152,GUZMAN,5/10/2024,40,SALAVERRY,16/10/2024,42,17/10/2024,EG03-00000689,EG07-00000885,NA,4700003510,,
2024-2025,LIQUIDADO,24-097-HPER,4700003511,GONZALO,A&B,SPAREPARTS,RPTOS VARIOS PARA MAQUINA PESADORA DE ARANDANOS A&B,-,20761,6.00,UN,USD,"23,776.66","23,776.66",0,EXW,AIR,AIR,USA,MIAMI,LIMA,NA,NA,-,NA,23/9/2024,23/9/2024,AIRSEALOG,NORTHERN,658-30812666,NA,,3/10/2024,40,97AMIA245303,NORTHERN,3/10/2024,40,SI,2/10/2024,ALFOSAC,LIP,14417,2/10/2024,2/10/2024,235-2024-10-153647-01-2-01,3/10/2024,3/10/2024,4/10/2024,NA,NA,NA,LIP,5/10/2024,T001-4152,GUZMAN,5/10/2024,40,SALAVERRY,16/10/2024,42,17/10/2024,EG03-00000689,EG07-00000885,NA,4700003511,,
2024-2025,LIQUIDADO,24-106-HPER,4700003143-7,HUB,HF GENETICS,PLANTAS,IMPERIAL,-,7020000417,"156,000.00",UN,USD,"304,200.00","304,200.00",30,CPT,AIR,AIR,CHILE,SANTIAGO,LIMA,NA,NA,9,NA,NA,NA,DIRECTO,KOREAN,180-13789893,NA,,7/10/2024,41,180-13789893,KOREAN AIRLINES,7/10/2024,41,SI,7/10/2024,SAASA,AVM,24/001241,7/10/2024,7/10/2024,235-2024-10-156318-01-1-00,7/10/2024,7/10/2024,7/10/2024,9/10/2024,10/10/2024,NA,NA,10/10/2024,NA,RVC,11/10/2024,41,CHAO - VIVEROS,11/10/2024,41,14/10/2024,0015-001572,EG07-00000870,NA,4700003143-7,,
2024-2025,LIQUIDADO,24-106-HPER,5400000378,HUB,HF GENETICS,PLANTAS,"HB-105, HB-102",-,7020000417,"100,000.00",UN,USD,"195,000.00","195,000.00",30,CPT,AIR,AIR,CHILE,SANTIAGO,LIMA,NA,NA,9,NA,NA,NA,DIRECTO,KOREAN,180-13789893,NA,,7/10/2024,41,180-13789893,KOREAN AIRLINES,7/10/2024,41,SI,7/10/2024,SAASA,AVM,24/001241,7/10/2024,7/10/2024,235-2024-10-156318-01-1-00,7/10/2024,7/10/2024,7/10/2024,9/10/2024,10/10/2024,NA,NA,10/10/2024,NA,RVC,11/10/2024,41,CHAO - VIVEROS,11/10/2024,41,14/10/2024,0015-001572,EG07-00000870,NA,5400000378,,
2024-2025,LIQUIDADO,24-106-HPER,5400000376,HUB,HF GENETICS,PLANTAS,"HB-102, HB-105, HB-149",SAMPLE,7020000419,"15,600.00",UN,USD,"30,420.00","30,420.00",30,CPT,AIR,AIR,CHILE,SANTIAGO,LIMA,NA,NA,1,NA,NA,NA,DIRECTO,KOREAN,180-13789893,NA,,7/10/2024,41,180-13789893,KOREAN AIRLINES,7/10/2024,41,SI,7/10/2024,SAASA,AVM,24/001241,7/10/2024,7/10/2024,235-2024-10-156318-01-1-00,7/10/2024,7/10/2024,7/10/2024,9/10/2024,10/10/2024,NA,NA,10/10/2024,NA,RVC,11/10/2024,41,CHAO - VIVEROS,11/10/2024,41,14/10/2024,0015-001572,EG07-00000870,NA,5400000376,,
2024-2025,LIQUIDADO,24-106-HPER,5400000377,HUB,HF GENETICS,PLANTAS,"RB-A069, RB-A063",REPOSICION,7020000418,"5,200.00",UN,USD,"10,140.00","10,140.00",30,CPT,AIR,AIR,CHILE,SANTIAGO,LIMA,NA,NA,1,NA,NA,NA,DIRECTO,KOREAN,180-13789893,NA,,7/10/2024,41,180-13789893,KOREAN AIRLINES,7/10/2024,41,SI,7/10/2024,SAASA,AVM,24/001241,7/10/2024,7/10/2024,235-2024-10-156318-01-1-00,7/10/2024,7/10/2024,7/10/2024,9/10/2024,10/10/2024,NA,NA,10/10/2024,NA,RVC,11/10/2024,41,CHAO - VIVEROS,11/10/2024,41,14/10/2024,0015-001572,EG07-00000870,NA,5400000377,,
2024-2025,LIQUIDADO,24-103-HPER,4700003413-2,GONZALO,SMARTPACK,SPAREPARTS,RPTOS VARIOS PARA MAQUINA HEAT SEALER,-,222,20.00,UN,USD,"7,655.83","7,655.83",30,EXW,AIR,AIR,CHILE,SANTIAGO,LIMA,NA,NA,1,NA,3/10/2024,3/10/2024,AIRSEALOG,JETSMART,703-20384685,NA,7/10/2024,8/10/2024,41,PELIM24141C,JETSMART,8/10/2024,41,SI,4/10/2024,ALFOSAC,LIP,14707,7/10/2024,7/10/2024,235-2024-10-156446-01-8-01,8/10/2024,8/10/2024,,NA,NA,NA,LIP,10/10/2024,T001-4183,GUZMAN,10/10/2024,41,SALAVERRY,16/10/2024,42,28/10/2024,EG03-00000689,EG07-00000886,NA,4700003413-2,,
2024-2025,LIQUIDADO,24-103-HPER,4700003440,GONZALO,SMARTPACK,SPAREPARTS,RPTOS VARIOS PARA MAQUINA HEAT SEALER,-,221,8.00,UN,USD,"16,176.20","16,176.20",30,EXW,AIR,AIR,CHILE,SANTIAGO,LIMA,NA,NA,-,NA,3/10/2024,3/10/2024,AIRSEALOG,JETSMART,703-20384685,NA,7/10/2024,8/10/2024,41,PELIM24141C,JETSMART,8/10/2024,41,SI,4/10/2024,ALFOSAC,LIP,14707,7/10/2024,7/10/2024,235-2024-10-156446-01-8-01,8/10/2024,8/10/2024,,NA,NA,NA,LIP,10/10/2024,T001-4183,GUZMAN,10/10/2024,41,SALAVERRY,16/10/2024,42,28/10/2024,EG03-00000689,EG07-00000886,NA,4700003440,,
2024-2025,LIQUIDADO,24-091-HPER,4700003375-3,FIORELLA,JCK,E & E,PUNNET PET 11OZ 5X7,-,971,"498,240.00",UN,USD,"25,410.24","25,410.24",120,EXW,SEA,FCL,CHILE,SAN ANTONIO,CALLAO,1,40 HC,692,3/10/2024,10/9/2024,10/9/2024,AIRSEALOG,ONE,,TCLU5155976,,4/10/2024,40,ASLCLS00044811,CMA CGM PREGOLIA 0LIFLN1MA,9/10/2024,41,SI,3/10/2024,IMUPESA,PASOC,124319,3/10/2024,7/10/2024,118-2024-10-389105-01-5-00,10/10/2024,11/10/2024,9/10/2024,NA,NA,,PASOC,15/10/2024,T001-2550962,LIP,15/10/2024,42,CHAO - ALMACEN,17/10/2024,42,22/10/2024,EG03-00007135,EG07-00000898,"Carga completada. Quedó en cp sin bl,sin booking [24-091-HPER / 4700003375 -3/ TCLU5155976]",4700003375-3,,
2024-2025,LIQUIDADO,24-091-HPER,4700002841-7,FIORELLA,JCK,E & E,PUNNET PET 18OZ 7X7 CESTA,-,971,"244,776.00",UN,USD,"23,498.50","23,498.50",120,EXW,SEA,FCL,CHILE,SAN ANTONIO,CALLAO,1,40 HC,658,3/10/2024,10/9/2024,10/9/2024,AIRSEALOG,ONE,,TCLU5998203,,4/10/2024,40,ASLCLS00044811,CMA CGM PREGOLIA 0LIFLN1MA,9/10/2024,41,SI,3/10/2024,IMUPESA,PASOC,124319,3/10/2024,7/10/2024,118-2024-10-389105-01-5-00,10/10/2024,11/10/2024,9/10/2024,NA,NA,,PASOC,15/10/2024,T001-2550960,LIP,15/10/2024,42,CHAO - ALMACEN,17/10/2024,42,22/10/2024,EG03-00007134,EG07-00000899,"Falta en CP contenedor, BL, BO, ETA, ETD, POL, POD, factura, almacen (12/2) [23-066-HPER/ 4700002841-7 / ]",,,
2024-2025,LIQUIDADO,24-069-HPER,4700003424,OMAR,BIOCONSUL,AGQ,ORGANCAB K (ABONO ORGANICO) + MUESTRA,-,BE024/24,"20,000.00",LT,EUR,"15,000.00","16,500.00",60,EXW,SEA,FCL,ESPAÑA,VALENCIA,CALLAO,1,40 HC,20,2/8/2024,24/7/2024,25/7/2024,AIRSEALOG,HAPAG,S00043292,FSCU7229683,2/8/2024,19/8/2024,34,AEM24015577,COSCO SHIPPING VOLGA 4235S,10/10/2024,41,SI,7/8/2024,IMUPESA,AVM,24/001190,30/9/2024,9/10/2024,118-2024-10-391600-01-1-00,12/10/2024,12/10/2024,10/10/2024,NA,NA,,AVM,16/10/2024,T001-2057,GUZMAN,16/10/2024,42,CHAO - ALMACEN,25/10/2024,43,26/10/2024,EG03-00000780,EG07-00000934,"Carga completada. Quedó en CP sin factura, bl,booking,punto de llegada[24-069-HPER/4700003424/FSCU7229683]",4700003424,,
2024-2025,LIQUIDADO,24-068-HPER,4700003446,OMAR,BIOCONSUL,AGQ,ORGANCAB K (ABONO ORGANICO),-,BE025/24,"20,000.00",LT,EUR,"15,000.00","16,500.00",60,EXW,SEA,FCL,ESPAÑA,VALENCIA,CALLAO,1,40 HC,20,12/8/2024,5/8/2024,5/8/2024,AIRSEALOG,HAPAG,,TCNU7366656,12/8/2024,19/8/2024,34,PAEM017948,COSCO SHIPPING VOLGA 4235S,10/10/2024,41,SI,16/8/2024,IMUPESA,AVM,24/001189,30/9/2024,9/10/2024,118-2024-10-391691-01-5-00,12/10/2024,12/10/2024,10/10/2024,NA,NA,,AVM,16/10/2024,T001-2056,GUZMAN,16/10/2024,42,CHAO-ALMACEN,6/11/2024,45,6/11/2024,EG03-00000872,EG07-00001099,"Carga completada. Quedó en CP sin bl,booking,punto de llegada[24-068-HPER/4700003446/TCNU7366656]",4700003446,,
2024-2025,ENTREGADO,24-015-HFEB,4700003447,OMAR,PROMISOL,AGQ,CYTOLAN,-,F/24388,800.00,KG,EUR,"8,640.00","9,504.00",120,EXW,SEA,FCL,ESPAÑA,BARCELONA,CALLAO,1,20 ST,1,NA,27/8/2024,27/8/2024,AIRSEALOG,HAPAG,,HLXU1031179,10/9/2024,14/9/2024,37,PBEM057183,COSCO SHIPPING VOLGA 4235S,10/10/2024,41,NO,NA,IMUPESA,AVM,24/001205,2/10/2024,9/10/2024,118-2024-10-391333-01-1-00,12/10/2024,12/10/2024,14/10/2024,NA,NA,,AVM,15/10/2024,,NA,17/10/2024,42,OLMOS,17/10/2024,42,,,,NA,4700003447,,
2024-2025,ENTREGADO,24-015-HFEB,4700003489,OMAR,PROMISOL,AGQ,CYTOFLOW AMIN,-,F/24388,"3,000.00",KG,EUR,"30,900.00","33,990.00",120,EXW,SEA,FCL,ESPAÑA,BARCELONA,CALLAO,-,-,4,NA,27/8/2024,27/8/2024,AIRSEALOG,HAPAG,,HLXU1031179,10/9/2024,14/9/2024,37,PBEM057183,COSCO SHIPPING VOLGA 4235S,10/10/2024,41,NO,NA,IMUPESA,AVM,24/001205,2/10/2024,9/10/2024,118-2024-10-391333-01-1-00,12/10/2024,12/10/2024,14/10/2024,NA,NA,,AVM,15/10/2024,,NA,17/10/2024,42,OLMOS,17/10/2024,42,,,,NA,4700003489,,
2024-2025,ENTREGADO,24-015-HFEB,4700003489,OMAR,PROMISOL,AGQ,CYTOLAN,-,F/24388,"3,200.00",KG,EUR,"34,560.00","38,016.00",120,EXW,SEA,FCL,ESPAÑA,BARCELONA,CALLAO,-,-,4,NA,27/8/2024,27/8/2024,AIRSEALOG,HAPAG,,HLXU1031179,10/9/2024,14/9/2024,37,PBEM057183,COSCO SHIPPING VOLGA 4235S,10/10/2024,41,NO,NA,IMUPESA,AVM,24/001205,2/10/2024,9/10/2024,118-2024-10-391333-01-1-00,12/10/2024,12/10/2024,14/10/2024,NA,NA,,AVM,15/10/2024,,NA,17/10/2024,42,OLMOS,17/10/2024,42,,,,NA,4700003489,,
2024-2025,ENTREGADO,24-015-HFEB,4700003489,OMAR,PROMISOL,AGQ,MUCIGEL,-,F/24388,"2,000.00",LT,EUR,"16,800.00","18,480.00",120,EXW,SEA,FCL,ESPAÑA,BARCELONA,CALLAO,-,-,2,NA,27/8/2024,27/8/2024,AIRSEALOG,HAPAG,,HLXU1031179,10/9/2024,14/9/2024,37,PBEM057183,COSCO SHIPPING VOLGA 4235S,10/10/2024,41,NO,NA,IMUPESA,AVM,24/001205,2/10/2024,9/10/2024,118-2024-10-391333-01-1-00,12/10/2024,12/10/2024,14/10/2024,NA,NA,,AVM,15/10/2024,,NA,17/10/2024,42,OLMOS,17/10/2024,42,,,,NA,4700003489,,
2024-2025,LIQUIDADO,24-092-HPER,4700003445,MIGUEL,SMARTPACK,SPAREPARTS,RPTOS VARIOS PARA MAQUINA HEAT SEALER,-,210,4.00,UN,USD,781.35,781.35,30,EXW,AIR,AIR,CHILE,SANTIAGO,LIMA,NA,NA,2,NA,11/9/2024,11/9/2024,FORBIS,LAN,045-90176461,NA,16/9/2024,10/10/2024,41,PELIM24132,LAN,10/10/2024,41,SI,26/9/2024,ALFOSAC,AVM,24/001164,26/9/2024,27/9/2024,235-2024-10-150230-01-3-00,10/10/2024,10/10/2024,11/10/2024,NA,NA,NA,AVM,11/10/2024,T001-2049,GUZMAN,11/10/2024,41,SALAVERRY,16/10/2024,42,28/10/2024,EG03-00000689,EG07-00000884,NA,4700003445,,
2024-2025,LIQUIDADO,24-092-HPER,4700003413-1,GONZALO,SMARTPACK,SPAREPARTS,RPTOS VARIOS PARA MAQUINA HEAT SEALER,-,212,136.00,UN,USD,"25,358.23","25,358.23",30,EXW,AIR,AIR,CHILE,SANTIAGO,LIMA,NA,NA,1,NA,11/9/2024,11/9/2024,FORBIS,LAN,045-90176461,NA,16/9/2024,10/10/2024,41,PELIM24132,LAN,10/10/2024,41,SI,26/9/2024,ALFOSAC,AVM,24/001164,26/9/2024,27/9/2024,235-2024-10-150230-01-3-00,10/10/2024,10/10/2024,11/10/2024,NA,NA,NA,AVM,11/10/2024,T001-2049,GUZMAN,11/10/2024,41,SALAVERRY,16/10/2024,42,28/10/2024,EG03-00000689,EG07-00000884,NA,4700003413-1,,
2024-2025,LIQUIDADO,24-071-HPER,4700003422,OMAR,EDEN,AGQ,DISPER COMPLEX,-,2024-1657,"12,000.00",KG,EUR,"88,800.00","97,680.00",90,EXW,SEA,FCL,ESPAÑA,VALENCIA,CALLAO,1,40 HC,24,12/8/2024,30/7/2024,30/7/2024,AIRSEALOG,HAPAG,,GCXU5090334,9/8/2024,19/8/2024,34,PAEM017889,CMA CGM ESTELLE 4236S,11/10/2024,41,SI,16/8/2024,IMUPESA,AVM,24/001186,30/9/2024,9/10/2024,118-2024-10-391455-01-1-00,12/10/2024,12/10/2024,11/10/2024,NA,NA,,AVM,16/10/2024,T001-2055,GUZMAN,16/10/2024,42,CHAO - ALMACEN,25/10/2024,43,26/10/2024,EG03-00000781,EG07-00000936,"Carga completada. Quedó en CP sin bl,booking,punto de llegada[24-071-HPER/4700003422/GCXU5090334]",4700003422,,
2024-2025,LIQUIDADO,24-108-HPER,4700003073-1,HUB,HF GENETICS,PLANTAS,PLANTAS DE FRAMBUESA,-,7020000424,"28,800.00",UN,USD,"41,962.00","41,962.00",30,CPT,AIR,AIR,CHILE,SANTIAGO,LIMA,NA,NA,12,NA,NA,NA,DIRECTO,KOREAN,180-13789996,NA,,14/10/2024,42,180-13789996,KOREAN AIRLINES,14/10/2024,42,SI,16/10/2024,SAASA,AVM,,16/10/2024,16/10/2024,235-2024-10-161289-01-4-00,14/10/2024,14/10/2024,16/10/2024,18/10/2024,18/10/2024,NA,NA,18/10/2024,T001-2068,AVM,19/10/2024,42,CHAO - VIVEROS,19/10/2024,42,29/10/2024,NA,NA,NA,4700003073-1,,
2024-2025,LIQUIDADO,24-085-HPER,4700003375-2,FIORELLA,JCK,E & E,PUNNET PET 11OZ 5X7,-,961,"357,000.00",UN,USD,"18,207.00","18,207.00",120,EXW,SEA,FCL,CHILE,SAN ANTONIO,CALLAO,1,40 HC,496,13/9/2024,5/9/2024,6/9/2024,AIRSEALOG,HAPAG,,HAMU2195523,12/9/2024,6/10/2024,40,ASLCLS00044686,MSC TAYLOR FA437R,17/10/2024,42,SI,13/9/2024,IMUPESA,PASOC,122177,13/9/2024,15/10/2024,118-2024-10-401989-01-8-00,17/10/2024,17/10/2024,17/10/2024,NA,NA,,PASOC,22/10/2024,T001-2551637,LIP,22/10/2024,43,SALAVERRY,24/10/2024,43,1/11/2024,EG03-00007503,EG07-00000931,PENDIENTE,4700003375-2,,
2024-2025,LIQUIDADO,24-085-HPER,4700003526,FIORELLA,JCK,E & E,PUNNET PET 11OZ 5X7,-,961,"141,240.00",UN,USD,"7,203.24","7,203.24",120,EXW,SEA,FCL,CHILE,SAN ANTONIO,CALLAO,-,40 HC,196,13/9/2024,5/9/2024,6/9/2024,AIRSEALOG,HAPAG,,HAMU2195523,12/9/2024,6/10/2024,40,ASLCLS00044686,MSC TAYLOR FA437R,17/10/2024,42,SI,13/9/2024,IMUPESA,PASOC,122177,13/9/2024,15/10/2024,118-2024-10-401989-01-8-00,17/10/2024,17/10/2024,17/10/2024,NA,NA,,PASOC,22/10/2024,T001-2551637,LIP,22/10/2024,43,SALAVERRY,24/10/2024,43,1/11/2024,EG03-00007503,EG07-00000931,"Carga completada.Quedó en CP sin booking,punto de llegada[24-085-HPER/4700003526/HAMU2195523]",4700003526,,
2024-2025,LIQUIDADO,24-072-HPER,4700003423-1,OMAR,PROMISOL,AGQ,MUCIGEL,-,F/24350,"6,000.00",LT,EUR,"51,798.00","56,977.80",90,EXW,SEA,LCL,ESPAÑA,BARCELONA,CALLAO,NA,NA,6,12/8/2024,30/7/2024,1/8/2024,AIRSEALOG,CMA CGM,,TRHU5465592,,11/9/2024,37,BCN/CAL/07411,VALPARAISO EXPRESS  0WCJ7S1MA,19/10/2024,42,SI,18/9/2024,DPW,AVM,24/001262,7/10/2024,16/10/2024,118-2024-10-404052-01-7-00,19/10/2024,21/10/2024,19/10/2024,NA,NA,,AVM,23/10/2024,T001-2089,GUZMAN,23/10/2024,43,CHAO - ALMACEN,31/10/2024,44,4/11/2024,EG03-00000835,EG07-00001017,"Carga completada.Falto en CP , bl,booking,punto de llegada. En CP figura como oc 4700003423(28/10)[24-072-HPER/4700003423/TRHU5465592]",4700003423-1,,
2024-2025,LIQUIDADO,24-107-HPER,4700003425,GONZALO,UNITEC,SPAREPARTS,REPUESTOS VARIOS,-,254,176.00,UN,EUR,647.87,712.66,30,EXW,AIR,AIR,CHILE,SANTIAGO,LIMA,NA,NA,1,NA,NA,NA,COURIER,DHL,5411700243,NA,8/10/2024,8/10/2024,41,5411700243,DHL COURIER,21/10/2024,43,NO,NA,NA,DHL,NA,NA,11/10/2024,235-2024-10-159165-01-1-00,,,,NA,NA,,,,,NA,21/10/2024,43,SALAVERRY,21/10/2024,43,22/10/2024,NA,NA,NA,4700003425,,
2024-2025,LIQUIDADO,24-107-HPER,4700003439,GONZALO,UNITEC,SPAREPARTS,REPUESTOS VARIOS,-,253,150.00,UN,EUR,"1,069.20","1,176.12",30,EXW,AIR,AIR,CHILE,SANTIAGO,LIMA,NA,NA,-,NA,NA,NA,COURIER,DHL,5411700243,NA,8/10/2024,8/10/2024,41,5411700243,DHL COURIER,21/10/2024,43,NO,NA,NA,DHL,NA,NA,11/10/2024,235-2024-10-159165-01-1-00,,,,NA,NA,,,,,NA,21/10/2024,43,SALAVERRY,21/10/2024,43,22/10/2024,NA,NA,NA,4700003439,,
2024-2025,LIQUIDADO,24-107-HPER,4700003532,GONZALO,UNITEC,SPAREPARTS,REPUESTOS VARIOS,-,252,10.00,UN,EUR,"1,013.85","1,115.24",30,EXW,AIR,AIR,CHILE,SANTIAGO,LIMA,NA,NA,-,NA,NA,NA,COURIER,DHL,5411700243,NA,8/10/2024,8/10/2024,41,5411700243,DHL COURIER,21/10/2024,43,NO,NA,NA,DHL,NA,NA,11/10/2024,235-2024-10-159165-01-1-00,,,,NA,NA,,,,,NA,21/10/2024,43,SALAVERRY,21/10/2024,43,22/10/2024,NA,NA,NA,4700003532,,
2024-2025,LIQUIDADO,24-116-HPER,5400000412,HUB,HF GENETICS,PLANTAS,PLANTAS IN VITRO,SAMPLE,7020000430,250.00,UN,USD,"1,250.00","1,250.00",30,CPT,AIR,AIR,CHILE,SANTIAGO,LIMA,NA,NA,1,NA,NA,NA,DIRECTO,KOREAN,180-13790313,NA,,21/10/2024,43,180-13790313,KOREAN AIRLINES,21/10/2024,43,SI,21/10/2024,SAASA,AVM,24/001326,21/10/2024,22/10/2024,235-2024-10-165152-01-3-00,22/10/2024,22/10/2024,22/10/2024,4/11/2024,4/11/2024,NA,NA,5/11/2024,T001-2120,AVM,6/11/2024,45,CHAO - VIVEROS,6/11/2024,45,21/11/2024,NA,NA,NA,5400000412,,
2024-2025,LIQUIDADO,24-117-HPER,5400000415,HUB,HF GENETICS,PLANTAS,HB-161,-,7020000426,"4,602.00",UN,USD,"8,973.90","8,973.90",30,CPT,AIR,AIR,CHILE,SANTIAGO,LIMA,NA,NA,1,NA,NA,NA,DIRECTO,SKY,605-00244661,NA,,20/10/2024,42,605-00244661,SKY AIRLINES,21/10/2024,43,SI,21/10/2024,TALMA,AVM,,21/10/2024,2/11/2024,235-2024-10-172414-01-1-00,22/10/2024,24/10/2024,2/11/2024,4/11/2024,4/11/2024,NA,NA,5/11/2024,T001-2131,AVM,6/11/2024,45,CHAO - VIVEROS,6/11/2024,45,21/11/2024,NA,NA,NA,5400000415,,
2024-2025,LIQUIDADO,24-117-HPER,4700003073-2,HUB,HF GENETICS,PLANTAS,PLANTAS DE FRAMBUESA,-,7020000427,"1,800.00",UN,USD,"44,537.42","44,537.42",30,CPT,AIR,AIR,CHILE,SANTIAGO,LIMA,NA,NA,1,NA,NA,NA,DIRECTO,SKY,605-00244661,NA,,20/10/2024,42,605-00244661,SKY AIRLINES,21/10/2024,43,SI,21/10/2024,TALMA,AVM,24/1333,21/10/2024,2/11/2024,235-2024-10-172415-01-6-00,22/10/2024,24/10/2024,2/11/2024,4/11/2024,4/11/2024,NA,NA,5/11/2024,T001-2124,AVM,6/11/2024,45,CHAO - VIVEROS,6/11/2024,45,14/11/2024,NA,NA,NA,4700003073-2,,
2024-2025,LIQUIDADO,24-117-HPER,4700003073-2,HUB,HF GENETICS,PLANTAS,PLANTAS DE FRAMBUESA,-,7020000427,"3,600.00",UN,USD,"44,537.42","44,537.42",30,CPT,AIR,AIR,CHILE,SANTIAGO,LIMA,NA,NA,2,NA,NA,NA,DIRECTO,SKY,605-00244661,NA,,20/10/2024,42,605-00244661,SKY AIRLINES,21/10/2024,43,SI,21/10/2024,TALMA,AVM,24/1330,21/10/2024,2/11/2024,235-2024-10-172416-01-2-00,22/10/2024,24/10/2024,2/11/2024,4/11/2024,4/11/2024,NA,NA,5/11/2024,T001-2121,AVM,6/11/2024,45,CHAO - VIVEROS,6/11/2024,45,14/11/2024,NA,NA,NA,4700003073-2,,
2024-2025,LIQUIDADO,24-117-HPER,4700003073-2,HUB,HF GENETICS,PLANTAS,PLANTAS DE FRAMBUESA,-,7020000427,"3,600.00",UN,USD,"44,537.42","44,537.42",30,CPT,AIR,AIR,CHILE,SANTIAGO,LIMA,NA,NA,2,NA,NA,NA,DIRECTO,SKY,605-00244661,NA,,20/10/2024,42,605-00244661,SKY AIRLINES,21/10/2024,43,SI,21/10/2024,TALMA,AVM,24/1331,21/10/2024,2/11/2024,235-2024-10-172417-01-9-00,22/10/2024,24/10/2024,2/11/2024,4/11/2024,4/11/2024,NA,NA,5/11/2024,T001-2122,AVM,6/11/2024,45,CHAO - VIVEROS,6/11/2024,45,14/11/2024,NA,NA,NA,4700003073-2,,
2024-2025,LIQUIDADO,24-117-HPER,4700003073-2,HUB,HF GENETICS,PLANTAS,PLANTAS DE FRAMBUESA,-,7020000427,"1,800.00",UN,USD,"44,537.42","44,537.42",30,CPT,AIR,AIR,CHILE,SANTIAGO,LIMA,NA,NA,1,NA,NA,NA,DIRECTO,SKY,605-00244661,NA,,20/10/2024,42,605-00244661,SKY AIRLINES,21/10/2024,43,SI,21/10/2024,TALMA,AVM,24/1332,21/10/2024,2/11/2024,235-2024-10-172418-01-5-00,22/10/2024,24/10/2024,2/11/2024,4/11/2024,4/11/2024,NA,NA,5/11/2024,T001-2123,AVM,6/11/2024,45,CHAO - VIVEROS,6/11/2024,45,14/11/2024,NA,NA,NA,4700003073-2,,
2024-2025,LIQUIDADO,24-117-HPER,4700003073-2,HUB,HF GENETICS,PLANTAS,PLANTAS DE FRAMBUESA,-,7020000427,"3,000.00",UN,USD,"44,537.42","44,537.42",30,CPT,AIR,AIR,CHILE,SANTIAGO,LIMA,NA,NA,2,NA,NA,NA,DIRECTO,SKY,605-00244661,NA,,20/10/2024,42,605-00244661,SKY AIRLINES,21/10/2024,43,SI,21/10/2024,TALMA,AVM,24/1350,21/10/2024,2/11/2024,235-2024-10-172419-01-1-00,22/10/2024,24/10/2024,2/11/2024,4/11/2024,4/11/2024,NA,NA,5/11/2024,T001-2125,AVM,6/11/2024,45,CHAO - VIVEROS,6/11/2024,45,14/11/2024,NA,NA,NA,4700003073-2,,
2024-2025,LIQUIDADO,24-117-HPER,4700003073-2,HUB,HF GENETICS,PLANTAS,PLANTAS DE FRAMBUESA,-,7020000427,"3,600.00",UN,USD,"44,537.42","44,537.42",30,CPT,AIR,AIR,CHILE,SANTIAGO,LIMA,NA,NA,2,NA,NA,NA,DIRECTO,SKY,605-00244661,NA,,20/10/2024,42,605-00244661,SKY AIRLINES,21/10/2024,43,SI,21/10/2024,TALMA,AVM,24/1351,21/10/2024,2/11/2024,235-2024-10-172420-01-1-00,22/10/2024,24/10/2024,2/11/2024,4/11/2024,4/11/2024,NA,NA,5/11/2024,T001-2126,AVM,6/11/2024,45,CHAO - VIVEROS,6/11/2024,45,14/11/2024,NA,NA,NA,4700003073-2,,
2024-2025,LIQUIDADO,24-117-HPER,4700003073-2,HUB,HF GENETICS,PLANTAS,PLANTAS DE FRAMBUESA,-,7020000427,"3,600.00",UN,USD,"44,537.42","44,537.42",30,CPT,AIR,AIR,CHILE,SANTIAGO,LIMA,NA,NA,2,NA,NA,NA,DIRECTO,SKY,605-00244661,NA,,20/10/2024,42,605-00244661,SKY AIRLINES,21/10/2024,43,SI,21/10/2024,TALMA,AVM,24/1352,21/10/2024,2/11/2024,235-2024-10-172421-01-6-00,22/10/2024,24/10/2024,2/11/2024,4/11/2024,4/11/2024,NA,NA,5/11/2024,T001-2127,AVM,6/11/2024,45,CHAO - VIVEROS,6/11/2024,45,14/11/2024,NA,NA,NA,4700003073-2,,
2024-2025,LIQUIDADO,24-117-HPER,4700003073-2,HUB,HF GENETICS,PLANTAS,PLANTAS DE FRAMBUESA,-,7020000427,"1,800.00",UN,USD,"44,537.42","44,537.42",30,CPT,AIR,AIR,CHILE,SANTIAGO,LIMA,NA,NA,1,NA,NA,NA,DIRECTO,SKY,605-00244661,NA,,20/10/2024,42,605-00244661,SKY AIRLINES,21/10/2024,43,SI,21/10/2024,TALMA,AVM,24/1353,21/10/2024,2/11/2024,235-2024-10-172422-01-2-00,22/10/2024,24/10/2024,2/11/2024,4/11/2024,4/11/2024,NA,NA,5/11/2024,T001-2128,AVM,6/11/2024,45,CHAO - VIVEROS,6/11/2024,45,14/11/2024,NA,NA,NA,4700003073-2,,
2024-2025,LIQUIDADO,24-117-HPER,4700003073-2,HUB,HF GENETICS,PLANTAS,PLANTAS DE FRAMBUESA,-,7020000427,"3,600.00",UN,USD,"44,537.42","44,537.42",30,CPT,AIR,AIR,CHILE,SANTIAGO,LIMA,NA,NA,2,NA,NA,NA,DIRECTO,SKY,605-00244661,NA,,20/10/2024,42,605-00244661,SKY AIRLINES,21/10/2024,43,SI,21/10/2024,TALMA,AVM,24/1355,21/10/2024,2/11/2024,235-2024-10-172423-01-9-00,22/10/2024,24/10/2024,2/11/2024,4/11/2024,4/11/2024,NA,NA,5/11/2024,T001-2129,AVM,6/11/2024,45,CHAO - VIVEROS,6/11/2024,45,14/11/2024,NA,NA,NA,4700003073-2,,
2024-2025,LIQUIDADO,24-117-HPER,4700003073-2,HUB,HF GENETICS,PLANTAS,PLANTAS DE FRAMBUESA,-,7020000427,"3,600.00",UN,USD,"44,537.42","44,537.42",30,CPT,AIR,AIR,CHILE,SANTIAGO,LIMA,NA,NA,2,NA,NA,NA,DIRECTO,SKY,605-00244661,NA,,20/10/2024,42,605-00244661,SKY AIRLINES,21/10/2024,43,SI,21/10/2024,TALMA,AVM,24/1356,21/10/2024,2/11/2024,235-2024-10-172424-01-5-00,22/10/2024,24/10/2024,2/11/2024,4/11/2024,4/11/2024,NA,NA,5/11/2024,T001-2130,AVM,6/11/2024,45,CHAO - VIVEROS,6/11/2024,45,14/11/2024,NA,NA,NA,4700003073-2,,
2024-2025,ENTREGADO,24-017-HFEB,4700003519,VICTORIA,SMARTPACK,SPAREPARTS,RPTOS VARIOS PARA MAQUINA HEAT SEALER,-,223,2.00,UN,USD,810.00,810.00,30,EXW,AIR,AIR,CHILE,SANTIAGO,LIMA,NA,NA,1,NA,15/10/2024,16/10/2024,AIRSEALOG,JETSMART,703-20378271,NA,,23/10/2024,43,S2410404122,JETSMART,23/10/2024,43,NO,NA,SHOHIN,LIP,15578,22/10/2024,23/10/2024,235-2024-10-165632-01-5-00,23/10/2024,23/10/2024,25/10/2024,NA,NA,,,,,,31/10/2024,44,OLMOS,,52,,,,NA,4700003519,,
2024-2025,LIQUIDADO,24-120-HPER,PEA2H10101,FIORELLA,INTEGRITY,E & E,PUNNETS,SAMPLE,F001-001,4.00,UN,USD,40.00,40.00,0,EXW,AIR,AIR,CHILE,SANTIAGO,LIMA,NA,NA,4,NA,NA,NA,COURIER,DHL,4537007915,NA,,21/10/2024,43,4537007915,DHL COURIER,24/10/2024,43,NO,NA,NA,DHL,,,23/10/2024,235-2024-28-02813347-42-0-00,,,,NA,NA,,,,,,27/10/2024,43,,,52,,,,NA,PEA2H10101,,
2024-2025,LIQUIDADO,24-115-HPER,PEA2H10101,FIORELLA,INTEGRITY,E & E,PUNNETS,SAMPLE,F001-002,8.00,UN,USD,40.00,40.00,0,EXW,AIR,AIR,CHILE,SANTIAGO,LIMA,NA,NA,8,NA,NA,NA,COURIER,DHL,1281631654,NA,,21/10/2024,43,1281631654,DHL COURIER,24/10/2024,43,NO,NA,NA,DHL,,,23/10/2024,235-2024-28-02813319-42-7-00,,,,NA,NA,,,,,,27/10/2024,43,,,52,,,,NA,PEA2H10101,,
2024-2025,LIQUIDADO,24-114-HPER,4700003628-1,FIORELLA,INTEGRITY,E & E,ENVASES DE PLASTICO,E-CH,101078,"150,480.00",UN,USD,"9,329.76","9,329.76",90,EXW,AIR,AIR,CHILE,SANTIAGO,LIMA,NA,NA,418,NA,NA,NA,NWT,ATLAS AIR,369-91752474,NA,,28/10/2024,44,369-91752474,CHARTER HF,28/10/2024,44,SI,25/10/2024,TALMA,LIP,15785,25/10/2024,27/10/2024,235-2024-10-168594-01-7-01,28/10/2024,28/10/2024,28/10/2024,NA,NA,NA,NA,29/10/2024,NA,LIP,30/10/2024,44,SALAVERRY,30/10/2024,44,1/11/2024,EG03-00007857,EG07-00001002,NA,4700003628-1,,
2024-2025,LIQUIDADO,24-114-HPER,4700003628-1,FIORELLA,INTEGRITY,E & E,ENVASES DE PLASTICO,E-CH,101078,"194,400.00",UN,USD,"12,052.80","12,052.80",90,EXW,AIR,AIR,CHILE,SANTIAGO,LIMA,NA,NA,540,NA,NA,NA,NWT,ATLAS AIR,369-91752474,NA,,28/10/2024,44,369-91752474,CHARTER HF,28/10/2024,44,SI,25/10/2024,TALMA,LIP,15785,25/10/2024,27/10/2024,235-2024-10-168594-01-7-01,28/10/2024,28/10/2024,28/10/2024,NA,NA,NA,NA,29/10/2024,NA,LIP,30/10/2024,44,SALAVERRY,30/10/2024,44,1/11/2024,EG03-00008063,EG07-00001010,NA,4700003628-1,,
2024-2025,LIQUIDADO,24-114-HPER,4700003628-1,FIORELLA,INTEGRITY,E & E,ENVASES DE PLASTICO,E-CH,101078,"158,400.00",UN,USD,"9,820.80","9,820.80",90,EXW,AIR,AIR,CHILE,SANTIAGO,LIMA,NA,NA,440,NA,NA,NA,NWT,ATLAS AIR,369-91752474,NA,,28/10/2024,44,369-91752474,CHARTER HF,28/10/2024,44,SI,25/10/2024,TALMA,LIP,15785,25/10/2024,27/10/2024,235-2024-10-168594-01-7-01,28/10/2024,28/10/2024,28/10/2024,NA,NA,NA,NA,29/10/2024,NA,LIP,30/10/2024,44,SALAVERRY,30/10/2024,44,1/11/2024,EG03-00007806,EG07-00000996,NA,4700003628-1,,
2024-2025,LIQUIDADO,24-114-HPER,4700003628-1,FIORELLA,INTEGRITY,E & E,ENVASES DE PLASTICO,E-CH,101078,"191,520.00",UN,USD,"11,874.24","11,874.24",90,EXW,AIR,AIR,CHILE,SANTIAGO,LIMA,NA,NA,532,NA,NA,NA,NWT,ATLAS AIR,369-91752474,NA,,28/10/2024,44,369-91752474,CHARTER HF,28/10/2024,44,SI,25/10/2024,TALMA,LIP,15785,25/10/2024,27/10/2024,235-2024-10-168594-01-7-01,28/10/2024,28/10/2024,28/10/2024,NA,NA,NA,NA,29/10/2024,NA,LIP,30/10/2024,44,SALAVERRY,30/10/2024,44,1/11/2024,EG03-00008065,EG07-00001013,NA,4700003628-1,,
2024-2025,LIQUIDADO,24-114-HPER,4700003628-1,FIORELLA,INTEGRITY,E & E,ENVASES DE PLASTICO,E-CH,101078,"110,880.00",UN,USD,"6,874.56","6,874.56",90,EXW,AIR,AIR,CHILE,SANTIAGO,LIMA,NA,NA,308,NA,NA,NA,NWT,ATLAS AIR,369-91752474,NA,,28/10/2024,44,369-91752474,CHARTER HF,28/10/2024,44,SI,25/10/2024,TALMA,LIP,15785,25/10/2024,27/10/2024,235-2024-10-168594-01-7-01,28/10/2024,28/10/2024,28/10/2024,NA,NA,NA,NA,29/10/2024,NA,LIP,30/10/2024,44,SALAVERRY,30/10/2024,44,1/11/2024,EG03-00008066,EG07-00001016,NA,4700003628-1,,
2024-2025,LIQUIDADO,24-114-HPER,4700003628-1,FIORELLA,INTEGRITY,E & E,ENVASES DE PLASTICO,E-CH,101078,"172,800.00",UN,USD,"10,713.60","10,713.60",90,EXW,AIR,AIR,CHILE,SANTIAGO,LIMA,NA,NA,480,NA,NA,NA,NWT,ATLAS AIR,369-91752474,NA,,28/10/2024,44,369-91752474,CHARTER HF,28/10/2024,44,SI,25/10/2024,TALMA,LIP,15785,25/10/2024,27/10/2024,235-2024-10-168594-01-7-01,28/10/2024,28/10/2024,28/10/2024,NA,NA,NA,NA,29/10/2024,NA,LIP,30/10/2024,44,CHAO,30/10/2024,44,31/10/2024,EG03-00008064,EG07-00001014,NA,4700003628-1,,
2024-2025,LIQUIDADO,24-114-HPER,4700003628-1,FIORELLA,INTEGRITY,E & E,ENVASES DE PLASTICO,E-CH,101078,"165,600.00",UN,USD,"10,267.20","10,267.20",90,EXW,AIR,AIR,CHILE,SANTIAGO,LIMA,NA,NA,460,NA,NA,NA,NWT,ATLAS AIR,369-91752474,NA,,28/10/2024,44,369-91752474,CHARTER HF,28/10/2024,44,SI,25/10/2024,TALMA,LIP,15785,25/10/2024,27/10/2024,235-2024-10-168594-01-7-01,28/10/2024,28/10/2024,28/10/2024,NA,NA,NA,NA,29/10/2024,NA,LIP,30/10/2024,44,CHAO,30/10/2024,44,31/10/2024,EG03-00007867,EG07-00001011,NA,4700003628-1,,
2024-2025,LIQUIDADO,24-114-HPER,4700003628-1,FIORELLA,INTEGRITY,E & E,ENVASES DE PLASTICO,E-CH,101078,"162,720.00",UN,USD,"10,088.64","10,088.64",90,EXW,AIR,AIR,CHILE,SANTIAGO,LIMA,NA,NA,452,NA,NA,NA,NWT,ATLAS AIR,369-91752474,NA,,28/10/2024,44,369-91752474,CHARTER HF,28/10/2024,44,SI,25/10/2024,TALMA,LIP,15785,25/10/2024,27/10/2024,235-2024-10-168594-01-7-01,28/10/2024,28/10/2024,28/10/2024,NA,NA,NA,NA,29/10/2024,NA,LIP,30/10/2024,44,CHAO,30/10/2024,44,31/10/2024,EG03-00007811,EG07-00000989,NA,4700003628-1,,
2024-2025,LIQUIDADO,24-123-HPER,4700003143-8,HUB,HF GENETICS,PLANTAS,IMPERIAL,-,7020000432,"312,000.00",UN,USD,"608,400.00","608,400.00",30,CPT,AIR,AIR,CHILE,SANTIAGO,LIMA,NA,NA,10,NA,NA,NA,DIRECTO,KOREAN,180-13837165,NA,,28/10/2024,44,180-13837165,KOREAN AIRLINES,28/10/2024,44,SI,26/10/2024,SAASA,AVM,24/001384,26/10/2024,28/10/2024,235-2024-10-168965-01-5-00,28/10/2024,28/10/2024,28/10/2024,30/10/2024,30/10/2024,NA,NA,31/10/2024,T001-2116,AVM,1/11/2024,44,CHAO - VIVEROS,1/11/2024,44,5/11/2024,NA,NA,NA,4700003143-8,,
2024-2025,ENTREGADO,24-016-HFEB,4700003497,OMAR,PROMISOL,AGQ,PROMI FERTIL MIX,-,F/24387,"3,000.00",KG,EUR,"22,650.00","24,915.00",120,EXW,SEA,LCL,ESPAÑA,BARCELONA,CALLAO,NA,NA,3,NA,29/8/2024,2/9/2024,AIRSEALOG,CMA CGM,,SEGU6215690,,24/9/2024,39,EM1CL-1258306,MARTINIQUE 0LIFSS1MA,2/11/2024,44,NO,NA,VILLAS OQUENDO,AVM,24/001324,21/10/2024,28/10/2024,118-2024-10-421057-01-3-00,4/11/2024,4/11/2024,1/11/2024,NA,NA,,NA,7/11/2024,,AVM,8/11/2024,45,OLMOS,8/11/2024,45,,,,NA,4700003497,,
2024-2025,LIQUIDADO,24-122-HPER,4700003630-1,FIORELLA,JCK,E & E,ENVASES DE PLASTICO,E-CH,1003,"356,580.00",UN,USD,"22,286.25","22,286.25",90,EXW,LAND,LAND,CHILE,ARICA,SALAVERRY,NA,NA,849,NA,NA,NA,ALTIUS,LIP,NA,RJF-S15,28/10/2024,28/10/2024,44,24CL982642M,LIP TRANSPORTES,4/11/2024,45,SI,28/10/2024,NA,AVM,24/88-188,28/10/2024,31/10/2024,172-2024-10-018112-01-9-00,NA,NA,31/10/2024,NA,NA,,NA,NA,NA,LIP,4/11/2024,45,SALAVERRY,4/11/2024,45,5/11/2024,NA,NA,NA,4700003630-1,,
2024-2025,LIQUIDADO,24-122-HPER,4700003630-1,FIORELLA,JCK,E & E,ENVASES DE PLASTICO,E-CH,1003,"278,880.00",UN,USD,"17,430.00","17,430.00",90,EXW,LAND,LAND,CHILE,ARICA,SALAVERRY,NA,NA,664,NA,NA,NA,ALTIUS,LIP,NA,CHY-C11,28/10/2024,28/10/2024,44,24CL982631K,LIP TRANSPORTES,4/11/2024,45,SI,28/10/2024,NA,AVM,24/88-188,28/10/2024,31/10/2024,172-2024-10-018112-01-9-00,NA,NA,31/10/2024,NA,NA,,NA,NA,NA,LIP,4/11/2024,45,SALAVERRY,4/11/2024,45,5/11/2024,NA,NA,NA,4700003630-1,,
2024-2025,LIQUIDADO,24-121-HPER,4700003628-2,FIORELLA,INTEGRITY,E & E,ENVASES DE PLASTICO,E-CH,101082,"262,080.00",UN,USD,"16,248.96","16,248.96",90,EXW,LAND,LAND,CHILE,ARICA,SALAVERRY,NA,NA,728,NA,NA,NA,ALTIUS,LIP,NA,V4Q-851,26/10/2024,26/10/2024,43,24CL978042L,LIP TRANSPORTES,4/11/2024,45,SI,28/10/2024,NA,AVM,24/88-189,28/10/2024,31/10/2024,172-2024-10-018070-01-4-00,NA,NA,31/10/2024,NA,NA,,NA,NA,NA,LIP,4/11/2024,45,CHAO,4/11/2024,45,6/11/2024,EG03-00000755,EG07-000001055,NA,4700003628-2,,
2024-2025,LIQUIDADO,24-121-HPER,4700003628-2,FIORELLA,INTEGRITY,E & E,ENVASES DE PLASTICO,E-CH,101082,"262,080.00",UN,USD,"16,248.96","16,248.96",90,EXW,LAND,LAND,CHILE,ARICA,SALAVERRY,NA,NA,728,NA,NA,NA,ALTIUS,LIP,NA,V5I-725,26/10/2024,26/10/2024,43,24CL978076S,LIP TRANSPORTES,4/11/2024,45,SI,28/10/2024,NA,AVM,24/88-189,28/10/2024,31/10/2024,172-2024-10-018070-01-4-00,NA,NA,31/10/2024,NA,NA,,NA,NA,NA,LIP,4/11/2024,45,CHAO - ALMACEN,4/11/2024,45,6/11/2024,,EG07-000001054,NA,4700003628-2,,
2024-2025,LIQUIDADO,24-121-HPER,4700003628-2,FIORELLA,INTEGRITY,E & E,ENVASES DE PLASTICO,E-CH,101082,"262,080.00",UN,USD,"16,248.96","16,248.96",90,EXW,LAND,LAND,CHILE,ARICA,SALAVERRY,NA,NA,728,NA,NA,NA,ALTIUS,LIP,NA,V5D-830,26/10/2024,26/10/2024,43,24CL978091P,LIP TRANSPORTES,4/11/2024,45,SI,28/10/2024,NA,AVM,24/88-189,28/10/2024,31/10/2024,172-2024-10-018070-01-4-00,NA,NA,31/10/2024,NA,NA,,NA,NA,NA,LIP,4/11/2024,45,CHAO - ALMACEN,4/11/2024,45,6/11/2024,EG03-00000756,EG07-000001056,NA,4700003628-2,,
2024-2025,LIQUIDADO,24-104-HPER,4700003375-4,FIORELLA,JCK,E & E,PUNNET PET 11OZ 5X7,-,989,"498,240.00",UN,USD,"25,410.24","25,410.24",120,EXW,SEA,FCL,CHILE,SAN ANTONIO,CALLAO,1,40 HC,692,16/10/2024,1/10/2024,2/10/2024,AIRSEALOG,ONE,,NYKU4899824,15/10/2024,2/11/2024,44,ASLCLS00045563,CAPE HELLAS 003N,6/11/2024,45,SI,16/10/2024,IMUPESA,PASOC,125909,17/10/2024,21/10/2024,118-2024-10-410592-01-1-00,7/11/2024,7/11/2024,6/11/2024,NA,NA,21/11/2024,PASOC,22/11/2024,T001-2554778,LIP,22/11/2024,47,CHAO - ALMACEN,4/12/2024,49,4/12/2024,EG03-00010028,EG07-00001456,"Carga completada.Quedó en cp sin bl,booking[24-104-HPER/4700003375-4/NYKU4899824]",4700003375-4,,
2024-2025,LIQUIDADO,24-104-HPER,4700003555-1,FIORELLA,JCK,E & E,PUNNET PET 11OZ 5X7,-,989,"498,240.00",UN,USD,"25,410.24","25,410.24",120,EXW,SEA,FCL,CHILE,SAN ANTONIO,CALLAO,1,40 HC,692,16/10/2024,1/10/2024,2/10/2024,AIRSEALOG,ONE,,TGCU0226656,15/10/2024,2/11/2024,44,ASLCLS00045563,CAPE HELLAS 003N,6/11/2024,45,SI,16/10/2024,IMUPESA,PASOC,125909,17/10/2024,21/10/2024,118-2024-10-410592-01-1-00,7/11/2024,7/11/2024,6/11/2024,NA,NA,21/11/2024,PASOC,22/11/2024,T001-2554779,LIP,22/11/2024,47,CHAO - ALMACEN,26/11/2024,48,26/11/2024,EG03-00009507,EG07-00001364,"Carga completada. Esta OC no figura en CP 4700003555-1,la carga se encuentra en la oc 4700003375-4.Quedó en CP booking,BL[24-104-HPER/4700003375-4/TGCU0226656]",4700003555-1,,
2024-2025,LIQUIDADO,24-124-HPER,4700003630-2,FIORELLA,JCK,E & E,ENVASES DE PLASTICO,E-CH,1005,"334,320.00",UN,USD,"20,895.00","20,895.00",90,EXW,LAND,LAND,CHILE,ARICA,SALAVERRY,NA,NA,796,NA,NA,NA,ALTIUS,DORIS,NA,IL7-847,30/10/2024,30/10/2024,44,PE-008/2024,DORIS TRANSPORTE,6/11/2024,45,SI,30/10/2024,NA,AVM,24/88-190,30/10/2024,31/10/2024,172-2024-10-018113-01-5-00,NA,NA,31/10/2024,NA,NA,,,,NA,NA,6/11/2024,45,SALAVERRY,6/11/2024,45,7/11/2024,NA,NA,NA,4700003630-2,,
2024-2025,LIQUIDADO,24-088-HPER,4700003423-2,OMAR,PROMISOL,AGQ,MUCIGEL,-,F/24401,"2,000.00",LT,EUR,"17,266.00","18,992.60",90,EXW,SEA,LCL,ESPAÑA,BARCELONA,CALLAO,NA,NA,2,1/10/2024,10/9/2024,10/9/2024,AIRSEALOG,CMA CGM,,CAIU9705591,,30/9/2024,40,BCN/CAL/07473,SANTOS EXPRESS 0WCJDS1MA,7/11/2024,45,SI,1/10/2024,IMUPESA,AVM,24/001393,28/10/2024,5/11/2024,118-2024-10-435171-01-8-00,9/11/2024,10/11/2024,7/11/2024,NA,NA,,AVM,14/11/2024,T001-2193,GUZMAN,14/11/2024,46,CHAO - ALMACEN,29/11/2024,48,2/12/2024,EG03-00001205,EG07-00001388,"Carga completada. Quedó en CP sin bl,booking[24-088-HPER/4700003423-2/CAIU9705591]",4700003423-2,,
2024-2025,LIQUIDADO,24-096-HPER,4700003545,OMAR,EDEN,AGQ,DISPER CHLOROPHYL,-,2024-1666,"2,000.00",KG,EUR,"52,400.00","57,640.00",90,EXW,SEA,FCL,ESPAÑA,VALENCIA,CALLAO,-,40 HC,5,30/9/2024,17/9/2024,18/9/2024,FORBIS,HAPAG,92615890,TGHU6215765,30/9/2024,5/10/2024,40,ME2412649/1,SANTOS EXPRESS 4240S,7/11/2024,45,SI,30/9/2024,IMUPESA,AVM,24/001389,28/10/2024,6/11/2024,118-2024-10-436033-01-8-00,9/11/2024,10/11/2024,7/11/2024,NA,NA,,AVM,14/11/2024,T001-2192,GUZMAN,14/11/2024,46,CHAO - ALMACEN,20/11/2024,47,21/11/2024,EG03-00001006,EG07-00001288,Carga completada. Quedó en CP sin bl [24-096-HPER/4700003545/TGHU6215765],4700003545,,
2024-2025,LIQUIDADO,24-096-HPER,4700003523,OMAR,EDEN,AGQ,DISPER COMPLEX,-,2024-1666,"12,000.00",KG,EUR,"88,800.00","97,680.00",90,EXW,SEA,FCL,ESPAÑA,VALENCIA,CALLAO,1,40 HC,24,30/9/2024,17/9/2024,18/9/2024,FORBIS,HAPAG,92615890,TGHU6215765,30/9/2024,5/10/2024,40,ME2412649/1,SANTOS EXPRESS 4240S,7/11/2024,45,SI,30/9/2024,IMUPESA,AVM,24/001389,28/10/2024,6/11/2024,118-2024-10-436033-01-8-00,9/11/2024,10/11/2024,7/11/2024,NA,NA,,AVM,14/11/2024,T001-2192,GUZMAN,14/11/2024,46,CHAO - ALMACEN,20/11/2024,47,21/11/2024,EG03-00001006,EG07-00001288,PENDIENTE,4700003523,,
2024-2025,LIQUIDADO,24-100-HPER,4700003544,OMAR,BIOCONSUL,AGQ,ORGANCAB K (ABONO ORGANICO),-,BE029/24,"20,000.00",LT,EUR,"15,000.00","16,500.00",60,EXW,SEA,FCL,ESPAÑA,VALENCIA,CALLAO,1,40 HC,20,2/10/2024,24/9/2024,24/9/2024,AIRSEALOG,HAPAG,,UACU6057736,,5/10/2024,40,PAEM018368,SANTOS EXPRESS 4240S,7/11/2024,45,SI,2/10/2024,IMUPESA,AVM,24/001392,28/10/2024,5/11/2024,118-2024-10-435388-01-7-00,9/11/2024,10/11/2024,7/11/2024,NA,NA,,AVM,14/11/2024,T001-2191,GUZMAN,14/11/2024,46,CHAO,20/11/2024,47,21/11/2024,EG03-00001007,EG07-00001289,Carga completada.Quedó en CP sin bl y bk [24-100-HPER/4700003544/UACU6057736],4700003544,,
2024-2025,LIQUIDADO,24-164-HPER,4700003566-1,GONZALO,DIDIHU,E & E,MACETA PLASTICA 27 L,M&S,D5BCA680-9A30-46EA-801D-4E882CF72152,"30,180.00",UN,USD,"52,145.00","52,145.00",0,CIF,SEA,FCL,MEXICO,MANZANILLO,CALLAO,1,40 HC,1040,28/10/2024,NA,NA,DIRECTO,COSCO,6399464060,SEKU4651093,,5/11/2024,45,IMKO24-10017,WAN HAI 721 E018,23/11/2024,47,NO,NA,DINET,LIP,16477,6/11/2024,21/11/2024,118-2024-10-460840-01-7-00,,,,NA,NA,,NA,27/11/2024,T001-4704,RANSA,28/11/2024,48,CHAO - ALMACEN,28/11/2024,48,4/12/2024,EG03-00001273,EG07-00001378,"Carga completada.Quedó en CP booking,BL[24-164-HPER/4700003566-1/SEKU4651093]",4700003566-1,,
2024-2025,LIQUIDADO,24-165-HPER,4700003566-2,GONZALO,DIDIHU,E & E,MACETA PLASTICA 27 L,M&S,5CFF4E60-9599-465A-BE6C-F943BF43DE73,"30,180.00",UN,USD,"52,145.00","52,145.00",0,CIF,SEA,FCL,MEXICO,MANZANILLO,CALLAO,1,40 HC,1040,11/11/2024,NA,NA,DIRECTO,COSCO,6399464020,CSNU8669760,,13/11/2024,46,IMKO24-11020,KOTA EAGLE 001E,28/11/2024,48,NO,NA,DINET,LIP,16869,12/11/2024,25/11/2024,118-2024-10-467187-01-7-00,29/11/2024,29/11/2024,28/11/2024,NA,NA,19/12/2024,NA,4/12/2024,T001-4756,RANSA,5/12/2024,49,CHAO - ALMACEN,5/12/2024,49,10/12/2024,EG03-00001301,EG07-00001464,Carga completada. Quedó en CP sin bl[24-165-HPER/4700003566-2/CSNU8669760],4700003566-2,,
2024-2025,LIQUIDADO,24-165-HPER,4700003566-2,GONZALO,DIDIHU,E & E,MACETA PLASTICA 27 L,M&S,5CFF4E60-9599-465A-BE6C-F943BF43DE73,"30,180.00",UN,USD,"52,145.00","52,145.00",0,CIF,SEA,FCL,MEXICO,MANZANILLO,CALLAO,1,40 HC,1040,11/11/2024,NA,NA,DIRECTO,COSCO,6399464020,TIIU5930051,,13/11/2024,46,IMKO24-11020,KOTA EAGLE 001E,28/11/2024,48,NO,NA,DINET,LIP,16869,12/11/2024,25/11/2024,118-2024-10-467187-01-7-00,29/11/2024,29/11/2024,28/11/2024,NA,NA,19/12/2024,NA,5/12/2024,T001-4757,RANSA,6/12/2024,49,CHAO - ALMACEN,6/12/2024,49,10/12/2024,EG03-00001306,EG07-00001483,Carga completada. Quedó en CP sin bl[24-165-HPER/4700003566-2/TIIU5930051],4700003566-2,,
2024-2025,LIQUIDADO,24-206-HPER,4700003629-2,FIORELLA,OSKUPACK,E & E,ENVASES DE PLASTICO,E-CH,146,"259,200.00",UN,USD,"15,033.60","15,033.60",30,FCA,LAND,LAND,CHILE,ARICA,SALAVERRY,NA,NA,432,NA,NA,NA,ALTIUS,DORIS,NA,BPW-B89/AVG-762,5/11/2024,5/11/2024,45,PE-010/2024,DORIS TRANSPORTE,11/11/2024,46,SI,6/11/2024,NA,AVM,24/88-112,6/11/2024,8/11/2024,172-2024-10-018496-01-1-00,NA,NA,8/11/2024,NA,NA,NA,NA,NA,NA,NA,11/11/2024,46,SALAVERRY,11/11/2024,46,13/11/2024,NA,NA,NA,4700003629-2,,
2024-2025,LIQUIDADO,24-207-HPER,4700003629-3,FIORELLA,OSKUPACK,E & E,ENVASES DE PLASTICO,E-CH,147,"259,200.00",UN,USD,"15,033.60","15,033.60",30,FCA,LAND,LAND,CHILE,ARICA,SALAVERRY,NA,NA,432,NA,NA,NA,ALTIUS,DORIS,NA,HYS-D96/C4A-811,5/11/2024,5/11/2024,45,PE-011/2024,DORIS TRANSPORTE,11/11/2024,46,SI,6/11/2024,NA,AVM,24/88-113,6/11/2024,8/11/2024,172-2024-10-018498-01-4-00,NA,NA,8/11/2024,NA,NA,NA,NA,NA,NA,NA,11/11/2024,46,SALAVERRY,11/11/2024,46,13/11/2024,NA,NA,NA,4700003629-3,,
2024-2025,LIQUIDADO,24-222-HPER,4700003073-3,HUB,HF GENETICS,PLANTAS,PLANTAS DE FRAMBUESA,-,7020000447,"1,200.00",UN,USD,"1,947.60","1,947.60",30,CPT,AIR,AIR,CHILE,SANTIAGO,LIMA,NA,NA,1,NA,NA,NA,DIRECTO,KOREAN,180-13838764,NA,,18/11/2024,47,180-13838764,KOREAN AIRLINES,18/11/2024,47,SI,18/11/2024,SAASA,AVM,24/001514,18/11/2024,19/11/2024,235-2024-10-182186-01-1-00,18/11/2024,18/11/2024,19/11/2024,22/11/2024,22/11/2024,NA,NA,24/11/2024,T001-2334,AVM,25/11/2024,48,CHAO - VIVEROS,25/11/2024,48,2/12/2024,NA,NA,NA,4700003073-3,,
2024-2025,LIQUIDADO,24-227-HPER,4700003629-6,FIORELLA,OSKUPACK,E & E,ENVASES DE PLASTICO,E-CH,151,"220,800.00",UN,USD,"12,806.40","12,806.40",30,EXW,SEA,FCL,CHILE,SAN ANTONIO,CALLAO,1,40 HC,368,27/11/2024,NA,NA,ALTIUS,HAPAG,61649232,TCLU1764315,,24/11/2024,47,ALTCL42873,MSC CANDIDA FA442R,3/12/2024,49,SI,27/11/2024,IMUPESA,PASOC,130809,27/11/2024,2/12/2024,118-2024-10-479802-01-3-00,3/12/2024,4/12/2024,,NA,NA,,NA,11/12/2024,T001-2556512,RANSA,12/12/2024,50,CHAO-ALMACEN,12/12/2024,50,13/12/2024,EG03-00001320,EG07-00001539,"Carga completada. Faltó bk,bl en cp[24-227-HPER/4700003629-6/ TCLU1764315]",4700003629-6,,
2024-2025,LIQUIDADO,24-227-HPER,4700003629-6,FIORELLA,OSKUPACK,E & E,ENVASES DE PLASTICO,E-CH,151,"220,800.00",UN,USD,"12,806.40","12,806.40",30,EXW,SEA,FCL,CHILE,SAN ANTONIO,CALLAO,1,40 HC,368,27/11/2024,NA,NA,ALTIUS,HAPAG,61649232,HLBU2773771,,24/11/2024,47,ALTCL42873,MSC CANDIDA FA442R,3/12/2024,49,SI,27/11/2024,IMUPESA,PASOC,130809,27/11/2024,2/12/2024,118-2024-10-479802-01-3-00,3/12/2024,4/12/2024,,NA,NA,,NA,11/12/2024,T001-2556514,RANSA,12/12/2024,50,CHAO-ALMACEN,12/12/2024,50,13/12/2024,EG03-00001322,EG07-00001536,"Carga completada. Faltó bk,bl en cp[24-227-HPER/4700003629-6/HLBU2773771]",4700003629-6,,
2024-2025,LIQUIDADO,24-208-HPER,4700003630-3,FIORELLA,JCK,E & E,ENVASES DE PLASTICO,E-CH,1011,"326,760.00",UN,USD,"20,422.50","20,422.50",90,EXW,LAND,LAND,CHILE,ARICA,SALAVERRY,NA,NA,778,NA,NA,NA,ALTIUS,DORIS,NA,CXS-S83,6/11/2024,6/11/2024,45,PE-012/2024,DORIS TRANSPORTE,13/11/2024,46,SI,6/11/2024,NA,AVM,24/88-114,6/11/2024,8/11/2024,172-2024-10-018500-01-9-00,NA,NA,8/11/2024,NA,NA,NA,NA,NA,NA,NA,12/11/2024,46,CHAO - ALMACEN,12/11/2024,46,13/11/2024,NA,NA,NA,4700003630-3,,
2024-2025,LIQUIDADO,24-128-HPER,4700003577,GONZALO,UNITEC,SPAREPARTS,REPUESTOS VARIOS,-,257,2.00,UN,EUR,"1,176.01","1,293.61",30,EXW,AIR,AIR,CHILE,SANTIAGO,LIMA,NA,NA,1,NA,NA,NA,COURIER,DHL,5952204473,NA,30/10/2024,6/11/2024,45,5952204473,DHL COURIER,20/11/2024,47,NO,NA,NA,DHL,NA,NA,9/11/2024,235-2024-10-176800-01-1-00,,,,NA,NA,,,,,,19/11/2024,47,SALAVERRY,19/11/2024,47,20/11/2024,,,NA,4700003577,,
2024-2025,LIQUIDADO,24-128-HPER,4700003593,GONZALO,UNITEC,SPAREPARTS,REPUESTOS VARIOS,-,259,2.00,UN,EUR,"1,470.02","1,617.02",30,EXW,AIR,AIR,CHILE,SANTIAGO,LIMA,NA,NA,-,NA,NA,NA,COURIER,DHL,5952204473,NA,30/10/2024,6/11/2024,45,5952204473,DHL COURIER,20/11/2024,47,NO,NA,NA,DHL,NA,NA,9/11/2024,235-2024-10-176800-01-1-00,,,,NA,NA,,,,,,19/11/2024,47,SALAVERRY,19/11/2024,47,20/11/2024,,,NA,4700003593,,
2024-2025,LIQUIDADO,24-128-HPER,4700003619,MELANIE,UNITEC,SPAREPARTS,REPUESTOS VARIOS,-,258,1.00,UN,EUR,439.40,483.34,30,EXW,AIR,AIR,CHILE,SANTIAGO,LIMA,NA,NA,-,NA,NA,NA,COURIER,DHL,5952204473,NA,30/10/2024,6/11/2024,45,5952204473,DHL COURIER,20/11/2024,47,NO,NA,NA,DHL,NA,NA,9/11/2024,235-2024-10-176800-01-1-00,,,,NA,NA,,,,,,19/11/2024,47,SALAVERRY,19/11/2024,47,20/11/2024,,,NA,4700003619,,
2024-2025,LIQUIDADO,24-209-HPER,4700003609,MELANIE,AGROGENIUS,EQP & INST,BAXLOS,-,INV-2024101501,1.00,UN,USD,"1,112.89","1,112.89",0,DDP,AIR,AIR,USA,MIAMI,LIMA,NA,NA,1,NA,NA,NA,DIRECTO,UPS,1ZW012W96700327112,,,6/11/2024,45,1ZW012W96700327112,UPS COURIER,14/11/2024,46,NO,NA,NA,UPS,NA,NA,10/11/2024,235-2024-28-3194192-43-3-00,NA,NA,11/11/2024,NA,NA,NA,NA,NA,NA,NA,14/11/2024,46,SALAVERRY,14/11/2024,46,16/11/2024,,,NA,4700003609,,
2024-2025,LIQUIDADO,24-210-HPER,4700003630-4,FIORELLA,JCK,E & E,ENVASES DE PLASTICO,E-CH,1015,"201,600.00",UN,USD,"12,600.00","12,600.00",90,EXW,LAND,LAND,CHILE,ARICA,SALAVERRY,NA,NA,480,NA,NA,NA,ALTIUS,DORIS,NA,SA5-103,7/11/2024,7/11/2024,45,PE-014/2024,DORIS TRANSPORTE,15/11/2024,46,SI,8/11/2024,NA,AVM,,8/11/2024,12/11/2024,172-2024-10-018749-01-7-00,NA,NA,12/11/2024,NA,NA,NA,,NA,,NA,15/11/2024,46,CHAO - ALMACEN,15/11/2024,46,15/11/2024,NA,NA,NA,4700003630-4,,
2024-2025,LIQUIDADO,24-210-HPER,4700003629-4,FIORELLA,OSKUPACK,E & E,ENVASES DE PLASTICO,E-CH,149,"80,400.00",UN,USD,"4,663.20","4,663.20",30,EXW,LAND,LAND,CHILE,ARICA,SALAVERRY,NA,NA,134,NA,NA,NA,ALTIUS,DORIS,NA,SA5-103,7/11/2024,7/11/2024,45,PE-015/2024,DORIS TRANSPORTE,15/11/2024,46,SI,8/11/2024,NA,AVM,,8/11/2024,12/11/2024,172-2024-10-018749-01-7-00,NA,NA,12/11/2024,NA,NA,NA,,NA,,NA,15/11/2024,46,CHAO - ALMACEN,15/11/2024,46,15/11/2024,NA,NA,NA,4700003629-4,,
2024-2025,LIQUIDADO,24-099-HPER,4700003524,OMAR,CODIAGRO,AGQ,FITOKONTROL-K,-,801,"3,000.00",LT,EUR,"7,718.40","8,490.24",0,EXW,SEA,LCL,ESPAÑA,VALENCIA,CALLAO,NA,NA,3,4/10/2024,23/9/2024,23/9/2024,FORBIS,CMA CGM,,TGBU6555362,30/9/2024,11/10/2024,41,FB240103367/0105,CMA CGM CARL ANTOINE 0WCJFS1MA,16/11/2024,46,SI,7/10/2024,ALFOSAC,AVM,24/001434,4/11/2024,11/11/2024,118-2024-10-446047-01-1-00,17/11/2024,18/11/2024,15/11/2024,NA,NA,,AVM,,T001-2279,GUZMAN,22/11/2024,47,CHAO-ALMACEN,29/11/2024,48,2/12/2024,EG03-00001205,EG07-00001388,"Carga completada. Quedó en CP, Booking,bl[24-099-HPER/4700003524/TGBU6555362]",4700003524,,
2024-2025,LIQUIDADO,24-212-HPER,4700003629-5,FIORELLA,OSKUPACK,E & E,ENVASES DE PLASTICO,E-CH,150,"259,200.00",UN,USD,"15,033.60","15,033.60",30,EXW,LAND,LAND,CHILE,ARICA,SALAVERRY,NA,NA,432,NA,NA,NA,ALTIUS,DORIS,NA,PP2-480,7/11/2024,7/11/2024,45,PE-016/2024,DORIS TRANSPORTE,15/11/2024,46,SI,8/11/2024,NA,AVM,,8/11/2024,11/11/2024,172-2024-10-018698-01-3-00,NA,NA,11/11/2024,NA,NA,NA,,NA,,NA,15/11/2024,46,CHAO - ALMACEN,15/11/2024,46,15/11/2024,NA,NA,NA,4700003629-5,,
2024-2025,ENTREGADO,24-026-HFEB,4700003620,VICTOR,A&B,SPAREPARTS,RPTOS VARIOS PARA MAQUINA PESADORA DE ARANDANOS A&B,-,20815,43.00,UN,USD,"5,395.38","5,395.38",0,CIP,AIR,AIR,USA,MIAMI,LIMA,NA,NA,1,NA,NA,NA,DIRECTO,FEDEX,417412570939,NA,7/11/2024,7/11/2024,45,417412570939,FEDEX COURIER,18/11/2024,47,NO,NA,NA,SCHARFF,NA,NA,12/11/2024,235-2024-10-177693-01-4-00,NA,NA,14/11/2024,NA,NA,,,,,,18/11/2024,47,OLMOS,18/11/2024,47,,,,NA,4700003620,,
2024-2025,ENTREGADO,24-022-HFEB,4700003633-1,FIORELLA,JCK,E & E,PUNNET PET 150gr,E-CH,1016,"939,195.00",UN,USD,"24,419.07","24,419.07",90,EXW,LAND,LAND,CHILE,ARICA,OLMOS,NA,NA,773,NA,NA,NA,ALTIUS,DORIS,NA,CDJ-X90,7/11/2024,7/11/2024,45,PE-013/2024,DORIS TRANSPORTE,16/11/2024,46,NO,NA,NA,AVM,24/88-115,8/11/2024,11/11/2024,172-2024-10-018606-01-1-00,NA,NA,12/11/2024,NA,NA,,,,,,16/11/2024,46,OLMOS,16/11/2024,46,16/11/2024,NA,NA,NA,4700003633-1,,
2024-2025,LIQUIDADO,24-118-HPER,4700003508-1,FIORELLA,FASTIK,E & E,FILM PUNNET PET 18OZ 7X7,-,106957,"350,250.00",UN,USD,"26,723.67","26,723.67",0,EXW,AIR,AIR,USA,MIAMI,LIMA,NA,NA,2,NA,21/10/2024,21/10/2024,AIRSEALOG,LAN,045-10141143,NA,24/10/2024,8/11/2024,45,1EAMIA245896,LAN CARGO,8/11/2024,45,SI,5/11/2024,ALFOSAC,LIP,16364,5/11/2024,6/11/2024,235-2024-10-174177-01-5-00,9/11/2024,9/11/2024,9/11/2024,NA,NA,NA,NA,10/11/2024,NA,LIP,11/11/2024,46,SALAVERRY,11/11/2024,46,13/11/2024,T001-4575,NA,NA,4700003508-1,,
2024-2025,LIQUIDADO,24-118-HPER,4700003508-2,FIORELLA,FASTIK,E & E,FILM PUNNET PET 18OZ 7X7,-,106956,"177,750.00",UN,USD,"12,577.59","12,577.59",0,EXW,AIR,AIR,USA,MIAMI,LIMA,NA,NA,1,NA,21/10/2024,21/10/2024,AIRSEALOG,LAN,045-10141143,NA,24/10/2024,8/11/2024,45,1EAMIA245896,LAN CARGO,8/11/2024,45,SI,5/11/2024,ALFOSAC,LIP,16364,5/11/2024,6/11/2024,235-2024-10-174177-01-5-00,9/11/2024,9/11/2024,9/11/2024,NA,NA,NA,NA,10/11/2024,NA,LIP,11/11/2024,46,SALAVERRY,11/11/2024,46,13/11/2024,T001-4575,NA,NA,4700003508-2,,
2024-2025,LIQUIDADO,24-227-HPER,4700003629-6,FIORELLA,OSKUPACK,E & E,ENVASES DE PLASTICO,E-CH,151,"220,800.00",UN,USD,"12,806.40","12,806.40",30,EXW,SEA,FCL,CHILE,SAN ANTONIO,CALLAO,1,40 HC,368,27/11/2024,NA,NA,ALTIUS,HAPAG,61649232,TCLU6470268,,24/11/2024,47,ALTCL42873,MSC CANDIDA FA442R,3/12/2024,49,SI,27/11/2024,IMUPESA,PASOC,130809,27/11/2024,2/12/2024,118-2024-10-479802-01-3-00,3/12/2024,4/12/2024,,NA,NA,,NA,11/12/2024,T001-2556513,RANSA,12/12/2024,50,CHAO-ALMACEN,12/12/2024,50,13/12/2024,EG03-00001321,EG07-00001540,"Carga completada. Faltó bk,bl en cp[24-227-HPER/4700003629-6/TCLU6470268 ]",4700003629-6,,
2024-2025,ENTREGADO,24-025-HFEB,4700003633-3,FIORELLA,JCK,E & E,PUNNET PET 150gr,E-CH,1017,"991,440.00",UN,USD,"25,777.44","25,777.44",90,EXW,LAND,LAND,CHILE,ARICA,OLMOS,NA,NA,816,NA,NA,NA,ALTIUS,DORIS,NA,JP1-671,8/11/2024,8/11/2024,45,PE-017/2024,DORIS TRANSPORTE,16/11/2024,46,NO,NA,NA,AVM,24/88-117,11/11/2024,11/11/2024,172-2024-10-018700-01-8-00,NA,NA,12/11/2024,NA,NA,,,,,,16/11/2024,46,OLMOS,16/11/2024,46,16/11/2024,NA,NA,NA,4700003633-3,,
2024-2025,LIQUIDADO,24-126-HPER,4700003629-1,FIORELLA,OSKUPACK,E & E,ENVASES DE PLASTICO,E-CH,145,"220,800.00",UN,USD,"12,806.40","12,806.40",30,EXW,SEA,FCL,CHILE,SAN ANTONIO,CALLAO,1,40 HC,368,4/11/2024,NA,NA,ALTIUS,CMA CGM,,BEAU4062712,,9/11/2024,45,ALTCL42620,ISTANBUL EXPRESS 0WCJCN1MA,12/11/2024,46,SI,5/11/2024,IMUPESA,LIP,16475,6/11/2024,11/11/2024,118-2024-10-445992-01-4-00,12/11/2024,,12/11/2024,NA,NA,,NA,,T001-4658,LIP,22/11/2024,47,CHAO - ALMACEN,22/11/2024,47,23/11/2024,EG03-00000943,EG07-00001313,PENDIENTE,4700003629-1,,
2024-2025,LIQUIDADO,24-126-HPER,4700003629-1,FIORELLA,OSKUPACK,E & E,ENVASES DE PLASTICO,E-CH,145,"220,800.00",UN,USD,"12,806.40","12,806.40",30,EXW,SEA,FCL,CHILE,SAN ANTONIO,CALLAO,1,40 HC,368,4/11/2024,NA,NA,ALTIUS,CMA CGM,,SEGU6054385,,9/11/2024,45,ALTCL42620,ISTANBUL EXPRESS 0WCJCN1MA,12/11/2024,46,SI,5/11/2024,IMUPESA,LIP,16475,6/11/2024,11/11/2024,118-2024-10-445992-01-4-00,12/11/2024,,12/11/2024,NA,NA,,NA,,T001-4659,LIP,22/11/2024,47,CHAO - ALMACEN,22/11/2024,47,23/11/2024,EG03-00000942,EG07-00001314,PENDIENTE,4700003629-1,,
2024-2025,LIQUIDADO,24-125-HPER,4700003628-3,FIORELLA,INTEGRITY,E & E,ENVASES DE PLASTICO,E-CH,101084,"145,360.00",UN,USD,"9,012.32","9,012.32",90,EXW,SEA,FCL,CHILE,SAN ANTONIO,CALLAO,1,40 HC,404,4/11/2024,NA,NA,ALTIUS,CMA CGM,,BMOU5487681,,9/11/2024,45,ALTCL42718,ISTANBUL EXPRESS 0WCJCN1MA,12/11/2024,46,SI,5/11/2024,IMUPESA,LIP,16476,6/11/2024,11/11/2024,118-2024-10-446002-01-8-00,12/11/2024,,12/11/2024,NA,NA,,NA,,T001-4662,LIP,22/11/2024,47,CHAO - ALMACEN,22/11/2024,47,23/11/2024,V002-002745,EG07-00001312,PENDIENTE,4700003628-3,,
2024-2025,LIQUIDADO,24-125-HPER,4700003660,FIORELLA,INTEGRITY,E & E,ENVASES DE PLASTICO,E-CH,101084,"61,640.00",UN,USD,"3,821.68","3,821.68",90,EXW,SEA,FCL,CHILE,SAN ANTONIO,CALLAO,-,40 HC,171,4/11/2024,NA,NA,ALTIUS,CMA CGM,,BMOU5487681,,9/11/2024,45,ALTCL42718,ISTANBUL EXPRESS 0WCJCN1MA,12/11/2024,46,SI,5/11/2024,IMUPESA,LIP,16476,6/11/2024,11/11/2024,118-2024-10-446002-01-8-00,12/11/2024,,12/11/2024,NA,NA,,NA,,T001-4662,LIP,22/11/2024,47,CHAO - ALMACEN,22/11/2024,47,23/11/2024,V002-002745,EG07-00001312,PENDIENTE,4700003660,,
2024-2025,LIQUIDADO,24-125-HPER,4700003628-3,FIORELLA,INTEGRITY,E & E,ENVASES DE PLASTICO,E-CH,101084,"207,000.00",UN,USD,"12,834.00","12,834.00",90,EXW,SEA,FCL,CHILE,SAN ANTONIO,CALLAO,1,40 HC,575,4/11/2024,NA,NA,ALTIUS,CMA CGM,,CMAU3436461,,9/11/2024,45,ALTCL42718,ISTANBUL EXPRESS 0WCJCN1MA,12/11/2024,46,SI,5/11/2024,IMUPESA,LIP,16476,6/11/2024,11/11/2024,118-2024-10-446002-01-8-00,12/11/2024,,12/11/2024,NA,NA,,NA,22/11/2024,T001-4669,RANSA,23/11/2024,47,CHAO - ALMACEN,23/11/2024,47,23/11/2024,EG03-00001219,EG07-00001348,PENDIENTE,4700003628-3,,
2024-2025,LIQUIDADO,24-125-HPER,4700003628-3,FIORELLA,INTEGRITY,E & E,ENVASES DE PLASTICO,E-CH,101084,"207,000.00",UN,USD,"12,834.00","12,834.00",90,EXW,SEA,FCL,CHILE,SAN ANTONIO,CALLAO,1,40 HC,575,4/11/2024,NA,NA,ALTIUS,CMA CGM,,CMAU7306677,,9/11/2024,45,ALTCL42718,ISTANBUL EXPRESS 0WCJCN1MA,12/11/2024,46,SI,5/11/2024,IMUPESA,LIP,16476,6/11/2024,11/11/2024,118-2024-10-446002-01-8-00,12/11/2024,,12/11/2024,NA,NA,,NA,22/11/2024,T001-4670,RANSA,23/11/2024,47,CHAO - ALMACEN,23/11/2024,47,23/11/2024,EG03-00001218,EG07-00001349,PENDIENTE,4700003628-3,,
2024-2025,LIQUIDADO,24-213-HPER,4700003143,HUB,HF GENETICS,PLANTAS,IMPERIAL,-,7020000443,"52,100.00",UN,USD,"101,595.00","101,595.00",30,CPT,AIR,AIR,CHILE,SANTIAGO,LIMA,NA,NA,2,NA,NA,NA,DIRECTO,KOREAN,180-13837600,NA,,11/11/2024,46,180-13837600,KOREAN AIRLINES,11/11/2024,46,SI,11/11/2024,SAASA,AVM,24/001474,11/11/2024,12/11/2024,235-2024-10-177558-01-1-00,11/11/2024,NA,12/11/2024,13/11/2024,13/11/2024,NA,NA,13/11/2024,T001-2188,AVM,14/11/2024,46,CHAO - VIVEROS,14/11/2024,46,22/11/2024,NA,NA,NA,4700003143,,
2024-2025,LIQUIDADO,24-213-HPER,5400000417,HUB,HF GENETICS,PLANTAS,IMPERIAL,REPOSICION,7020000440,"36,075.00",UN,USD,"70,346.25","70,346.25",30,CPT,AIR,AIR,CHILE,SANTIAGO,LIMA,NA,NA,2,NA,NA,NA,DIRECTO,KOREAN,180-13837600,NA,,11/11/2024,46,180-13837600,KOREAN AIRLINES,11/11/2024,46,SI,11/11/2024,SAASA,AVM,24/001474,11/11/2024,12/11/2024,235-2024-10-177558-01-1-00,11/11/2024,NA,12/11/2024,13/11/2024,13/11/2024,NA,NA,13/11/2024,T001-2188,AVM,14/11/2024,46,CHAO - VIVEROS,14/11/2024,46,22/11/2024,NA,NA,NA,5400000417,,
2024-2025,LIQUIDADO,24-213-HPER,5400000442,HUB,HF GENETICS,PLANTAS,ARANDANO MIX VARIEDADES,SAMPLE,7020000442,"2,820.00",UN,USD,"5,499.00","5,499.00",30,CPT,AIR,AIR,CHILE,SANTIAGO,LIMA,NA,NA,1,NA,NA,NA,DIRECTO,KOREAN,180-13837600,NA,,11/11/2024,46,180-13837600,KOREAN AIRLINES,11/11/2024,46,SI,11/11/2024,SAASA,AVM,24/001474,11/11/2024,12/11/2024,235-2024-10-177558-01-1-00,11/11/2024,NA,12/11/2024,13/11/2024,13/11/2024,NA,NA,13/11/2024,T001-2188,AVM,14/11/2024,46,CHAO - VIVEROS,14/11/2024,46,22/11/2024,NA,NA,NA,5400000442,,
2024-2025,LIQUIDADO,24-214-HPER,5400000418,HUB,HF GENETICS,PLANTAS,CH229 (HB180),SAMPLE,7020000444,510.00,UN,USD,"2,040.00","2,040.00",30,CPT,AIR,AIR,CHILE,SANTIAGO,LIMA,NA,NA,1,NA,NA,NA,DIRECTO,SKY,605-00337610,NA,,12/11/2024,46,605-00337610,SKY AIRLINES,12/11/2024,46,SI,11/11/2024,TALMA,AVM,24/001487,12/11/2024,13/11/2024,235-2024-10-178891-01-4-00,12/11/2024,NA,13/11/2024,15/11/2024,15/11/2024,NA,NA,15/11/2024,T001-2204,AVM,16/11/2024,46,CHAO - VIVEROS,16/11/2024,46,21/11/2024,NA,NA,NA,5400000418,,
2024-2025,ENTREGADO,24-021-HFEB,4700003376-4,FIORELLA,JCK,E & E,PUNNET PET 18OZ 7X7 CESTA,-,1024,"244,776.00",UN,USD,"19,582.08","19,582.08",120,EXW,SEA,FCL,CHILE,SAN ANTONIO,CALLAO,1,40 HC,658,NA,28/10/2024,28/10/2024,AIRSEALOG,MAERSK,S00046545,MRSU6423243,14/11/2024,25/11/2024,48,ASLCLS00046545,MAERSK ACADIA 445W,29/11/2024,48,NO,NA,IMUPESA,PASOC,130500,22/11/2024,27/11/2024,118-2024-10-471549-01-7-00,,,,NA,NA,,,,,PASOC,6/12/2024,49,OLMOS,6/12/2024,49,,,,NA,4700003376-4,,
2024-2025,LIQUIDADO,24-215-HPER,5400000427,HUB,NAM PLANTS,PLANTAS,ARANDANO MIX VARIEDADES,-,7020000445,780.00,UN,USD,"3,628.23","3,628.23",30,CPT,AIR,AIR,USA,PORTLAND,LIMA,NA,NA,1,NA,NA,NA,DIRECTO,AIR CANADA,014-34010605,NA,,14/11/2024,46,014-34010605,AIR CANADA,18/11/2024,47,SI,18/11/2024,TALMA,AVM,24/001513,18/11/2024,19/11/2024,235-2024-10-182132-01-7-00,18/11/2024,18/11/2024,19/11/2024,27/11/2024,27/11/2024,NA,NA,27/11/2024,T001-2383,AVM,28/11/2024,48,CHAO - VIVEROS,28/11/2024,48,19/12/2024,NA,NA,NA,5400000427,,
2024-2025,LIQUIDADO,24-211-HPER,4700003634-1,FIORELLA,JCK,E & E,PUNNET PET 150gr,E-CH,1028,"1,019,385.00",UN,USD,"26,504.01","26,504.01",90,EXW,LAND,LAND,CHILE,ARICA,SALAVERRY,NA,NA,839,NA,NA,NA,ALTIUS,DORIS,NA,SA5-103,15/11/2024,15/11/2024,46,PE-018/2024,DORIS TRANSPORTE,22/11/2024,47,SI,15/11/2024,NA,AVM,24/88-125,15/11/2024,18/11/2024,172-2024-10-019213-01-3-00,NA,NA,,NA,NA,NA,NA,NA,NA,NA,22/11/2024,47,CHAO,22/11/2024,47,23/11/2024,NA,NA,NA,4700003634-1,,
2024-2025,LIQUIDADO,24-228-HPER,4700003630-5,FIORELLA,JCK,E & E,ENVASES DE PLASTICO,E-CH,1025,"261,660.00",UN,USD,"16,353.75","16,353.75",90,EXW,SEA,FCL,CHILE,SAN ANTONIO,CALLAO,1,40 HC,623,26/11/2024,NA,NA,ALTIUS,HAPAG,61649232,TEMU6790926,,24/11/2024,47,ALTCL43080,MSC CANDIDA FA442R,3/12/2024,49,SI,26/11/2024,IMUPESA,PASOC,130811,27/11/2024,,118-2024-10-480054-01-7-00,,,,NA,NA,,PASOC,13/12/2024,T001-2556718,LIP,13/12/2024,50,CHAO-ALMACEN,17/12/2024,51,17/12/2024,EG03-00010730,EG07-00001599,Carga completa. Faltó en CP BL.BK [24-228-HPER/4700003630-5/TEMU6790926 ],4700003630-5,,
2024-2025,LIQUIDADO,24-228-HPER,4700003630-5,FIORELLA,JCK,E & E,ENVASES DE PLASTICO,E-CH,1020,"261,660.00",UN,USD,"16,353.75","16,353.75",90,EXW,SEA,FCL,CHILE,SAN ANTONIO,CALLAO,1,40 HC,623,26/11/2024,NA,NA,ALTIUS,HAPAG,61649232,UACU5851952,,24/11/2024,47,ALTCL43080,MSC CANDIDA FA442R,3/12/2024,49,SI,26/11/2024,IMUPESA,PASOC,130811,27/11/2024,,118-2024-10-480054-01-7-00,,,,NA,NA,,PASOC,13/12/2024,T001-2556717,LIP,13/12/2024,50,CHAO-ALMACEN,17/12/2024,51,17/12/2024,EG03-00010754,EG07-00001598,Carga completa. Faltó en CP BL.BK[24-228-HPER/4700003630-5/UACU5851952 ],4700003630-5,,
2024-2025,LIQUIDADO,24-119-HPER,4700003375-5,FIORELLA,JCK,E & E,PUNNET PET 150gr,-,1013,"820,125.00",UN,USD,"21,323.25","21,323.25",120,EXW,SEA,FCL,CHILE,SAN ANTONIO,CALLAO,1,40 HC,675,NA,22/10/2024,24/10/2024,AIRSEALOG,HAPAG,S00046463,BSIU9609192,7/11/2024,24/11/2024,47,ASLCLS00046463,MSC CANDIDA FA442R,3/12/2024,49,SI,11/11/2024,IMUPESA,LIP,16665,11/11/2024,,118-2024-10-457264-01-9-00,,,,NA,NA,,,11/12/2024,T001-4814,RANSA,12/12/2024,50,CHAO-ALMACEN,12/12/2024,50,13/12/2024,EG03-00001318,EG07-00001528,NA,4700003375-5,,
2024-2025,LIQUIDADO,24-119-HPER,4700003375-5,FIORELLA,JCK,E & E,PUNNET PET 150gr,-,1013,"820,125.00",UN,USD,"21,323.25","21,323.25",120,EXW,SEA,FCL,CHILE,SAN ANTONIO,CALLAO,1,40 HC,675,NA,22/10/2024,24/10/2024,AIRSEALOG,HAPAG,S00046463,TEMU8100151,7/11/2024,24/11/2024,47,ASLCLS00046463,MSC CANDIDA FA442R,3/12/2024,49,SI,11/11/2024,IMUPESA,LIP,16665,11/11/2024,,118-2024-10-457264-01-9-00,,,,NA,NA,,,11/12/2024,T001-4815,RANSA,12/12/2024,50,CHAO-ALMACEN,12/12/2024,50,13/12/2024,EG03-00001317,EG07-00001529,NA,4700003375-5,,
2024-2025,LIQUIDADO,24-171-HPER,4700003565-2,GONZALO,DEHUAN,E & E,MACETA PLASTICA 30 L,M&S,TLD24052DW-2,"21,098.00",UN,USD,"30,486.61","30,486.61",0,CIF,SEA,FCL,CHINA,NINGBO,CALLAO,1,40 HC,20,28/10/2024,NA,NA,DIRECTO,EVERGREEN,,EGSU9689047,,30/10/2024,44,143469655102,COSCO PACIFIC 091E ,4/12/2024,49,NO,NA,IMUPESA,PASOC,130757,25/11/2024,3/12/2024,118-2024-10-480786,5/12/2024,5/12/2024,,NA,NA,,NA,22/12/2024,T001-2557352,PASOC,23/12/2024,52,CHAO-ALMACEN,23/12/2024,52,2/1/2025,EG04-00005585,EG07-00001682,Carga completada.faltó bk en cp[24-171-HPER/4700003565-2/EGSU9689047],4700003565-2,,
2024-2025,ENTREGADO,24-024-HFEB,4700003633-2,FIORELLA,JCK,E & E,PUNNET PET 150gr,-,1032,"820,125.00",UN,USD,"21,323.25","21,323.25",90,EXW,SEA,FCL,CHILE,SAN ANTONIO,CALLAO,1,40 HC,675,NA,28/10/2024,28/10/2024,AIRSEALOG,MAERSK,S00046544,CAAU5401746,,2/12/2024,49,ASLCLS00046544,DALLAS EXPRESS 446W,6/12/2024,49,NO,NA,IMUPESA,PASOC,130410,22/11/2024,5/12/2024,118-2024-10-485644-01-7-00,7/12/2024,7/12/2024,,NA,NA,,,13/12/2024,,PASOC,16/12/2024,51,OLMOS,16/12/2024,51,,,,NA,4700003633-2,,
2024-2025,ENTREGADO,24-024-HFEB,4700003636-1,FIORELLA,JCK,E & E,PUNNET PET 11OZ 5X7,-,1032,"505,440.00",UN,USD,"25,777.44","25,777.44",90,EXW,SEA,FCL,CHILE,SAN ANTONIO,CALLAO,1,40 HC,624,NA,28/10/2024,28/10/2024,AIRSEALOG,MAERSK,S00046544,MRSU5620715,,2/12/2024,49,ASLCLS00046544,DALLAS EXPRESS 446W,6/12/2024,49,NO,NA,IMUPESA,PASOC,130410,22/11/2024,5/12/2024,118-2024-10-485644-01-7-00,7/12/2024,7/12/2024,,NA,NA,,,13/12/2024,,PASOC,16/12/2024,51,OLMOS,16/12/2024,51,,,,NA,4700003636-1,,
2024-2025,ENTREGADO,24-032-HFEB,4700003376-3,FIORELLA,JCK,E & E,PUNNET 250G H40,-,1024,"605,880.00",UN,USD,"20,296.98","20,296.98",120,EXW,SEA,FCL,CHILE,SAN ANTONIO,CALLAO,1,40 HC,748,NA,28/10/2024,28/10/2024,AIRSEALOG,MAERSK,S00047648,MRKU6254198,14/11/2024,2/12/2024,49,ASLCLS00047648,DALLAS EXPRESS 446W,6/12/2024,49,NO,NA,IMUPESA,PASOC,131366,29/11/2024,5/12/2024,18-2024-10-486114-01-1-00,7/12/2024,7/12/2024,,NA,NA,,,13/12/2024,,PASOC,16/12/2024,51,OLMOS,16/12/2024,51,,,,NA,4700003376-3,,
2024-2025,ENTREGADO,24-020-HFEB,4700003573-1,OMAR,PROMISOL,AGQ,MUCIGEL,-,F/24453,"2,000.00",LT,EUR,"16,800.00","18,480.00",90,EXW,SEA,LCL,ESPAÑA,BARCELONA,CALLAO,NA,NA,2,NA,15/10/2024,15/10/2024,AIRSEALOG,CMA CGM,1478932,BMOU6621305,21/10/2024,2/11/2024,44,240404008/0106,CALLAO EXPRESS 0WCJLS1MA,6/12/2024,49,NO,NA,ALFOSAC,AVM,24/001577,28/11/2024,3/12/2024,118-2024-10-481481-01-6-00,,,5/12/2024,NA,NA,,,11/12/2024,,AVM,16/12/2024,51,OLMOS,16/12/2024,51,,,,NA,4700003573-1,,
2024-2025,ENTREGADO,24-019-HFEB,4700003574-1,OMAR,EDEN,AGQ,DISPER CHLOROPHYL,-,2024-1672,"1,800.00",KG,EUR,"47,160.00","51,876.00",90,EXW,SEA,LCL,ESPAÑA,VALENCIA,CALLAO,NA,NA,5,NA,21/10/2024,21/10/2024,AIRSEALOG,CMA CGM,,UETU6509656,,8/11/2024,45,12024102591,COSCO SHIPPING VOLGA 0WCJNS1MA,13/12/2024,50,NO,NA,VILLAS OQUENDO,AVM,24/001661,10/12/2024,,118-2024-10-500881-01-7-00,,,,NA,NA,,,19/12/2024,,AVM,20/12/2024,51,OLMOS,20/12/2024,51,,,,NA,4700003574-1,,
2024-2025,LIQUIDADO,24-166-HPER,4700003566-3,GONZALO,DIDIHU,E & E,MACETA PLASTICA 27 L,M&S,CBE63C16-A544-472F-9EDD-5A62A8E06721,"30,180.00",UN,USD,"52,145.00","52,145.00",0,CIF,SEA,FCL,MEXICO,MANZANILLO,CALLAO,1,40 HC,1040,15/11/2024,NA,NA,DIRECTO,COSCO,6401393710,CSNU8255219,,26/11/2024,48,IMKO24-11025,WAN HAI A02 010E,14/12/2024,50,NO,NA,DINET,LIP,17528,26/11/2024,5/12/2024,118-2024-10-485951-01-7-00,,,,NA,NA,,NA,19/12/2024,T001-4892,RANSA,20/12/2024,51,CHAO-ALMACEN,20/12/2024,51,27/12/2025,EG03-00001392,EG07-00001640,Carga completada.Quedó en CP sin BL  [24-166-HPER / 4700003566-3 / CSNU8255219],4700003566-3,,
2024-2025,LIQUIDADO,24-105-HPER,4700003546,OMAR,PROMISOL,AGQ,CYTOFLOW AMIN,-,F/24436,"4,000.00",KG,EUR,"41,200.00","45,320.00",90,EXW,SEA,LCL,ESPAÑA,VALENCIA,CALLAO,NA,NA,4,28/10/2024,2/10/2024,3/10/2024,AIRSEALOG,CMA CGM,,TIIU4346315,8/10/2024,8/11/2024,45,EM1CL-1261865,COSCO SHIPPING VOLGA 0WCJNS1MA,13/12/2024,50,SI,8/11/2024,VILLAS OQUENDO,AVM,24/001634,10/12/2024,,118-2024-10-495082,,,,NA,NA,NA,AVM,18/12/2024,T001-2582,GUZMAN,19/12/2024,51,CHAO-ALMACEN,21/12/2024,51,23/12/2024,EG03-00003352,EG07-00001662,"Carga completada.Faltó en cp bl,bk,factura[24-105-HPER/4700003546/TIIU4346315]",4700003546,,
2024-2025,LIQUIDADO,24-105-HPER,4700003546,OMAR,PROMISOL,AGQ,CYTOLAN,-,F/24436,"2,000.00",KG,EUR,"21,700.00","23,870.00",90,EXW,SEA,LCL,ESPAÑA,VALENCIA,CALLAO,NA,NA,3,28/10/2024,2/10/2024,3/10/2024,AIRSEALOG,CMA CGM,,TIIU4346315,8/10/2024,8/11/2024,45,EM1CL-1261865,COSCO SHIPPING VOLGA 0WCJNS1MA,13/12/2024,50,SI,8/11/2024,VILLAS OQUENDO,AVM,24/001634,10/12/2024,,118-2024-10-495082,,,,NA,NA,NA,AVM,18/12/2024,T001-2582,GUZMAN,19/12/2024,51,CHAO-ALMACEN,21/12/2024,51,23/12/2024,EG03-00003352,EG07-00001662,"Carga completada.Faltó en cp bl,bk,factura[24-105-HPER/4700003546/TIIU4346315]",4700003546,,
2024-2025,LIQUIDADO,24-166-HPER,4700003566-3,GONZALO,DIDIHU,E & E,MACETA PLASTICA 27 L,M&S,CBE63C16-A544-472F-9EDD-5A62A8E06721,"30,180.00",UN,USD,"52,145.00","52,145.00",0,CIF,SEA,FCL,MEXICO,MANZANILLO,CALLAO,1,40 HC,1040,15/11/2024,NA,NA,DIRECTO,COSCO,6401393710,OOCU8863924,,26/11/2024,48,IMKO24-11025,WAN HAI A02 010E,14/12/2024,50,NO,NA,DINET,LIP,17528,26/11/2024,5/12/2024,118-2024-10-485951-01-7-00,,,,NA,NA,,NA,19/12/2024,T001-4891,RANSA,20/12/2024,51,CHAO-ALMACEN,20/12/2024,51,27/12/2025,EG03-00001393,EG07-00001641,Carga completada.Quedó en CP sin BL  [24-166-HPER / 4700003566-3 / OOCU8863924,4700003566-3,,
2024-2025,LIQUIDADO,24-191-HPER,4700003592-2,GONZALO,AVIBIOL,SUSTRATOS,FIBRA DE COCO,M&S,F001-00002455,"23,600.00",KG,USD,"14,430.17","14,430.17",0,CIF,SEA,FCL,ESPAÑA,VALENCIA,CALLAO,1,40 HC,24,28/10/2024,NA,NA,DIRECTO,CMA CGM,IBC1261847,BEAU5946908,,19/11/2024,47,IBC1261847B,MARTINIQUE 0LIG4S1MA,15/12/2024,50,NO,NA,UNIMAR,AVM,24/001584,4/12/2024,19/12/2024,118-2024-10-506203-01-0-00,15/12/2024,16/12/2024,,13/1/2025,13/1/2025,2/1/2025,NA,17/1/2025,NA,LIP,18/1/2025,3,CHAO-ALMACEN,18/1/2025,3,30/1/2025,EG03-00003607,EG07-00001984,completado. Faltó en CP bl[24-191-HPER/4700003592-2/BEAU5946908],4700003592-2,,
2024-2025,LIQUIDADO,24-191-HPER,4700003592-2,GONZALO,AVIBIOL,SUSTRATOS,FIBRA DE COCO,M&S,F001-00002455,"23,600.00",KG,USD,"14,430.17","14,430.17",0,CIF,SEA,FCL,ESPAÑA,VALENCIA,CALLAO,1,40 HC,24,28/10/2024,NA,NA,DIRECTO,CMA CGM,IBC1261847,TRHU8271585,,19/11/2024,47,IBC1261847B,MARTINIQUE 0LIG4S1MA,15/12/2024,50,NO,NA,UNIMAR,AVM,24/001584,4/12/2024,19/12/2024,118-2024-10-506203-01-0-00,15/12/2024,16/12/2024,,13/1/2025,13/1/2025,2/1/2025,NA,17/1/2025,NA,LIP,18/1/2025,3,CHAO-ALMACEN,18/1/2025,3,30/1/2025,EG03-00000431,EG07-00001986,completado. Faltó en CP bl[24-191-HPER/4700003592-2/TRHU8271585],4700003592-2,,
2024-2025,LIQUIDADO,24-191-HPER,4700003592-2,GONZALO,AVIBIOL,SUSTRATOS,FIBRA DE COCO,M&S,F001-00002455,"23,600.00",KG,USD,"14,430.17","14,430.17",0,CIF,SEA,FCL,ESPAÑA,VALENCIA,CALLAO,1,40 HC,24,28/10/2024,NA,NA,DIRECTO,CMA CGM,IBC1261847,UETU6432596,,19/11/2024,47,IBC1261847B,MARTINIQUE 0LIG4S1MA,15/12/2024,50,NO,NA,UNIMAR,AVM,24/001584,4/12/2024,19/12/2024,118-2024-10-506203-01-0-00,15/12/2024,16/12/2024,,13/1/2025,13/1/2025,2/1/2025,NA,17/1/2025,NA,LIP,18/1/2025,3,CHAO-ALMACEN,18/1/2025,3,30/1/2025,EG03-00001153,EG07-00001989,completado. Faltó en CP bl[24-191-HPER/4700003592-2/UETU6432596],4700003592-2,,
2024-2025,LIQUIDADO,24-192-HPER,4700003592-3,GONZALO,AVIBIOL,SUSTRATOS,FIBRA DE COCO,M&S,F001-00002456,"23,600.00",KG,USD,"14,430.17","14,430.17",0,CIF,SEA,FCL,ESPAÑA,VALENCIA,CALLAO,1,40 HC,24,28/10/2024,NA,NA,DIRECTO,CMA CGM,IBC1261847,TCNU3858133,,19/11/2024,47,IBC1261847C,MARTINIQUE 0LIG4S1MA,15/12/2024,50,NO,NA,UNIMAR,AVM,24/001585,4/12/2024,18/12/2024,118-2024-10-504982-01-2-00,15/12/2024,17/12/2024,,13/1/2025,13/1/2025,2/1/2025,NA,27/1/2025,NA,LIP,28/1/2025,5,CHAO-ALMACEN,28/1/2025,5,4/2/2025,EG03-00003699,EG07-00002172,Carga completada.falto en cp BL[24-192-HPER/4700003592-3/TCNU3858133],4700003592-3,,
2024-2025,LIQUIDADO,24-192-HPER,4700003592-3,GONZALO,AVIBIOL,SUSTRATOS,FIBRA DE COCO,M&S,F001-00002456,"23,600.00",KG,USD,"14,430.17","14,430.17",0,CIF,SEA,FCL,ESPAÑA,VALENCIA,CALLAO,1,40 HC,24,28/10/2024,NA,NA,DIRECTO,CMA CGM,IBC1261847,CAAU8079741,,19/11/2024,47,IBC1261847C,MARTINIQUE 0LIG4S1MA,15/12/2024,50,NO,NA,UNIMAR,AVM,24/001585,4/12/2024,18/12/2024,118-2024-10-504982-01-2-00,15/12/2024,17/12/2024,,13/1/2025,13/1/2025,2/1/2025,NA,27/1/2025,NA,LIP,28/1/2025,5,CHAO-ALMACEN,28/1/2025,5,4/2/2025,EG03-00000443,EG07-00002171,Carga completada.falto en cp BL[24-192-HPER/4700003592-3/CAAU8079741],4700003592-3,,
2024-2025,LIQUIDADO,24-192-HPER,4700003592-3,GONZALO,AVIBIOL,SUSTRATOS,FIBRA DE COCO,M&S,F001-00002456,"23,600.00",KG,USD,"14,430.17","14,430.17",0,CIF,SEA,FCL,ESPAÑA,VALENCIA,CALLAO,1,40 HC,24,28/10/2024,NA,NA,DIRECTO,CMA CGM,IBC1261847,TEMU8544140,,19/11/2024,47,IBC1261847C,MARTINIQUE 0LIG4S1MA,15/12/2024,50,NO,NA,UNIMAR,AVM,24/001585,4/12/2024,18/12/2024,118-2024-10-504982-01-2-00,15/12/2024,17/12/2024,,13/1/2025,13/1/2025,2/1/2025,NA,24/1/2025,NA,CITITRANS,25/1/2025,4,CHAO-ALMACEN,25/1/2025,4,30/1/2025,EG03-00005487,EG07-00002132,Carga completada.falto en cp BL[24-192-HPER/4700003592-3/TEMU8544140],4700003592-3,,
2024-2025,LIQUIDADO,24-192-HPER,4700003592-3,GONZALO,AVIBIOL,SUSTRATOS,FIBRA DE COCO,M&S,F001-00002456,"23,600.00",KG,USD,"14,430.17","14,430.17",0,CIF,SEA,FCL,ESPAÑA,VALENCIA,CALLAO,1,40 HC,24,28/10/2024,NA,NA,DIRECTO,CMA CGM,IBC1261847,CMAU6396790,,19/11/2024,47,IBC1261847C,MARTINIQUE 0LIG4S1MA,15/12/2024,50,NO,NA,UNIMAR,AVM,24/001585,4/12/2024,18/12/2024,118-2024-10-504982-01-2-00,15/12/2024,17/12/2024,,13/1/2025,13/1/2025,2/1/2025,NA,24/1/2025,NA,CITITRANS,25/1/2025,4,CHAO-ALMACEN,25/1/2025,4,30/1/2025,EG03-00005486,EG07-00002133,Carga completada.falto en cp BL[24-192-HPER/4700003592-3/CMAU6396790],4700003592-3,,
2024-2025,LIQUIDADO,24-193-HPER,4700003592-4,GONZALO,AVIBIOL,SUSTRATOS,FIBRA DE COCO,M&S,F001-00002459,"23,600.00",KG,USD,"14,430.17","14,430.17",0,CIF,SEA,FCL,ESPAÑA,VALENCIA,CALLAO,1,40 HC,24,28/10/2024,NA,NA,DIRECTO,CMA CGM,IBC1261847,CMAU6957951,,19/11/2024,47,IBC1261847D,MARTINIQUE 0LIG4S1MA,15/12/2024,50,NO,NA,UNIMAR,AVM,24/001586,4/12/2024,13/12/2024,118-2024-10-498890-01-1-00,15/12/2024,17/12/2024,,9/1/2025,9/1/2025,2/1/2025,AVM,13/1/2025,T001-2775,GUZMAN,13/1/2025,3,CHAO-ALMACEN,16/1/2025,3,17/1/2025,EG03-00004363,EG07-00001946,Carga completada.falta en cp bl[24-193-HPER/4700003592-4/CMAU6957951],4700003592-4,,
2024-2025,LIQUIDADO,24-193-HPER,4700003592-4,GONZALO,AVIBIOL,SUSTRATOS,FIBRA DE COCO,M&S,F001-00002459,"23,600.00",KG,USD,"14,430.17","14,430.17",0,CIF,SEA,FCL,ESPAÑA,VALENCIA,CALLAO,1,40 HC,24,28/10/2024,NA,NA,DIRECTO,CMA CGM,IBC1261847,CMAU6444922,,19/11/2024,47,IBC1261847D,MARTINIQUE 0LIG4S1MA,15/12/2024,50,NO,NA,UNIMAR,AVM,24/001586,4/12/2024,13/12/2024,118-2024-10-498890-01-1-00,15/12/2024,17/12/2024,,9/1/2025,9/1/2025,2/1/2025,NA,10/1/2025,NA,RANSA,11/1/2025,2,CHAO-ALMACEN,11/1/2025,2,15/1/2025,EG03-00001509,EG07-00001896,Carga completada.falta en cp bl[24-193-HPER/4700003592-4/CMAU6444922],4700003592-4,,
2024-2025,LIQUIDADO,24-193-HPER,4700003592-4,GONZALO,AVIBIOL,SUSTRATOS,FIBRA DE COCO,M&S,F001-00002459,"23,600.00",KG,USD,"14,430.17","14,430.17",0,CIF,SEA,FCL,ESPAÑA,VALENCIA,CALLAO,1,40 HC,24,28/10/2024,NA,NA,DIRECTO,CMA CGM,IBC1261847,CMAU6347352,,19/11/2024,47,IBC1261847D,MARTINIQUE 0LIG4S1MA,15/12/2024,50,NO,NA,UNIMAR,AVM,24/001586,4/12/2024,13/12/2024,118-2024-10-498890-01-1-00,15/12/2024,17/12/2024,,9/1/2025,9/1/2025,2/1/2025,NA,10/1/2025,NA,RANSA,11/1/2025,2,CHAO-ALMACEN,11/1/2025,2,15/1/2025,EG03-00001508,EG07-00001897,Carga completada.falta en cp bl[24-193-HPER/4700003592-4/CMAU6347352],4700003592-4,,
2024-2025,LIQUIDADO,24-193-HPER,4700003592-4,GONZALO,AVIBIOL,SUSTRATOS,FIBRA DE COCO,M&S,F001-00002459,"23,600.00",KG,USD,"14,430.17","14,430.17",0,CIF,SEA,FCL,ESPAÑA,VALENCIA,CALLAO,1,40 HC,24,28/10/2024,NA,NA,DIRECTO,CMA CGM,IBC1261847,CMAU3409403,,19/11/2024,47,IBC1261847D,MARTINIQUE 0LIG4S1MA,15/12/2024,50,NO,NA,UNIMAR,AVM,24/001586,4/12/2024,13/12/2024,118-2024-10-498890-01-1-00,15/12/2024,17/12/2024,,9/1/2025,9/1/2025,2/1/2025,AVM,13/1/2025,T001-2778,GUZMAN,13/1/2025,3,CHAO-ALMACEN,16/1/2025,3,17/1/2025,EG03-00004362,EG07-00001947,Carga completada.falta en cp bl[24-193-HPER/4700003592-4/CMAU3409403],4700003592-4,,
2024-2025,LIQUIDADO,24-193-HPER,4700003592-4,GONZALO,AVIBIOL,SUSTRATOS,FIBRA DE COCO,M&S,F001-00002459,"23,600.00",KG,USD,"14,430.17","14,430.17",0,CIF,SEA,FCL,ESPAÑA,VALENCIA,CALLAO,1,40 HC,24,28/10/2024,NA,NA,DIRECTO,CMA CGM,IBC1261847,CXDU1372359,,19/11/2024,47,IBC1261847D,MARTINIQUE 0LIG4S1MA,15/12/2024,50,NO,NA,UNIMAR,AVM,24/001586,4/12/2024,13/12/2024,118-2024-10-498890-01-1-00,15/12/2024,17/12/2024,,9/1/2025,9/1/2025,2/1/2025,AVM,16/1/2025,T001-2793,GUZMAN,16/1/2025,3,CHAO-ALMACEN,22/1/2025,4,30/1/2025,EG03-00004420,EG07-00002048,Carga completada.falta en cp bl[24-193-HPER/4700003592-4/CXDU1372359],4700003592-4,,
2024-2025,LIQUIDADO,24-194-HPER,4700003592-5,GONZALO,AVIBIOL,SUSTRATOS,FIBRA DE COCO,M&S,F001-00002458,"23,600.00",KG,USD,"14,430.17","14,430.17",0,CIF,SEA,FCL,ESPAÑA,VALENCIA,CALLAO,1,40 HC,24,28/10/2024,NA,NA,DIRECTO,CMA CGM,IBC1261847,TGBU6215547,,19/11/2024,47,IBC1261847E,MARTINIQUE 0LIG4S1MA,15/12/2024,50,NO,NA,UNIMAR,AVM,24/001587,4/12/2024,13/12/2024,118-2024-10-498897-01-6-00,15/12/2024,17/12/2024,,9/1/2025,9/1/2025,2/1/2025,NA,10/1/2025,NA,RANSA,11/1/2025,2,CHAO-ALMACEN,11/1/2025,2,15/1/2025,EG03-00001510,EG07-00001898,Carga completada.Faltó BL[24-194-HPER/4700003592-5/TGBU6215547],4700003592-5,,
2024-2025,LIQUIDADO,24-194-HPER,4700003592-5,GONZALO,AVIBIOL,SUSTRATOS,FIBRA DE COCO,M&S,F001-00002458,"23,600.00",KG,USD,"14,430.17","14,430.17",0,CIF,SEA,FCL,ESPAÑA,VALENCIA,CALLAO,1,40 HC,24,28/10/2024,NA,NA,DIRECTO,CMA CGM,IBC1261847,ECMU4842982,,19/11/2024,47,IBC1261847E,MARTINIQUE 0LIG4S1MA,15/12/2024,50,NO,NA,UNIMAR,AVM,24/001587,4/12/2024,13/12/2024,118-2024-10-498897-01-6-00,15/12/2024,17/12/2024,,9/1/2025,9/1/2025,2/1/2025,NA,13/1/2025,T001-2777,AVM,13/1/2025,3,CHAO-ALMACEN,14/1/2025,3,15/1/2025,EG03-00000328,EG07-00001924,Carga completada.Faltó BL[24-194-HPER/4700003592-5/ECMU4842982],4700003592-5,,
2024-2025,LIQUIDADO,24-194-HPER,4700003592-5,GONZALO,AVIBIOL,SUSTRATOS,FIBRA DE COCO,M&S,F001-00002458,"23,600.00",KG,USD,"14,430.17","14,430.17",0,CIF,SEA,FCL,ESPAÑA,VALENCIA,CALLAO,1,40 HC,24,28/10/2024,NA,NA,DIRECTO,CMA CGM,IBC1261847,TRHU8102482,,19/11/2024,47,IBC1261847E,MARTINIQUE 0LIG4S1MA,15/12/2024,50,NO,NA,UNIMAR,AVM,24/001587,4/12/2024,13/12/2024,118-2024-10-498897-01-6-00,15/12/2024,17/12/2024,,9/1/2025,9/1/2025,2/1/2025,AVM,11/1/2025,T001-2773,GUZMAN,11/1/2025,2,CHAO-ALMACEN,16/1/2025,3,17/1/2025,EG03-00004364,EG07-00001944,Carga completada.Faltó BL[24-194-HPER/4700003592-5/TRHU8102482],4700003592-5,,
2024-2025,LIQUIDADO,24-194-HPER,4700003592-5,GONZALO,AVIBIOL,SUSTRATOS,FIBRA DE COCO,M&S,F001-00002458,"23,600.00",KG,USD,"14,430.17","14,430.17",0,CIF,SEA,FCL,ESPAÑA,VALENCIA,CALLAO,1,40 HC,24,28/10/2024,NA,NA,DIRECTO,CMA CGM,IBC1261847,ECMU4973405,,19/11/2024,47,IBC1261847E,MARTINIQUE 0LIG4S1MA,15/12/2024,50,NO,NA,UNIMAR,AVM,24/001587,4/12/2024,13/12/2024,118-2024-10-498897-01-6-00,15/12/2024,17/12/2024,,9/1/2025,9/1/2025,2/1/2025,NA,13/1/2025,T001-2776,AVM,14/1/2025,3,CHAO-ALMACEN,14/1/2025,3,15/1/2025,EG03-00000327,EG07-00001925,Carga completada.Faltó BL[24-194-HPER/4700003592-5/ECMU4973405],4700003592-5,,
2024-2025,LIQUIDADO,24-194-HPER,4700003592-5,GONZALO,AVIBIOL,SUSTRATOS,FIBRA DE COCO,M&S,F001-00002458,"23,600.00",KG,USD,"14,430.17","14,430.17",0,CIF,SEA,FCL,ESPAÑA,VALENCIA,CALLAO,1,40 HC,24,28/10/2024,NA,NA,DIRECTO,CMA CGM,IBC1261847,TGHU9817283,,19/11/2024,47,IBC1261847E,MARTINIQUE 0LIG4S1MA,15/12/2024,50,NO,NA,UNIMAR,AVM,24/001587,4/12/2024,13/12/2024,118-2024-10-498897-01-6-00,15/12/2024,17/12/2024,,9/1/2025,9/1/2025,2/1/2025,NA,13/1/2025,T001-2780,AVM,13/1/2025,3,CHAO-ALMACEN,14/1/2025,3,15/1/2025,EG03-00000001,EG07-00001926,Carga completada.Faltó BL[24-194-HPER/4700003592-5/TGHU9817283],4700003592-5,,
2024-2025,LIQUIDADO,24-195-HPER,4700003592-6,GONZALO,AVIBIOL,SUSTRATOS,FIBRA DE COCO,M&S,F001-00002460,"23,600.00",KG,USD,"14,430.17","14,430.17",0,CIF,SEA,FCL,ESPAÑA,VALENCIA,CALLAO,1,40 HC,24,28/10/2024,NA,NA,DIRECTO,CMA CGM,IBC1261847,TCNU5475771,,19/11/2024,47,IBC1261847F,MARTINIQUE 0LIG4S1MA,15/12/2024,50,NO,NA,UNIMAR,AVM,24/001588,4/12/2024,13/12/2024,118-2024-10-499022-01-3-00,15/12/2024,17/12/2024,,9/1/2025,9/1/2025,2/1/2025,NA,11/1/2025,NA,RANSA,12/1/2025,2,CHAO-ALMACEN,12/1/2025,2,15/1/2025,EG03-00000063,EG07-00001912,Completada. Falto BL[24-195-HPER/4700003592-6/TCNU5475771],4700003592-6,,
2024-2025,LIQUIDADO,24-195-HPER,4700003592-6,GONZALO,AVIBIOL,SUSTRATOS,FIBRA DE COCO,M&S,F001-00002460,"23,600.00",KG,USD,"14,430.17","14,430.17",0,CIF,SEA,FCL,ESPAÑA,VALENCIA,CALLAO,1,40 HC,24,28/10/2024,NA,NA,DIRECTO,CMA CGM,IBC1261847,CMAU3629732,,19/11/2024,47,IBC1261847F,MARTINIQUE 0LIG4S1MA,15/12/2024,50,NO,NA,UNIMAR,AVM,24/001588,4/12/2024,13/12/2024,118-2024-10-499022-01-3-00,15/12/2024,17/12/2024,,9/1/2025,9/1/2025,2/1/2025,NA,11/1/2025,NA,RANSA,12/1/2025,2,CHAO-ALMACEN,12/1/2025,2,15/1/2025,EG03-00001531,EG07-00001916,Completada. Falto BL[24-195-HPER/4700003592-6/CMAU3629732],4700003592-6,,
2024-2025,LIQUIDADO,24-195-HPER,4700003592-6,GONZALO,AVIBIOL,SUSTRATOS,FIBRA DE COCO,M&S,F001-00002460,"23,600.00",KG,USD,"14,430.17","14,430.17",0,CIF,SEA,FCL,ESPAÑA,VALENCIA,CALLAO,1,40 HC,24,28/10/2024,NA,NA,DIRECTO,CMA CGM,IBC1261847,SEKU5686129,,19/11/2024,47,IBC1261847F,MARTINIQUE 0LIG4S1MA,15/12/2024,50,NO,NA,UNIMAR,AVM,24/001588,4/12/2024,13/12/2024,118-2024-10-499022-01-3-00,15/12/2024,17/12/2024,,9/1/2025,9/1/2025,2/1/2025,NA,11/1/2025,NA,RANSA,12/1/2025,2,CHAO-ALMACEN,12/1/2025,2,15/1/2025,EG03-00001530,EG07-00001915,Completada. Falto BL[24-195-HPER/4700003592-6/SEKU5686129],4700003592-6,,
2024-2025,LIQUIDADO,24-195-HPER,4700003592-6,GONZALO,AVIBIOL,SUSTRATOS,FIBRA DE COCO,M&S,F001-00002460,"23,600.00",KG,USD,"14,430.17","14,430.17",0,CIF,SEA,FCL,ESPAÑA,VALENCIA,CALLAO,1,40 HC,24,28/10/2024,NA,NA,DIRECTO,CMA CGM,IBC1261847,CMAU5356724,,19/11/2024,47,IBC1261847F,MARTINIQUE 0LIG4S1MA,15/12/2024,50,NO,NA,UNIMAR,AVM,24/001588,4/12/2024,13/12/2024,118-2024-10-499022-01-3-00,15/12/2024,17/12/2024,,9/1/2025,9/1/2025,2/1/2025,NA,11/1/2025,NA,RANSA,12/1/2025,2,CHAO-ALMACEN,12/1/2025,2,15/1/2025,EG03-00000397,EG07-00001913,Completada. Falto BL[24-195-HPER/4700003592-6/CMAU5356724],4700003592-6,,
2024-2025,LIQUIDADO,24-195-HPER,4700003592-6,GONZALO,AVIBIOL,SUSTRATOS,FIBRA DE COCO,M&S,F001-00002460,"23,600.00",KG,USD,"14,430.17","14,430.17",0,CIF,SEA,FCL,ESPAÑA,VALENCIA,CALLAO,1,40 HC,24,28/10/2024,NA,NA,DIRECTO,CMA CGM,IBC1261847,CMAU7788239,,19/11/2024,47,IBC1261847F,MARTINIQUE 0LIG4S1MA,15/12/2024,50,NO,NA,UNIMAR,AVM,24/001588,4/12/2024,13/12/2024,118-2024-10-499022-01-3-00,15/12/2024,17/12/2024,,9/1/2025,9/1/2025,2/1/2025,NA,11/1/2025,NA,RANSA,12/1/2025,2,CHAO-ALMACEN,12/1/2025,2,15/1/2025,EG03-00001527,EG07-00001911,Completada. Falto BL[24-195-HPER/4700003592-6/CMAU7788239],4700003592-6,,
2024-2025,LIQUIDADO,24-196-HPER,4700003592-7,GONZALO,AVIBIOL,SUSTRATOS,FIBRA DE COCO,M&S,F001-00002461,"23,600.00",KG,USD,"14,430.17","14,430.17",0,CIF,SEA,FCL,ESPAÑA,VALENCIA,CALLAO,1,40 HC,24,16/11/2024,NA,NA,DIRECTO,CMA CGM,IBC1261862,APHU7016319,,19/11/2024,47,IBC1261862A,MARTINIQUE 0LIG4S1MA,15/12/2024,50,NO,NA,UNIMAR,AVM,24/001589,10/12/2024,13/12/2024,118-2024-10-499200-01-9-00,15/12/2024,17/12/2024,,9/1/2025,9/1/2025,2/1/2025,AVM,14/1/2025,T001-2782,GUZMAN,15/1/2025,3,CHAO-ALMACEN,17/1/2025,3,21/1/2025,EG03-00004397,EG07-00002001,Completado.Faltó bl[24-196-HPER / 4700003592-7 / APHU7016319],4700003592-7,,
2024-2025,LIQUIDADO,24-196-HPER,4700003592-7,GONZALO,AVIBIOL,SUSTRATOS,FIBRA DE COCO,M&S,F001-00002461,"23,600.00",KG,USD,"14,430.17","14,430.17",0,CIF,SEA,FCL,ESPAÑA,VALENCIA,CALLAO,1,40 HC,24,16/11/2024,NA,NA,DIRECTO,CMA CGM,IBC1261862,CMAU7311760,,19/11/2024,47,IBC1261862A,MARTINIQUE 0LIG4S1MA,15/12/2024,50,NO,NA,UNIMAR,AVM,24/001589,10/12/2024,13/12/2024,118-2024-10-499200-01-9-00,15/12/2024,17/12/2024,,9/1/2025,9/1/2025,2/1/2025,NA,10/1/2025,NA,RANSA,11/1/2025,2,CHAO-ALMACEN,11/1/2025,2,15/1/2025,EG03-00001512,EG07-00001900,Completado.Faltó bl[24-196-HPER / 4700003592-7 / CMAU7311760],4700003592-7,,
2024-2025,LIQUIDADO,24-196-HPER,4700003592-7,GONZALO,AVIBIOL,SUSTRATOS,FIBRA DE COCO,M&S,F001-00002461,"23,600.00",KG,USD,"14,430.17","14,430.17",0,CIF,SEA,FCL,ESPAÑA,VALENCIA,CALLAO,1,40 HC,24,16/11/2024,NA,NA,DIRECTO,CMA CGM,IBC1261862,CMAU3923259,,19/11/2024,47,IBC1261862A,MARTINIQUE 0LIG4S1MA,15/12/2024,50,NO,NA,UNIMAR,AVM,24/001589,10/12/2024,13/12/2024,118-2024-10-499200-01-9-00,15/12/2024,17/12/2024,,9/1/2025,9/1/2025,2/1/2025,AVM,14/1/2025,T001-2783,GUZMAN,15/1/2025,3,CHAO-ALMACEN,17/1/2025,3,21/1/2025,EG03-00004396,EG07-00002000,Completado.Faltó bl[24-196-HPER / 4700003592-7 / CMAU3923259],4700003592-7,,
2024-2025,LIQUIDADO,24-196-HPER,4700003592-7,GONZALO,AVIBIOL,SUSTRATOS,FIBRA DE COCO,M&S,F001-00002461,"23,600.00",KG,USD,"14,430.17","14,430.17",0,CIF,SEA,FCL,ESPAÑA,VALENCIA,CALLAO,1,40 HC,24,16/11/2024,NA,NA,DIRECTO,CMA CGM,IBC1261862,CMAU4764172,,19/11/2024,47,IBC1261862A,MARTINIQUE 0LIG4S1MA,15/12/2024,50,NO,NA,UNIMAR,AVM,24/001589,10/12/2024,13/12/2024,118-2024-10-499200-01-9-00,15/12/2024,17/12/2024,,9/1/2025,9/1/2025,2/1/2025,AVM,14/1/2025,T001-2784,GUZMAN,15/1/2025,3,CHAO-ALMACEN,17/1/2025,3,18/1/2025,EG03-00004378,EG07-00001966,Completado.Faltó bl[24-196-HPER / 4700003592-7 / CMAU4764172],4700003592-7,,
2024-2025,LIQUIDADO,24-196-HPER,4700003592-7,GONZALO,AVIBIOL,SUSTRATOS,FIBRA DE COCO,M&S,F001-00002461,"23,600.00",KG,USD,"14,430.17","14,430.17",0,CIF,SEA,FCL,ESPAÑA,VALENCIA,CALLAO,1,40 HC,24,16/11/2024,NA,NA,DIRECTO,CMA CGM,IBC1261862,TCLU6707508,,19/11/2024,47,IBC1261862A,MARTINIQUE 0LIG4S1MA,15/12/2024,50,NO,NA,UNIMAR,AVM,24/001589,10/12/2024,13/12/2024,118-2024-10-499200-01-9-00,15/12/2024,17/12/2024,,9/1/2025,9/1/2025,2/1/2025,AVM,14/1/2025,T001-2785,GUZMAN,15/1/2025,3,CHAO-ALMACEN,17/1/2025,3,21/1/2025,EG03-00004379,EG07-00001967,Completado.Faltó bl [24-196-HPER / 4700003592-7 / TCLU6707508],4700003592-7,,
2024-2025,LIQUIDADO,24-197-HPER,4700003592-8,GONZALO,AVIBIOL,SUSTRATOS,FIBRA DE COCO,M&S,F001-00002462,"23,600.00",KG,USD,"14,430.17","14,430.17",0,CIF,SEA,FCL,ESPAÑA,VALENCIA,CALLAO,1,40 HC,24,16/11/2024,NA,NA,DIRECTO,CMA CGM,IBC1261862,SEKU4333723,,19/11/2024,47,IBC1261862B,MARTINIQUE 0LIG4S1MA,15/12/2024,50,NO,NA,UNIMAR,AVM,24/001590,10/12/2024,14/12/2024,118-2024-10-499620-01-8-00,15/12/2024,17/12/2024,,9/1/2025,9/1/2025,2/1/2025,NA,14/1/2025,NA,LIP,15/1/2025,3,CHAO-ALMACEN,15/1/2025,3,17/1/2025,EG03-00012333,EG07-00001942,Completado. Falto bl [24-197-HPER / 4700003592-8 / SEKU4333723],4700003592-8,,
2024-2025,LIQUIDADO,24-197-HPER,4700003592-8,GONZALO,AVIBIOL,SUSTRATOS,FIBRA DE COCO,M&S,F001-00002462,"23,600.00",KG,USD,"14,430.17","14,430.17",0,CIF,SEA,FCL,ESPAÑA,VALENCIA,CALLAO,1,40 HC,24,16/11/2024,NA,NA,DIRECTO,CMA CGM,IBC1261862,CMAU5326479,,19/11/2024,47,IBC1261862B,MARTINIQUE 0LIG4S1MA,15/12/2024,50,NO,NA,UNIMAR,AVM,24/001590,10/12/2024,14/12/2024,118-2024-10-499620-01-8-00,15/12/2024,17/12/2024,,9/1/2025,9/1/2025,2/1/2025,AVM,14/1/2025,T001-2786,GUZMAN,15/1/2025,3,CHAO-ALMACEN,20/1/2025,4,21/1/2025,EG03-00004007,EG07-00002006,Completado. Falto bl[24-197-HPER / 4700003592-8 / CMAU5326479],4700003592-8,,
2024-2025,LIQUIDADO,24-197-HPER,4700003592-8,GONZALO,AVIBIOL,SUSTRATOS,FIBRA DE COCO,M&S,F001-00002462,"23,600.00",KG,USD,"14,430.17","14,430.17",0,CIF,SEA,FCL,ESPAÑA,VALENCIA,CALLAO,1,40 HC,24,16/11/2024,NA,NA,DIRECTO,CMA CGM,IBC1261862,CMAU9303620,,19/11/2024,47,IBC1261862B,MARTINIQUE 0LIG4S1MA,15/12/2024,50,NO,NA,UNIMAR,AVM,24/001590,10/12/2024,14/12/2024,118-2024-10-499620-01-8-00,15/12/2024,17/12/2024,,9/1/2025,9/1/2025,2/1/2025,NA,14/1/2025,NA,LIP,15/1/2025,3,CHAO-ALMACEN,15/1/2025,3,21/1/2025,EG03-00012332,EG07-00001941,Completado. Falto bl [24-197-HPER / 4700003592-8 / CMAU9303620],4700003592-8,,
2024-2025,LIQUIDADO,24-197-HPER,4700003592-8,GONZALO,AVIBIOL,SUSTRATOS,FIBRA DE COCO,M&S,F001-00002462,"23,600.00",KG,USD,"14,430.17","14,430.17",0,CIF,SEA,FCL,ESPAÑA,VALENCIA,CALLAO,1,40 HC,24,16/11/2024,NA,NA,DIRECTO,CMA CGM,IBC1261862,FFAU4311488,,19/11/2024,47,IBC1261862B,MARTINIQUE 0LIG4S1MA,15/12/2024,50,NO,NA,UNIMAR,AVM,24/001590,10/12/2024,14/12/2024,118-2024-10-499620-01-8-00,15/12/2024,17/12/2024,,9/1/2025,9/1/2025,2/1/2025,AVM,14/1/2025,T001-2788,GUZMAN,15/1/2025,3,CHAO-ALMACEN,20/1/2025,4,21/1/2025,EG03-00004006,EG07-00002005,Completado. Falto bl [24-197-HPER / 4700003592-8 / FFAU4311488],4700003592-8,,
2024-2025,LIQUIDADO,24-197-HPER,4700003592-8,GONZALO,AVIBIOL,SUSTRATOS,FIBRA DE COCO,M&S,F001-00002462,"23,600.00",KG,USD,"14,430.17","14,430.17",0,CIF,SEA,FCL,ESPAÑA,VALENCIA,CALLAO,1,40 HC,24,16/11/2024,NA,NA,DIRECTO,CMA CGM,IBC1261862,GAOU6122671,,19/11/2024,47,IBC1261862B,MARTINIQUE 0LIG4S1MA,15/12/2024,50,NO,NA,UNIMAR,AVM,24/001590,10/12/2024,14/12/2024,118-2024-10-499620-01-8-00,15/12/2024,17/12/2024,,9/1/2025,9/1/2025,2/1/2025,NA,10/1/2025,NA,RANSA,11/1/2025,2,CHAO-ALMACEN,11/1/2025,2,17/1/2025,EG03-00001515,EG07-00001892,Completado. Falto bl [24-197-HPER / 4700003592-8 / GAOU6122671],4700003592-8,,
2024-2025,LIQUIDADO,24-198-HPER,4700003592-9,GONZALO,AVIBIOL,SUSTRATOS,FIBRA DE COCO,M&S,F001-00002463,"23,600.00",KG,USD,"14,430.17","14,430.17",0,CIF,SEA,FCL,ESPAÑA,VALENCIA,CALLAO,1,40 HC,24,16/11/2024,NA,NA,DIRECTO,CMA CGM,IBC1261862,CMAU3518805,,19/11/2024,47,IBC1261862C,MARTINIQUE 0LIG4S1MA,15/12/2024,50,NO,NA,UNIMAR,AVM,24/001591,10/12/2024,14/12/2024,118-2024-10-499783-01-4-00,15/12/2024,17/12/2024,,9/1/2025,9/1/2025,2/1/2025,NA,14/1/2025,NA,LIP,15/1/2025,3,CHAO-ALMACEN,15/1/2025,3,16/1/2025,EG03-00012321,EG07-00001937,"completado, Falto en CP BL[24-198-HPER / 4700003592-9 / CMAU3518805]",4700003592-9,,
2024-2025,LIQUIDADO,24-198-HPER,4700003592-9,GONZALO,AVIBIOL,SUSTRATOS,FIBRA DE COCO,M&S,F001-00002463,"23,600.00",KG,USD,"14,430.17","14,430.17",0,CIF,SEA,FCL,ESPAÑA,VALENCIA,CALLAO,1,40 HC,24,16/11/2024,NA,NA,DIRECTO,CMA CGM,IBC1261862,SEKU5585083,,19/11/2024,47,IBC1261862C,MARTINIQUE 0LIG4S1MA,15/12/2024,50,NO,NA,UNIMAR,AVM,24/001591,10/12/2024,14/12/2024,118-2024-10-499783-01-4-00,15/12/2024,17/12/2024,,9/1/2025,9/1/2025,2/1/2025,NA,14/1/2025,NA,LIP,15/1/2025,3,CHAO-ALMACEN,15/1/2025,3,20/1/2025,EG03-00012320,EG07-00001938,"completado, Falto en CP BL[24-198-HPER / 4700003592-9 / SEKU5585083]",4700003592-9,,
2024-2025,LIQUIDADO,24-198-HPER,4700003592-9,GONZALO,AVIBIOL,SUSTRATOS,FIBRA DE COCO,M&S,F001-00002463,"23,600.00",KG,USD,"14,430.17","14,430.17",0,CIF,SEA,FCL,ESPAÑA,VALENCIA,CALLAO,1,40 HC,24,16/11/2024,NA,NA,DIRECTO,CMA CGM,IBC1261862,BEAU4150259,,19/11/2024,47,IBC1261862C,MARTINIQUE 0LIG4S1MA,15/12/2024,50,NO,NA,UNIMAR,AVM,24/001591,10/12/2024,14/12/2024,118-2024-10-499783-01-4-00,15/12/2024,17/12/2024,,9/1/2025,9/1/2025,2/1/2025,NA,10/1/2025,NA,RANSA,11/1/2025,2,CHAO-ALMACEN,11/1/2025,2,15/1/2025,EG03-00001507,EG07-00001893,"completado, Falto en CP BL[24-198-HPER / 4700003592-9 / BEAU4150259]",4700003592-9,,
2024-2025,LIQUIDADO,24-198-HPER,4700003592-9,GONZALO,AVIBIOL,SUSTRATOS,FIBRA DE COCO,M&S,F001-00002463,"23,600.00",KG,USD,"14,430.17","14,430.17",0,CIF,SEA,FCL,ESPAÑA,VALENCIA,CALLAO,1,40 HC,24,16/11/2024,NA,NA,DIRECTO,CMA CGM,IBC1261862,TCNU3479422,,19/11/2024,47,IBC1261862C,MARTINIQUE 0LIG4S1MA,15/12/2024,50,NO,NA,UNIMAR,AVM,24/001591,10/12/2024,14/12/2024,118-2024-10-499783-01-4-00,15/12/2024,17/12/2024,,9/1/2025,9/1/2025,2/1/2025,NA,14/1/2025,NA,LIP,15/1/2025,3,CHAO-ALMACEN,15/1/2025,3,16/1/2025,EG03-00001102,EG07-00001940,"completado, Falto en CP BL[24-198-HPER / 4700003592-9 / TCNU3479422]",4700003592-9,,
2024-2025,LIQUIDADO,24-198-HPER,4700003592-9,GONZALO,AVIBIOL,SUSTRATOS,FIBRA DE COCO,M&S,F001-00002463,"23,600.00",KG,USD,"14,430.17","14,430.17",0,CIF,SEA,FCL,ESPAÑA,VALENCIA,CALLAO,1,40 HC,24,16/11/2024,NA,NA,DIRECTO,CMA CGM,IBC1261862,TLLU4398990,,19/11/2024,47,IBC1261862C,MARTINIQUE 0LIG4S1MA,15/12/2024,50,NO,NA,UNIMAR,AVM,24/001591,10/12/2024,14/12/2024,118-2024-10-499783-01-4-00,15/12/2024,17/12/2024,,9/1/2025,9/1/2025,2/1/2025,NA,10/1/2025,NA,RANSA,11/1/2025,2,CHAO-ALMACEN,11/1/2025,2,15/1/2025,EG03-00001505,EG07-00001895,"completado, Falto en CP BL [24-198-HPER / 4700003592-9 / TLLU4398990]",4700003592-9,,
2024-2025,LIQUIDADO,24-170-HPER,4700003565-1,GONZALO,DEHUAN,E & E,MACETA PLASTICA 30 L,M&S,TLD24052DW-1,"21,098.00",UN,USD,"30,486.61","30,486.61",0,CIF,SEA,FCL,CHINA,NINGBO,CALLAO,1,40 HC,20,28/10/2024,NA,NA,DIRECTO,CMA CGM,,TLLU7776163,,31/10/2024,44,NGP1697234,CMA CGM EVERGLADE 0MHOAW1MA,16/12/2024,51,NO,NA,DINET,PASOC,132050,5/12/2024,13/12/2024,118-2024-10-498413,,,,NA,NA,,NA,27/12/2024,T001-2557813,PASOC,28/12/2024,52,CHAO-ALMACEN,28/12/2024,52,30/12/2024,EG04-00005655,EG07-00001770,Carga completada.faltó bk en cp[24-170-HPER/4700003565-1/TLLU7776163],4700003565-1,,
2024-2025,LIQUIDADO,24-098-HPER,4700003539,FIORELLA,SONOCO,E & E,CLAMSHELL H232 7X7 PET,-,90291,"100,800.00",UN,USD,"17,562.00","17,562.00",30,EXW,SEA,FCL,USA,TAMPA,CALLAO,1,40 HC,600,28/10/2024,20/9/2024,23/9/2024,AIRSEALOG,EVERGREEN,S00045218,EGHU8456772,23/10/2024,5/11/2024,45,CHI00219240,EVER LAWFUL 0704-060W,18/12/2024,51,SI,31/10/2024,DINET,PASOC,132516,11/12/2024,,118-2024-10-503375,19/12/2024,,,NA,NA,,PASOC,28/12/2024,T001-2557972,LIP,28/12/2024,52,CHAO-ALMACEN,6/1/2025,2,7/1/2025,EG03-00011793,EG07-00001788,"Carga completada.Faltó en cp bk,bl,fac[24-098-HPER/4700003539/EGHU8456772]",4700003539,,
2024-2025,LIQUIDADO,24-199-HPER,4700003592-10,GONZALO,AVIBIOL,SUSTRATOS,FIBRA DE COCO,M&S,F001-00002464,"23,600.00",KG,USD,"14,430.17","14,430.17",0,CIF,SEA,FCL,ESPAÑA,VALENCIA,CALLAO,1,40 HC,24,16/11/2024,NA,NA,DIRECTO,CMA CGM,IBC1261862,CMAU7778190,,19/11/2024,47,IBC1261862D,CMA CGM ESTELLE 0WCJPS1MA,20/12/2024,51,NO,NA,UNIMAR,AVM,24/001592,10/12/2024,19/12/2024,118-2024-10-506462-01-6-00,21/12/2024,24/12/2024,,10/1/2025,10/1/2025,7/1/2025,NA,22/1/2025,NA,LIP,24/1/2025,4,CHAO-ALMACEN,24/1/2025,4,29/1/2025,EG03-00000760,EG07-00002076,Carga completada.Faltó bl en Cp[24-199-HPER / 4700003592-10 / CMAU7778190],4700003592-10,,
2024-2025,LIQUIDADO,24-199-HPER,4700003592-10,GONZALO,AVIBIOL,SUSTRATOS,FIBRA DE COCO,M&S,F001-00002464,"23,600.00",KG,USD,"14,430.17","14,430.17",0,CIF,SEA,FCL,ESPAÑA,VALENCIA,CALLAO,1,40 HC,24,16/11/2024,NA,NA,DIRECTO,CMA CGM,IBC1261862,CMAU7527739,,19/11/2024,47,IBC1261862D,CMA CGM ESTELLE 0WCJPS1MA,20/12/2024,51,NO,NA,UNIMAR,AVM,24/001592,10/12/2024,19/12/2024,118-2024-10-506462-01-6-00,21/12/2024,24/12/2024,,10/1/2025,10/1/2025,7/1/2025,AVM,18/1/2025,T001-2806,GUZMAN,18/1/2025,3,CHAO-ALMACEN,23/1/2025,4,25/1/2025,EG03-00004434,EG07-00002072,Carga completada.Faltó bl en Cp[24-199-HPER / 4700003592-10 / CMAU7527739],4700003592-10,,
2024-2025,LIQUIDADO,24-199-HPER,4700003592-10,GONZALO,AVIBIOL,SUSTRATOS,FIBRA DE COCO,M&S,F001-00002464,"23,600.00",KG,USD,"14,430.17","14,430.17",0,CIF,SEA,FCL,ESPAÑA,VALENCIA,CALLAO,1,40 HC,24,16/11/2024,NA,NA,DIRECTO,CMA CGM,IBC1261862,CMAU7075095,,19/11/2024,47,IBC1261862D,CMA CGM ESTELLE 0WCJPS1MA,20/12/2024,51,NO,NA,UNIMAR,AVM,24/001592,10/12/2024,19/12/2024,118-2024-10-506462-01-6-00,21/12/2024,24/12/2024,,10/1/2025,10/1/2025,7/1/2025,AVM,17/1/2025,T001-2803,GUZMAN,17/1/2025,3,CHAO-ALMACEN,23/1/2025,4,25/1/2025,EG03-00004433,EG07-00002073,Carga completada.Faltó bl en Cp[24-199-HPER / 4700003592-10 / CMAU7075095],4700003592-10,,
2024-2025,LIQUIDADO,24-199-HPER,4700003592-10,GONZALO,AVIBIOL,SUSTRATOS,FIBRA DE COCO,M&S,F001-00002464,"23,600.00",KG,USD,"14,430.17","14,430.17",0,CIF,SEA,FCL,ESPAÑA,VALENCIA,CALLAO,1,40 HC,24,16/11/2024,NA,NA,DIRECTO,CMA CGM,IBC1261862,CAAU6054873,,19/11/2024,47,IBC1261862D,CMA CGM ESTELLE 0WCJPS1MA,20/12/2024,51,NO,NA,UNIMAR,AVM,24/001592,10/12/2024,19/12/2024,118-2024-10-506462-01-6-00,21/12/2024,24/12/2024,,10/1/2025,10/1/2025,7/1/2025,NA,22/1/2025,NA,LIP,24/1/2025,4,CHAO-ALMACEN,24/1/2025,4,29/1/2025,EG03-00000759,EG07-00002077,Carga completada.Faltó bl en Cp[24-199-HPER / 4700003592-10 / CAAU6054873],4700003592-10,,
2024-2025,LIQUIDADO,24-200-HPER,4700003592-11,GONZALO,AVIBIOL,SUSTRATOS,FIBRA DE COCO,M&S,F001-00002465,"23,600.00",KG,USD,"14,430.17","14,430.17",0,CIF,SEA,FCL,ESPAÑA,VALENCIA,CALLAO,1,40 HC,24,16/11/2024,NA,NA,DIRECTO,CMA CGM,IBC1261862,TCNU2825114,,19/11/2024,47,IBC1261862E,CMA CGM ESTELLE 0WCJPS1MA,20/12/2024,51,NO,NA,UNIMAR,AVM,24/001593,10/12/2024,19/12/2024,118-2024-10-506031-01-5-00,21/12/2024,24/12/2024,,10/1/2025,10/1/2025,7/1/2025,AVM,17/1/2025,T001-2802,GUZMAN,22/1/2025,4,CHAO-ALMACEN,22/1/2025,4,29/1/2025,EG03-00004422,EG07-00002049,Carga completada. Faltó bl en cp [24-200-HPER / 4700003592-11 / TCNU2825114],4700003592-11,,
2024-2025,LIQUIDADO,24-200-HPER,4700003592-11,GONZALO,AVIBIOL,SUSTRATOS,FIBRA DE COCO,M&S,F001-00002465,"23,600.00",KG,USD,"14,430.17","14,430.17",0,CIF,SEA,FCL,ESPAÑA,VALENCIA,CALLAO,1,40 HC,24,16/11/2024,NA,NA,DIRECTO,CMA CGM,IBC1261862,CMAU6315817,,19/11/2024,47,IBC1261862E,CMA CGM ESTELLE 0WCJPS1MA,20/12/2024,51,NO,NA,UNIMAR,AVM,24/001593,10/12/2024,19/12/2024,118-2024-10-506031-01-5-00,21/12/2024,24/12/2024,,10/1/2025,10/1/2025,7/1/2025,NA,22/1/2025,NA,LIP,24/1/2025,4,CHAO-ALMACEN,24/1/2025,4,29/1/2025,EG03-00001212,EG07-00002075,Carga completada. Faltó bl en cp[24-200-HPER / 4700003592-11 / CMAU6315817],4700003592-11,,
2024-2025,LIQUIDADO,24-200-HPER,4700003592-11,GONZALO,AVIBIOL,SUSTRATOS,FIBRA DE COCO,M&S,F001-00002465,"23,600.00",KG,USD,"14,430.17","14,430.17",0,CIF,SEA,FCL,ESPAÑA,VALENCIA,CALLAO,1,40 HC,24,16/11/2024,NA,NA,DIRECTO,CMA CGM,IBC1261862,CMAU9378296,,19/11/2024,47,IBC1261862E,CMA CGM ESTELLE 0WCJPS1MA,20/12/2024,51,NO,NA,UNIMAR,AVM,24/001593,10/12/2024,19/12/2024,118-2024-10-506031-01-5-00,21/12/2024,24/12/2024,,10/1/2025,10/1/2025,7/1/2025,NA,17/1/2025,NA,RANSA,18/1/2025,3,CHAO-ALMACEN,18/1/2025,3,21/1/2025,EG03-00001599,EG07-00001994,Carga completada. Faltó bl en cp[24-200-HPER / 4700003592-11 / CMAU9378296],4700003592-11,,
2024-2025,LIQUIDADO,24-200-HPER,4700003592-11,GONZALO,AVIBIOL,SUSTRATOS,FIBRA DE COCO,M&S,F001-00002465,"23,600.00",KG,USD,"14,430.17","14,430.17",0,CIF,SEA,FCL,ESPAÑA,VALENCIA,CALLAO,1,40 HC,24,16/11/2024,NA,NA,DIRECTO,CMA CGM,IBC1261862,TCNU8331762,,19/11/2024,47,IBC1261862E,CMA CGM ESTELLE 0WCJPS1MA,20/12/2024,51,NO,NA,UNIMAR,AVM,24/001593,10/12/2024,19/12/2024,118-2024-10-506031-01-5-00,21/12/2024,24/12/2024,,10/1/2025,10/1/2025,7/1/2025,AVM,16/1/2025,T001-2795,GUZMAN,16/1/2025,3,CHAO-ALMACEN,20/1/2025,4,21/1/2025,EG03-00004405,EG07-00002007, Carga completada. Faltó bl en cp[24-200-HPER / 4700003592-11 / TCNU8331762],4700003592-11,,
2024-2025,LIQUIDADO,24-200-HPER,4700003592-11,GONZALO,AVIBIOL,SUSTRATOS,FIBRA DE COCO,M&S,F001-00002465,"23,600.00",KG,USD,"14,430.17","14,430.17",0,CIF,SEA,FCL,ESPAÑA,VALENCIA,CALLAO,1,40 HC,24,16/11/2024,NA,NA,DIRECTO,CMA CGM,IBC1261862,APHU6920532,,19/11/2024,47,IBC1261862E,CMA CGM ESTELLE 0WCJPS1MA,20/12/2024,51,NO,NA,UNIMAR,AVM,24/001593,10/12/2024,19/12/2024,118-2024-10-506031-01-5-00,21/12/2024,24/12/2024,,10/1/2025,10/1/2025,7/1/2025,NA,17/1/2025,NA,RANSA,18/1/2025,3,CHAO-ALMACEN,18/1/2025,3,21/1/2025,EG03-00001598,EG07-00001995, Carga completada. Faltó bl en cp[24-200-HPER / 4700003592-11 / APHU6920532],4700003592-11,,
2024-2025,LIQUIDADO,24-201-HPER,4700003592-12,GONZALO,AVIBIOL,SUSTRATOS,FIBRA DE COCO,M&S,F002-00000015,"23,600.00",KG,USD,"14,430.17","14,430.17",0,CIF,SEA,FCL,ESPAÑA,VALENCIA,CALLAO,1,40 HC,24,16/11/2024,NA,NA,DIRECTO,CMA CGM,IBC1261862,GLDU7548722,,19/11/2024,47,IBC1261862F,CMA CGM ESTELLE 0WCJPS1MA,20/12/2024,51,NO,NA,UNIMAR,AVM,24/001594,10/12/2024,19/12/2024, 118-2024-10-506271-01-6-00,21/12/2024,24/12/2024,,10/1/2025,10/1/2025,7/1/2025,NA,25/1/2025,NA,LIP,28/1/2025,5,CHAO-ALMACEN,28/1/2025,5,20/2/2025,EG03-00012967,EG07-00002168,Carga completada.faltó bl en cp[24-201-HPER / 4700003592-12 / GLDU7548722],4700003592-12,,
2024-2025,LIQUIDADO,24-201-HPER,4700003592-12,GONZALO,AVIBIOL,SUSTRATOS,FIBRA DE COCO,M&S,F002-00000015,"23,600.00",KG,USD,"14,430.17","14,430.17",0,CIF,SEA,FCL,ESPAÑA,VALENCIA,CALLAO,1,40 HC,24,16/11/2024,NA,NA,DIRECTO,CMA CGM,IBC1261862,TCNU2171435,,19/11/2024,47,IBC1261862F,CMA CGM ESTELLE 0WCJPS1MA,20/12/2024,51,NO,NA,UNIMAR,AVM,24/001594,10/12/2024,19/12/2024, 118-2024-10-506271-01-6-00,21/12/2024,24/12/2024,,10/1/2025,10/1/2025,7/1/2025,NA,28/1/2025,NA,VGL,28/1/2025,5,CHAO-ALMACEN,29/1/2025,5,4/2/2025,EG03-00004128,EG07-00002191,Carga completada.faltó bl en cp[24-201-HPER / 4700003592-12 / TCNU2171435],4700003592-12,,
2024-2025,LIQUIDADO,24-201-HPER,4700003592-12,GONZALO,AVIBIOL,SUSTRATOS,FIBRA DE COCO,M&S,F002-00000015,"23,600.00",KG,USD,"14,430.17","14,430.17",0,CIF,SEA,FCL,ESPAÑA,VALENCIA,CALLAO,1,40 HC,24,16/11/2024,NA,NA,DIRECTO,CMA CGM,IBC1261862,CAIU9473705,,19/11/2024,47,IBC1261862F,CMA CGM ESTELLE 0WCJPS1MA,20/12/2024,51,NO,NA,UNIMAR,AVM,24/001594,10/12/2024,19/12/2024, 118-2024-10-506271-01-6-00,21/12/2024,24/12/2024,,10/1/2025,10/1/2025,7/1/2025,NA,28/1/2025,NA,VGL,28/1/2025,5,CHAO-ALMACEN,29/1/2025,5,4/2/2025,EG03-00004129,EG07-00002190,Carga completada.faltó bl en cp[24-201-HPER / 4700003592-12 / CAIU9473705],4700003592-12,,
2024-2025,LIQUIDADO,24-201-HPER,4700003592-12,GONZALO,AVIBIOL,SUSTRATOS,FIBRA DE COCO,M&S,F002-00000015,"23,600.00",KG,USD,"14,430.17","14,430.17",0,CIF,SEA,FCL,ESPAÑA,VALENCIA,CALLAO,1,40 HC,24,16/11/2024,NA,NA,DIRECTO,CMA CGM,IBC1261862,TCNU2658866,,19/11/2024,47,IBC1261862F,CMA CGM ESTELLE 0WCJPS1MA,20/12/2024,51,NO,NA,UNIMAR,AVM,24/001594,10/12/2024,19/12/2024, 118-2024-10-506271-01-6-00,21/12/2024,24/12/2024,,10/1/2025,10/1/2025,7/1/2025,NA,25/1/2025,NA,LIP,28/1/2025,5,CHAO-ALMACEN,28/1/2025,5,20/2/2025,EG03-00001434,EG07-00002166,Carga completada.faltó bl en cp[24-201-HPER / 4700003592-12 / TCNU2658866],4700003592-12,,
2024-2025,LIQUIDADO,24-201-HPER,4700003592-12,GONZALO,AVIBIOL,SUSTRATOS,FIBRA DE COCO,M&S,F002-00000015,"23,600.00",KG,USD,"14,430.17","14,430.17",0,CIF,SEA,FCL,ESPAÑA,VALENCIA,CALLAO,1,40 HC,24,16/11/2024,NA,NA,DIRECTO,CMA CGM,IBC1261862,TCNU7391920,,19/11/2024,47,IBC1261862F,CMA CGM ESTELLE 0WCJPS1MA,20/12/2024,51,NO,NA,UNIMAR,AVM,24/001594,10/12/2024,19/12/2024, 118-2024-10-506271-01-6-00,21/12/2024,24/12/2024,,10/1/2025,10/1/2025,7/1/2025,NA,25/1/2025,NA,LIP,28/1/2025,5,CHAO-ALMACEN,28/1/2025,5,20/2/2025,EG03-00012966,EG07-00002167,Carga completada.faltó bl en cp [24-201-HPER / 4700003592-12 / APHU7288636],4700003592-12,,
2024-2025,LIQUIDADO,24-202-HPER,4700003592-13,GONZALO,AVIBIOL,SUSTRATOS,FIBRA DE COCO,M&S,F001-00002467,"23,600.00",KG,USD,"14,430.17","14,430.17",0,CIF,SEA,FCL,ESPAÑA,VALENCIA,CALLAO,1,40 HC,24,16/11/2024,NA,NA,DIRECTO,CMA CGM,IBC1265556,CMAU7188980,,19/11/2024,47,IBC1265556A,CMA CGM ESTELLE 0WCJPS1MA,20/12/2024,51,NO,NA,UNIMAR,AVM,24/001595,10/12/2024,18/12/2024,118-2024-10-503955-01-1-00,21/12/2024,22/12/2024,,10/1/2025,10/1/2025,7/1/2025,NA,21/1/2025,NA,LIP,22/1/2025,4,CHAO-ALMACEN,22/1/2025,4,30/1/2025,EG03-00012713,EG07-00002059,Carga completada.faltó en CP BL [24-202-HPER / 4700003592-13 / CMAU7188980],4700003592-13,,
2024-2025,LIQUIDADO,24-202-HPER,4700003592-13,GONZALO,AVIBIOL,SUSTRATOS,FIBRA DE COCO,M&S,F001-00002467,"23,600.00",KG,USD,"14,430.17","14,430.17",0,CIF,SEA,FCL,ESPAÑA,VALENCIA,CALLAO,1,40 HC,24,16/11/2024,NA,NA,DIRECTO,CMA CGM,IBC1265556,CMAU4941241,,19/11/2024,47,IBC1265556A,CMA CGM ESTELLE 0WCJPS1MA,20/12/2024,51,NO,NA,UNIMAR,AVM,24/001595,10/12/2024,18/12/2024,118-2024-10-503955-01-1-00,21/12/2024,22/12/2024,,10/1/2025,10/1/2025,7/1/2025,NA,21/1/2025,NA,CITITRANS,22/1/2025,4,CHAO-ALMACEN,22/1/2025,4,30/1/2025,EG03-00005454,EG07-00002061,Carga completada.faltó en CP BL [24-202-HPER / 4700003592-13 / CMAU4941241],4700003592-13,,
2024-2025,LIQUIDADO,24-202-HPER,4700003592-13,GONZALO,AVIBIOL,SUSTRATOS,FIBRA DE COCO,M&S,F001-00002467,"23,600.00",KG,USD,"14,430.17","14,430.17",0,CIF,SEA,FCL,ESPAÑA,VALENCIA,CALLAO,1,40 HC,24,16/11/2024,NA,NA,DIRECTO,CMA CGM,IBC1265556,TCNU8484798,,19/11/2024,47,IBC1265556A,CMA CGM ESTELLE 0WCJPS1MA,20/12/2024,51,NO,NA,UNIMAR,AVM,24/001595,10/12/2024,18/12/2024,118-2024-10-503955-01-1-00,21/12/2024,22/12/2024,,10/1/2025,10/1/2025,7/1/2025,NA,21/1/2025,NA,CITITRANS,22/1/2025,4,CHAO-ALMACEN,22/1/2025,4,30/1/2025,EG04-00000233,EG07-00002057,Carga completada.faltó en CP BL[24-202-HPER / 4700003592-13 / TCNU8484798],4700003592-13,,
2024-2025,LIQUIDADO,24-202-HPER,4700003592-13,GONZALO,AVIBIOL,SUSTRATOS,FIBRA DE COCO,M&S,F001-00002467,"23,600.00",KG,USD,"14,430.17","14,430.17",0,CIF,SEA,FCL,ESPAÑA,VALENCIA,CALLAO,1,40 HC,24,16/11/2024,NA,NA,DIRECTO,CMA CGM,IBC1265556,APHU7288636,,19/11/2024,47,IBC1265556A,CMA CGM ESTELLE 0WCJPS1MA,20/12/2024,51,NO,NA,UNIMAR,AVM,24/001595,10/12/2024,18/12/2024,118-2024-10-503955-01-1-00,21/12/2024,22/12/2024,,10/1/2025,10/1/2025,7/1/2025,NA,21/1/2025,NA,LIP,22/1/2025,4,CHAO-ALMACEN,22/1/2025,4,30/1/2025,EG03-00012712,EG07-00002060,Carga completada.faltó en CP BL [24-202-HPER / 4700003592-13 / APHU7288636],4700003592-13,,
2024-2025,LIQUIDADO,24-202-HPER,4700003592-13,GONZALO,AVIBIOL,SUSTRATOS,FIBRA DE COCO,M&S,F001-00002467,"23,600.00",KG,USD,"14,430.17","14,430.17",0,CIF,SEA,FCL,ESPAÑA,VALENCIA,CALLAO,1,40 HC,24,16/11/2024,NA,NA,DIRECTO,CMA CGM,IBC1265556,CMAU7269742,,19/11/2024,47,IBC1265556A,CMA CGM ESTELLE 0WCJPS1MA,20/12/2024,51,NO,NA,UNIMAR,AVM,24/001595,10/12/2024,18/12/2024,118-2024-10-503955-01-1-00,21/12/2024,22/12/2024,,10/1/2025,10/1/2025,7/1/2025,NA,21/1/2025,NA,LIP,22/1/2025,4,CHAO-ALMACEN,22/1/2025,4,30/1/2025,EG03-00012714,EG07-00002058,Carga completada.faltó en CP BL [24-202-HPER / 4700003592-13 / CMAU7269742],4700003592-13,,
2024-2025,LIQUIDADO,24-203-HPER,4700003592-14,GONZALO,AVIBIOL,SUSTRATOS,FIBRA DE COCO,M&S,F001-00002468,"23,600.00",KG,USD,"14,430.17","14,430.17",0,CIF,SEA,FCL,ESPAÑA,VALENCIA,CALLAO,1,40 HC,24,23/11/2024,NA,NA,DIRECTO,CMA CGM,IBC1265556,CMAU6645260,,19/11/2024,47,IBC1265556B,CMA CGM ESTELLE 0WCJPS1MA,20/12/2024,51,NO,NA,UNIMAR,AVM,24/001596,10/12/2024,19/12/2024,118-2024-10-506848-01-1-00,21/12/2024,24/12/2024,,10/1/2025,10/1/2025,7/1/2025,NA,23/1/2025,NA,LIP,24/1/2025,4,CHAO-ALMACEN,24/1/2025,4,30/1/2025,EG03-00012840,EG07-00002102,Carga completada[24-203-HPER / 4700003592-14/ CMAU6645260],4700003592-14,,
2024-2025,LIQUIDADO,24-203-HPER,4700003592-14,GONZALO,AVIBIOL,SUSTRATOS,FIBRA DE COCO,M&S,F001-00002468,"23,600.00",KG,USD,"14,430.17","14,430.17",0,CIF,SEA,FCL,ESPAÑA,VALENCIA,CALLAO,1,40 HC,24,23/11/2024,NA,NA,DIRECTO,CMA CGM,IBC1265556,TCNU4495285,,19/11/2024,47,IBC1265556B,CMA CGM ESTELLE 0WCJPS1MA,20/12/2024,51,NO,NA,UNIMAR,AVM,24/001596,10/12/2024,19/12/2024,118-2024-10-506848-01-1-00,21/12/2024,24/12/2024,,10/1/2025,10/1/2025,7/1/2025,NA,23/1/2025,NA,LIP,24/1/2025,4,CHAO-ALMACEN,24/1/2025,4,30/1/2025,EG03-00001174,EG07-00002101,Carga completada[24-203-HPER / 4700003592-14/TCNU4495285],4700003592-14,,
2024-2025,LIQUIDADO,24-203-HPER,4700003592-14,GONZALO,AVIBIOL,SUSTRATOS,FIBRA DE COCO,M&S,F001-00002468,"23,600.00",KG,USD,"14,430.17","14,430.17",0,CIF,SEA,FCL,ESPAÑA,VALENCIA,CALLAO,1,40 HC,24,23/11/2024,NA,NA,DIRECTO,CMA CGM,IBC1265556,SEGU6277840,,19/11/2024,47,IBC1265556B,CMA CGM ESTELLE 0WCJPS1MA,20/12/2024,51,NO,NA,UNIMAR,AVM,24/001596,10/12/2024,19/12/2024,118-2024-10-506848-01-1-00,21/12/2024,24/12/2024,,10/1/2025,10/1/2025,7/1/2025,NA,23/1/2025,NA,LIP,24/1/2025,4,CHAO-ALMACEN,24/1/2025,4,30/1/2025,EG03-00003662,EG07-00002103,Carga completada[24-203-HPER / 4700003592-14/SEGU6277840],4700003592-14,,
2024-2025,LIQUIDADO,24-204-HPER,4700003592-15,GONZALO,AVIBIOL,SUSTRATOS,FIBRA DE COCO,M&S,F001-00002469,"23,600.00",KG,USD,"14,430.17","14,430.17",0,CIF,SEA,FCL,ESPAÑA,VALENCIA,CALLAO,1,40 HC,24,23/11/2024,NA,NA,DIRECTO,CMA CGM,IBC1265556,BEAU4007335,,19/11/2024,47,IBC1265556C,CMA CGM ESTELLE 0WCJPS1MA,20/12/2024,51,NO,NA,UNIMAR,AVM,24/001597,10/12/2024,19/12/2024,118-2024-10-505877-01-8-00,21/12/2024,22/12/2024,,10/1/2025,10/1/2025,7/1/2025,AVM,27/1/2025,T001-2893,GUZMAN,28/1/2025,5,CHAO-ALMACEN,4/2/2025,6,5/2/2025,EG03-00004542,EG07-00002282,Carga completada.[24-204-HPER / 4700003592-15/BEAU4007335],4700003592-15,,
2024-2025,LIQUIDADO,24-204-HPER,4700003592-15,GONZALO,AVIBIOL,SUSTRATOS,FIBRA DE COCO,M&S,F001-00002469,"23,600.00",KG,USD,"14,430.17","14,430.17",0,CIF,SEA,FCL,ESPAÑA,VALENCIA,CALLAO,1,40 HC,24,23/11/2024,NA,NA,DIRECTO,CMA CGM,IBC1265556,TGBU6708841,,19/11/2024,47,IBC1265556C,CMA CGM ESTELLE 0WCJPS1MA,20/12/2024,51,NO,NA,UNIMAR,AVM,24/001597,10/12/2024,19/12/2024,118-2024-10-505877-01-8-00,21/12/2024,22/12/2024,,10/1/2025,10/1/2025,7/1/2025,AVM,20/1/2025,T001-2809,GUZMAN,18/1/2025,3,CHAO-ALMACEN,23/1/2025,4,24/1/2025,EG03-00004435,EG07-00002074,Carga completada. [24-204-HPER / 4700003592-15/TGBU6708841],4700003592-15,,
2024-2025,LIQUIDADO,24-204-HPER,4700003592-15,GONZALO,AVIBIOL,SUSTRATOS,FIBRA DE COCO,M&S,F001-00002469,"23,600.00",KG,USD,"14,430.17","14,430.17",0,CIF,SEA,FCL,ESPAÑA,VALENCIA,CALLAO,1,40 HC,24,23/11/2024,NA,NA,DIRECTO,CMA CGM,IBC1265556,UETU5561475,,19/11/2024,47,IBC1265556C,CMA CGM ESTELLE 0WCJPS1MA,20/12/2024,51,NO,NA,UNIMAR,AVM,24/001597,10/12/2024,19/12/2024,118-2024-10-505877-01-8-00,21/12/2024,22/12/2024,,10/1/2025,10/1/2025,7/1/2025,AVM,23/1/2025,T001-2810,GUZMAN,20/1/2025,4,CHAO-ALMACEN,1/2/2025,5,4/2/2025,EG03-00004509,EG07-00002231,Carga completada. [24-204-HPER / 4700003592-15/UETU5561475],4700003592-15,,
2024-2025,LIQUIDADO,24-204-HPER,4700003592-15,GONZALO,AVIBIOL,SUSTRATOS,FIBRA DE COCO,M&S,F001-00002469,"23,600.00",KG,USD,"14,430.17","14,430.17",0,CIF,SEA,FCL,ESPAÑA,VALENCIA,CALLAO,1,40 HC,24,23/11/2024,NA,NA,DIRECTO,CMA CGM,IBC1265556,CAIU9213523,,19/11/2024,47,IBC1265556C,CMA CGM ESTELLE 0WCJPS1MA,20/12/2024,51,NO,NA,UNIMAR,AVM,24/001597,10/12/2024,19/12/2024,118-2024-10-505877-01-8-00,21/12/2024,22/12/2024,,10/1/2025,10/1/2025,7/1/2025,AVM,20/1/2025,T001-2808,GUZMAN,20/1/2025,4,CHAO-ALMACEN,24/1/2025,4,28/1/2025,EG03-00004441,EG07-00002088,Carga completada.[24-204-HPER / 4700003592-15/CAIU9213523],4700003592-15,,
2024-2025,LIQUIDADO,24-205-HPER,4700003592-16,GONZALO,AVIBIOL,SUSTRATOS,FIBRA DE COCO,M&S,F001-00002470,"23,600.00",KG,USD,"14,430.17","14,430.17",0,CIF,SEA,FCL,ESPAÑA,VALENCIA,CALLAO,1,40 HC,24,23/11/2024,NA,NA,DIRECTO,CMA CGM,IBC1265556,CAAU6333245,,19/11/2024,47,IBC1265556D,CMA CGM ESTELLE 0WCJPS1MA,20/12/2024,51,NO,NA,UNIMAR,AVM,24/001598,10/12/2024,18/12/2024,118-2024-10-504516-01-1-00,21/12/2024,22/12/2024,,10/1/2025,10/1/2025,7/1/2025,NA,24/1/2025,NA,LIP,25/1/2025,4,CHAO-ALMACEN,25/1/2025,4,29/1/2025,EG03-00000441,EG07-00002136,Carga completada. [24-205-HPER / 4700003592-16/CAAU6333245],4700003592-16,,
2024-2025,LIQUIDADO,24-205-HPER,4700003592-16,GONZALO,AVIBIOL,SUSTRATOS,FIBRA DE COCO,M&S,F001-00002470,"23,600.00",KG,USD,"14,430.17","14,430.17",0,CIF,SEA,FCL,ESPAÑA,VALENCIA,CALLAO,1,40 HC,24,23/11/2024,NA,NA,DIRECTO,CMA CGM,IBC1265556,UETU6175862,,19/11/2024,47,IBC1265556D,CMA CGM ESTELLE 0WCJPS1MA,20/12/2024,51,NO,NA,UNIMAR,AVM,24/001598,10/12/2024,18/12/2024,118-2024-10-504516-01-1-00,21/12/2024,22/12/2024,,10/1/2025,10/1/2025,7/1/2025,NA,24/1/2025,NA,LIP,25/1/2025,4,CHAO-ALMACEN,25/1/2025,4,29/1/2025,EG03-00012916,EG07-00002135,Carga completada. [24-205-HPER / 4700003592-16/UETU6175862],4700003592-16,,
2024-2025,LIQUIDADO,24-205-HPER,4700003592-16,GONZALO,AVIBIOL,SUSTRATOS,FIBRA DE COCO,M&S,F001-00002470,"23,600.00",KG,USD,"14,430.17","14,430.17",0,CIF,SEA,FCL,ESPAÑA,VALENCIA,CALLAO,1,40 HC,24,23/11/2024,NA,NA,DIRECTO,CMA CGM,IBC1265556,APHU6560647,,19/11/2024,47,IBC1265556D,CMA CGM ESTELLE 0WCJPS1MA,20/12/2024,51,NO,NA,UNIMAR,AVM,24/001598,10/12/2024,18/12/2024,118-2024-10-504516-01-1-00,21/12/2024,22/12/2024,,10/1/2025,10/1/2025,7/1/2025,NA,24/1/2025,NA,LIP,25/1/2025,4,CHAO-ALMACEN,25/1/2025,4,29/1/2025,EG03-00012915,EG07-00002134,Carga completada. [24-205-HPER / 4700003592-16/APHU6560647],4700003592-16,,
2024-2025,LIQUIDADO,24-158-HPER,5400000520,HUB,HF GENETICS,PLANTAS,HB161,-,7020000480,"5,753.00",UN,USD,"11,218.35","11,218.35",30,CPT,AIR,AIR,CHILE,SANTIAGO,LIMA,NA,NA,1,NA,NA,NA,DIRECTO,KOREAN,180-13837191,NA,,20/12/2024,51,180-13837191,KOREAN AIRLINES,20/12/2024,51,SI,19/12/2024,SAASA,AVM,24/001680,19/12/2024,,235-2024-10-201475,20/12/2024,,,21/12/2024,21/12/2024,NA,NA,22/12/2024,T001-2630,AVM,23/12/2024,52,CHAO - VIVEROS,23/12/2024,52,4/1/2025,NA,NA,,5400000520,,
2024-2025,LIQUIDADO,24-158-HPER,5400000531,HUB,HF GENETICS,PLANTAS,HB162,SAMPLE,7020000476,100.00,UN,USD,250.00,250.00,30,CPT,AIR,AIR,CHILE,SANTIAGO,LIMA,NA,NA,-,NA,NA,NA,DIRECTO,KOREAN,180-13837191,NA,,20/12/2024,51,180-13837191,KOREAN AIRLINES,20/12/2024,51,SI,19/12/2024,SAASA,AVM,24/001680,19/12/2024,,235-2024-10-201475,20/12/2024,,,21/12/2024,21/12/2024,NA,NA,22/12/2024,T001-2630,AVM,23/12/2024,52,CHAO - VIVEROS,23/12/2024,52,3/1/2025,NA,NA,,5400000531,,
2024-2025,LIQUIDADO,24-113-HPER,4700003678,MELANIE,A&B,SPAREPARTS,RPTOS VARIOS PARA MAQUINA PESADORA DE ARANDANOS A&B,-,20829,36.00,UN,USD,"1,673.28","1,673.28",0,EXW,AIR,AIR,USA,MIAMI,LIMA,NA,NA,1,NA,NA,NA,COURIER,DHL,2367196381,NA,10/12/2024,10/12/2024,50,2367196381,DHL COURIER,19/12/2024,51,NO,NA,NA,DHL,NA,NA,12/12/2024,235-2024-28-03945526-43-4-00,,,,NA,NA,,,,,NA,19/12/2024,51,SALAVERRY,19/12/2024,51,20/12/2024,NA,NA,NA,4700003678,,
2024-2025,LIQUIDADO,24-155-HPER,4700003654,MELANIE,UNITEC,SPAREPARTS,REPUESTOS VARIOS,-,261,2.00,UN,EUR,237.20,260.92,30,EXW,AIR,AIR,CHILE,SANTIAGO,LIMA,NA,NA,1,NA,NA,NA,COURIER,DHL,2990249220,NA,10/12/2024,10/12/2024,50,2990249220,DHL COURIER,19/12/2024,51,NO,NA,NA,DHL,NA,NA,11/12/2024,235-2024-28-03929688-43-3-00,,,,NA,NA,,,,,NA,19/12/2024,51,SALAVERRY,19/12/2024,51,20/12/2024,NA,NA,NA,4700003654,,
2024-2025,LIQUIDADO,24-111-HPER,4700003562,OMAR,EDEN,AGQ,DISPER CHLOROPHYL,-,2024-1677,"2,000.00",KG,EUR,"52,400.00","57,640.00",90,EXW,SEA,FCL,ESPAÑA,VALENCIA,CALLAO,1,40 HC,6,11/11/2024,15/10/2024,16/10/2024,AIRSEALOG,MSC,MEDUVS148462,MSDU4684792,12/11/2024,19/11/2024,47,PVAL24160742,MSC LETIZIA NX447A,21/12/2024,51,SI,11/11/2024,IMUPESA,AVM,24/001662,12/12/2024,,118-2024-10-510535,22/12/2024,,,NA,NA,,AVM,28/12/2024,T001-2646,GUZMAN,28/12/2024,52,CHAO-ALMACEN,30/12/2024,1,3/1/2025,EG03-00004115,EG07-00001727,,4700003562,,
2024-2025,LIQUIDADO,24-111-HPER,4700003562,OMAR,EDEN,AGQ,DISPER COMPLEX,-,2024-1677,"14,000.00",KG,EUR,"103,600.00","113,960.00",90,EXW,SEA,FCL,ESPAÑA,VALENCIA,CALLAO,-,40 HC,28,11/11/2024,15/10/2024,16/10/2024,AIRSEALOG,MSC,MEDUVS148462,MSDU4684792,12/11/2024,19/11/2024,47,PVAL24160742,MSC LETIZIA NX447A,21/12/2024,51,SI,11/11/2024,IMUPESA,AVM,24/001662,12/12/2024,,118-2024-10-510535,22/12/2024,,,NA,NA,,AVM,28/12/2024,T001-2646,GUZMAN,28/12/2024,52,CHAO-ALMACEN,30/12/2024,1,3/1/2025,EG03-00004115,EG07-00001727,,4700003562,,
2024-2025,ENTREGADO,24-033-HFEB,4700003376-5,FIORELLA,JCK,E & E,PUNNET 250G H40,-,1044,"103,170.00",UN,USD,"3,456.20","3,456.20",120,EXW,SEA,FCL,CHILE,SAN ANTONIO,CALLAO,1,40 HC,127,NA,27/11/2024,27/11/2024,AIRSEALOG,HAPAG,S00047685,FANU1465903,11/12/2024,23/12/2024,52,ASLCLS00047685,DUSSELDORF EXPRESS 449W,26/12/2024,52,NO,NA,IMUPESA,PASOC,133606,13/12/2024,23/12/2024,118-2024-10-513173-01-6-00,27/12/2024,,,NA,NA,,,,,PASOC,4/1/2024,1,OLMOS,4/1/2024,1,,,,,4700003376-5,,
2024-2025,ENTREGADO,24-033-HFEB,4700003636-2,FIORELLA,JCK,E & E,PUNNET 250G H40,-,1044,"310,000.00",UN,USD,"10,385.00","10,385.00",120,EXW,SEA,FCL,CHILE,SAN ANTONIO,CALLAO,-,-,383,NA,27/11/2024,27/11/2024,AIRSEALOG,HAPAG,S00047685,FANU1465903,11/12/2024,23/12/2024,52,ASLCLS00047685,DUSSELDORF EXPRESS 449W,26/12/2024,52,NO,NA,IMUPESA,PASOC,133606,13/12/2024,23/12/2024,118-2024-10-513173-01-6-00,27/12/2024,,,NA,NA,,,,,PASOC,4/1/2024,1,OLMOS,4/1/2024,1,,,,PENDIENTE,4700003636-2,,
2024-2025,ENTREGADO,24-033-HFEB,4700003696-1,FIORELLA,JCK,E & E,PUNNET 250G H40,-,1044,"192,710.00",UN,USD,"6,455.79","6,455.79",120,EXW,SEA,FCL,CHILE,SAN ANTONIO,CALLAO,-,-,238,NA,27/11/2024,27/11/2024,AIRSEALOG,HAPAG,S00047685,FANU1465903,11/12/2024,23/12/2024,52,ASLCLS00047685,DUSSELDORF EXPRESS 449W,26/12/2024,52,NO,NA,IMUPESA,PASOC,133606,13/12/2024,23/12/2024,118-2024-10-513173-01-6-00,27/12/2024,,,NA,NA,,,,,PASOC,4/1/2024,1,OLMOS,4/1/2024,1,,,,PENDIENTE,4700003696-1,,
2024-2025,LIQUIDADO,24-233-HPER,4700003592-10,GONZALO,AVIBIOL,SUSTRATOS,FIBRA DE COCO,M&S,F001-00002464,"23,600.00",KG,USD,"14,430.17","14,430.17",0,CIF,SEA,FCL,ESPAÑA,VALENCIA,CALLAO,1,40 HC,24,16/11/2024,NA,NA,DIRECTO,CMA CGM,IBC1261862,TCLU6593642,,19/11/2024,47,BGA0445322,VALPARAISO EXPRESS 0WCJRS1MA,27/12/2024,52,NO,NA,UNIMAR,AVM,24/001678,10/12/2024,26/12/2024,118-2024-10-515807-01-2-00,28/12/2024,30/12/2024,,10/1/2025,10/1/2025,14/1/2025,AVM,21/1/2025,T001-2815,GUZMAN,21/1/2025,4,CHAO-ALMACEN,24/1/2025,4,29/1/2025,EG03-00004443,EG07-00002090,Carga completada.Faltó bl en Cp[24-199-HPER / 4700003592-10 / TCLU6593642],4700003592-10,,
2024-2025,LIQUIDADO,24-234-HPER,4700003592-14,GONZALO,AVIBIOL,SUSTRATOS,FIBRA DE COCO,M&S,F001-00002468,"23,600.00",KG,USD,"14,430.17","14,430.17",0,CIF,SEA,FCL,ESPAÑA,VALENCIA,CALLAO,1,40 HC,24,23/11/2024,NA,NA,DIRECTO,CMA CGM,IBC1265556,TCLU1840605,,19/11/2024,47,BGA0445314,VALPARAISO EXPRESS 0WCJRS1MA,27/12/2024,52,NO,NA,UNIMAR,AVM,24/001677,10/12/2024,26/12/2024,118-2024-10-515690-01-8-00,28/12/2024,30/12/2024,,10/1/2025,10/1/2025,14/1/2025,NA,24/1/2025,NA,VGL,25/1/2025,4,CHAO-ALMACEN,25/1/2025,4,30/1/2025,EG03-00004112,EG07-00002114,Carga completada[24-203-HPER / 4700003592-14/ TCLU1840605],4700003592-14,,
2024-2025,LIQUIDADO,24-234-HPER,4700003592-14,GONZALO,AVIBIOL,SUSTRATOS,FIBRA DE COCO,M&S,F001-00002468,"23,600.00",KG,USD,"14,430.17","14,430.17",0,CIF,SEA,FCL,ESPAÑA,VALENCIA,CALLAO,1,40 HC,24,23/11/2024,NA,NA,DIRECTO,CMA CGM,IBC1265556,BMOU6439646,,19/11/2024,47,BGA0445314,VALPARAISO EXPRESS 0WCJRS1MA,27/12/2024,52,NO,NA,UNIMAR,AVM,24/001677,10/12/2024,26/12/2024,118-2024-10-515690-01-8-00,28/12/2024,30/12/2024,,10/1/2025,10/1/2025,14/1/2025,NA,24/1/2025,NA,VGL,25/1/2025,4,CHAO-ALMACEN,25/1/2025,4,30/1/2025,EG03-00004111,EG07-00002116,Carga completada[24-203-HPER / 4700003592-14/ BMOU6439646],4700003592-14,,
2024-2025,ENTREGADO,24-023-HFEB,4700003573-2,OMAR,PROMISOL,AGQ,CYTOFLOW AMIN,-,F/24462,700.00,KG,EUR,"7,210.00","7,931.00",90,EXW,SEA,LCL,ESPAÑA,BARCELONA,CALLAO,NA,NA,1,NA,29/10/2024,29/10/2024,AIRSEALOG,CMA CGM,S00046630 ,CMAU9593853,,19/11/2024,47,BCN/CAL/07551,VALPARAISO EXPRESS 0WCJRS1MA,27/12/2024,52,NO,NA,DPW,AVM,24/001686,20/12/2024,28/12/2024,118-2024-10-514887-01-2-00,28/12/2024,,,NA,NA,,NA,9/1/2025,,AVM,11/1/2025,2,OLMOS,11/1/2025,2,,,,NA,4700003573-2,,
2024-2025,ENTREGADO,24-023-HFEB,4700003573-2,OMAR,PROMISOL,AGQ,CYTOLAN,-,F/24462,"1,060.00",KG,EUR,"11,501.00","12,651.10",90,EXW,SEA,LCL,ESPAÑA,BARCELONA,CALLAO,NA,NA,2,NA,29/10/2024,29/10/2024,AIRSEALOG,CMA CGM,S00046630 ,CMAU9593853,,19/11/2024,47,BCN/CAL/07551,VALPARAISO EXPRESS 0WCJRS1MA,27/12/2024,52,NO,NA,DPW,AVM,24/001686,20/12/2024,28/12/2024,118-2024-10-514887-01-2-00,28/12/2024,,,NA,NA,,NA,9/1/2025,,AVM,11/1/2025,2,OLMOS,11/1/2025,2,,,,NA,4700003573-2,,
2024-2025,ENTREGADO,24-023-HFEB,4700003573-2,OMAR,PROMISOL,AGQ,MUCIGEL,-,F/24462,"1,000.00",LT,EUR,"8,400.00","9,240.00",90,EXW,SEA,LCL,ESPAÑA,BARCELONA,CALLAO,NA,NA,1,NA,29/10/2024,29/10/2024,AIRSEALOG,CMA CGM,S00046630 ,CMAU9593853,,19/11/2024,47,BCN/CAL/07551,VALPARAISO EXPRESS 0WCJRS1MA,27/12/2024,52,NO,NA,DPW,AVM,24/001686,20/12/2024,28/12/2024,118-2024-10-514887-01-2-00,28/12/2024,,,NA,NA,,NA,9/1/2025,,AVM,11/1/2025,2,OLMOS,11/1/2025,2,,,,NA,4700003573-2,,
2024-2025,ENTREGADO,24-023-HFEB,4700003573-2,OMAR,PROMISOL,AGQ,STRESSBLOCK,SAMPLE,F/00001,24.00,LT,EUR,32.40,35.64,90,EXW,SEA,LCL,ESPAÑA,BARCELONA,CALLAO,NA,NA,-,NA,29/10/2024,29/10/2024,AIRSEALOG,CMA CGM,S00046630 ,CMAU9593853,,19/11/2024,47,BCN/CAL/07551,VALPARAISO EXPRESS 0WCJRS1MA,27/12/2024,52,NO,NA,DPW,AVM,24/001686,20/12/2024,28/12/2024,118-2024-10-514887-01-2-00,28/12/2024,,,NA,NA,,NA,9/1/2025,,AVM,11/1/2025,2,OLMOS,11/1/2025,2,,,,NA,4700003573-2,,
2024-2025,LIQUIDADO,24-129-HPER,4700003563-1,OMAR,PROMISOL,AGQ,CYTOLAN,-,F/24461,"2,000.00",KG,EUR,"21,700.00","23,870.00",90,EXW,SEA,LCL,ESPAÑA,BARCELONA,CALLAO,NA,NA,2,18/11/2024,29/10/2024,30/10/2024,AIRSEALOG,CMA CGM,S00046651,CMAU9593853,8/11/2024,19/11/2024,47,BCN/CAL/07556,VALPARAISO EXPRESS 0WCJRS1MA,27/12/2024,52,SI,18/11/2024,DPW,PASOC,133587,17/12/2024,,118-2024-10-512713,,,,NA,NA,,PASOC,8/1/2025,,GUZMAN,8/1/2025,2,,,52,,,,"Carga completada.falto en cp bk,bl[24-129-HPER / 4700003563-1 / CMAU9593853]",4700003563-1,,
2024-2025,LIQUIDADO,24-129-HPER,4700003563-1,OMAR,PROMISOL,AGQ,CYTOFLOW AMIN,-,F/24461,"4,000.00",KG,EUR,"41,200.00","45,320.00",90,EXW,SEA,LCL,ESPAÑA,BARCELONA,CALLAO,NA,NA,5,18/11/2024,29/10/2024,30/10/2024,AIRSEALOG,CMA CGM,S00046651,CMAU9593853,8/11/2024,19/11/2024,47,BCN/CAL/07556,VALPARAISO EXPRESS 0WCJRS1MA,27/12/2024,52,SI,18/11/2024,DPW,PASOC,133587,17/12/2024,,118-2024-10-512713,,,,NA,NA,,PASOC,8/1/2025,,GUZMAN,8/1/2025,2,,,52,,,,"Carga completada.falto en cp bk,bl [24-129-HPER / 4700003563-1 / CMAU9593853]",4700003563-1,,
2024-2025,LIQUIDADO,24-110-HPER,4700003561-1,OMAR,BIOCONSUL,AGQ,ORGANCAB K (ABONO ORGANICO),-,BE034/24,"20,000.00",LT,EUR,"15,000.00","16,500.00",60,EXW,SEA,FCL,ESPAÑA,VALENCIA,CALLAO,1,40 HC,20,13/11/2024,14/10/2024,16/10/2024,AIRSEALOG,HAPAG,S00046123,UASU1045354,12/11/2024,16/11/2024,46,PAEM018638,VALPARAISO EXPRESS 4247S,27/12/2024,52,SI,13/11/2024,IMUPESA,AVM,24/001687,16/12/2024,24/12/2024,118-2024-10-513634,,,,NA,NA,,AVM,3/1/2025,T001-2672,GUZMAN,3/1/2025,1,CHAO-ALMACEN,10/1/2025,2,11/1/2025,EG03-00004191,EG07-00001855,"carga completada.faltó en cp bl,bk[24-110-HPER/4700003561-1/UASU1045354]",4700003561-1,,
2024-2025,LIQUIDADO,24-156-HPER,4700003540,GONZALO,HOTTINGER,E & E,CELDA CARGA 1 PW6CMR,-,512298292,20.00,UN,EUR,"3,140.00","3,454.00",0,EXW,AIR,AIR,ALEMANIA,FRANKFURT,LIMA,NA,NA,1,NA,NA,NA,COURIER,DHL,2518844731,NA,16/12/2024,16/12/2024,51,2518844731,DHL COURIER,27/12/2024,52,NO,NA,NA,DHL,NA,,,235-2024-10-199288-01-5-00,,,,NA,NA,,,,,NA,27/12/2024,52,SALAVERRY,27/12/2024,52,28/12/2024,NA,NA,NA,4700003540,,
2024-2025,LIQUIDADO,24-174-HPER,4700003565-5,GONZALO,DEHUAN,E & E,MACETA PLASTICA 30 L,M&S,TLD24052DW-5,"23,870.00",UN,USD,"34,492.15","34,492.15",0,CIF,SEA,FCL,CHINA,NINGBO,CALLAO,1,40 HC,20,19/11/2024,NA,NA,DIRECTO,MSC,177FGEGEN40134A,MSDU8453657,,22/11/2024,47,MEDUR5275488,LIMA EXPRESS 2447E,30/12/2024,1,NO,NA,IMUPESA,PASOC,133599,20/12/2024,,118-2024-10-520240,1/1/2025,,,NA,NA,,NA,7/1/2025,T001-25584962,RANSA,8/1/2025,2,CHAO-ALMACEN,8/1/2025,2,16/1/2025,EG03-00001470,EG07-00001830,"Carga completada. Falto en cp bl,bk[24-174-HPER / 4700003565-5 / MSDU8453657]",4700003565-5,,
2024-2025,LIQUIDADO,24-174-HPER,4700003565-5,GONZALO,DEHUAN,E & E,MACETA PLASTICA 30 L,M&S,TLD24052DW-5,"23,870.00",UN,USD,"34,492.15","34,492.15",0,CIF,SEA,FCL,CHINA,NINGBO,CALLAO,1,40 HC,20,19/11/2024,NA,NA,DIRECTO,MSC,177FGEGEN40134A,CAAU7513004,,22/11/2024,47,MEDUR5275488,LIMA EXPRESS 2447E,30/12/2024,1,NO,NA,IMUPESA,PASOC,133599,20/12/2024,,118-2024-10-520240,1/1/2025,,,NA,NA,,NA,7/1/2025,T001-25584963,RANSA,8/1/2025,2,CHAO-ALMACEN,8/1/2025,2,16/1/2025,EG03-00001471,EG07-00001832,"Carga completada. Falto en cp bl,bk[24-174-HPER / 4700003565-5 / CAAU7513004]",4700003565-5,,
2024-2025,LIQUIDADO,24-174-HPER,4700003565-5,GONZALO,DEHUAN,E & E,MACETA PLASTICA 30 L,M&S,TLD24052DW-5,"22,490.00",UN,USD,"32,498.05","32,498.05",0,CIF,SEA,FCL,CHINA,NINGBO,CALLAO,1,40 HC,20,19/11/2024,NA,NA,DIRECTO,MSC,177FGEGEN40134A,TCNU7399536,,22/11/2024,47,MEDUR5275488,LIMA EXPRESS 2447E,30/12/2024,1,NO,NA,IMUPESA,PASOC,133599,20/12/2024,,118-2024-10-520240,1/1/2025,,,NA,NA,,NA,7/1/2025,T001-25584961,RANSA,8/1/2025,2,CHAO-ALMACEN,8/1/2025,2,16/1/2025,EG03-00001472,EG07-00001831,"Carga completada. Falto en cp bl,bk[24-174-HPER / 4700003565-5 / TCNU7399536]",4700003565-5,,
2024-2025,LIQUIDADO,24-160-HPER,4700003570,MELANIE,SMARTPACK,SPAREPARTS,RPTOS VARIOS PARA MAQUINA HEAT SEALER,-,232,2.00,UN,USD,"1,824.00","1,824.00",30,EXW,AIR,AIR,CHILE,SANTIAGO,LIMA,NA,NA,1,NA,23/12/2024,23/12/2024,AIRSEALOG,SKY,605-00535872,NA,,31/12/2024,1,PELIM24194B,KOREAN AIRLINES,31/12/2024,1,SI,30/12/2024,ALFOSAC,LIP,19330,30/12/2024,30/12/2024,235-2024-10-206687-01-1-00,31/12/2024,31/12/2024,,NA,NA,NA,LIP,3/1/2025,T001-4969,GUZMAN,3/1/2025,1,SALAVERRY,7/1/2025,2,11/1/2025,EG03-00004168,EG07-00001817,NA,4700003570,,
2024-2025,LIQUIDADO,24-160-HPER,4700003642,GONZALO,SMARTPACK,SPAREPARTS,RPTOS VARIOS PARA MAQUINA HEAT SEALER,-,233,2.00,UN,USD,"2,179.85","2,179.85",30,EXW,AIR,AIR,CHILE,SANTIAGO,LIMA,NA,NA,-,NA,23/12/2024,23/12/2024,AIRSEALOG,SKY,605-00535872,NA,,31/12/2024,1,PELIM24194B,KOREAN AIRLINES,31/12/2024,1,SI,30/12/2024,ALFOSAC,LIP,19330,30/12/2024,30/12/2024,235-2024-10-206687-01-1-00,31/12/2024,31/12/2024,,NA,NA,NA,LIP,3/1/2025,T001-4969,GUZMAN,3/1/2025,1,SALAVERRY,7/1/2025,2,11/1/2025,EG03-00004168,EG07-00001817,NA,4700003642,,
2024-2025,LIQUIDADO,24-109-HPER,4700003438,GONZALO,A&B,SPAREPARTS,RPTOS VARIOS PARA MAQUINA PESADORA DE ARANDANOS A&B,-,20726,5.00,UN,USD,810.00,810.00,0,EXW,AIR,AIR,USA,MIAMI,LIMA,NA,NA,1,NA,12/12/2024,12/12/2024,AIRSEALOG,NORTHERN,658-30816391,NA,,8/12/2024,49,89AMIA246352,NORTHERN AIR CARGO,8/12/2024,49,SI,27/11/2024,ALFOSAC,LIP,17647,28/11/2024,,235-2024-10-189152-01-3-00,,,,NA,NA,NA,LIP,9/12/2024,T001-4809,GUZMAN,10/12/2024,50,SALAVERRY,13/12/2024,50,14/12/2024,EG03-00002441,,NA,4700003438,,
2024-2025,LIQUIDADO,24-160-HPER,4700003724,MELANIE,SMARTPACK,SPAREPARTS,RPTOS VARIOS PARA MAQUINA HEAT SEALER,-,235,1.00,UN,USD,"4,038.64","4,038.64",30,EXW,AIR,AIR,CHILE,SANTIAGO,LIMA,NA,NA,-,NA,23/12/2024,23/12/2024,AIRSEALOG,SKY,605-00535872,NA,,31/12/2024,1,PELIM24194B,KOREAN AIRLINES,31/12/2024,1,SI,30/12/2024,ALFOSAC,LIP,19330,30/12/2024,30/12/2024,235-2024-10-206687-01-1-00,31/12/2024,31/12/2024,,NA,NA,NA,LIP,3/1/2025,T001-4969,GUZMAN,3/1/2025,1,SALAVERRY,7/1/2025,2,11/1/2025,EG03-00004168,EG07-00001817,NA,4700003724,,
2024-2025,LIQUIDADO,24-160-HPER,4700003698,MELANIE,SMARTPACK,SPAREPARTS,RPTOS VARIOS PARA MAQUINA HEAT SEALER,-,234,5.00,UN,USD,"12,982.60","12,982.60",30,EXW,AIR,AIR,CHILE,SANTIAGO,LIMA,NA,NA,-,NA,23/12/2024,23/12/2024,AIRSEALOG,SKY,605-00535872,NA,,31/12/2024,1,PELIM24194B,KOREAN AIRLINES,31/12/2024,1,SI,30/12/2024,ALFOSAC,LIP,19330,30/12/2024,30/12/2024,235-2024-10-206687-01-1-00,31/12/2024,31/12/2024,,NA,NA,NA,LIP,3/1/2025,T001-4969,GUZMAN,3/1/2025,1,SALAVERRY,7/1/2025,2,11/1/2025,EG03-00004168,EG07-00001817,NA,4700003698,,
2024-2025,LIQUIDADO,24-173-HPER,4700003565-4,GONZALO,DEHUAN,E & E,MACETA PLASTICA 30 L,M&S,TLD24052DW-4,"22,366.00",UN,USD,"32,318.87","32,318.87",0,CIF,SEA,FCL,CHINA,NINGBO,CALLAO,1,40 HC,20,15/11/2024,NA,NA,DIRECTO,EVERGREEN,,GAOU6983432,,21/11/2024,47,143469670143,EVER LEGACY 0706-067E,2/1/2025,1,NO,NA,IMUPESA,PASOC,134144,21/12/2024,31/12/2024,118-2024-10-525180-01-2-00,4/1/2025,5/1/2025,,NA,NA,,,16/1/2025,T001-25586051,RANSA,17/1/2025,3,CHAO-ALMACEN,17/1/2025,3,13/3/2025,EG03-00001592,EG07-00001977,Carga completada. Falto bk [24-173-HPER / 4700003565-4 / GAOU6983432],4700003565-4,,
2024-2025,LIQUIDADO,24-173-HPER,4700003565-4,GONZALO,DEHUAN,E & E,MACETA PLASTICA 30 L,M&S,TLD24052DW-4,"23,870.00",UN,USD,"34,492.15","34,492.15",0,CIF,SEA,FCL,CHINA,NINGBO,CALLAO,1,40 HC,20,15/11/2024,NA,NA,DIRECTO,EVERGREEN,,TXGU7773870,,21/11/2024,47,143469670143,EVER LEGACY 0706-067E,2/1/2025,1,NO,NA,IMUPESA,PASOC,134144,21/12/2024,31/12/2024,118-2024-10-525180-01-2-00,4/1/2025,5/1/2025,,NA,NA,,,16/1/2025,T001-25586052,RANSA,17/1/2025,3,CHAO-ALMACEN,17/1/2025,3,13/3/2025,EG03-00001591,EG07-00001978,Carga completada. Falto bk[24-173-HPER / 4700003565-4 / TXGU7773870],4700003565-4,,
2024-2025,LIQUIDADO,24-173-HPER,4700003565-4,GONZALO,DEHUAN,E & E,MACETA PLASTICA 30 L,M&S,TLD24052DW-4,"22,258.00",UN,USD,"32,162.81","32,162.81",0,CIF,SEA,FCL,CHINA,NINGBO,CALLAO,1,40 HC,20,15/11/2024,NA,NA,DIRECTO,EVERGREEN,,GAOU7303186,,21/11/2024,47,143469670143,EVER LEGACY 0706-067E,2/1/2025,1,NO,NA,IMUPESA,PASOC,134144,21/12/2024,31/12/2024,118-2024-10-525180-01-2-00,4/1/2025,5/1/2025,,NA,NA,,,16/1/2025,T001-25586050,RANSA,17/1/2025,3,CHAO-ALMACEN,17/1/2025,3,13/3/2025,EG03-00001593,EG07-00001979,Carga completada. Falto bk[24-173-HPER / 4700003565-4 / GAOU7303186],4700003565-4,,
2024-2025,ENTREGADO,24-029-HFEB,4700003663,FIORELLA,CARTA GRAFICA,E & E,PUNNET CELULOSA EC 2843 Base,-,A-0873,"146,160.00",UN,EUR,"15,853.98","17,439.37",0,EXW,SEA,FCL,PAISES BAJOS,ROTTERDAM,CALLAO,1,40 HC,232,NA,20/11/2024,20/11/2024,AIRSEALOG,HAPAG,S00047414,HLXU8156687,,1/12/2024,48,SBNL00221886,CZECH 4248S,4/1/2025,1,NO,NA,IMUPESA,PASOC,134143,26/12/2024,2/1/2025,118-2025-10-001745-01-4-00,5/1/2025,6/1/2025,,NA,NA,,,15/1/2025,,RANSA,16/1/2025,3,OLMOS,16/1/2025,3,,,,NA,4700003663,,
2024-2025,ENTREGADO,24-029-HFEB,4700003641-2,FIORELLA,CARTA GRAFICA,E & E,PUNNET CELULOSA EC 2843 Base,-,A-0873,"146,160.00",UN,EUR,"15,853.98","17,439.37",0,EXW,SEA,FCL,PAISES BAJOS,ROTTERDAM,CALLAO,-,NA,232,NA,20/11/2024,20/11/2024,AIRSEALOG,HAPAG,S00047414,HLXU8156687,,1/12/2024,48,SBNL00221886,CZECH 4248S,4/1/2025,1,NO,NA,IMUPESA,PASOC,134143,26/12/2024,2/1/2025,118-2025-10-001745-01-4-00,5/1/2025,6/1/2025,,NA,NA,,,15/1/2025,,RANSA,16/1/2025,3,OLMOS,16/1/2025,3,,,,NA,4700003641-2,,
2024-2025,ENTREGADO,24-029-HFEB,4700003641-2,FIORELLA,CARTA GRAFICA,E & E,PUNNET CELULOSA EC 2843 Base,SAMPLE,A-0897,"9,450.00",UN,EUR,9.45,10.40,0,EXW,SEA,FCL,PAISES BAJOS,ROTTERDAM,CALLAO,-,NA,15,NA,20/11/2024,20/11/2024,AIRSEALOG,HAPAG,S00047414,HLXU8156687,,1/12/2024,48,SBNL00221886,CZECH 4248S,4/1/2025,1,NO,NA,IMUPESA,PASOC,134143,26/12/2024,2/1/2025,118-2025-10-001745-01-4-00,5/1/2025,6/1/2025,,NA,NA,,,15/1/2025,,RANSA,16/1/2025,3,OLMOS,16/1/2025,3,,,,NA,4700003641-2,,
2024-2025,LIQUIDADO,24-230-HPER,4700003592-2,GONZALO,AVIBIOL,SUSTRATOS,FIBRA DE COCO,M&S,F001-00002455,"23,600.00",KG,USD,"14,430.17","14,430.17",0,CIF,SEA,FCL,ESPAÑA,VALENCIA,CALLAO,1,40 HC,24,28/10/2024,NA,NA,DIRECTO,CMA CGM,IBC1261847,TEMU6954547,,19/11/2024,47,BGA0444614,CZECH 0WCJTS1MA,4/1/2025,1,NO,NA,UNIMAR,AVM,25/000017,4/12/2024,19/12/2024,118-2024-10-003987-01-5-00,13/1/2025,,,13/1/2025,13/1/2025,22/1/2025,AVM,21/1/2025,,GUZMAN,21/1/2025,4,CHAO-ALMACEN,24/1/2025,4,30/1/2025,EG03-00004442,EG07-00002089,completado. Faltó en CP bl[24-191-HPER/4700003592-2/TEMU6954547],4700003592-2,,
2024-2025,ENTREGADO,24-018-HFEB,4700003537,OMAR,PROMISOL,AGQ,CYTOFLOW AMIN,-,F/24437,"2,000.00",KG,EUR,"20,600.00","22,660.00",120,EXW,SEA,LCL,ESPAÑA,BARCELONA,CALLAO,NA,NA,2,NA,2/10/2024,3/10/2024,AIRSEALOG,CMA CGM,S00045596,TCNU7555515,7/10/2024,2/11/2024,44,EM1CL-1261867,CZECH 0WCJTS1MA,4/1/2025,1,NO,NA,VILLAS OQUENDO,AVM,24/001633,10/12/2024,30/12/2024,118-2024-10-523806-01-1-00,5/1/2025,,,NA,NA,,,11/1/2025,,AVM,13/1/2025,3,OLMOS,13/1/2025,3,,,,NA,4700003537,,
2024-2025,ENTREGADO,24-018-HFEB,4700003537,OMAR,PROMISOL,AGQ,CYTOLAN,-,F/24437,"2,000.00",KG,EUR,"21,700.00","23,870.00",120,EXW,SEA,LCL,ESPAÑA,BARCELONA,CALLAO,NA,NA,3,NA,2/10/2024,3/10/2024,AIRSEALOG,CMA CGM,S00045596,TCNU7555515,7/10/2024,2/11/2024,44,EM1CL-1261867,CZECH 0WCJTS1MA,4/1/2025,1,NO,NA,VILLAS OQUENDO,AVM,24/001633,10/12/2024,30/12/2024,118-2024-10-523806-01-1-00,5/1/2025,,,NA,NA,,,11/1/2025,,AVM,13/1/2025,3,OLMOS,13/1/2025,3,,,,NA,4700003537,,
2024-2025,LIQUIDADO,24-169-HPER,4700003566-5,GONZALO,DIDIHU,E & E,MACETA PLASTICA 27 L,M&S,72EA6BB7-BBE9-4559-A7F9-02B94B624CDF,"30,180.00",UN,USD,"52,145.00","52,145.00",0,CIF,SEA,FCL,MEXICO,MANZANILLO,CALLAO,1,40 HC,1040,13/12/2024,NA,NA,DIRECTO,COSCO,6404270460,TGBU9277120,,24/12/2024,52,IMKO24-12029,KOTA PEONY 004E,5/1/2025,1,NO,NA,DINET,PASOC,134827,17/12/2024,4/1/2025,118-2025-10-006453-01-1-00,6/1/2025,,,NA,NA,,NA,16/1/2025,NA,RANSA,18/1/2025,3,CHAO-ALMACEN,18/1/2025,3,5/2/2025,EG03-00001604,EG07-00001998,Carga completada.Faltó en cp bl[ 24-169-HPER/4700003566-5/TGBU9277120],4700003566-5,,
2024-2025,LIQUIDADO,24-169-HPER,4700003566-5,GONZALO,DIDIHU,E & E,MACETA PLASTICA 27 L,M&S,72EA6BB7-BBE9-4559-A7F9-02B94B624CDF,"30,180.00",UN,USD,"52,145.00","52,145.00",0,CIF,SEA,FCL,MEXICO,MANZANILLO,CALLAO,1,40 HC,1040,13/12/2024,NA,NA,DIRECTO,COSCO,6404270460,TXGU8025940,,24/12/2024,52,IMKO24-12029,KOTA PEONY 004E,5/1/2025,1,NO,NA,DINET,PASOC,134827,17/12/2024,4/1/2025,118-2025-10-006453-01-1-00,6/1/2025,,,NA,NA,,NA,24/1/2025,NA,RANSA,25/1/2025,4,CHAO-ALMACEN,25/1/2025,4,29/1/2025,EG03-00001641,EG07-00002117,Carga completada.Faltó en cp bl[ 24-169-HPER/4700003566-5/TXGU8025940],4700003566-5,,
2024-2025,ENTREGADO,24-037-HFEB,N/A,ZANDER,ARIES,E & E,BANDEJAS DE PLASTICO,SAMPLE,-,15.00,UN,EUR,1.00,1.10,,,AIR,AIR,ESPAÑA,,LIMA,NA,NA,1,NA,NA,NA,COURIER,UPS,1ZJ241750431751136,,,19/2/2025,8,1ZJ241750431751136,UPS COURIER,3/3/2025,10,NO,NA,NA,UPS,,,,,,,,NA,NA,,,,,NA,26/2/2025,9,OLMOS,26/2/2025,9,,,,,N/A,,
2024-2025,LIQUIDADO,24-168-HPER,4700003566-4,GONZALO,DIDIHU,E & E,MACETA PLASTICA 27 L,M&S,DD25C186-696F-4186-9AA5-F7E48CBD3482,"30,180.00",UN,USD,"52,145.00","52,145.00",0,CIF,SEA,FCL,MEXICO,MANZANILLO,CALLAO,1,40 HC,1040,3/12/2024,NA,NA,DIRECTO,COSCO,6403226830,OOLU9994191,,24/12/2024,52,IMKO24-12028,KOTA PEONY 004E,5/1/2025,1,NO,NA,DINET,PASOC,134824,17/12/2024,4/1/2025,118-2025-10-006340-01-2-00,6/1/2025,,,NA,NA,,NA,23/1/2025,T001-25585781,PASOC,24/1/2025,4,CHAO-ALMACEN,24/1/2025,4,29/1/2025,EG04-00006250,EG07-00002098,Carga completada.Faltó bl en CP[ 24-168-HPER/4700003566-4/OOLU9994191],4700003566-4,,
2024-2025,LIQUIDADO,24-172-HPER,4700003565-3,GONZALO,DEHUAN,E & E,MACETA PLASTICA 30 L,M&S,TLD24052DW-3,"23,870.00",UN,USD,"34,492.15","34,492.15",0,CIF,SEA,FCL,CHINA,NINGBO,CALLAO,1,40 HC,20,11/11/2024,NA,NA,DIRECTO,EVERGREEN,,TRHU6990609,,17/11/2024,46,EGLV143468861069,CMA CGM ALEXANDER VON HUMBOLDT 0MHOBE1MA,7/1/2025,2,NO,NA,IMUPESA,PASOC,135005,27/12/2024,6/1/2025,118-2025-10-007658-01-6-00,,,,NA,NA,,NA,27/1/2025,T001-25587154,RANSA,28/1/2025,5,CHAO-ALMACEN,28/1/2025,5,4/2/2025,EG03-00001645,EG07-00002433,"Carga completada.faltó bl,bk[24-172-HPER/4700003565-3/TRHU6990609]",4700003565-3,,
2024-2025,LIQUIDADO,24-172-HPER,4700003565-3,GONZALO,DEHUAN,E & E,MACETA PLASTICA 30 L,M&S,TLD24052DW-3,"23,870.00",UN,USD,"34,492.15","34,492.15",0,CIF,SEA,FCL,CHINA,NINGBO,CALLAO,1,40 HC,20,11/11/2024,NA,NA,DIRECTO,EVERGREEN,,EGSU9771469,,17/11/2024,46,EGLV143468861069,CMA CGM ALEXANDER VON HUMBOLDT 0MHOBE1MA,7/1/2025,2,NO,NA,IMUPESA,PASOC,135005,27/12/2024,6/1/2025,118-2025-10-007658-01-6-00,,,,NA,NA,,NA,27/1/2025,T001-25587152,RANSA,28/1/2025,5,CHAO-ALMACEN,28/1/2025,5,4/2/2025,EG03-00001643,EG07-00002434,"Carga completada.faltó bl,bk[24-172-HPER/4700003565-3/EGSU9771469]",4700003565-3,,
2024-2025,LIQUIDADO,24-172-HPER,4700003565-3,GONZALO,DEHUAN,E & E,MACETA PLASTICA 30 L,M&S,TLD24052DW-3,"23,474.00",UN,USD,"33,919.93","33,919.93",0,CIF,SEA,FCL,CHINA,NINGBO,CALLAO,1,40 HC,20,11/11/2024,NA,NA,DIRECTO,EVERGREEN,,TGBU8627646,,17/11/2024,46,EGLV143468861069,CMA CGM ALEXANDER VON HUMBOLDT 0MHOBE1MA,7/1/2025,2,NO,NA,IMUPESA,PASOC,135005,27/12/2024,6/1/2025,118-2025-10-007658-01-6-00,,,,NA,NA,,NA,27/1/2025,T001-25587153,RANSA,28/1/2025,5,CHAO-ALMACEN,28/1/2025,5,4/2/2025,EG03-00001644,EG07-00002435,"Carga completada.faltó bl,bk[24-172-HPER/4700003565-3/TGBU8627646]",4700003565-3,,
2024-2025,LIQUIDADO,24-175-HPER,4700003565-6,GONZALO,DEHUAN,E & E,MACETA PLASTICA 30 L,M&S,TLD24052DW-6,"23,870.00",UN,USD,"34,492.15","34,492.15",0,CIF,SEA,FCL,CHINA,NINGBO,CALLAO,1,40 HC,20,10/12/2024,NA,NA,DIRECTO,MSC,177FGEGEN40136A,FFAU5518989,,6/12/2024,49,MEDUR5497926,HUMBOLDT EXPRESS 2448E,7/1/2025,2,NO,NA,IMUPESA,PASOC,135000,25/12/2024,4/1/2025,118-2025-10-006485-01-0-00,,,,NA,NA,,NA,25/1/2025,T001-25587021,RANSA,26/1/2025,4,CHAO-ALMACEN,26/1/2025,4,29/1/2025,VT01-000016,EG07-00002148,Carga completada.Faltó en cp bl[24-175-HPER/4700003565-6/FFAU5518989 ],4700003565-6,,
2024-2025,LIQUIDADO,24-175-HPER,4700003565-6,GONZALO,DEHUAN,E & E,MACETA PLASTICA 30 L,M&S,TLD24052DW-6,"23,870.00",UN,USD,"34,492.15","34,492.15",0,CIF,SEA,FCL,CHINA,NINGBO,CALLAO,1,40 HC,20,10/12/2024,NA,NA,DIRECTO,MSC,177FGEGEN40136A,SEKU6795280,,6/12/2024,49,MEDUR5497926,HUMBOLDT EXPRESS 2448E,7/1/2025,2,NO,NA,IMUPESA,PASOC,135000,25/12/2024,4/1/2025,118-2025-10-006485-01-0-00,,,,NA,NA,,NA,25/1/2025,T001-25587027,RANSA,26/1/2025,4,CHAO-ALMACEN,26/1/2025,4,29/1/2025,VT01-000012,EG07-00002149,Carga completada.Faltó en cp bl[24-175-HPER/4700003565-6 /SEKU6795280],4700003565-6,,
2024-2025,LIQUIDADO,24-175-HPER,4700003565-6,GONZALO,DEHUAN,E & E,MACETA PLASTICA 30 L,M&S,TLD24052DW-6,"23,110.00",UN,USD,"33,393.95","33,393.95",0,CIF,SEA,FCL,CHINA,NINGBO,CALLAO,1,40 HC,20,10/12/2024,NA,NA,DIRECTO,MSC,177FGEGEN40136A,MSCU5371211,,6/12/2024,49,MEDUR5497926,HUMBOLDT EXPRESS 2448E,7/1/2025,2,NO,NA,IMUPESA,PASOC,135000,25/12/2024,4/1/2025,118-2025-10-006485-01-0-00,,,,NA,NA,,NA,25/1/2025,T001-25587024,RANSA,26/1/2025,4,CHAO-ALMACEN,26/1/2025,4,29/1/2025,VT01-000014,EG07-00002150,Carga completada.Faltó en cp bl[24-175-HPER/4700003565-6/MSCU5371211 ],4700003565-6,,
2024-2025,LIQUIDADO,24-175-HPER,4700003565-6,GONZALO,DEHUAN,E & E,MACETA PLASTICA 30 L,M&S,TLD24052DW-6,"21,098.00",UN,USD,"30,486.61","30,486.61",0,CIF,SEA,FCL,CHINA,NINGBO,CALLAO,1,40 HC,20,10/12/2024,NA,NA,DIRECTO,MSC,177FGEGEN40136A,MSMU6436256,,6/12/2024,49,MEDUR5497926,HUMBOLDT EXPRESS 2448E,7/1/2025,2,NO,NA,IMUPESA,PASOC,135000,25/12/2024,4/1/2025,118-2025-10-006485-01-0-00,,,,NA,NA,,NA,25/1/2025,T001-25587026,RANSA,26/1/2025,4,CHAO-ALMACEN,26/1/2025,4,29/1/2025,,EG07-00002151,Carga completada.Faltó en cp bl[24-175-HPER/4700003565-6/MSMU6436256 ],4700003565-6,,
2024-2025,LIQUIDADO,24-175-HPER,4700003565-6,GONZALO,DEHUAN,E & E,MACETA PLASTICA 30 L,M&S,TLD24052DW-6,"22,450.00",UN,USD,"32,440.25","32,440.25",0,CIF,SEA,FCL,CHINA,NINGBO,CALLAO,1,40 HC,20,10/12/2024,NA,NA,DIRECTO,MSC,177FGEGEN40136A,MSDU5074897,,6/12/2024,49,MEDUR5497926,HUMBOLDT EXPRESS 2448E,7/1/2025,2,NO,NA,IMUPESA,PASOC,135000,25/12/2024,4/1/2025,118-2025-10-006485-01-0-00,,,,NA,NA,,NA,25/1/2025,T001-25587025,RANSA,26/1/2025,4,CHAO-ALMACEN,26/1/2025,4,29/1/2025,VT01-000010,EG07-00002152,Carga completada.Faltó en cp bl[24-175-HPER/4700003565-6/MSDU5074897 ],4700003565-6,,
2024-2025,LIQUIDADO,24-190-HPER,4700003592-1,GONZALO,AVIBIOL,SUSTRATOS,FIBRA DE COCO,M&S,F001-00002454,"23,600.00",KG,USD,"14,430.17","14,430.17",0,CIF,SEA,FCL,ESPAÑA,VALENCIA,CALLAO,1,40 HC,24,28/10/2024,NA,NA,DIRECTO,CMA CGM,IBC1261847,TCNU8342371,,19/11/2024,47,IBC1261847A,MAGDALENA SCHULTE 0LIGAS1MA,10/1/2025,2,NO,NA,UNIMAR,AVM,24/001583,11/12/2024,30/12/2024,118-2024-10-523624-01-0-00,,,,15/1/2025,15/1/2025,28/1/2025,AVM,28/1/2025,T001-2833,GUZMAN,1/2/2025,5,CHAO-ALMACEN,1/2/2025,5,4/2/2025,EG03-00004511,EG07-00002233,Carga completada. Faltó bl en CP[24-190-HPER/4700003592-1/TCNU8342371],4700003592-1,,
2024-2025,LIQUIDADO,24-190-HPER,4700003592-1,GONZALO,AVIBIOL,SUSTRATOS,FIBRA DE COCO,M&S,F001-00002454,"23,600.00",KG,USD,"14,430.17","14,430.17",0,CIF,SEA,FCL,ESPAÑA,VALENCIA,CALLAO,1,40 HC,24,28/10/2024,NA,NA,DIRECTO,CMA CGM,IBC1261847,BMOU5357271,,19/11/2024,47,IBC1261847A,MAGDALENA SCHULTE 0LIGAS1MA,10/1/2025,2,NO,NA,UNIMAR,AVM,24/001583,11/12/2024,30/12/2024,118-2024-10-523624-01-0-00,,,,15/1/2025,15/1/2025,28/1/2025,NA,27/1/2025,NA,LIP,29/1/2025,5,CHAO-ALMACEN,29/1/2025,5,29/1/2025,EG03-00013054,EG07-00002173,Carga completada. Faltó bl en CP[24-190-HPER/4700003592-1/BMOU5357271],4700003592-1,,
2024-2025,LIQUIDADO,24-190-HPER,4700003592-1,GONZALO,AVIBIOL,SUSTRATOS,FIBRA DE COCO,M&S,F001-00002454,"23,600.00",KG,USD,"14,430.17","14,430.17",0,CIF,SEA,FCL,ESPAÑA,VALENCIA,CALLAO,1,40 HC,24,28/10/2024,NA,NA,DIRECTO,CMA CGM,IBC1261847,TRHU7880801,,19/11/2024,47,IBC1261847A,MAGDALENA SCHULTE 0LIGAS1MA,10/1/2025,2,NO,NA,UNIMAR,AVM,24/001583,11/12/2024,30/12/2024,118-2024-10-523624-01-0-00,,,,15/1/2025,15/1/2025,28/1/2025,NA,28/1/2025,NA,GUZMAN,4/2/2025,6,CHAO-ALMACEN,4/2/2025,6,4/2/2025,EG03-00004541,EG07-00002281,Carga completada. Faltó bl en CP[24-190-HPER/4700003592-1/TRHU7880801],4700003592-1,,
2024-2025,LIQUIDADO,24-190-HPER,4700003592-1,GONZALO,AVIBIOL,SUSTRATOS,FIBRA DE COCO,M&S,F001-00002454,"23,600.00",KG,USD,"14,430.17","14,430.17",0,CIF,SEA,FCL,ESPAÑA,VALENCIA,CALLAO,1,40 HC,24,28/10/2024,NA,NA,DIRECTO,CMA CGM,IBC1261847,BMOU6421879,,19/11/2024,47,IBC1261847A,MAGDALENA SCHULTE 0LIGAS1MA,10/1/2025,2,NO,NA,UNIMAR,AVM,24/001583,11/12/2024,30/12/2024,118-2024-10-523624-01-0-00,,,,15/1/2025,15/1/2025,28/1/2025,AVM,22/1/2025,T001-2820,GUZMAN,25/1/2025,4,CHAO-ALMACEN,25/1/2025,4,29/1/2025,EG03-00004454,EG07-00002122,Carga completada. Faltó bl en CP[24-190-HPER/4700003592-1/BMOU6421879],4700003592-1,,
2024-2025,LIQUIDADO,24-190-HPER,4700003592-1,GONZALO,AVIBIOL,SUSTRATOS,FIBRA DE COCO,M&S,F001-00002454,"23,600.00",KG,USD,"14,430.17","14,430.17",0,CIF,SEA,FCL,ESPAÑA,VALENCIA,CALLAO,1,40 HC,24,28/10/2024,NA,NA,DIRECTO,CMA CGM,IBC1261847,CMAU6006778,,19/11/2024,47,IBC1261847A,MAGDALENA SCHULTE 0LIGAS1MA,10/1/2025,2,NO,NA,UNIMAR,AVM,24/001583,11/12/2024,30/12/2024,118-2024-10-523624-01-0-00,,,,15/1/2025,15/1/2025,28/1/2025,AVM,22/1/2025,T001-2819,GUZMAN,25/1/2025,4,CHAO-ALMACEN,25/1/2025,4,29/1/2025,EG03-00004455,EG07-00002123,Carga completada. Faltó bl en CP[24-190-HPER/4700003592-1/CMAU6006778],4700003592-1,,
2024-2025,LIQUIDADO,24-231-HPER,4700003592-2,GONZALO,AVIBIOL,SUSTRATOS,FIBRA DE COCO,M&S,F001-00002455,"23,600.00",KG,USD,"14,430.17","14,430.17",0,CIF,SEA,FCL,ESPAÑA,VALENCIA,CALLAO,1,40 HC,24,28/10/2024,NA,NA,DIRECTO,CMA CGM,IBC1261847,CMAU8468857,,19/11/2024,47,BGA0447682,MAGDALENA SCHULTE 0LIGAS1MA,10/1/2025,2,NO,NA,UNIMAR,AVM,25/000053,4/12/2024,19/12/2024,118-2024-10-008836-01-5-00,13/1/2025,,,21/1/2025,21/1/2025,28/1/2025,AVM,28/1/2025,T001-2891,GUZMAN,7/2/2025,6,CHAO-ALMACEN,7/2/2025,6,13/2/2025,EG03-00004572,EG07-00002333,completado. Faltó en CP bl[24-191-HPER/4700003592-2/CMAU8468857],4700003592-2,,
2024-2025,LIQUIDADO,24-232-HPER,4700003592-3,GONZALO,AVIBIOL,SUSTRATOS,FIBRA DE COCO,M&S,F001-00002456,"23,600.00",KG,USD,"14,430.17","14,430.17",0,CIF,SEA,FCL,ESPAÑA,VALENCIA,CALLAO,1,40 HC,24,28/10/2024,NA,NA,DIRECTO,CMA CGM,IBC1261847,UETU7149370,,19/11/2024,47,BGA0444623,MAGDALENA SCHULTE 0LIGAS1MA,10/1/2025,2,NO,NA,UNIMAR,AVM,24/001648,4/12/2024,30/12/2024,118-2024-10-524113-01-1-00,13/1/2025,,,21/1/2025,21/1/2025,28/1/2025,AVM,28/1/2025,T001-2890,GUZMAN,28/1/2025,5,CHAO-ALMACEN,1/2/2025,5,4/2/2025,EG03-00004512,EG07-00002234,Carga completada.falto en cp BL[24-192-HPER/4700003592-3/UETU7149370],4700003592-3,,
2024-2025,LIQUIDADO,24-157-HPER,4700003682,GONZALO,RITEC,EQP & INST,APARATOS DE RIEGO,-,24/1029,10.00,UN,USD,"3,810.00","3,810.00",30,EXW,AIR,AIR,ESPAÑA,MADRID,LIMA,NA,NA,1,NA,17/12/2024,18/12/2024,AIRSEALOG,AIR EUROPA,996-12838453,NA,,10/1/2025,2,B24106201,AIR EUROPA,12/1/2025,2,SI,31/12/2024,SHOHIN,LIP,502,9/1/2025,10/1/2025,235-2025-10-003816-01-2-00,,,,NA,NA,,LIP,15/1/2025,T001-5060,GUZMAN,15/1/2025,3,CHAO-ALMACEN,17/1/2025,3,30/1/2025,EG03-00004382,EG07-00001974,NA,4700003682,,
2024-2025,LIQUIDADO,24-157-HPER,4700003713,GONZALO,RITEC,EQP & INST,APARATOS DE RIEGO,-,24/1029,"4,000.00",UN,USD,"6,480.00","6,480.00",30,EXW,AIR,AIR,ESPAÑA,MADRID,LIMA,NA,NA,2,NA,17/12/2024,18/12/2024,AIRSEALOG,AIR EUROPA,996-12838453,NA,,10/1/2025,2,B24106201,AIR EUROPA,12/1/2025,2,SI,31/12/2024,SHOHIN,LIP,502,9/1/2025,10/1/2025,235-2025-10-003816-01-2-00,,,,NA,NA,,LIP,15/1/2025,T001-5060,GUZMAN,15/1/2025,3,CHAO-ALMACEN,17/1/2025,3,30/1/2025,EG03-00004382,EG07-00001974,NA,4700003713,,
2024-2025,LIQUIDADO,24-157-HPER,4700003669,GONZALO,RITEC,EQP & INST,APARATOS DE RIEGO,-,24/1029,"6,958.00",UN,USD,"113,778.00","113,778.00",30,EXW,AIR,AIR,ESPAÑA,MADRID,LIMA,NA,NA,4,NA,17/12/2024,18/12/2024,AIRSEALOG,AIR EUROPA,996-12838453,NA,,10/1/2025,2,B24106201,AIR EUROPA,12/1/2025,2,SI,31/12/2024,SHOHIN,LIP,502,9/1/2025,10/1/2025,235-2025-10-003816-01-2-00,,,,NA,NA,,LIP,15/1/2025,T001-5060,GUZMAN,15/1/2025,3,CHAO-ALMACEN,18/1/2025,3,30/1/2025,EG03-00005636,EG07-00001974,NA,4700003669,,
2024-2025,ENTREGADO,24-028-HFEB,4700003641-1,FIORELLA,CARTA GRAFICA,E & E,PUNNET CELULOSA EC 2843 Base,-,A-0872,"221,760.00",UN,EUR,"24,054.31","26,459.74",0,EXW,AIR,AIR,PAISES BAJOS,AMSTERDAM,LIMA,NA,NA,22,NA,11/11/2024,11/11/2024,AIRSEALOG,IBERIA,125-13000595,NA,19/11/2024,21/11/2024,47,AE-006183,IBERIA,23/11/2024,47,NO,NA,SHOHIN,PASOC,129905,21/11/2024,22/11/2024,235-2024-10-184332-01-3-00,,,,NA,NA,,NA,30/11/2024,,RANSA,2/12/2024,49,OLMOS,2/12/2024,49,,,,NA,4700003641-1,,
2024-2025,LIQUIDADO,24-127-HPER,4700003500-1,FIORELLA,FASTIK,E & E,FILM PUNNET PET 18OZ 7X7,-,89838,"176,000.00",UN,USD,"12,453.76","12,453.76",0,EXW,AIR,AIR,USA,MIAMI,LIMA,NA,NA,1,NA,2/12/2024,3/12/2024,AIRSEALOG,NORTHERN,658-30824743,NA,,12/1/2025,2, 92EAMIA2582 ,NORTHERN AIR CARGO,12/1/2025,2,SI,9/1/2025,ALFOSAC,LIP,498,9/1/2025,9/1/2025,235-2025-10-003465-01-5-00,,,,NA,NA,NA,LIP,14/1/2025,T001-5039,GUZMAN,14/1/2025,3,CHAO-ALMACEN,18/1/2025,3,19/1/2025,EG03-00004383,EG07-00001973,,4700003500-1,,
2024-2025,LIQUIDADO,24-176-HPER,4700003565-7,GONZALO,DEHUAN,E & E,MACETA PLASTICA 30 L,M&S,TLD24052DW-7,"23,870.00",UN,USD,"34,492.15","34,492.15",0,CIF,SEA,FCL,CHINA,NINGBO,CALLAO,1,40 HC,20,5/12/2024,NA,NA,DIRECTO,MAERSK,,MRSU4887991,,13/12/2024,50,MAEU247066972,SALLY MAERSK 449E,13/1/2025,3,NO,NA,IMUPESA,PASOC,135785,8/1/2025,11/1/2025,118-2025-10-017382-01-3-00,,,,NA,NA,,,,T001-25587234,CITITRANS,29/1/2025,5,CHAO-ALMACEN,29/1/2025,5,4/2/2025,EG03-00005523,EG07-00002210,Carga completada. Faltó bk en cp[ 24-176-HPER/4700003565-7/MRSU4887991],4700003565-7,,
2024-2025,ENTREGADO,24-027-HFEB,4700003428,VICTOR,SMARTPACK,SPAREPARTS,RPTOS VARIOS PARA MAQUINA HEAT SEALER,-,229,9.00,UN,USD,"5,209.90","5,209.90",30,EXW,AIR,AIR,CHILE,SANTIAGO,LIMA,NA,NA,1,NA,8/11/2024,12/11/2024,AIRSEALOG,KOREAN,180-13784971,NA,19/11/2024,22/11/2024,47,PELIM24170E,KOREAN AIRLINES,22/11/2024,47,NO,NA,ALFOSAC,LIP,17228,20/11/2024,21/11/2024,235-2024-10-183583-01-2-00,,,,NA,NA,,,,,LIP,25/11/2024,48,OLMOS,25/11/2024,48,,,,NA,4700003428,,
2024-2025,LIQUIDADO,24-176-HPER,4700003565-7,GONZALO,DEHUAN,E & E,MACETA PLASTICA 30 L,M&S,TLD24052DW-7,"23,870.00",UN,USD,"34,492.15","34,492.15",0,CIF,SEA,FCL,CHINA,NINGBO,CALLAO,1,40 HC,20,5/12/2024,NA,NA,DIRECTO,MAERSK,,MRSU4509029,,13/12/2024,50,MAEU247066972,SALLY MAERSK 449E,13/1/2025,3,NO,NA,IMUPESA,PASOC,135785,8/1/2025,11/1/2025,118-2025-10-017382-01-3-00,,,,NA,NA,,,,T001-25587237,CITITRANS,30/1/2025,5,CHAO-ALMACEN,30/1/2025,5,4/2/2025,EG04-00000240,EG07-00002211,Carga completada. Faltó bk en cp[ 24-176-HPER/4700003565-7/MRSU4509029],4700003565-7,,
2024-2025,LIQUIDADO,24-176-HPER,4700003565-7,GONZALO,DEHUAN,E & E,MACETA PLASTICA 30 L,M&S,TLD24052DW-7,"23,254.00",UN,USD,"33,602.03","33,602.03",0,CIF,SEA,FCL,CHINA,NINGBO,CALLAO,1,40 HC,20,5/12/2024,NA,NA,DIRECTO,MAERSK,,MRSU3440062,,13/12/2024,50,MAEU247066972,SALLY MAERSK 449E,13/1/2025,3,NO,NA,IMUPESA,PASOC,135785,8/1/2025,11/1/2025,118-2025-10-017382-01-3-00,,,,NA,NA,,,,T001-25587365,PASOC,30/1/2025,5,CHAO-ALMACEN,30/1/2025,5,4/2/2025,EG04-00006385,EG07-00002219,Carga completada. Faltó bk en cp[ 24-176-HPER/4700003565-7/MRSU3440062],4700003565-7,,
2024-2025,LIQUIDADO,24-176-HPER,4700003565-7,GONZALO,DEHUAN,E & E,MACETA PLASTICA 30 L,M&S,TLD24052DW-7,"21,098.00",UN,USD,"30,486.61","30,486.61",0,CIF,SEA,FCL,CHINA,NINGBO,CALLAO,1,40 HC,20,5/12/2024,NA,NA,DIRECTO,MAERSK,,PONU7674052,,13/12/2024,50,MAEU247066972,SALLY MAERSK 449E,13/1/2025,3,NO,NA,IMUPESA,PASOC,135785,8/1/2025,11/1/2025,118-2025-10-017382-01-3-00,,,,NA,NA,,,,T001-25587572,PASOC,1/2/2025,5,CHAO-ALMACEN,1/2/2025,5,4/2/2025,EG04-00006414,EG07-00002251,Carga completada. Faltó bk en cp[ 24-176-HPER/4700003565-7/PONU7674052],4700003565-7,,
2024-2025,LIQUIDADO,24-109-HPER,4700003617,MELANIE,A&B,SPAREPARTS,RPTOS VARIOS PARA MAQUINA PESADORA DE ARANDANOS A&B,-,20796,1.00,UN,USD,240.00,240.00,0,EXW,AIR,AIR,USA,MIAMI,LIMA,NA,NA,1,NA,12/12/2024,12/12/2024,AIRSEALOG,NORTHERN,658-30816391,NA,,8/12/2024,49,89AMIA246352,NORTHERN AIR CARGO,8/12/2024,49,SI,27/11/2024,ALFOSAC,LIP,17647,28/11/2024,,235-2024-10-189152-01-3-00,,,,NA,NA,NA,LIP,9/12/2024,T001-4809,GUZMAN,10/12/2024,50,SALAVERRY,13/12/2024,50,14/12/2024,EG03-00002441,,NA,4700003617,,
2024-2025,LIQUIDADO,24-176-HPER,4700003565-7,GONZALO,DEHUAN,E & E,MACETA PLASTICA 30 L,M&S,TLD24052DW-7,"23,100.00",UN,USD,"33,379.50","33,379.50",0,CIF,SEA,FCL,CHINA,NINGBO,CALLAO,1,40 HC,20,5/12/2024,NA,NA,DIRECTO,MAERSK,,MSKU9668188,,13/12/2024,50,MAEU247066972,SALLY MAERSK 449E,13/1/2025,3,NO,NA,IMUPESA,PASOC,135785,8/1/2025,11/1/2025,118-2025-10-017382-01-3-00,,,,NA,NA,,,,T001-25587573,PASOC,31/1/2025,5,CHAO-ALMACEN,31/1/2025,5,4/2/2025,EG04-00006415,EG07-00002252,Carga completada. Faltó bk en cp[ 24-176-HPER/4700003565-7/MSKU9668188],4700003565-7,,
2024-2025,LIQUIDADO,24-109-HPER,4700003564,MELANIE,A&B,SPAREPARTS,RPTOS VARIOS PARA MAQUINA PESADORA DE ARANDANOS A&B,-,20779,12.00,UN,USD,"5,385.76","5,385.76",0,EXW,AIR,AIR,USA,MIAMI,LIMA,NA,NA,1,NA,12/12/2024,12/12/2024,AIRSEALOG,NORTHERN,658-30816391,NA,,8/12/2024,49,89AMIA246352,NORTHERN AIR CARGO,8/12/2024,49,SI,27/11/2024,ALFOSAC,LIP,17647,28/11/2024,,235-2024-10-189152-01-3-00,,,,NA,NA,NA,LIP,9/12/2024,T001-4809,GUZMAN,10/12/2024,50,SALAVERRY,13/12/2024,50,14/12/2024,EG03-00002441,,NA,4700003564,,
2024-2025,LIQUIDADO,24-109-HPER,4700003569,MELANIE,A&B,SPAREPARTS,RPTOS VARIOS PARA MAQUINA PESADORA DE ARANDANOS A&B,-,20787,14.00,UN,USD,769.51,769.51,0,EXW,AIR,AIR,USA,MIAMI,LIMA,NA,NA,1,NA,12/12/2024,12/12/2024,AIRSEALOG,NORTHERN,658-30816391,NA,,8/12/2024,49,89AMIA246352,NORTHERN AIR CARGO,8/12/2024,49,SI,27/11/2024,ALFOSAC,LIP,17647,28/11/2024,,235-2024-10-189152-01-3-00,,,,NA,NA,NA,LIP,9/12/2024,T001-4809,GUZMAN,10/12/2024,50,SALAVERRY,13/12/2024,50,14/12/2024,EG03-00002441,,NA,4700003569,,
2024-2025,LIQUIDADO,24-109-HPER,4700003612,MELANIE,A&B,SPAREPARTS,RPTOS VARIOS PARA MAQUINA PESADORA DE ARANDANOS A&B,-,20794,974.00,UN,USD,"24,642.57","24,642.57",0,EXW,AIR,AIR,USA,MIAMI,LIMA,NA,NA,1,NA,12/12/2024,12/12/2024,AIRSEALOG,NORTHERN,658-30816391,NA,,8/12/2024,49,89AMIA246352,NORTHERN AIR CARGO,8/12/2024,49,SI,27/11/2024,ALFOSAC,LIP,17647,28/11/2024,,235-2024-10-189152-01-3-00,,,,NA,NA,NA,LIP,9/12/2024,T001-4809,GUZMAN,10/12/2024,50,CHAO-ALMACEN,13/12/2024,50,14/12/2024,EG03-00002442,EG07-00001549,NA,4700003612,,
2024-2025,LIQUIDADO,24-109-HPER,4700003559,GONZALO,A&B,SPAREPARTS,RPTOS VARIOS PARA MAQUINA PESADORA DE ARANDANOS A&B,-,20780,12.00,UN,USD,"4,710.03","4,710.03",0,EXW,AIR,AIR,USA,MIAMI,LIMA,NA,NA,1,NA,12/12/2024,12/12/2024,AIRSEALOG,NORTHERN,658-30816391,NA,,8/12/2024,49,89AMIA246352,NORTHERN AIR CARGO,8/12/2024,49,SI,27/11/2024,ALFOSAC,LIP,17647,28/11/2024,,235-2024-10-189152-01-3-00,,,,NA,NA,NA,LIP,9/12/2024,T001-4809,GUZMAN,10/12/2024,50,CHAO-ALMACEN,13/12/2024,50,14/12/2024,EG03-00002442,EG07-00001549,NA,4700003559,,
2024-2025,LIQUIDADO,24-223-HPER,4700003563-2,OMAR,PROMISOL,AGQ,CYTOFLOW AMIN,-,F/24477,"4,000.00",KG,EUR,"41,200.00","45,320.00",90,EXW,SEA,LCL,ESPAÑA,BARCELONA,CALLAO,NA,NA,4,2/12/2024,18/11/2024,18/11/2024,AIRSEALOG,CMA CGM,S00047269,CMAU5798053,22/11/2024,2/12/2024,49,BCN/CAL/07576,SANTOS EXPRESS 0WCJXS1MA,18/1/2025,3,SI,2/12/2024,DPW,AVM,25/000088,26/12/2024,15/1/2025,118-2025-10-021676-01-8-00,19/1/2025,19/1/2025,18/1/2025,NA,NA,NA,AVM,22/1/2025,T001-2855,GUZMAN,23/1/2025,4,CHAO-ALMACEN,5/2/2025,6,11/3/2025,EG03-00004553,EG07-00002296,"Carga completada. Falto en cp bl,bk[24-223-HPER/ 4700003563-2/CMAU5798053]",4700003563-2,,
2024-2025,LIQUIDADO,24-223-HPER,4700003563-2,OMAR,PROMISOL,AGQ,CYTOLAN,-,F/24477,"2,600.00",KG,EUR,"28,210.00","31,031.00",90,EXW,SEA,LCL,ESPAÑA,BARCELONA,CALLAO,NA,NA,4,2/12/2024,18/11/2024,18/11/2024,AIRSEALOG,CMA CGM,S00047269,CMAU5798053,22/11/2024,2/12/2024,49,BCN/CAL/07576,SANTOS EXPRESS 0WCJXS1MA,18/1/2025,3,SI,2/12/2024,DPW,AVM,25/000088,26/12/2024,15/1/2025,118-2025-10-021676-01-8-00,19/1/2025,19/1/2025,18/1/2025,NA,NA,NA,AVM,22/1/2025,T001-2855,GUZMAN,23/1/2025,4,CHAO-ALMACEN,5/2/2025,6,11/3/2025,EG03-00004553,EG07-00002296,"Carga completada. Falto en cp bl,bk[[24-223-HPER/ 4700003563-2/CMAU5798053]",4700003563-2,,
2024-2025,LIQUIDADO,24-221-HPER,4700003679-6,GONZALO,AVIBIOL,SUSTRATOS,FIBRA DE COCO,M&S,F001-00002516,"23,600.00",KG,USD,"14,799.05","14,799.05",0,CIF,SEA,FCL,ESPAÑA,VALENCIA,CALLAO,1,40 HC,24,19/12/2024,NA,NA,DIRECTO,CMA CGM,IBC1283282,CMAU3737742,,6/12/2024,49,IBC1283282A,SANTOS EXPRESS 0WCJXS1MA,18/1/2025,3,NO,NA,UNIMAR,AVM,25/000087,26/12/2024,16/1/2025,118-2025-10-023080-01-5-00,19/1/2025,,,21/1/2025,21/1/2025,5/1/2025,NA,28/1/2025,NA,LIP,29/1/2025,5,CHAO-ALMACEN,29/1/2025,5,4/2/2025,EG03-00013099,EG07-00002196,Carga completada.[4700003679-6/24-221-HPER/CMAU3737742 ],4700003679-6,,
2024-2025,LIQUIDADO,24-226-HPER,4700003280,HUB,HF GENETICS,PLANTAS,PLANTAS DE FRAMBUESA,-,7020000452,"1,000.00",UN,USD,"1,811.00","1,811.00",30,CPT,AIR,AIR,CHILE,SANTIAGO,LIMA,NA,NA,1,NA,NA,NA,DIRECTO,SKY,605-00534354,NA,,24/11/2024,47,605-00534354,SKY AIRLINES,24/11/2024,47,SI,25/11/2024,TALMA,AVM,24/001541,25/11/2024,25/11/2024,235-2024-10-186029,24/11/2024,24/11/2024,,27/11/2024,27/11/2024,NA,NA,28/1/2025,T001-2384,AVM,28/11/2024,48,CHAO - VIVEROS,28/11/2024,48,6/12/2024,NA,NA,,4700003280,,
2024-2025,LIQUIDADO,24-221-HPER,4700003679-6,GONZALO,AVIBIOL,SUSTRATOS,FIBRA DE COCO,M&S,F001-00002516,"23,600.00",KG,USD,"14,799.05","14,799.05",0,CIF,SEA,FCL,ESPAÑA,VALENCIA,CALLAO,1,40 HC,24,19/12/2024,NA,NA,DIRECTO,CMA CGM,IBC1283282,CMAU7914147,,6/12/2024,49,IBC1283282A,SANTOS EXPRESS 0WCJXS1MA,18/1/2025,3,NO,NA,UNIMAR,AVM,25/000087,26/12/2024,16/1/2025,118-2025-10-023080-01-5-00,19/1/2025,,,21/1/2025,21/1/2025,5/1/2025,NA,28/1/2025,NA,LIP,29/1/2025,5,CHAO-ALMACEN,29/1/2025,5,4/2/2025,EG03-00013101,EG07-00002198,carga completada[4700003679-6/24-221-HPER/ CMAU7914147],4700003679-6,,
2024-2025,LIQUIDADO,24-221-HPER,4700003679-6,GONZALO,AVIBIOL,SUSTRATOS,FIBRA DE COCO,M&S,F001-00002516,"23,600.00",KG,USD,"14,799.05","14,799.05",0,CIF,SEA,FCL,ESPAÑA,VALENCIA,CALLAO,1,40 HC,24,19/12/2024,NA,NA,DIRECTO,CMA CGM,IBC1283282,TGCU5430003,,6/12/2024,49,IBC1283282A,SANTOS EXPRESS 0WCJXS1MA,18/1/2025,3,NO,NA,UNIMAR,AVM,25/000087,26/12/2024,16/1/2025,118-2025-10-023080-01-5-00,19/1/2025,,,21/1/2025,21/1/2025,5/1/2025,NA,28/1/2025,NA,LIP,29/1/2025,5,CHAO-ALMACEN,29/1/2025,5,4/2/2025,EG03-00013100,EG07-00002197,carga completada[4700003679-6/24-221-HPER/TGCU5430003 ],4700003679-6,,
2024-2025,LIQUIDADO,24-159-HPER,4700002841-8,FIORELLA,JCK,E & E,PUNNET PET 18OZ 7X7 CESTA,-,1054,"244,776.00",UN,USD,"23,498.50","23,498.50",90,EXW,SEA,FCL,CHILE,SAN ANTONIO,CALLAO,1,40 HC,658,NA,19/12/2024,19/12/2024,AIRSEALOG,HAPAG,S00048548,HAMU2086158,,18/1/2025,3,ASLCLS00048548,MALIAKOS 501W,23/1/2025,4,SI,20/1/2025,IMUPESA,PASOC,136882,20/1/2025,22/1/2025,118-2025-10-032490-01-8-00,,,,NA,NA,,PASOC,5/2/2025,T001-25588069,LIP,5/2/2025,6,SALAVERRY,11/2/2025,7,12/2/2025,EG03-00013717,EG07-00002376,,4700002841-8,,
2024-2025,LIQUIDADO,24-159-HPER,4700002841-8,FIORELLA,JCK,E & E,PUNNET PET 18OZ 7X7 CESTA,-,1054,"244,776.00",UN,USD,"23,498.50","23,498.50",90,EXW,SEA,FCL,CHILE,SAN ANTONIO,CALLAO,1,40 HC,658,NA,19/12/2024,19/12/2024,AIRSEALOG,HAPAG,S00048548,HAMU2509115,,18/1/2025,3,ASLCLS00048548,MALIAKOS 501W,23/1/2025,4,SI,20/1/2025,IMUPESA,PASOC,136882,20/1/2025,22/1/2025,118-2025-10-032490-01-8-00,,,,NA,NA,,PASOC,5/2/2025,T001-25588070,LIP,5/2/2025,6,SALAVERRY,11/2/2025,7,12/2/2025,EG03-00013716,EG07-00002375,,4700002841-8,,
2024-2025,ENTREGADO,24-031-HFEB,4700003603-1,OMAR,BIOCONSUL,AGQ,ORGANCAB K (ABONO ORGANICO),-,BE037/24,"10,000.00",LT,EUR,"7,500.00","8,250.00",60,EXW,SEA,LCL,ESPAÑA,VALENCIA,CALLAO,NA,NA,10,NA,19/11/2024,20/11/2024,FORBIS,MSC,,MSMU7806313,25/11/2024,2/12/2024,49,FB240103980/0111,MSC IVA FA451R,28/1/2025,5,NO,NA,ALFOSAC,AVM,25/000036,2/1/2025,27/1/2025,118-2025-10-039032-01-5-00,,,,NA,NA,,NA,5/2/2025,,AVM,7/2/2025,6,OLMOS,7/2/2025,6,,,,NA,4700003603-1,,
2024-2025,LIQUIDADO,24-216-HPER,4700003679-1,GONZALO,AVIBIOL,SUSTRATOS,FIBRA DE COCO,M&S,F001-00002486,"23,870.00",KG,USD,"14,799.05","14,799.05",0,CIF,SEA,FCL,ESPAÑA,VALENCIA,CALLAO,1,40 HC,24,27/11/2024,NA,NA,DIRECTO,MSC,EBKG10858377,FFAU3917146,,2/12/2024,49,MEDUVS185654,MSC IVA FA451R,28/1/2025,5,NO,NA,MEDLOG,AVM,25/000024,30/12/2024,27/1/2025,118-2025-10-039864-01-10-01,,,,3/2/2025,3/2/2025,11/2/2025,AVM,8/2/2025,T001-2945,GUZMAN,8/2/2025,6,CHAO-ALMACEN,11/2/2025,7,13/2/2025,EG03-00004597,EG07-00002369,"Carga completada. faltó en CP déposito, factura[24-216-HPER/4700003679-1/FFAU3917146 ]",4700003679-1,,
2024-2025,LIQUIDADO,24-216-HPER,4700003679-1,GONZALO,AVIBIOL,SUSTRATOS,FIBRA DE COCO,M&S,F001-00002486,"23,870.00",KG,USD,"14,799.05","14,799.05",0,CIF,SEA,FCL,ESPAÑA,VALENCIA,CALLAO,1,40 HC,24,27/11/2024,NA,NA,DIRECTO,MSC,EBKG10858377,FFAU2562231,,2/12/2024,49,MEDUVS185654,MSC IVA FA451R,28/1/2025,5,NO,NA,MEDLOG,AVM,25/000024,30/12/2024,27/1/2025,118-2025-10-039864-01-10-01,,,,3/2/2025,3/2/2025,11/2/2025,AVM,8/2/2025,T001-2944,GUZMAN,8/2/2025,6,CHAO-ALMACEN,11/2/2025,7,13/2/2025,EG03-00004596,EG07-00002368,"Carga completada. faltó en CP déposito, factura[24-216-HPER/4700003679-1/ FFAU2562231]",4700003679-1,,
2024-2025,LIQUIDADO,24-216-HPER,4700003679-1,GONZALO,AVIBIOL,SUSTRATOS,FIBRA DE COCO,M&S,F001-00002486,"23,600.00",KG,USD,"14,799.05","14,799.05",0,CIF,SEA,FCL,ESPAÑA,VALENCIA,CALLAO,1,40 HC,24,27/11/2024,NA,NA,DIRECTO,MSC,EBKG10858377,MSMU8011986,,2/12/2024,49,MEDUVS185654,MSC IVA FA451R,28/1/2025,5,NO,NA,MEDLOG,AVM,25/000024,30/12/2024,27/1/2025,118-2025-10-039864-01-10-01,,,,3/2/2025,3/2/2025,11/2/2025,AVM,8/2/2025,T001-2946,GUZMAN,8/2/2025,6,CHAO-ALMACEN,11/2/2025,7,13/2/2025,EG03-00004594,EG07-00002371,"Carga completada. faltó en CP déposito, factura[24-216-HPER/4700003679-1/MSMU8011986 ]",4700003679-1,,
2024-2025,LIQUIDADO,24-225-HPER,4700003560,GONZALO,PROJAR,SUSTRATOS,FIBRA DE COCO,-,FE24-01106,24.00,BOL,EUR,"12,672.00","13,939.20",60,CIF,SEA,FCL,ESPAÑA,ALMERIA,CALLAO,1,40 HC,24,20/11/2024,NA,NA,DIRECTO,MSC,EBKG10819686,MEDU8920800,,27/11/2024,48,MEDUVS168445,MSC IVA FA451R,28/1/2025,5,NO,NA,MEDLOG,AVM,25/0000072,30/12/2024,27/1/2025,118-2025-10-039411-01-6-01,,,,PENDIENTE,PENDIENTE,,NA,13/2/2025,NA,LIP,15/2/2025,7,CHAO-ALMACEN,15/2/2025,7,17/2/2025,EG03-00013861,EG07-00002439,,4700003560,,
2024-2025,LIQUIDADO,24-225-HPER,4700003560,GONZALO,PROJAR,SUSTRATOS,FIBRA DE COCO,-,FE24-01106,17.00,BOL,EUR,"8,292.65","9,121.92",60,CIF,SEA,FCL,ESPAÑA,ALMERIA,CALLAO,1,40 HC,17,20/11/2024,NA,NA,DIRECTO,MSC,EBKG10819686,DFSU6226869,,27/11/2024,48,MEDUVS168445,MSC IVA FA451R,28/1/2025,5,NO,NA,MEDLOG,AVM,25/0000072,30/12/2024,27/1/2025,118-2025-10-039411-01-6-01,,,,PENDIENTE,PENDIENTE,,NA,13/2/2025,NA,LIP,15/2/2025,7,CHAO-ALMACEN,15/2/2025,7,17/2/2025,EG03-00000216,EG07-00002442,,4700003560,,
2024-2025,LIQUIDADO,24-225-HPER,4700003560,GONZALO,PROJAR,SUSTRATOS,TURBA,-,FE24-01106,7.00,BOL,EUR,"3,784.35","4,162.79",60,CIF,SEA,LCL,ESPAÑA,ALMERIA,CALLAO,1,40 HC,7,20/11/2024,NA,NA,DIRECTO,MSC,EBKG10819686,DFSU6226869,,27/11/2024,48,MEDUVS168445,MSC IVA FA451R,28/1/2025,5,NO,NA,MEDLOG,AVM,25/0000072,30/12/2024,27/1/2025,118-2025-10-039411-01-6-01,,,,PENDIENTE,PENDIENTE,,NA,13/2/2025,NA,LIP,15/2/2025,7,CHAO-ALMACEN,15/2/2025,7,17/2/2025,EG03-00000216,EG07-00002442,,4700003560,,
2024-2025,LIQUIDADO,24-216-HPER,4700003679-1,GONZALO,AVIBIOL,SUSTRATOS,FIBRA DE COCO,M&S,F001-00002486,"23,600.00",KG,USD,"14,799.05","14,799.05",0,CIF,SEA,FCL,ESPAÑA,VALENCIA,CALLAO,1,40 HC,24,27/11/2024,NA,NA,DIRECTO,MSC,EBKG10858377,MSMU7604312,,2/12/2024,49,MEDUVS185654,MSC IVA FA451R,28/1/2025,5,NO,NA,MEDLOG,AVM,25/000024,30/12/2024,27/1/2025,118-2025-10-039864-01-10-01,,,,3/2/2025,3/2/2025,11/2/2025,AVM,8/2/2025,T001-2943,GUZMAN,8/2/2025,6,CHAO-ALMACEN,11/2/2025,7,13/2/2025,EG03-00004595,EG07-00002370,"Carga completada. faltó en CP déposito, factura[24-216-HPER/4700003679-1/MSMU7604312 ]",4700003679-1,,
2024-2025,LIQUIDADO,24-167-HPER,4700003567,GONZALO,PROJAR,E & E,MACETAS 25L,M&S,FE24-01098,"17,856.00",UN,EUR,"23,212.80","25,534.08",60,CIF,SEA,FCL,ESPAÑA,MALAGA,CALLAO,1,40 HC,24,19/11/2024,NA,NA,DIRECTO,MSC,EBKG10786418,CAAU7347578,,18/11/2024,47,MEDUCD937800,MSC IVA FA451R,28/1/2025,5,NO,NA,IMUPESA,PASOC,135227,31/12/2024,28/1/2025,118-2025-10-040127-01-6-00,,,,NA,NA,,NA,7/2/2025,T001-25588341,PASOC,8/2/2025,6,CHAO-ALMACEN,8/2/2025,6,14/2/2025,EG04-00006555,EG07-00002536,"Carga completada. falto en cp bl,bk[24-167-HPER / 4700003567 / CAAU7347578]",4700003567,,
2024-2025,LIQUIDADO,24-167-HPER,4700003567,GONZALO,PROJAR,E & E,MACETAS 25L,M&S,FE24-01098,"17,856.00",UN,EUR,"23,212.80","25,534.08",60,CIF,SEA,FCL,ESPAÑA,MALAGA,CALLAO,1,40 HC,24,19/11/2024,NA,NA,DIRECTO,MSC,EBKG10786418,TIIU4464344,,18/11/2024,47,MEDUCD937800,MSC IVA FA451R,28/1/2025,5,NO,NA,IMUPESA,PASOC,135227,31/12/2024,28/1/2025,118-2025-10-040127-01-6-00,,,,NA,NA,,NA,7/2/2025,T001-25588342,PASOC,8/2/2025,6,CHAO-ALMACEN,8/2/2025,6,14/2/2025,EG03-00001522,EG07-00002537,"Carga completada. falto en cp bl,bk[24-167-HPER / 4700003567 / TIIU4464344]",4700003567,,
2024-2025,LIQUIDADO,24-217-HPER,4700003679-2,GONZALO,AVIBIOL,SUSTRATOS,FIBRA DE COCO,M&S,F001-00002487,"23,600.00",KG,USD,"14,799.05","14,799.05",0,CIF,SEA,FCL,ESPAÑA,VALENCIA,CALLAO,1,40 HC,24,27/11/2024,NA,NA,DIRECTO,MSC,EBKG10858377,TIIU4136387,,2/12/2024,49,MEDUVS185928,MSC IVA FA451R,28/1/2025,5,NO,NA,UNIMAR,AVM,25/000025,29/12/2024,27/1/2025,118-2025-10-039673-01-0-01,,,,3/2/2025,3/2/2025,11/2/2025,NA,6/2/2025,NA,LIP,7/2/2025,6,CHAO-ALMACEN,7/2/2025,6,13/2/2025,EG03-00013551,EG07-00002328,"Carga completada. Faltó en CP fac,bl[24-217-HPER/4700003679-2/TIIU4136387 ]",4700003679-2,,
2024-2025,LIQUIDADO,24-217-HPER,4700003679-2,GONZALO,AVIBIOL,SUSTRATOS,FIBRA DE COCO,M&S,F001-00002487,"23,600.00",KG,USD,"14,799.05","14,799.05",0,CIF,SEA,FCL,ESPAÑA,VALENCIA,CALLAO,1,40 HC,24,27/11/2024,NA,NA,DIRECTO,MSC,EBKG10858377,MSDU6781343,,2/12/2024,49,MEDUVS185928,MSC IVA FA451R,28/1/2025,5,NO,NA,UNIMAR,AVM,25/000025,29/12/2024,27/1/2025,118-2025-10-039673-01-0-01,,,,3/2/2025,3/2/2025,11/2/2025,NA,6/2/2025,NA,LIP,7/2/2025,6,CHAO-ALMACEN,7/2/2025,6,13/2/2025,EG03-00013548,EG07-00002325,"Carga completada. Faltó en CP fac,bl[24-217-HPER/4700003679-2/MSDU6781343]",4700003679-2,,
2024-2025,LIQUIDADO,24-217-HPER,4700003679-2,GONZALO,AVIBIOL,SUSTRATOS,FIBRA DE COCO,M&S,F001-00002487,"23,600.00",KG,USD,"14,799.05","14,799.05",0,CIF,SEA,FCL,ESPAÑA,VALENCIA,CALLAO,1,40 HC,24,27/11/2024,NA,NA,DIRECTO,MSC,EBKG10858377,MSMU8154987,,2/12/2024,49,MEDUVS185928,MSC IVA FA451R,28/1/2025,5,NO,NA,UNIMAR,AVM,25/000025,29/12/2024,27/1/2025,118-2025-10-039673-01-0-01,,,,3/2/2025,3/2/2025,11/2/2025,NA,6/2/2025,NA,LIP,7/2/2025,6,CHAO-ALMACEN,7/2/2025,6,13/2/2025,EG03-00013549,EG07-00002326,"Carga completada. Faltó en CP fac,bl[24-217-HPER/4700003679-2/MSMU8154987 ]",4700003679-2,,
2024-2025,LIQUIDADO,24-217-HPER,4700003679-2,GONZALO,AVIBIOL,SUSTRATOS,FIBRA DE COCO,M&S,F001-00002487,"23,600.00",KG,USD,"14,799.05","14,799.05",0,CIF,SEA,FCL,ESPAÑA,VALENCIA,CALLAO,1,40 HC,24,27/11/2024,NA,NA,DIRECTO,MSC,EBKG10858377,MSNU5070443,,2/12/2024,49,MEDUVS185928,MSC IVA FA451R,28/1/2025,5,NO,NA,UNIMAR,AVM,25/000025,29/12/2024,27/1/2025,118-2025-10-039673-01-0-01,,,,3/2/2025,3/2/2025,11/2/2025,NA,6/2/2025,NA,LIP,7/2/2025,6,CHAO-ALMACEN,7/2/2025,6,13/2/2025,EG03-00013550,EG07-00002327,"Carga completada. Faltó en CP fac,bl[24-217-HPER/4700003679-2/MSNU5070443 ]",4700003679-2,,
2024-2025,LIQUIDADO,24-218-HPER,4700003679-3,GONZALO,AVIBIOL,SUSTRATOS,FIBRA DE COCO,M&S,F001-00002485,"23,600.00",KG,USD,"14,799.05","14,799.05",0,CIF,SEA,FCL,ESPAÑA,VALENCIA,CALLAO,1,40 HC,24,27/11/2024,NA,NA,DIRECTO,MSC,EBKG10858377,MSMU5894418,,2/12/2024,49,MEDUVS186173,MSC IVA FA451R,28/1/2025,5,NO,NA,UNIMAR,AVM,25/000023,29/12/2024,27/1/2025,118-2025-10-039608-01-4-01,,,,3/2/2025,3/2/2025,11/2/2025,NA,6/2/2025,NA,LIP,7/2/2025,6,CHAO-ALMACEN,7/2/2025,6,13/2/2025,EG03-00000209,EG07-00002343,Carga completada.faltó fac en cp [24-218-HPER/4700003679-3/MSMU5894418 ],4700003679-3,,
2024-2025,LIQUIDADO,24-218-HPER,4700003679-3,GONZALO,AVIBIOL,SUSTRATOS,FIBRA DE COCO,M&S,F001-00002485,"23,600.00",KG,USD,"14,799.05","14,799.05",0,CIF,SEA,FCL,ESPAÑA,VALENCIA,CALLAO,1,40 HC,24,27/11/2024,NA,NA,DIRECTO,MSC,EBKG10858377,MSMU8599720,,2/12/2024,49,MEDUVS186173,MSC IVA FA451R,28/1/2025,5,NO,NA,UNIMAR,AVM,25/000023,29/12/2024,27/1/2025,118-2025-10-039608-01-4-01,,,,3/2/2025,3/2/2025,11/2/2025,NA,6/2/2025,NA,LIP,7/2/2025,6,CHAO-ALMACEN,7/2/2025,6,13/2/2025,EG03-00000727,EG07-00002344,Carga completada.faltó fac en cp [24-218-HPER/4700003679-3/MSMU8599720 ],4700003679-3,,
2024-2025,LIQUIDADO,24-218-HPER,4700003679-3,GONZALO,AVIBIOL,SUSTRATOS,FIBRA DE COCO,M&S,F001-00002485,"23,600.00",KG,USD,"14,799.05","14,799.05",0,CIF,SEA,FCL,ESPAÑA,VALENCIA,CALLAO,1,40 HC,24,27/11/2024,NA,NA,DIRECTO,MSC,EBKG10858377,MEDU7513970,,2/12/2024,49,MEDUVS186173,MSC IVA FA451R,28/1/2025,5,NO,NA,UNIMAR,AVM,25/000023,29/12/2024,27/1/2025,118-2025-10-039608-01-4-01,,,,3/2/2025,3/2/2025,11/2/2025,NA,6/2/2025,NA,LIP,7/2/2025,6,CHAO-ALMACEN,7/2/2025,6,13/2/2025,EG03-00001466,EG07-00002345,Carga completada.faltó fac en cp [24-218-HPER/4700003679-3/MEDU7513970 ],4700003679-3,,
2024-2025,LIQUIDADO,24-178-HPER,4700003565-9,GONZALO,DEHUAN,E & E,MACETA PLASTICA 30 L,M&S,TLD24052DW-9,"23,870.00",UN,USD,"34,492.15","34,492.15",0,CIF,SEA,FCL,CHINA,NINGBO,CALLAO,1,40 HC,20,16/12/2024,NA,NA,DIRECTO,EVERGREEN,143469696045,TIIU5446833,,26/12/2024,52,EGLV143469696045,EVER LIVEN 0710-074E,29/1/2025,5,NO,NA,IMUPESA,PASOC,137042,21/1/2025,28/1/2025,118-2025-10-041573-01-1-00,,,,NA,NA,19/2/2025,NA,13/2/2025,T001-25588878,PASOC,14/2/2025,7,CHAO-ALMACEN,14/2/2025,7,12/3/2025,EG04-00006650,EG07-00002445,,4700003565-9,,
2024-2025,LIQUIDADO,24-178-HPER,4700003565-9,GONZALO,DEHUAN,E & E,MACETA PLASTICA 30 L,M&S,TLD24052DW-9,"23,100.00",UN,USD,"33,379.50","33,379.50",0,CIF,SEA,FCL,CHINA,NINGBO,CALLAO,1,40 HC,20,16/12/2024,NA,NA,DIRECTO,EVERGREEN,143469696045,TIIU5437765,,26/12/2024,52,EGLV143469696045,EVER LIVEN 0710-074E,29/1/2025,5,NO,NA,IMUPESA,PASOC,137042,21/1/2025,28/1/2025,118-2025-10-041573-01-1-00,,,,NA,NA,19/2/2025,NA,13/2/2025,T001-25588879,PASOC,14/2/2025,7,CHAO-ALMACEN,14/2/2025,7,12/3/2025,EG04-00006653,EG07-00002443,,4700003565-9,,
2024-2025,LIQUIDADO,24-178-HPER,4700003565-9,GONZALO,DEHUAN,E & E,MACETA PLASTICA 30 L,M&S,TLD24052DW-9,"23,254.00",UN,USD,"33,602.03","33,602.03",0,CIF,SEA,FCL,CHINA,NINGBO,CALLAO,1,40 HC,20,16/12/2024,NA,NA,DIRECTO,EVERGREEN,143469696045,TIIU5436687,,26/12/2024,52,EGLV143469696045,EVER LIVEN 0710-074E,29/1/2025,5,NO,NA,IMUPESA,PASOC,137042,21/1/2025,28/1/2025,118-2025-10-041573-01-1-00,,,,NA,NA,19/2/2025,NA,13/2/2025,T001-25588877,PASOC,14/2/2025,7,CHAO-ALMACEN,14/2/2025,7,12/3/2025,EG04-00006649,EG07-00002446,,4700003565-9,,
2024-2025,LIQUIDADO,24-178-HPER,4700003565-9,GONZALO,DEHUAN,E & E,MACETA PLASTICA 30 L,M&S,TLD24052DW-9,"23,870.00",UN,USD,"34,492.15","34,492.15",0,CIF,SEA,FCL,CHINA,NINGBO,CALLAO,1,40 HC,20,16/12/2024,NA,NA,DIRECTO,EVERGREEN,143469696045,TGBU6302805,,26/12/2024,52,EGLV143469696045,EVER LIVEN 0710-074E,29/1/2025,5,NO,NA,IMUPESA,PASOC,137042,21/1/2025,28/1/2025,118-2025-10-041573-01-1-00,,,,NA,NA,19/2/2025,NA,13/2/2025,T001-25588875,PASOC,14/2/2025,7,CHAO-ALMACEN,14/2/2025,7,12/3/2025,EG04-00006651,EG07-00002444,,4700003565-9,,
2024-2025,LIQUIDADO,24-178-HPER,4700003565-9,GONZALO,DEHUAN,E & E,MACETA PLASTICA 30 L,M&S,TLD24052DW-9,"21,098.00",UN,USD,"30,486.61","30,486.61",0,CIF,SEA,FCL,CHINA,NINGBO,CALLAO,1,40 HC,20,16/12/2024,NA,NA,DIRECTO,EVERGREEN,143469696045,TIIU5439080,,26/12/2024,52,EGLV143469696045,EVER LIVEN 0710-074E,29/1/2025,5,NO,NA,IMUPESA,PASOC,137042,21/1/2025,28/1/2025,118-2025-10-041573-01-1-00,,,,NA,NA,19/2/2025,NA,13/2/2025,T001-25588876,PASOC,14/2/2025,7,CHAO-ALMACEN,14/2/2025,7,12/3/2025,EG04-00006647,EG07-00002447,,4700003565-9,,
2024-2025,LIQUIDADO,24-177-HPER,4700003565-8,GONZALO,DEHUAN,E & E,MACETA PLASTICA 30 L,M&S,TLD24052DW-8,"23,254.00",UN,USD,"33,602.03","33,602.03",0,CIF,SEA,FCL,CHINA,NINGBO,CALLAO,1,40 HC,20,10/12/2024,NA,NA,DIRECTO,MSC,177FGEGEN40263A,MSNU5001062,,13/12/2024,50,MEDUGS063121,MSC NAPOLI QM501R,30/1/2025,5,NO,NA,IMUPESA,PASOC,137039,21/1/2025,27/1/2025,118-2025-10-039353-01-6-00 ,,,,NA,NA,,NA,13/2/2025,T001-25588926,LIP,14/2/2025,7,CHAO-ALMACEN,14/2/2025,7,12/3/2025,EG03-00013839,,,4700003565-8,,
2024-2025,LIQUIDADO,24-177-HPER,4700003565-8,GONZALO,DEHUAN,E & E,MACETA PLASTICA 30 L,M&S,TLD24052DW-8,"23,254.00",UN,USD,"33,602.03","33,602.03",0,CIF,SEA,FCL,CHINA,NINGBO,CALLAO,1,40 HC,20,10/12/2024,NA,NA,DIRECTO,MSC,177FGEGEN40263A,MSMU8466748,,13/12/2024,50,MEDUGS063121,MSC NAPOLI QM501R,30/1/2025,5,NO,NA,IMUPESA,PASOC,137039,21/1/2025,27/1/2025,118-2025-10-039353-01-6-00 ,,,,NA,NA,,NA,13/2/2025,T001-25588925,LIP,14/2/2025,7,CHAO-ALMACEN,14/2/2025,7,12/3/2025,EG03-00000228,,,4700003565-8,,
2024-2025,LIQUIDADO,24-177-HPER,4700003565-8,GONZALO,DEHUAN,E & E,MACETA PLASTICA 30 L,M&S,TLD24052DW-8,"23,870.00",UN,USD,"34,492.15","34,492.15",0,CIF,SEA,FCL,CHINA,NINGBO,CALLAO,1,40 HC,20,10/12/2024,NA,NA,DIRECTO,MSC,177FGEGEN40263A,MEDU7811430,,13/12/2024,50,MEDUGS063121,MSC NAPOLI QM501R,30/1/2025,5,NO,NA,IMUPESA,PASOC,137039,21/1/2025,27/1/2025,118-2025-10-039353-01-6-00 ,,,,NA,NA,,NA,13/2/2025,T001-25588924,LIP,14/2/2025,7,CHAO-ALMACEN,14/2/2025,7,12/3/2025,EG03-00001485,,,4700003565-8,,
2024-2025,LIQUIDADO,24-177-HPER,4700003565-8,GONZALO,DEHUAN,E & E,MACETA PLASTICA 30 L,M&S,TLD24052DW-8,"23,870.00",UN,USD,"34,492.15","34,492.15",0,CIF,SEA,FCL,CHINA,NINGBO,CALLAO,1,40 HC,20,10/12/2024,NA,NA,DIRECTO,MSC,177FGEGEN40263A,TRHU7359434,,13/12/2024,50,MEDUGS063121,MSC NAPOLI QM501R,30/1/2025,5,NO,NA,IMUPESA,PASOC,137039,21/1/2025,27/1/2025,118-2025-10-039353-01-6-00 ,,,,NA,NA,,NA,13/2/2025,T001-25588986,LIP,14/2/2025,7,CHAO-ALMACEN,14/2/2025,7,12/3/2025,EG03-00013842,,,4700003565-8,,
2024-2025,LIQUIDADO,24-177-HPER,4700003565-8,GONZALO,DEHUAN,E & E,MACETA PLASTICA 30 L,M&S,TLD24052DW-8,"23,870.00",UN,USD,"34,492.15","34,492.15",0,CIF,SEA,FCL,CHINA,NINGBO,CALLAO,1,40 HC,20,10/12/2024,NA,NA,DIRECTO,MSC,177FGEGEN40263A,UETU5575550,,13/12/2024,50,MEDUGS063121,MSC NAPOLI QM501R,30/1/2025,5,NO,NA,IMUPESA,PASOC,137039,21/1/2025,27/1/2025,118-2025-10-039353-01-6-00 ,,,,NA,NA,,NA,13/2/2025,T001-25588928,LIP,14/2/2025,7,CHAO-ALMACEN,14/2/2025,7,12/3/2025,EG03-00013840,,,4700003565-8,,
2024-2025,LIQUIDADO,24-185-HPER,4700003566-7,GONZALO,DIDIHU,E & E,MACETA PLASTICA 27 L,M&S,C93ADE23-443D-4937-872F-11AE41AA83E2,"16,800.00",UN,USD,"29,027.04","29,027.04",0,CIF,SEA,LCL,MEXICO,MANZANILLO,CALLAO,NA,NA,12,15/1/2025,NA,NA,DIRECTO,COSCO,6406329500,FFAU3569251,,19/1/2025,3,IMKO25-01004,WAN HAI 623 018E,1/2/2025,5,NO,NA,ALFOSAC,PASOC,137021,16/1/2025,31/1/2025,118-2025-10-046887-01-2-00,,,,NA,NA,,NA,18/2/2025,T001-25589517,RANSA,19/2/2025,8,CHAO-ALMACEN,19/2/2025,8,27/2/2025,EG03-00001741,EG07-00002590,,4700003566-7,,
2024-2025,LIQUIDADO,24-184-HPER,4700003566-6,GONZALO,DIDIHU,E & E,MACETA PLASTICA 27 L,M&S,C6313C38-FCDA-42FF-BEBD-11271301CAEB,"30,180.00",UN,USD,"52,145.00","52,145.00",0,CIF,SEA,FCL,MEXICO,MANZANILLO,CALLAO,1,40 HC,1040,15/1/2025,NA,NA,DIRECTO,COSCO,6406329420, CSNU8621750,,19/1/2025,3,IMKO25-01003,WAN HAI 623 018E,1/2/2025,5,NO,NA,DINET,PASOC,136800,16/1/2025,12/2/2025,118-2025-10-047343-01-6-00,,,,NA,NA,,NA,14/2/2025,T001-25588832,PASOC,15/2/2025,7,CHAO-ALMACEN,15/2/2025,7,27/2/2025,EG04-00006671,EG07-00002449,,4700003566-6,,
2024-2025,LIQUIDADO,24-183-HPER,4700003640,FIORELLA,SIRANE,E & E,PADS ABSORBENTES,-,4793,"420,000.00",UN,USD,"2,730.00","2,730.00",0,EXW,SEA,LCL,MEXICO,MANZANILLO,CALLAO,NA,NA,1,NA,30/11/2024,2/12/2024,AIRSEALOG,YANG MING,S00047889,BEAU2615681,20/12/2024,19/1/2025,3,INTERZLOCLL864238,WAN HAI 623,1/2/2025,5,SI,21/1/2025,VILLAS OQUENDO,PASOC,137013,21/1/2025,12/2/2025,118-2025-10-047673-01-6-00,,,,NA,NA,,PASOC,14/2/2025,T001-25588987,GUZMAN,14/2/2025,7,CHAO-ALMACEN,20/2/2025,8,21/2/2025,EG03-00004885,EG07-00002578,NA,4700003640,,
2024-2025,LIQUIDADO,24-219-HPER,4700003679-4,GONZALO,AVIBIOL,SUSTRATOS,FIBRA DE COCO,M&S,F001-00002514,"23,600.00",KG,USD,"14,799.05","14,799.05",0,CIF,SEA,FCL,ESPAÑA,VALENCIA,CALLAO,1,40 HC,24,19/12/2024,NA,NA,DIRECTO,CMA CGM,IBC1283282,CMAU3824430,,6/12/2024,49,IBC1283282C,CMA CGM CARL ANTOINE 0WCJZS1MA,1/2/2025,5,NO,NA,UNIMAR,AVM,25/000086,26/12/2024,4/2/2025,118-2025-10-047146-01-6-00,,,,7/2/2025,7/2/2025,15/2/2025,NA,11/2/2025,NA,LIP,12/2/2025,7,CHAO-ALMACEN,12/2/2025,7,19/2/2025,EG03-00013736,EG07-00002381,carga completada[4700003679-4/24-219-HPER /CMAU3824430],4700003679-4,,
2024-2025,LIQUIDADO,24-219-HPER,4700003679-4,GONZALO,AVIBIOL,SUSTRATOS,FIBRA DE COCO,M&S,F001-00002514,"23,600.00",KG,USD,"14,799.05","14,799.05",0,CIF,SEA,FCL,ESPAÑA,VALENCIA,CALLAO,1,40 HC,24,19/12/2024,NA,NA,DIRECTO,CMA CGM,IBC1283282,SEGU6305222,,6/12/2024,49,IBC1283282C,CMA CGM CARL ANTOINE 0WCJZS1MA,1/2/2025,5,NO,NA,UNIMAR,AVM,25/000086,26/12/2024,4/2/2025,118-2025-10-047146-01-6-00,,,,7/2/2025,7/2/2025,15/2/2025,NA,11/2/2025,NA,LIP,12/2/2025,7,CHAO-ALMACEN,12/2/2025,7,19/2/2025,EG03-00003796,EG07-00002382,carga completada[4700003679-4/24-219-HPER /SEGU6305222],4700003679-4,,
2024-2025,LIQUIDADO,24-219-HPER,4700003679-4,GONZALO,AVIBIOL,SUSTRATOS,FIBRA DE COCO,M&S,F001-00002514,"23,600.00",KG,USD,"14,799.05","14,799.05",0,CIF,SEA,FCL,ESPAÑA,VALENCIA,CALLAO,1,40 HC,24,19/12/2024,NA,NA,DIRECTO,CMA CGM,IBC1283282,TCNU3621898,,6/12/2024,49,IBC1283282C,CMA CGM CARL ANTOINE 0WCJZS1MA,1/2/2025,5,NO,NA,UNIMAR,AVM,25/000086,26/12/2024,4/2/2025,118-2025-10-047146-01-6-00,,,,7/2/2025,7/2/2025,15/2/2025,NA,11/2/2025,NA,LIP,12/2/2025,7,CHAO-ALMACEN,12/2/2025,7,19/2/2025,EG03-00013735,EG07-00002383,carga completada[4700003679-4/24-219-HPER /TCNU3621898],4700003679-4,,
2024-2025,LIQUIDADO,24-219-HPER,4700003679-4,GONZALO,AVIBIOL,SUSTRATOS,FIBRA DE COCO,M&S,F001-00002514,"23,600.00",KG,USD,"14,799.05","14,799.05",0,CIF,SEA,FCL,ESPAÑA,VALENCIA,CALLAO,1,40 HC,24,19/12/2024,NA,NA,DIRECTO,CMA CGM,IBC1283282,TGCU5426852,,6/12/2024,49,IBC1283282C,CMA CGM CARL ANTOINE 0WCJZS1MA,1/2/2025,5,NO,NA,UNIMAR,AVM,25/000086,26/12/2024,4/2/2025,118-2025-10-047146-01-6-00,,,,7/2/2025,7/2/2025,15/2/2025,NA,11/2/2025,NA,LIP,12/2/2025,7,CHAO-ALMACEN,12/2/2025,7,19/2/2025,EG03-00003797,EG07-00002380,carga completada[4700003679-4/24-219-HPER /TGCU5426852],4700003679-4,,
2024-2025,LIQUIDADO,24-220-HPER,4700003679-5,GONZALO,AVIBIOL,SUSTRATOS,FIBRA DE COCO,M&S,F001-00002515,"23,600.00",KG,USD,"14,799.05","14,799.05",0,CIF,SEA,FCL,ESPAÑA,VALENCIA,CALLAO,1,40 HC,24,19/12/2024,NA,NA,DIRECTO,CMA CGM,IBC1283282,CMAU5489244,,6/12/2024,49,IBC1283282B,CMA CGM CARL ANTOINE 0WCJZS1MA,1/2/2025,5,NO,NA,UNIMAR,AVM,25/000085,26/12/2024,4/2/2025,118-2025-10-045023-01-4-00,,,,7/2/2025,7/2/2025,15/2/2025,NA,11/2/2025,NA,LIP,12/2/2025,7,CHAO-ALMACEN,12/2/2025,7,19/2/2025,EG03-00013738,EG07-00002384,carga completada[4700003679-5/24-220-HPER/CMAU5489244 ],4700003679-5,,
2024-2025,LIQUIDADO,24-220-HPER,4700003679-5,GONZALO,AVIBIOL,SUSTRATOS,FIBRA DE COCO,M&S,F001-00002515,"23,600.00",KG,USD,"14,799.05","14,799.05",0,CIF,SEA,FCL,ESPAÑA,VALENCIA,CALLAO,1,40 HC,24,19/12/2024,NA,NA,DIRECTO,CMA CGM,IBC1283282,CMAU9307815,,6/12/2024,49,IBC1283282B,CMA CGM CARL ANTOINE 0WCJZS1MA,1/2/2025,5,NO,NA,UNIMAR,AVM,25/000085,26/12/2024,4/2/2025,118-2025-10-045023-01-4-00,,,,7/2/2025,7/2/2025,15/2/2025,NA,11/2/2025,NA,LIP,12/2/2025,7,CHAO-ALMACEN,12/2/2025,7,19/2/2025,EG03-00013739,EG07-00002390,carga completada[4700003679-5/24-220-HPER/CMAU9307815 ],4700003679-5,,
2024-2025,LIQUIDADO,24-220-HPER,4700003679-5,GONZALO,AVIBIOL,SUSTRATOS,FIBRA DE COCO,M&S,F001-00002515,"23,600.00",KG,USD,"14,799.05","14,799.05",0,CIF,SEA,FCL,ESPAÑA,VALENCIA,CALLAO,1,40 HC,24,19/12/2024,NA,NA,DIRECTO,CMA CGM,IBC1283282,UETU7314920,,6/12/2024,49,IBC1283282B,CMA CGM CARL ANTOINE 0WCJZS1MA,1/2/2025,5,NO,NA,UNIMAR,AVM,25/000085,26/12/2024,4/2/2025,118-2025-10-045023-01-4-00,,,,7/2/2025,7/2/2025,15/2/2025,NA,11/2/2025,NA,LIP,12/2/2025,7,CHAO-ALMACEN,12/2/2025,7,19/2/2025,EG03-00001479,EG07-00002386,carga completada[4700003679-5/24-220-HPER/UETU7314920],4700003679-5,,
2024-2025,LIQUIDADO,24-220-HPER,4700003679-5,GONZALO,AVIBIOL,SUSTRATOS,FIBRA DE COCO,M&S,F001-00002515,"23,600.00",KG,USD,"14,799.05","14,799.05",0,CIF,SEA,FCL,ESPAÑA,VALENCIA,CALLAO,1,40 HC,24,19/12/2024,NA,NA,DIRECTO,CMA CGM,IBC1283282,TCNU6826417,,6/12/2024,49,IBC1283282B,CMA CGM CARL ANTOINE 0WCJZS1MA,1/2/2025,5,NO,NA,UNIMAR,AVM,25/000085,26/12/2024,4/2/2025,118-2025-10-045023-01-4-00,,,,7/2/2025,7/2/2025,15/2/2025,NA,11/2/2025,NA,LIP,12/2/2025,7,CHAO-ALMACEN,12/2/2025,7,19/2/2025,EG03-00013740,EG07-00002386,carga completada[4700003679-5/24-220-HPER/TCNU6826417 ],4700003679-5,,
2024-2025,LIQUIDADO,24-112-HPER,4700003561-2,OMAR,BIOCONSUL,AGQ,AMINOCAB A80,-,BE035/24,"1,700.00",KG,EUR,"15,164.00","16,680.40",60,EXW,SEA,LCL,ESPAÑA,VALENCIA,CALLAO,NA,NA,2,26/11/2024,14/10/2024,17/10/2024,AIRSEALOG,CMA CGM,S00046146,TGHU6251063,,2/12/2024,49,BCN/CAL/07569,CMA CGM CARL ANTOINE 0WCJZS1MA,3/2/2025,6,SI,2/12/2024,IMUPESA,AVM,25/000222,22/1/2025,,118-2025-10-042692-01-2-01,,,,NA,NA,,AVM,15/2/2025,T001-2952,GUZMAN,15/2/2025,7,CHAO-ALMACEN,20/2/2025,8,13/3/2025,EG03-00004884,EG07-00002577,"Carga completada. Faltó en CP FAC,BK,BL[24-112-HPER/4700003561-2/TGHU6251063]",4700003561-2,,
2024-2025,LIQUIDADO,24-112-HPER,4700003561-2,OMAR,BIOCONSUL,AGQ,ALGACAB 100,-,BE035/24,900.00,KG,EUR,"8,055.00","8,860.50",60,EXW,SEA,LCL,ESPAÑA,VALENCIA,CALLAO,NA,NA,2,26/11/2024,14/10/2024,17/10/2024,AIRSEALOG,CMA CGM,S00046146,TGHU6251063,,2/12/2024,49,BCN/CAL/07569,CMA CGM CARL ANTOINE 0WCJZS1MA,3/2/2025,6,SI,2/12/2024,IMUPESA,AVM,25/000222,22/1/2025,,118-2025-10-042692-01-2-01,,,,NA,NA,,AVM,15/2/2025,T001-2952,GUZMAN,15/2/2025,7,CHAO-ALMACEN,20/2/2025,8,13/3/2025,EG03-00004884,EG07-00002577,"Carga completada. Faltó en CP FAC,BK,BL[24-112-HPER/4700003561-2/TGHU6251063]",4700003561-2,,
2024-2025,LIQUIDADO,24-224-HPER,4700003563-3,OMAR,PROMISOL,AGQ,MUCIGEL,-,F/24485,"9,000.00",LT,EUR,"75,600.00","83,160.00",90,EXW,SEA,LCL,ESPAÑA,BARCELONA,CALLAO,NA,NA,9,22/1/2025,18/11/2024,18/11/2024,AIRSEALOG,CMA CGM,S00047272,TGBU5764394,28/11/2024,16/12/2024,51,BCN/CAL/07583,CMA CGM CARL ANTOINE 0WCJZS1MA,3/2/2025,6,SI,16/12/2024,DPW,AVM,25/000223,,29/1/2025,118-2025-10-042903-01-3-00,,,,NA,NA,,NA,12/2/2025,T001-2948,AVM,13/2/2025,7,CHAO-ALMACEN,13/2/2025,7,17/2/2025,EG03-00002880,,"Carga completada. Faltó bl,bk en cp [4700003563-3/24-224-HPER/TGBU5764394 ]",4700003563-3,,
2024-2025,ENTREGADO,24-030-HFEB,4700003574-2,OMAR,EDEN,AGQ,DISPER CHLOROPHYL,-,2024-1687,500.00,KG,EUR,"13,100.00","14,410.00",90,EXW,SEA,LCL,ESPAÑA,VALENCIA,CALLAO,NA,NA,1,NA,18/11/2024,18/11/2024,AIRSEALOG,CMA CGM,S00047267,TGBU5764394,3/12/2024,16/12/2024,51,BCN/CAL/07590,CMA CGM CARL ANTOINE 0WCJZS1MA,3/2/2025,6,NO,NA,IMUPESA,AVM,25/000233,22/1/2025,29/1/2025,118-2025-10-042537-01-7-00,,,,NA,NA,,,13/1/2025,,AVM,15/1/2025,3,OLMOS,15/1/2025,3,,,,NA,4700003574-2,,
2024-2025,LIQUIDADO,24-131-HPER,4700003575-2,GONZALO,VERITAS,SUSTRATOS,EASY PLANTER 15 L,M&S,INV-AR-202425/161B,"20,000.00",KG,USD,"11,902.00","11,902.00",0,CIF,SEA,FCL,SRI LANKA,COLOMBO,CALLAO,1,40 HC,20,26/11/2024,NA,NA,DIRECTO,WAN HAI,,WHSU5924071,,17/11/2024,46,062E003862,WAN HAI 721 E019,8/2/2025,6,NO,NA,NEW AGE,AVM,25/000226,23/1/2025,27/1/2025,118-2025-10-057773-01-3-00,,,,11/2/2025,12/2/2025,1/3/2025,NA,16/2/2025,NA,LIP,18/2/2025,8,CHAO-ALMACEN,18/2/2025,8,21/2/2025,EG03-00002210,EG07-00002477,carga completada[24-131-HPER/ 4700003575-2/WHSU5074229],4700003575-2,,
2024-2025,LIQUIDADO,24-131-HPER,4700003575-2,GONZALO,VERITAS,SUSTRATOS,EASY PLANTER 15 L,M&S,INV-AR-202425/161B,"20,000.00",KG,USD,"11,902.00","11,902.00",0,CIF,SEA,FCL,SRI LANKA,COLOMBO,CALLAO,1,40 HC,20,26/11/2024,NA,NA,DIRECTO,WAN HAI,,WHLU5735914,,17/11/2024,46,062E003862,WAN HAI 721 E019,8/2/2025,6,NO,NA,NEW AGE,AVM,25/000226,23/1/2025,27/1/2025,118-2025-10-057773-01-3-00,,,,11/2/2025,12/2/2025,1/3/2025,NA,16/2/2025,NA,LIP,18/2/2025,8,CHAO-ALMACEN,18/2/2025,8,21/2/2025,EG03-00000043,EG07-00002478,carga completada[24-131-HPER/ 4700003575-2/WHSU6027047],4700003575-2,,
2024-2025,LIQUIDADO,24-131-HPER,4700003575-2,GONZALO,VERITAS,SUSTRATOS,EASY PLANTER 15 L,M&S,INV-AR-202425/161B,"20,000.00",KG,USD,"11,902.00","11,902.00",0,CIF,SEA,FCL,SRI LANKA,COLOMBO,CALLAO,1,40 HC,20,26/11/2024,NA,NA,DIRECTO,WAN HAI,,WHSU5503426,,17/11/2024,46,062E003862,WAN HAI 721 E019,8/2/2025,6,NO,NA,NEW AGE,AVM,25/000226,23/1/2025,27/1/2025,118-2025-10-057773-01-3-00,,,,11/2/2025,12/2/2025,1/3/2025,NA,18/2/2025,NA,LIP,19/2/2025,8,CHAO-ALMACEN,19/2/2025,8,21/2/2025,EG03-00014084,EG07-00002559,carga completada[24-131-HPER/ 4700003575-2/WHSU5715359],4700003575-2,,
2024-2025,LIQUIDADO,24-180-HPER,4700003565-11,GONZALO,DEHUAN,E & E,MACETA PLASTICA 30 L,M&S,TLD24052DW-11,"23,100.00",UN,USD,"33,379.50","33,379.50",0,CIF,SEA,FCL,CHINA,NINGBO,CALLAO,1,40 HC,20,23/12/2024,NA,NA,DIRECTO,ONE,NB4JJM029800,FFAU6555082,,31/12/2024,1,ONEYNB4JJM029800,MSC NOA ARIELA FA450A,8/2/2025,6,NO,NA,UNIMAR,PASOC,137676,22/1/2025,7/2/2025,118-2025-10-057228-01-5-00,,,,NA,NA,2/3/2025,NA,17/2/2025,T001-25589176,RANSA,18/2/2025,8,CHAO-ALMACEN,18/2/2025,8,21/2/2025,EG03-00001731,EG07-00002508,,4700003565-11,,
2024-2025,LIQUIDADO,24-180-HPER,4700003565-11,GONZALO,DEHUAN,E & E,MACETA PLASTICA 30 L,M&S,TLD24052DW-11,"23,100.00",UN,USD,"33,379.50","33,379.50",0,CIF,SEA,FCL,CHINA,NINGBO,CALLAO,1,40 HC,20,23/12/2024,NA,NA,DIRECTO,ONE,NB4JJM029800,FFAU6554640,,31/12/2024,1,ONEYNB4JJM029800,MSC NOA ARIELA FA450A,8/2/2025,6,NO,NA,UNIMAR,PASOC,137676,22/1/2025,7/2/2025,118-2025-10-057228-01-5-00,,,,NA,NA,2/3/2025,NA,17/2/2025,T001-25589175,RANSA,18/2/2025,8,CHAO-ALMACEN,18/2/2025,8,21/2/2025,EG03-00001732,EG07-00002507,,4700003565-11,,
2024-2025,LIQUIDADO,24-180-HPER,4700003565-11,GONZALO,DEHUAN,E & E,MACETA PLASTICA 30 L,M&S,TLD24052DW-11,"23,870.00",UN,USD,"34,492.15","34,492.15",0,CIF,SEA,FCL,CHINA,NINGBO,CALLAO,1,40 HC,20,23/12/2024,NA,NA,DIRECTO,ONE,NB4JJM029800,FFAU6549182,,31/12/2024,1,ONEYNB4JJM029800,MSC NOA ARIELA FA450A,8/2/2025,6,NO,NA,UNIMAR,PASOC,137676,22/1/2025,7/2/2025,118-2025-10-057228-01-5-00,,,,NA,NA,2/3/2025,NA,17/2/2025,T001-25589174,RANSA,18/2/2025,8,CHAO-ALMACEN,18/2/2025,8,21/2/2025,EG03-00001728,EG07-00002506,,4700003565-11,,
2024-2025,LIQUIDADO,24-180-HPER,4700003565-11,GONZALO,DEHUAN,E & E,MACETA PLASTICA 30 L,M&S,TLD24052DW-11,"23,180.00",UN,USD,"33,495.10","33,495.10",0,CIF,SEA,FCL,CHINA,NINGBO,CALLAO,1,40 HC,20,23/12/2024,NA,NA,DIRECTO,ONE,NB4JJM029800,TGCU0198810,,31/12/2024,1,ONEYNB4JJM029800,MSC NOA ARIELA FA450A,8/2/2025,6,NO,NA,UNIMAR,PASOC,137676,22/1/2025,7/2/2025,118-2025-10-057228-01-5-00,,,,NA,NA,2/3/2025,NA,17/2/2025,T001-25589177,RANSA,18/2/2025,8,CHAO-ALMACEN,18/2/2025,8,21/2/2025,EG03-00001730,EG07-00002509,,4700003565-11,,
2024-2025,LIQUIDADO,24-130-HPER,4700003575-1,GONZALO,VERITAS,SUSTRATOS,EASY PLANTER 15 L,M&S,INV-AR-202425/161A,"20,000.00",KG,USD,"11,902.00","11,902.00",0,CIF,SEA,FCL,SRI LANKA,COLOMBO,CALLAO,1,40 HC,20,26/11/2024,NA,NA,DIRECTO,WAN HAI,,WHLU5664575,,17/11/2024,46,062E003769,WAN HAI 721 E019,8/2/2025,6,NO,NA,NEW AGE,AVM,25/000225,27/1/2025,7/2/2025,118-2025-10-057995-01-6-00,,,,11/2/2025,12/2/2025,1/3/2025,NA,16/2/2025,NA,LIP,18/2/2025,8,CHAO-ALMACEN,18/2/2025,8,21/2/2025,EG03-00002208,EG07-00002481,,4700003575-1,,
2024-2025,LIQUIDADO,24-130-HPER,4700003575-1,GONZALO,VERITAS,SUSTRATOS,EASY PLANTER 15 L,M&S,INV-AR-202425/161A,"20,000.00",KG,USD,"11,902.00","11,902.00",0,CIF,SEA,FCL,SRI LANKA,COLOMBO,CALLAO,1,40 HC,20,26/11/2024,NA,NA,DIRECTO,WAN HAI,,WHLU5649740,,17/11/2024,46,062E003769,WAN HAI 721 E019,8/2/2025,6,NO,NA,NEW AGE,AVM,25/000225,27/1/2025,7/2/2025,118-2025-10-057995-01-6-00,,,,11/2/2025,12/2/2025,1/3/2025,NA,16/2/2025,NA,LIP,18/2/2025,8,CHAO-ALMACEN,18/2/2025,8,21/2/2025,EG03-00002209,EG07-00002480,,4700003575-1,,
2024-2025,LIQUIDADO,24-130-HPER,4700003575-1,GONZALO,VERITAS,SUSTRATOS,EASY PLANTER 15 L,M&S,INV-AR-202425/161A,"20,000.00",KG,USD,"11,902.00","11,902.00",0,CIF,SEA,FCL,SRI LANKA,COLOMBO,CALLAO,1,40 HC,20,26/11/2024,NA,NA,DIRECTO,WAN HAI,,DFSU7661161,,17/11/2024,46,062E003769,WAN HAI 721 E019,8/2/2025,6,NO,NA,NEW AGE,AVM,25/000225,27/1/2025,7/2/2025,118-2025-10-057995-01-6-00,,,,11/2/2025,12/2/2025,1/3/2025,NA,16/2/2025,NA,LIP,18/2/2025,8,CHAO-ALMACEN,18/2/2025,8,21/2/2025,EG03-00002207,EG07-00002479,,4700003575-1,,
2024-2025,LIQUIDADO,24-132-HPER,4700003575-3,GONZALO,VERITAS,SUSTRATOS,EASY PLANTER 15 L,M&S,INV-AR-202425/161C,"20,000.00",KG,USD,"11,902.00","11,902.00",0,CIF,SEA,FCL,SRI LANKA,COLOMBO,CALLAO,1,40 HC,20,26/11/2024,NA,NA,DIRECTO,WAN HAI,,WHSU5074229,,17/11/2024,46,062E003863,WAN HAI 721 E019,8/2/2025,6,NO,NA,NEW AGE,AVM,25/000227,27/1/2025,7/2/2025,118-2025-10-057924-01-1-00,,,,11/2/2025,12/2/2025,1/3/2025,NA,18/2/2025,NA,LIP,19/2/2025,8,CHAO-ALMACEN,19/2/2025,8,21/2/2025,EG03-00014085,EG07-00002560,carga completada[ 24-132-HPER/4700003575-3/WHLU5735914],4700003575-3,,
2024-2025,LIQUIDADO,24-132-HPER,4700003575-3,GONZALO,VERITAS,SUSTRATOS,EASY PLANTER 15 L,M&S,INV-AR-202425/161C,"20,000.00",KG,USD,"11,902.00","11,902.00",0,CIF,SEA,FCL,SRI LANKA,COLOMBO,CALLAO,1,40 HC,20,26/11/2024,NA,NA,DIRECTO,WAN HAI,,WHSU6027047,,17/11/2024,46,062E003863,WAN HAI 721 E019,8/2/2025,6,NO,NA,NEW AGE,AVM,25/000227,27/1/2025,7/2/2025,118-2025-10-057924-01-1-00,,,,11/2/2025,12/2/2025,1/3/2025,NA,18/2/2025,NA,LIP,19/2/2025,8,CHAO-ALMACEN,19/2/2025,8,21/2/2025,EG03-00003860,EG07-00002563,carga completada[ 24-132-HPER/4700003575-3/WHLU5735914],4700003575-3,,
2024-2025,LIQUIDADO,24-132-HPER,4700003575-3,GONZALO,VERITAS,SUSTRATOS,EASY PLANTER 15 L,M&S,INV-AR-202425/161C,"20,000.00",KG,USD,"11,902.00","11,902.00",0,CIF,SEA,FCL,SRI LANKA,COLOMBO,CALLAO,1,40 HC,20,26/11/2024,NA,NA,DIRECTO,WAN HAI,,WHSU5715359,,17/11/2024,46,062E003863,WAN HAI 721 E019,8/2/2025,6,NO,NA,NEW AGE,AVM,25/000227,27/1/2025,7/2/2025,118-2025-10-057924-01-1-00,,,,11/2/2025,12/2/2025,1/3/2025,NA,18/2/2025,NA,LIP,19/2/2025,8,CHAO-ALMACEN,19/2/2025,8,21/2/2025,EG03-00003859,EG07-00002561,carga completada[ 24-132-HPER/4700003575-3/WHSU5503426],4700003575-3,,
2024-2025,LIQUIDADO,24-133-HPER,4700003575-4,GONZALO,VERITAS,SUSTRATOS,EASY PLANTER 15 L,M&S,INV-AR-202425/161D,"20,000.00",KG,USD,"11,902.00","11,902.00",0,CIF,SEA,FCL,SRI LANKA,COLOMBO,CALLAO,1,40 HC,20,26/11/2024,NA,NA,DIRECTO,WAN HAI,,WHSU5158417,,17/11/2024,46,062E003864,WAN HAI 721 E019,8/2/2025,6,NO,NA,NEW AGE,AVM,25/000228,27/1/2025,7/2/2025,118-2025-10-057981-01-5-00,,,,11/2/2025,12/2/2025,1/3/2025,NA,19/2/2025,NA,LIP,20/2/2025,8,CHAO-ALMACEN,20/2/2025,8,12/3/2025,EG03-00000179,EG07-00002600,,4700003575-4,,
2024-2025,LIQUIDADO,24-133-HPER,4700003575-4,GONZALO,VERITAS,SUSTRATOS,EASY PLANTER 15 L,M&S,INV-AR-202425/161D,"20,000.00",KG,USD,"11,902.00","11,902.00",0,CIF,SEA,FCL,SRI LANKA,COLOMBO,CALLAO,1,40 HC,20,26/11/2024,NA,NA,DIRECTO,WAN HAI,,WHSU5497107,,17/11/2024,46,062E003864,WAN HAI 721 E019,8/2/2025,6,NO,NA,NEW AGE,AVM,25/000228,27/1/2025,7/2/2025,118-2025-10-057981-01-5-00,,,,11/2/2025,12/2/2025,1/3/2025,NA,19/2/2025,NA,LIP,20/2/2025,8,CHAO-ALMACEN,20/2/2025,8,12/3/2025,EG03-00000178,EG07-00002601,,4700003575-4,,
2024-2025,LIQUIDADO,24-133-HPER,4700003575-4,GONZALO,VERITAS,SUSTRATOS,EASY PLANTER 15 L,M&S,INV-AR-202425/161D,"20,000.00",KG,USD,"11,902.00","11,902.00",0,CIF,SEA,FCL,SRI LANKA,COLOMBO,CALLAO,1,40 HC,20,26/11/2024,NA,NA,DIRECTO,WAN HAI,,WHSU6481640,,17/11/2024,46,062E003864,WAN HAI 721 E019,8/2/2025,6,NO,NA,NEW AGE,AVM,25/000228,27/1/2025,7/2/2025,118-2025-10-057981-01-5-00,,,,11/2/2025,12/2/2025,1/3/2025,NA,19/2/2025,NA,LIP,20/2/2025,8,CHAO-ALMACEN,20/2/2025,8,12/3/2025,EG03-00000362,EG07-00002602,,4700003575-4,,
2024-2025,LIQUIDADO,24-134-HPER,4700003575-5,GONZALO,VERITAS,SUSTRATOS,EASY PLANTER 15 L,M&S,INV-AR-202425/161E,"20,000.00",KG,USD,"11,902.00","11,902.00",0,CIF,SEA,FCL,SRI LANKA,COLOMBO,CALLAO,1,40 HC,20,26/11/2024,NA,NA,DIRECTO,WAN HAI,,WHSU5718698,,17/11/2024,46,062E003865,WAN HAI 721 E019,8/2/2025,6,NO,NA,NEW AGE,AVM,25/000229,27/1/2025,7/2/2025,118-2025-10-057977-01-8-00,,,,11/2/2025,12/2/2025,1/3/2025,NA,19/2/2025,NA,LIP,20/2/2025,8,CHAO-ALMACEN,20/2/2025,8,11/3/2025,EG03-00000752,EG07-00002598,,4700003575-5,,
2024-2025,LIQUIDADO,24-134-HPER,4700003575-5,GONZALO,VERITAS,SUSTRATOS,EASY PLANTER 15 L,M&S,INV-AR-202425/161E,"20,000.00",KG,USD,"11,902.00","11,902.00",0,CIF,SEA,FCL,SRI LANKA,COLOMBO,CALLAO,1,40 HC,20,26/11/2024,NA,NA,DIRECTO,WAN HAI,,WHSU5613059,,17/11/2024,46,062E003865,WAN HAI 721 E019,8/2/2025,6,NO,NA,NEW AGE,AVM,25/000229,27/1/2025,7/2/2025,118-2025-10-057977-01-8-00,,,,11/2/2025,12/2/2025,1/3/2025,NA,19/2/2025,NA,LIP,20/2/2025,8,CHAO-ALMACEN,20/2/2025,8,11/3/2025,EG03-00014144,EG07-00002597,,4700003575-5,,
2024-2025,LIQUIDADO,24-134-HPER,4700003575-5,GONZALO,VERITAS,SUSTRATOS,EASY PLANTER 15 L,M&S,INV-AR-202425/161E,"20,000.00",KG,USD,"11,902.00","11,902.00",0,CIF,SEA,FCL,SRI LANKA,COLOMBO,CALLAO,1,40 HC,20,26/11/2024,NA,NA,DIRECTO,WAN HAI,,WHSU5774562,,17/11/2024,46,062E003865,WAN HAI 721 E019,8/2/2025,6,NO,NA,NEW AGE,AVM,25/000229,27/1/2025,7/2/2025,118-2025-10-057977-01-8-00,,,,11/2/2025,12/2/2025,1/3/2025,NA,19/2/2025,NA,LIP,20/2/2025,8,CHAO-ALMACEN,20/2/2025,8,11/3/2025,EG03-00000177,EG07-00002599,,4700003575-5,,
2024-2025,LIQUIDADO,24-179-HPER,4700003565-10,GONZALO,DEHUAN,E & E,MACETA PLASTICA 30 L,M&S,TLD24052DW-10,"23,870.00",UN,USD,"34,492.15","34,492.15",0,CIF,SEA,FCL,CHINA,NINGBO,CALLAO,1,40 HC,20,19/12/2024,NA,NA,DIRECTO,OOCL,2155253470,FFAU6619232,,28/12/2024,52,OOLU2155253470,CMA CGM PETRA 0MHP7E1,10/2/2025,7,NO,NA,IMUPESA,PASOC,138508,30/1/2025,8/2/2025,118-2025-10-059816-01-1-00,,,,NA,NA,17/2/2025,PASOC,15/2/2025,T001-25589116,GUZMAN,15/2/2025,7,CHAO-ALMACEN,21/2/2025,8,11/3/2025,EG03-00004906,EG07-00002615,,4700003565-10,,
2024-2025,LIQUIDADO,24-179-HPER,4700003565-10,GONZALO,DEHUAN,E & E,MACETA PLASTICA 30 L,M&S,TLD24052DW-10,"23,254.00",UN,USD,"33,602.03","33,602.03",0,CIF,SEA,FCL,CHINA,NINGBO,CALLAO,1,40 HC,20,19/12/2024,NA,NA,DIRECTO,OOCL,2155253470,FFAU6619206,,28/12/2024,52,OOLU2155253470,CMA CGM PETRA 0MHP7E1,10/2/2025,7,NO,NA,IMUPESA,PASOC,138508,30/1/2025,8/2/2025,118-2025-10-059816-01-1-00,,,,NA,NA,17/2/2025,PASOC,15/2/2025,T001-25589117,GUZMAN,15/2/2025,7,CHAO-ALMACEN,21/2/2025,8,11/3/2025,EG03-00004905,EG07-00002617,,4700003565-10,,
2024-2025,LIQUIDADO,24-179-HPER,4700003565-10,GONZALO,DEHUAN,E & E,MACETA PLASTICA 30 L,M&S,TLD24052DW-10,"23,106.00",UN,USD,"33,388.17","33,388.17",0,CIF,SEA,FCL,CHINA,NINGBO,CALLAO,1,40 HC,20,19/12/2024,NA,NA,DIRECTO,OOCL,2155253470,FFAU6639861,,28/12/2024,52,OOLU2155253470,CMA CGM PETRA 0MHP7E1,10/2/2025,7,NO,NA,IMUPESA,PASOC,138508,30/1/2025,8/2/2025,118-2025-10-059816-01-1-00,,,,NA,NA,17/2/2025,PASOC,15/2/2025,T001-25589115,GUZMAN,15/2/2025,7,CHAO-ALMACEN,21/2/2025,8,11/3/2025,EG03-00004907,EG07-00002618,,4700003565-10,,
2024-2025,LIQUIDADO,24-179-HPER,4700003565-10,GONZALO,DEHUAN,E & E,MACETA PLASTICA 30 L,M&S,TLD24052DW-10,"23,870.00",UN,USD,"34,492.15","34,492.15",0,CIF,SEA,FCL,CHINA,NINGBO,CALLAO,1,40 HC,20,19/12/2024,NA,NA,DIRECTO,OOCL,2155253470,FCIU9612347,,28/12/2024,52,OOLU2155253470,CMA CGM PETRA 0MHP7E1,10/2/2025,7,NO,NA,IMUPESA,PASOC,138508,30/1/2025,8/2/2025,118-2025-10-059816-01-1-00,,,,NA,NA,17/2/2025,PASOC,17/2/2025,T001-25589170,GUZMAN,17/2/2025,8,CHAO-ALMACEN,25/2/2025,9,11/3/2025,EG03-00004929,EG07-00002664,,4700003565-10,,
2024-2025,LIQUIDADO,24-179-HPER,4700003565-10,GONZALO,DEHUAN,E & E,MACETA PLASTICA 30 L,M&S,TLD24052DW-10,"23,870.00",UN,USD,"34,492.15","34,492.15",0,CIF,SEA,FCL,CHINA,NINGBO,CALLAO,1,40 HC,20,19/12/2024,NA,NA,DIRECTO,OOCL,2155253470,FFAU1780584,,28/12/2024,52,OOLU2155253470,CMA CGM PETRA 0MHP7E1,10/2/2025,7,NO,NA,IMUPESA,PASOC,138508,30/1/2025,8/2/2025,118-2025-10-059816-01-1-00,,,,NA,NA,17/2/2025,PASOC,17/2/2025,T001-25589171,GUZMAN,17/2/2025,8,CHAO-ALMACEN,25/2/2025,9,11/3/2025,EG03-00004931,EG07-00002665,,4700003565-10,,
2024-2025,LIQUIDADO,24-135-HPER,4700003575-6,GONZALO,VERITAS,SUSTRATOS,EASY PLANTER 15 L,M&S,INV-AR-202425/167A,"20,000.00",KG,USD,"11,902.00","11,902.00",0,CIF,SEA,FCL,SRI LANKA,COLOMBO,CALLAO,1,40 HC,20,2/12/2024,NA,NA,DIRECTO,WAN HAI,,WHSU6016058,,23/11/2024,47,062E003777,KOTA EAGLE E002,15/2/2025,7,NO,NA,NEW AGE,AVM,25/000234,3/2/2025,,118-2025-10-081814-01-8-00,,,,28/2/2025,10/3/2025,8/3/2025,NA,11/3/2025,NA,CITITRANS,12/3/2025,11,CHAO-ALMACEN,12/3/2025,11,19/3/2025,EG03-00006092,EG07-00002880,,4700003575-6,,
2024-2025,LIQUIDADO,24-135-HPER,4700003575-6,GONZALO,VERITAS,SUSTRATOS,EASY PLANTER 15 L,M&S,INV-AR-202425/167A,"20,000.00",KG,USD,"11,902.00","11,902.00",0,CIF,SEA,FCL,SRI LANKA,COLOMBO,CALLAO,1,40 HC,20,2/12/2024,NA,NA,DIRECTO,WAN HAI,,WHSU5847144,,23/11/2024,47,062E003777,KOTA EAGLE E002,15/2/2025,7,NO,NA,NEW AGE,AVM,25/000234,3/2/2025,,118-2025-10-081814-01-8-00,,,,28/2/2025,10/3/2025,8/3/2025,NA,11/3/2025,NA,CITITRANS,12/3/2025,11,CHAO-ALMACEN,12/3/2025,11,19/3/2025,EG03-00000032,EG07-00002878,,4700003575-6,,
2024-2025,LIQUIDADO,24-135-HPER,4700003575-6,GONZALO,VERITAS,SUSTRATOS,EASY PLANTER 15 L,M&S,INV-AR-202425/167A,"20,000.00",KG,USD,"11,902.00","11,902.00",0,CIF,SEA,FCL,SRI LANKA,COLOMBO,CALLAO,1,40 HC,20,2/12/2024,NA,NA,DIRECTO,WAN HAI,,WHSU5864250,,23/11/2024,47,062E003777,KOTA EAGLE E002,15/2/2025,7,NO,NA,NEW AGE,AVM,25/000234,3/2/2025,,118-2025-10-081814-01-8-00,,,,28/2/2025,10/3/2025,8/3/2025,NA,11/3/2025,NA,CITITRANS,12/3/2025,11,CHAO-ALMACEN,12/3/2025,11,19/3/2025,EG03-00006091,EG07-00002879,,4700003575-6,,
2024-2025,LIQUIDADO,24-136-HPER,4700003575-7,GONZALO,VERITAS,SUSTRATOS,EASY PLANTER 15 L,M&S,INV-AR-202425/167B,"20,000.00",KG,USD,"11,902.00","11,902.00",0,CIF,SEA,FCL,SRI LANKA,COLOMBO,CALLAO,1,40 HC,20,2/12/2024,NA,NA,DIRECTO,WAN HAI,,WHSU6794033,,23/11/2024,47,062E003964,KOTA EAGLE E002,15/2/2025,7,NO,NA,NEW AGE,AVM,25/000235,3/2/2025,,118-2025-10-082044-01-1-00,,,,28/2/2025,10/3/2025,8/3/2025,NA,12/3/2025,NA,CITITRANS,13/3/2025,11,CHAO-ALMACEN,13/3/2025,11,19/3/2025,EG03-00006106,EG07-00002906,,4700003575-7,,
2024-2025,LIQUIDADO,24-136-HPER,4700003575-7,GONZALO,VERITAS,SUSTRATOS,EASY PLANTER 15 L,M&S,INV-AR-202425/167B,"20,000.00",KG,USD,"11,902.00","11,902.00",0,CIF,SEA,FCL,SRI LANKA,COLOMBO,CALLAO,1,40 HC,20,2/12/2024,NA,NA,DIRECTO,WAN HAI,,WHSU5343971,,23/11/2024,47,062E003964,KOTA EAGLE E002,15/2/2025,7,NO,NA,NEW AGE,AVM,25/000235,3/2/2025,,118-2025-10-082044-01-1-00,,,,28/2/2025,10/3/2025,8/3/2025,NA,12/3/2025,NA,CITITRANS,13/3/2025,11,CHAO-ALMACEN,13/3/2025,11,19/3/2025,EG03-00006104,EG07-00002904,,4700003575-7,,
2024-2025,LIQUIDADO,24-136-HPER,4700003575-7,GONZALO,VERITAS,SUSTRATOS,EASY PLANTER 15 L,M&S,INV-AR-202425/167B,"20,000.00",KG,USD,"11,902.00","11,902.00",0,CIF,SEA,FCL,SRI LANKA,COLOMBO,CALLAO,1,40 HC,20,2/12/2024,NA,NA,DIRECTO,WAN HAI,,WHLU5679723,,23/11/2024,47,062E003964,KOTA EAGLE E002,15/2/2025,7,NO,NA,NEW AGE,AVM,25/000235,3/2/2025,,118-2025-10-082044-01-1-00,,,,28/2/2025,10/3/2025,8/3/2025,NA,12/3/2025,NA,CITITRANS,13/3/2025,11,CHAO-ALMACEN,13/3/2025,11,19/3/2025,EG03-00006107,EG07-00002909,,4700003575-7,,
2024-2025,LIQUIDADO,24-137-HPER,4700003575-8,GONZALO,VERITAS,SUSTRATOS,EASY PLANTER 15 L,M&S,INV-AR-202425/167C,"20,000.00",KG,USD,"11,902.00","11,902.00",0,CIF,SEA,FCL,SRI LANKA,COLOMBO,CALLAO,1,40 HC,20,2/12/2024,NA,NA,DIRECTO,WAN HAI,,WHSU5050042,,23/11/2024,47,062E003965,KOTA EAGLE E002,15/2/2025,7,NO,NA,NEW AGE,AVM,25/000236,3/2/2025,,118-2025-10-081178-01-4-00,,,,28/2/2025,10/3/2025,8/3/2025,NA,12/3/2025,NA,CITITRANS,13/3/2025,11,CHAO-ALMACEN,13/3/2025,11,19/3/2025,EG03-00006108,EG07-00002912,,4700003575-8,,
2024-2025,LIQUIDADO,24-137-HPER,4700003575-8,GONZALO,VERITAS,SUSTRATOS,EASY PLANTER 15 L,M&S,INV-AR-202425/167C,"20,000.00",KG,USD,"11,902.00","11,902.00",0,CIF,SEA,FCL,SRI LANKA,COLOMBO,CALLAO,1,40 HC,20,2/12/2024,NA,NA,DIRECTO,WAN HAI,,CAIU9552086,,23/11/2024,47,062E003965,KOTA EAGLE E002,15/2/2025,7,NO,NA,NEW AGE,AVM,25/000236,3/2/2025,,118-2025-10-081178-01-4-00,,,,28/2/2025,10/3/2025,8/3/2025,NA,12/3/2025,NA,CITITRANS,13/3/2025,11,CHAO-ALMACEN,13/3/2025,11,19/3/2025,EG03-00000272,EG07-00002913,,4700003575-8,,
2024-2025,LIQUIDADO,24-137-HPER,4700003575-8,GONZALO,VERITAS,SUSTRATOS,EASY PLANTER 15 L,M&S,INV-AR-202425/167C,"20,000.00",KG,USD,"11,902.00","11,902.00",0,CIF,SEA,FCL,SRI LANKA,COLOMBO,CALLAO,1,40 HC,20,2/12/2024,NA,NA,DIRECTO,WAN HAI,,TCKU7711927,,23/11/2024,47,062E003965,KOTA EAGLE E002,15/2/2025,7,NO,NA,NEW AGE,AVM,25/000236,3/2/2025,,118-2025-10-081178-01-4-00,,,,28/2/2025,10/3/2025,8/3/2025,NA,12/3/2025,NA,CITITRANS,13/3/2025,11,CHAO-ALMACEN,13/3/2025,11,19/3/2025,EG03-00000035,EG07-00002916,,4700003575-8,,
2024-2025,LIQUIDADO,24-138-HPER,4700003575-9,GONZALO,VERITAS,SUSTRATOS,EASY PLANTER 15 L,M&S,INV-AR-202425/167D,"20,000.00",KG,USD,"11,902.00","11,902.00",0,CIF,SEA,FCL,SRI LANKA,COLOMBO,CALLAO,1,40 HC,20,2/12/2024,NA,NA,DIRECTO,WAN HAI,,WHSU5046525,,23/11/2024,47,062E003966,KOTA EAGLE E002,15/2/2025,7,NO,NA,NEW AGE,AVM,25/000237,3/2/2025,,118-2025-10-082318-01-4-00,,,,10/3/2025,10/3/2025,8/3/2025,AVM,11/3/2025,T001-3050,GUZMAN,11/3/2025,11,CHAO-ALMACEN,13/3/2025,11,19/3/2025,EG03-00005383,EG07-00002897,,4700003575-9,,
2024-2025,LIQUIDADO,24-138-HPER,4700003575-9,GONZALO,VERITAS,SUSTRATOS,EASY PLANTER 15 L,M&S,INV-AR-202425/167D,"20,000.00",KG,USD,"11,902.00","11,902.00",0,CIF,SEA,FCL,SRI LANKA,COLOMBO,CALLAO,1,40 HC,20,2/12/2024,NA,NA,DIRECTO,WAN HAI,,WHSU5355946,,23/11/2024,47,062E003966,KOTA EAGLE E002,15/2/2025,7,NO,NA,NEW AGE,AVM,25/000237,3/2/2025,,118-2025-10-082318-01-4-00,,,,10/3/2025,10/3/2025,8/3/2025,AVM,11/3/2025,T001-3051,GUZMAN,11/3/2025,11,CHAO-ALMACEN,13/3/2025,11,19/3/2025,EG03-00005384,EG07-00002898,,4700003575-9,,
2024-2025,LIQUIDADO,24-138-HPER,4700003575-9,GONZALO,VERITAS,SUSTRATOS,EASY PLANTER 15 L,M&S,INV-AR-202425/167D,"20,000.00",KG,USD,"11,902.00","11,902.00",0,CIF,SEA,FCL,SRI LANKA,COLOMBO,CALLAO,1,40 HC,20,2/12/2024,NA,NA,DIRECTO,WAN HAI,,WHSU5786774,,23/11/2024,47,062E003966,KOTA EAGLE E002,15/2/2025,7,NO,NA,NEW AGE,AVM,25/000237,3/2/2025,,118-2025-10-082318-01-4-00,,,,10/3/2025,10/3/2025,8/3/2025,AVM,11/3/2025,T001-3052,GUZMAN,11/3/2025,11,CHAO-ALMACEN,14/3/2025,11,19/3/2025,EG03-00005391,EG07-00002827,,4700003575-9,,
2024-2025,LIQUIDADO,24-139-HPER,4700003575-10,GONZALO,VERITAS,SUSTRATOS,EASY PLANTER 15 L,M&S,INV-AR-202425/167E,"20,000.00",KG,USD,"11,902.00","11,902.00",0,CIF,SEA,FCL,SRI LANKA,COLOMBO,CALLAO,1,40 HC,20,2/12/2024,NA,NA,DIRECTO,WAN HAI,,WHSU5915634,,23/11/2024,47,062E003967,KOTA EAGLE E002,15/2/2025,7,NO,NA,NEW AGE,AVM,25/000238,3/2/2025,,118-2025-10-082114-01-1-00,,,,28/2/2025,10/3/2025,8/3/2025,AVM,12/3/2025,T001-3061,GUZMAN,12/3/2025,11,CHAO-ALMACEN,14/3/2025,11,20/3/2025,EG03-00005392,EG07-00002920,,4700003575-10,,
2024-2025,LIQUIDADO,24-139-HPER,4700003575-10,GONZALO,VERITAS,SUSTRATOS,EASY PLANTER 15 L,M&S,INV-AR-202425/167E,"20,000.00",KG,USD,"11,902.00","11,902.00",0,CIF,SEA,FCL,SRI LANKA,COLOMBO,CALLAO,1,40 HC,20,2/12/2024,NA,NA,DIRECTO,WAN HAI,,WHSU6022620,,23/11/2024,47,062E003967,KOTA EAGLE E002,15/2/2025,7,NO,NA,NEW AGE,AVM,25/000238,3/2/2025,,118-2025-10-082114-01-1-00,,,,28/2/2025,10/3/2025,8/3/2025,AVM,12/3/2025,T001-3062,GUZMAN,12/3/2025,11,CHAO-ALMACEN,14/3/2025,11,20/3/2025,EG03-00005392,EG07-00002922,,4700003575-10,,
2024-2025,LIQUIDADO,24-139-HPER,4700003575-10,GONZALO,VERITAS,SUSTRATOS,EASY PLANTER 15 L,M&S,INV-AR-202425/167E,"20,000.00",KG,USD,"11,902.00","11,902.00",0,CIF,SEA,FCL,SRI LANKA,COLOMBO,CALLAO,1,40 HC,20,2/12/2024,NA,NA,DIRECTO,WAN HAI,,WHSU6631231,,23/11/2024,47,062E003967,KOTA EAGLE E002,15/2/2025,7,NO,NA,NEW AGE,AVM,25/000238,3/2/2025,,118-2025-10-082114-01-1-00,,,,28/2/2025,10/3/2025,8/3/2025,AVM,12/3/2025,T001-3063,GUZMAN,12/3/2025,11,CHAO-ALMACEN,14/3/2025,11,20/3/2025,EG03-00005393,EG07-00002921,,4700003575-10,,
2024-2025,LIQUIDADO,24-140-HPER,4700003575-11,GONZALO,VERITAS,SUSTRATOS,EASY PLANTER 15 L,M&S,INV-AR-202425/167F,"20,000.00",KG,USD,"11,902.00","11,902.00",0,CIF,SEA,FCL,SRI LANKA,COLOMBO,CALLAO,1,40 HC,20,2/12/2024,NA,NA,DIRECTO,WAN HAI,,WHLU5826450,,23/11/2024,47,062E003843,KOTA EAGLE E002,15/2/2025,7,NO,NA,NEW AGE,AVM,25/000239,3/2/2025,,118-2025-10-081728-01-4-00,,,,28/2/2025,10/3/2025,8/3/2025,AVM,12/3/2025,T001-3064,GUZMAN,12/3/2025,11,CHAO-ALMACEN,14/3/2025,11,20/3/2025,EG03-00005395,EG07-00002923,,4700003575-11,,
2024-2025,LIQUIDADO,24-140-HPER,4700003575-11,GONZALO,VERITAS,SUSTRATOS,EASY PLANTER 15 L,M&S,INV-AR-202425/167F,"20,000.00",KG,USD,"11,902.00","11,902.00",0,CIF,SEA,FCL,SRI LANKA,COLOMBO,CALLAO,1,40 HC,20,2/12/2024,NA,NA,DIRECTO,WAN HAI,,WHSU5330927,,23/11/2024,47,062E003843,KOTA EAGLE E002,15/2/2025,7,NO,NA,NEW AGE,AVM,25/000239,3/2/2025,,118-2025-10-081728-01-4-00,,,,28/2/2025,10/3/2025,8/3/2025,AVM,12/3/2025,T001-3065,GUZMAN,12/3/2025,11,CHAO-ALMACEN,18/3/2025,12,20/3/2025,EG03-00005412,EG07-00002969,,4700003575-11,,
2024-2025,LIQUIDADO,24-140-HPER,4700003575-11,GONZALO,VERITAS,SUSTRATOS,EASY PLANTER 15 L,M&S,INV-AR-202425/167F,"20,000.00",KG,USD,"11,902.00","11,902.00",0,CIF,SEA,FCL,SRI LANKA,COLOMBO,CALLAO,1,40 HC,20,2/12/2024,NA,NA,DIRECTO,WAN HAI,,WHSU6316604,,23/11/2024,47,062E003843,KOTA EAGLE E002,15/2/2025,7,NO,NA,NEW AGE,AVM,25/000239,3/2/2025,,118-2025-10-081728-01-4-00,,,,28/2/2025,10/3/2025,8/3/2025,AVM,12/3/2025,T001-3066,GUZMAN,12/3/2025,11,CHAO-ALMACEN,18/3/2025,12,20/3/2025,EG03-00005414,EG07-00002970,,4700003575-11,,
2024-2025,LIQUIDADO,24-141-HPER,4700003575-12,GONZALO,VERITAS,SUSTRATOS,EASY PLANTER 15 L,M&S,INV-AR-202425/167G,"20,000.00",KG,USD,"11,902.00","11,902.00",0,CIF,SEA,FCL,SRI LANKA,COLOMBO,CALLAO,1,40 HC,20,2/12/2024,NA,NA,DIRECTO,WAN HAI,,WHSU5698816,,23/11/2024,47,062E003870,KOTA EAGLE E002,15/2/2025,7,NO,NA,NEW AGE,AVM,25/000240,3/2/2025,,118-2025-10-081728-01-4-00,,,,28/2/2025,10/3/2025,8/3/2025,AVM,13/3/2025,T001-3075,GUZMAN,13/3/2025,11,CHAO-ALMACEN,18/3/2025,12,20/3/2025,EG03-00005417,EG07-00002976,,4700003575-12,,
2024-2025,LIQUIDADO,24-141-HPER,4700003575-12,GONZALO,VERITAS,SUSTRATOS,EASY PLANTER 15 L,M&S,INV-AR-202425/167G,"20,000.00",KG,USD,"11,902.00","11,902.00",0,CIF,SEA,FCL,SRI LANKA,COLOMBO,CALLAO,1,40 HC,20,2/12/2024,NA,NA,DIRECTO,WAN HAI,,WHSU6378186,,23/11/2024,47,062E003870,KOTA EAGLE E002,15/2/2025,7,NO,NA,NEW AGE,AVM,25/000240,3/2/2025,,118-2025-10-081728-01-4-00,,,,28/2/2025,10/3/2025,8/3/2025,AVM,13/3/2025,T001-3076,GUZMAN,13/3/2025,11,CHAO-ALMACEN,18/3/2025,12,20/3/2025,EG03-00005416,EG07-00002975,,4700003575-12,,
2024-2025,LIQUIDADO,24-141-HPER,4700003575-12,GONZALO,VERITAS,SUSTRATOS,EASY PLANTER 15 L,M&S,INV-AR-202425/167G,"20,000.00",KG,USD,"11,902.00","11,902.00",0,CIF,SEA,FCL,SRI LANKA,COLOMBO,CALLAO,1,40 HC,20,2/12/2024,NA,NA,DIRECTO,WAN HAI,,WHSU6653101,,23/11/2024,47,062E003870,KOTA EAGLE E002,15/2/2025,7,NO,NA,NEW AGE,AVM,25/000240,3/2/2025,,118-2025-10-081728-01-4-00,,,,28/2/2025,10/3/2025,8/3/2025,AVM,13/3/2025,T001-3077,GUZMAN,13/3/2025,11,CHAO-ALMACEN,18/3/2025,12,20/3/2025,EG03-00005418,EG07-00002977,,4700003575-12,,
2024-2025,LIQUIDADO,24-142-HPER,4700003575-13,GONZALO,VERITAS,SUSTRATOS,EASY PLANTER 15 L,M&S,INV-AR-202425/177A,"20,000.00",KG,USD,"11,902.00","11,902.00",0,CIF,SEA,FCL,SRI LANKA,COLOMBO,CALLAO,1,40 HC,20,11/12/2024,NA,NA,DIRECTO,WAN HAI,,WHSU5104956,,3/12/2024,49,062E003877,KOTA EAGLE E002,15/2/2025,7,NO,NA,NEW AGE,AVM,25/000241,,1/3/2025,118-2025-10-088697-01-7-00,,,,5/3/2025,5/3/2025,8/3/2025,AVM,6/3/2025,T001-3013,GUZMAN,6/3/2025,10,CHAO-ALMACEN,8/3/2025,10,11/3/2025,EG03-00005352,EG07-00002839,,4700003575-13,,
2024-2025,LIQUIDADO,24-142-HPER,4700003575-13,GONZALO,VERITAS,SUSTRATOS,EASY PLANTER 15 L,M&S,INV-AR-202425/177A,"20,000.00",KG,USD,"11,902.00","11,902.00",0,CIF,SEA,FCL,SRI LANKA,COLOMBO,CALLAO,1,40 HC,20,11/12/2024,NA,NA,DIRECTO,WAN HAI,,WHLU5743252,,3/12/2024,49,062E003877,KOTA EAGLE E002,15/2/2025,7,NO,NA,NEW AGE,AVM,25/000241,,1/3/2025,118-2025-10-088697-01-7-00,,,,5/3/2025,5/3/2025,8/3/2025,AVM,6/3/2025,T001-3012,GUZMAN,6/3/2025,10,CHAO-ALMACEN,8/3/2025,10,11/3/2025,EG03-00005342,EG07-00002805,,4700003575-13,,
2024-2025,LIQUIDADO,24-142-HPER,4700003575-13,GONZALO,VERITAS,SUSTRATOS,EASY PLANTER 15 L,M&S,INV-AR-202425/177A,"20,000.00",KG,USD,"11,902.00","11,902.00",0,CIF,SEA,FCL,SRI LANKA,COLOMBO,CALLAO,1,40 HC,20,11/12/2024,NA,NA,DIRECTO,WAN HAI,,TCKU7872829,,3/12/2024,49,062E003877,KOTA EAGLE E002,15/2/2025,7,NO,NA,NEW AGE,AVM,25/000241,,1/3/2025,118-2025-10-088697-01-7-00,,,,5/3/2025,5/3/2025,8/3/2025,AVM,6/3/2025,T001-3011,GUZMAN,6/3/2025,10,CHAO-ALMACEN,8/3/2025,10,11/3/2025,EG03-00005350,EG07-00002838,,4700003575-13,,
2024-2025,LIQUIDADO,24-143-HPER,4700003575-14,GONZALO,VERITAS,SUSTRATOS,EASY PLANTER 15 L,M&S,INV-AR-202425/177B,"20,000.00",KG,USD,"11,902.00","11,902.00",0,CIF,SEA,FCL,SRI LANKA,COLOMBO,CALLAO,1,40 HC,20,11/12/2024,NA,NA,DIRECTO,WAN HAI,,WHLU5606120,,3/12/2024,49,062E004088,KOTA EAGLE E002,15/2/2025,7,NO,NA,NEW AGE,AVM,25/000242,,1/3/2025,118-2025-10-088650-01-0-00,,,,5/3/2025,5/3/2025,8/3/2025,AVM,6/3/2025,T001-3014,GUZMAN,6/3/2025,10,CHAO-ALMACEN,11/3/2025,11,20/3/2025,EG03-00005364,EG07-00002855,,4700003575-14,,
2024-2025,LIQUIDADO,24-143-HPER,4700003575-14,GONZALO,VERITAS,SUSTRATOS,EASY PLANTER 15 L,M&S,INV-AR-202425/177B,"20,000.00",KG,USD,"11,902.00","11,902.00",0,CIF,SEA,FCL,SRI LANKA,COLOMBO,CALLAO,1,40 HC,20,11/12/2024,NA,NA,DIRECTO,WAN HAI,,WHSU5427584,,3/12/2024,49,062E004088,KOTA EAGLE E002,15/2/2025,7,NO,NA,NEW AGE,AVM,25/000242,,1/3/2025,118-2025-10-088650-01-0-00,,,,5/3/2025,5/3/2025,8/3/2025,AVM,7/3/2025,T001-3030,GUZMAN,7/3/2025,10,CHAO-ALMACEN,11/3/2025,11,20/3/2025,EG03-00005370,EG07-00002861,,4700003575-14,,
2024-2025,LIQUIDADO,24-143-HPER,4700003575-14,GONZALO,VERITAS,SUSTRATOS,EASY PLANTER 15 L,M&S,INV-AR-202425/177B,"20,000.00",KG,USD,"11,902.00","11,902.00",0,CIF,SEA,FCL,SRI LANKA,COLOMBO,CALLAO,1,40 HC,20,11/12/2024,NA,NA,DIRECTO,WAN HAI,,WHSU5735463,,3/12/2024,49,062E004088,KOTA EAGLE E002,15/2/2025,7,NO,NA,NEW AGE,AVM,25/000242,,1/3/2025,118-2025-10-088650-01-0-00,,,,5/3/2025,5/3/2025,8/3/2025,AVM,6/3/2025,T001-3015,GUZMAN,6/3/2025,10,CHAO-ALMACEN,7/3/2025,10,20/3/2025,EG03-00005343,EG07-00002807,,4700003575-14,,
2024-2025,LIQUIDADO,24-144-HPER,4700003575-15,GONZALO,VERITAS,SUSTRATOS,EASY PLANTER 15 L,M&S,INV-AR-202425/177C,"20,000.00",KG,USD,"11,902.00","11,902.00",0,CIF,SEA,FCL,SRI LANKA,COLOMBO,CALLAO,1,40 HC,20,11/12/2024,NA,NA,DIRECTO,WAN HAI,,WHSU6312677,,3/12/2024,49,062E004089,KOTA EAGLE E002,15/2/2025,7,NO,NA,NEW AGE,AVM,25/000243,,1/3/2025,118-2025-10-088578-01-8-00,,,,5/3/2025,5/3/2025,8/3/2025,AVM,7/3/2025,T001-3032,GUZMAN,7/3/2025,10,CHAO-ALMACEN,11/3/2025,11,20/3/2025,EG03-00005366,EG07-00002858,,4700003575-15,,
2024-2025,LIQUIDADO,24-144-HPER,4700003575-15,GONZALO,VERITAS,SUSTRATOS,EASY PLANTER 15 L,M&S,INV-AR-202425/177C,"20,000.00",KG,USD,"11,902.00","11,902.00",0,CIF,SEA,FCL,SRI LANKA,COLOMBO,CALLAO,1,40 HC,20,11/12/2024,NA,NA,DIRECTO,WAN HAI,,GCXU5357673,,3/12/2024,49,062E004089,KOTA EAGLE E002,15/2/2025,7,NO,NA,NEW AGE,AVM,25/000243,,1/3/2025,118-2025-10-088578-01-8-00,,,,5/3/2025,5/3/2025,8/3/2025,AVM,7/3/2025,T001-3031,GUZMAN,7/3/2025,10,CHAO-ALMACEN,11/3/2025,11,20/3/2025,EG03-00005365,EG07-00002856,,4700003575-15,,
2024-2025,LIQUIDADO,24-144-HPER,4700003575-15,GONZALO,VERITAS,SUSTRATOS,EASY PLANTER 15 L,M&S,INV-AR-202425/177C,"20,000.00",KG,USD,"11,902.00","11,902.00",0,CIF,SEA,FCL,SRI LANKA,COLOMBO,CALLAO,1,40 HC,20,11/12/2024,NA,NA,DIRECTO,WAN HAI,,WHSU6663666,,3/12/2024,49,062E004089,KOTA EAGLE E002,15/2/2025,7,NO,NA,NEW AGE,AVM,25/000243,,1/3/2025,118-2025-10-088578-01-8-00,,,,5/3/2025,5/3/2025,8/3/2025,AVM,7/3/2025,T001-3033,GUZMAN,7/3/2025,10,CHAO-ALMACEN,11/3/2025,11,20/3/2025,EG03-00005368,EG07-00002859,,4700003575-15,,
2024-2025,LIQUIDADO,24-145-HPER,4700003575-16,GONZALO,VERITAS,SUSTRATOS,EASY PLANTER 15 L,M&S,INV-AR-202425/177D,"20,000.00",KG,USD,"11,902.00","11,902.00",0,CIF,SEA,FCL,SRI LANKA,COLOMBO,CALLAO,1,40 HC,20,11/12/2024,NA,NA,DIRECTO,WAN HAI,,WHSU5029214,,3/12/2024,49,062E004090,KOTA EAGLE E002,15/2/2025,7,NO,NA,NEW AGE,AVM,25/000244,,1/3/2025,118-2025-10-088509-01-6-00,,,,5/3/2025,5/3/2025,8/3/2025,AVM,7/3/2025,T001-3035,GUZMAN,7/3/2025,10,CHAO-ALMACEN,11/3/2025,11,,EG03-00005369,EG07-00002860,,4700003575-16,,
2024-2025,LIQUIDADO,24-145-HPER,4700003575-16,GONZALO,VERITAS,SUSTRATOS,EASY PLANTER 15 L,M&S,INV-AR-202425/177D,"20,000.00",KG,USD,"11,902.00","11,902.00",0,CIF,SEA,FCL,SRI LANKA,COLOMBO,CALLAO,1,40 HC,20,11/12/2024,NA,NA,DIRECTO,WAN HAI,,WHSU6021223,,3/12/2024,49,062E004090,KOTA EAGLE E002,15/2/2025,7,NO,NA,NEW AGE,AVM,25/000244,,1/3/2025,118-2025-10-088509-01-6-00,,,,5/3/2025,5/3/2025,8/3/2025,NA,6/3/2025,NA,VGL,7/3/2025,10,CHAO-ALMACEN,7/3/2025,10,,EG03-00004385,EG07-00002793,,4700003575-16,,
2024-2025,LIQUIDADO,24-145-HPER,4700003575-16,GONZALO,VERITAS,SUSTRATOS,EASY PLANTER 15 L,M&S,INV-AR-202425/177D,"20,000.00",KG,USD,"11,902.00","11,902.00",0,CIF,SEA,FCL,SRI LANKA,COLOMBO,CALLAO,1,40 HC,20,11/12/2024,NA,NA,DIRECTO,WAN HAI,,WHSU6864130,,3/12/2024,49,062E004090,KOTA EAGLE E002,15/2/2025,7,NO,NA,NEW AGE,AVM,25/000244,,1/3/2025,118-2025-10-088509-01-6-00,,,,5/3/2025,5/3/2025,8/3/2025,NA,6/3/2025,NA,VGL,7/3/2025,10,CHAO-ALMACEN,7/3/2025,10,,EG03-00004386,EG07-00002792,,4700003575-16,,
2024-2025,LIQUIDADO,24-146-HPER,4700003575-17,GONZALO,VERITAS,SUSTRATOS,EASY PLANTER 15 L,M&S,INV-AR-202425/177E,"20,000.00",KG,USD,"11,902.00","11,902.00",0,CIF,SEA,FCL,SRI LANKA,COLOMBO,CALLAO,1,40 HC,20,11/12/2024,NA,NA,DIRECTO,WAN HAI,,WHSU5600088,,3/12/2024,49,062E004091,KOTA EAGLE E002,15/2/2025,7,NO,NA,NEW AGE,AVM,25/000245,,1/3/2025,118-2025-10-088433-01-1-00,,,,5/3/2025,5/3/2025,8/3/2025,NA,6/3/2025,NA,CITITRANS,7/3/2025,10,CHAO-ALMACEN,7/3/2025,10,12/3/2025,EG03-00006022,EG07-00002814,,4700003575-17,,
2024-2025,LIQUIDADO,24-146-HPER,4700003575-17,GONZALO,VERITAS,SUSTRATOS,EASY PLANTER 15 L,M&S,INV-AR-202425/177E,"20,000.00",KG,USD,"11,902.00","11,902.00",0,CIF,SEA,FCL,SRI LANKA,COLOMBO,CALLAO,1,40 HC,20,11/12/2024,NA,NA,DIRECTO,WAN HAI,,WHLU5743550,,3/12/2024,49,062E004091,KOTA EAGLE E002,15/2/2025,7,NO,NA,NEW AGE,AVM,25/000245,,1/3/2025,118-2025-10-088433-01-1-00,,,,5/3/2025,5/3/2025,8/3/2025,NA,6/3/2025,NA,CITITRANS,7/3/2025,10,CHAO-ALMACEN,7/3/2025,10,12/3/2025,EG03-00006018,EG07-00002812,,4700003575-17,,
2024-2025,LIQUIDADO,24-146-HPER,4700003575-17,GONZALO,VERITAS,SUSTRATOS,EASY PLANTER 15 L,M&S,INV-AR-202425/177E,"20,000.00",KG,USD,"11,902.00","11,902.00",0,CIF,SEA,FCL,SRI LANKA,COLOMBO,CALLAO,1,40 HC,20,11/12/2024,NA,NA,DIRECTO,WAN HAI,,WHSU5608710,,3/12/2024,49,062E004091,KOTA EAGLE E002,15/2/2025,7,NO,NA,NEW AGE,AVM,25/000245,,1/3/2025,118-2025-10-088433-01-1-00,,,,5/3/2025,5/3/2025,8/3/2025,NA,6/3/2025,NA,CITITRANS,7/3/2025,10,CHAO-ALMACEN,7/3/2025,10,12/3/2025,EG03-00006023,EG07-00002815,,4700003575-17,,
2024-2025,LIQUIDADO,24-147-HPER,4700003575-18,GONZALO,VERITAS,SUSTRATOS,EASY PLANTER 15 L,M&S,INV-AR-202425/177F,"20,000.00",KG,USD,"11,902.00","11,902.00",0,CIF,SEA,FCL,SRI LANKA,COLOMBO,CALLAO,1,40 HC,20,11/12/2024,NA,NA,DIRECTO,WAN HAI,,WHSU6204137,,3/12/2024,49,062E004092,KOTA EAGLE E002,15/2/2025,7,NO,NA,NEW AGE,AVM,25/000246,,1/3/2025,118-2025-10-088490-01-3-00,,,,5/3/2025,5/3/2025,8/3/2025,NA,6/3/2025,NA,CITITRANS,7/3/2025,10,CHAO-ALMACEN,7/3/2025,10,12/3/2025,EG04-00000257,EG07-00002808,,4700003575-18,,
2024-2025,LIQUIDADO,24-147-HPER,4700003575-18,GONZALO,VERITAS,SUSTRATOS,EASY PLANTER 15 L,M&S,INV-AR-202425/177F,"20,000.00",KG,USD,"11,902.00","11,902.00",0,CIF,SEA,FCL,SRI LANKA,COLOMBO,CALLAO,1,40 HC,20,11/12/2024,NA,NA,DIRECTO,WAN HAI,,WHSU5957603,,3/12/2024,49,062E004092,KOTA EAGLE E002,15/2/2025,7,NO,NA,NEW AGE,AVM,25/000246,,1/3/2025,118-2025-10-088490-01-3-00,,,,5/3/2025,5/3/2025,8/3/2025,NA,6/3/2025,NA,CITITRANS,7/3/2025,10,CHAO-ALMACEN,7/3/2025,10,12/3/2025,EG04-00000258,EG07-00002811,,4700003575-18,,
2024-2025,LIQUIDADO,24-147-HPER,4700003575-18,GONZALO,VERITAS,SUSTRATOS,EASY PLANTER 15 L,M&S,INV-AR-202425/177F,"20,000.00",KG,USD,"11,902.00","11,902.00",0,CIF,SEA,FCL,SRI LANKA,COLOMBO,CALLAO,1,40 HC,20,11/12/2024,NA,NA,DIRECTO,WAN HAI,,WHSU6251273,,3/12/2024,49,062E004092,KOTA EAGLE E002,15/2/2025,7,NO,NA,NEW AGE,AVM,25/000246,,1/3/2025,118-2025-10-088490-01-3-00,,,,5/3/2025,5/3/2025,8/3/2025,NA,6/3/2025,NA,CITITRANS,7/3/2025,10,CHAO-ALMACEN,7/3/2025,10,12/3/2025,EG03-00006017,EG07-00002809,,4700003575-18,,
2024-2025,LIQUIDADO,24-181-HPER,4700003565-12,GONZALO,DEHUAN,E & E,MACETA PLASTICA 30 L,M&S,TLD24052DW-12,"23,100.00",UN,USD,"33,379.50","33,379.50",0,CIF,SEA,FCL,CHINA,NINGBO,CALLAO,1,40 HC,20,31/1/2025,NA,NA,DIRECTO,ONE,,TXGU4211490,,8/1/2025,2,ONEYNB4JJM223400,MSC GENOVA FA451A,15/2/2025,7,NO,NA,IMUPESA,PASOC,138915,31/1/2025,13/2/2025,118-2025-10-066795-01-6-00 ,,17/2/2025,,NA,NA,,NA,20/2/2025,T001-25589577,RANSA,21/2/2025,8,CHAO-ALMACEN,21/2/2025,8,11/3/2025,EG03-00001747,EG07-00002623,,4700003565-12,,
2024-2025,LIQUIDADO,24-181-HPER,4700003565-12,GONZALO,DEHUAN,E & E,MACETA PLASTICA 30 L,SAMPLE,TLD24052DW-00,896.00,UN,USD,"1,294.72","1,294.72",0,CIF,SEA,FCL,CHINA,NINGBO,CALLAO,1,40 HC,20,31/1/2025,NA,NA,DIRECTO,ONE,,TXGU4215480,,8/1/2025,2,ONEYNB4JJM223400,MSC GENOVA FA451A,15/2/2025,7,NO,NA,IMUPESA,PASOC,138915,31/1/2025,13/2/2025,118-2025-10-066795-01-6-00 ,,17/2/2025,,NA,NA,,NA,20/2/2025,T001-25589579,RANSA,21/2/2025,8,CHAO-ALMACEN,21/2/2025,8,11/3/2025,EG03-00001749,EG07-00002625,,4700003565-12,,
2024-2025,LIQUIDADO,24-181-HPER,4700003565-12,GONZALO,DEHUAN,E & E,MACETA PLASTICA 30 L,M&S,TLD24052DW-12,"22,974.00",UN,USD,"33,197.43","33,197.43",0,CIF,SEA,FCL,CHINA,NINGBO,CALLAO,1,40 HC,20,31/1/2025,NA,NA,DIRECTO,ONE,,TXGU4215480,,8/1/2025,2,ONEYNB4JJM223400,MSC GENOVA FA451A,15/2/2025,7,NO,NA,IMUPESA,PASOC,138915,31/1/2025,13/2/2025,118-2025-10-066795-01-6-00 ,,17/2/2025,,NA,NA,,NA,20/2/2025,T001-25589579,RANSA,21/2/2025,8,CHAO-ALMACEN,21/2/2025,8,11/3/2025,EG03-00001749,EG07-00002625,,4700003565-12,,
2024-2025,LIQUIDADO,24-181-HPER,4700003565-12,GONZALO,DEHUAN,E & E,MACETA PLASTICA 30 L,M&S,TLD24052DW-12,"21,430.00",UN,USD,"30,966.35","30,966.35",0,CIF,SEA,FCL,CHINA,NINGBO,CALLAO,1,40 HC,20,31/1/2025,NA,NA,DIRECTO,ONE,,TXGU4211890,,8/1/2025,2,ONEYNB4JJM223400,MSC GENOVA FA451A,15/2/2025,7,NO,NA,IMUPESA,PASOC,138915,31/1/2025,13/2/2025,118-2025-10-066795-01-6-00 ,,17/2/2025,,NA,NA,,NA,20/2/2025,T001-25589578,RANSA,21/2/2025,8,CHAO-ALMACEN,21/2/2025,8,11/3/2025,EG03-00001748,EG07-00002626,,4700003565-12,,
2024-2025,LIQUIDADO,24-238-HPER,PEA2H10101,GUILLERMO,LIVA BIO,E & E,STICKERS,SAMPLE,002,"1,000.00",UN,USD,0.10,0.10,0,DAP,AIR,AIR,ISRAEL,NESS ZIONA,LIMA,NA,NA,1,NA,NA,NA,COURIER,DHL,4064585125,NA,,5/2/2025,6,4064585125,DHL COURIER,20/2/2025,8,NO,NA,NA,DHL,NA,,7/2/2025,235-2025-28-862317-10-4-00,,,,NA,NA,,,,,,20/2/2025,8,,,52,,,,,PEA2H10101,,
2024-2025,LIQUIDADO,24-148-HPER,4700003575-19,GONZALO,VERITAS,SUSTRATOS,EASY PLANTER 15 L,M&S,INV-AR-202425/180A,"20,000.00",KG,USD,"11,902.00","11,902.00",0,CIF,SEA,FCL,SRI LANKA,COLOMBO,CALLAO,1,40 HC,20,2/1/2025,NA,NA,DIRECTO,WAN HAI,,WHSU5384374,,7/12/2024,49,062E004065,WAN HAI A02 E011,22/2/2025,8,NO,NA,NEW AGE,AVM,25/000247,16/2/2025,12/3/2025,118-2025-10-104986-01-0-00,,,,17/3/2025,17/3/2025,8/3/2025,AVM,19/3/2025,T001-3094,GUZMAN,19/3/2025,12,CHAO-ALMACEN,25/3/2025,13,27/3/2025,EG03-00005555,EG07-00003055,,4700003575-19,,
2024-2025,LIQUIDADO,24-148-HPER,4700003575-19,GONZALO,VERITAS,SUSTRATOS,EASY PLANTER 15 L,M&S,INV-AR-202425/180A,"20,000.00",KG,USD,"11,902.00","11,902.00",0,CIF,SEA,FCL,SRI LANKA,COLOMBO,CALLAO,1,40 HC,20,2/1/2025,NA,NA,DIRECTO,WAN HAI,,WHSU6409986,,7/12/2024,49,062E004065,WAN HAI A02 E011,22/2/2025,8,NO,NA,NEW AGE,AVM,25/000247,16/2/2025,12/3/2025,118-2025-10-104986-01-0-00,,,,17/3/2025,17/3/2025,8/3/2025,AVM,19/3/2025,T001-3096,GUZMAN,19/3/2025,12,CHAO-ALMACEN,25/3/2025,13,27/3/2025,EG03-00005551,EG07-00003054,,4700003575-19,,
2024-2025,LIQUIDADO,24-148-HPER,4700003575-19,GONZALO,VERITAS,SUSTRATOS,EASY PLANTER 15 L,M&S,INV-AR-202425/180A,"20,000.00",KG,USD,"11,902.00","11,902.00",0,CIF,SEA,FCL,SRI LANKA,COLOMBO,CALLAO,1,40 HC,20,2/1/2025,NA,NA,DIRECTO,WAN HAI,,WHSU6107965,,7/12/2024,49,062E004065,WAN HAI A02 E011,22/2/2025,8,NO,NA,NEW AGE,AVM,25/000247,16/2/2025,12/3/2025,118-2025-10-104986-01-0-00,,,,17/3/2025,17/3/2025,8/3/2025,AVM,19/3/2025,T001-3095,GUZMAN,19/3/2025,12,CHAO-ALMACEN,25/3/2025,13,27/3/2025,EG03-00005554,EG07-00003058,,4700003575-19,,
2024-2025,LIQUIDADO,24-149-HPER,4700003575-20,GONZALO,VERITAS,SUSTRATOS,EASY PLANTER 15 L,M&S,INV-AR-202425/180B,"20,000.00",KG,USD,"11,902.00","11,902.00",0,CIF,SEA,FCL,SRI LANKA,COLOMBO,CALLAO,1,40 HC,20,2/1/2025,NA,NA,DIRECTO,WAN HAI,,WHLU5837069,,7/12/2024,49,062E004192,WAN HAI A02 E011,22/2/2025,8,NO,NA,NEW AGE,AVM,25/000248,16/2/2025,12/3/2025,118-2025-10-104976-01-5-00,,,,17/3/2025,17/3/2025,12/3/2025,AVM,19/3/2025,,GUZMAN,19/3/2025,12,CHAO-ALMACEN,,52,,,,,4700003575-20,,
2024-2025,LIQUIDADO,24-149-HPER,4700003575-20,GONZALO,VERITAS,SUSTRATOS,EASY PLANTER 15 L,M&S,INV-AR-202425/180B,"20,000.00",KG,USD,"11,902.00","11,902.00",0,CIF,SEA,FCL,SRI LANKA,COLOMBO,CALLAO,1,40 HC,20,2/1/2025,NA,NA,DIRECTO,WAN HAI,,WHLU5607019,,7/12/2024,49,062E004192,WAN HAI A02 E011,22/2/2025,8,NO,NA,NEW AGE,AVM,25/000248,16/2/2025,12/3/2025,118-2025-10-104976-01-5-00,,,,17/3/2025,17/3/2025,12/3/2025,AVM,19/3/2025,,GUZMAN,19/3/2025,12,CHAO-ALMACEN,,52,,,,,4700003575-20,,
2024-2025,LIQUIDADO,24-149-HPER,4700003575-20,GONZALO,VERITAS,SUSTRATOS,EASY PLANTER 15 L,M&S,INV-AR-202425/180B,"20,000.00",KG,USD,"11,902.00","11,902.00",0,CIF,SEA,FCL,SRI LANKA,COLOMBO,CALLAO,1,40 HC,20,2/1/2025,NA,NA,DIRECTO,WAN HAI,,WHSU5041565,,7/12/2024,49,062E004192,WAN HAI A02 E011,22/2/2025,8,NO,NA,NEW AGE,AVM,25/000248,16/2/2025,12/3/2025,118-2025-10-104976-01-5-00,,,,17/3/2025,17/3/2025,12/3/2025,AVM,19/3/2025,,GUZMAN,19/3/2025,12,CHAO-ALMACEN,,52,,,,,4700003575-20,,
2024-2025,LIQUIDADO,24-150-HPER,4700003575-21,GONZALO,VERITAS,SUSTRATOS,EASY PLANTER 15 L,M&S,INV-AR-202425/180C,"20,000.00",KG,USD,"11,902.00","11,902.00",0,CIF,SEA,FCL,SRI LANKA,COLOMBO,CALLAO,1,40 HC,20,2/1/2025,NA,NA,DIRECTO,WAN HAI,,WHSU5002893,,7/12/2024,49,062E004193,WAN HAI A02 E011,22/2/2025,8,NO,NA,NEW AGE,AVM,25/000249,16/2/2025,12/3/2025,118-2025-10-104873-01-1-00,,,,17/3/2025,17/3/2025,12/3/2025,AVM,18/3/2025,T001-3092,GUZMAN,18/3/2025,12,CHAO-ALMACEN,20/3/2025,12,25/3/2025,EG03-00005441,EG07-00002993,,4700003575-21,,
2024-2025,LIQUIDADO,24-150-HPER,4700003575-21,GONZALO,VERITAS,SUSTRATOS,EASY PLANTER 15 L,M&S,INV-AR-202425/180C,"20,000.00",KG,USD,"11,902.00","11,902.00",0,CIF,SEA,FCL,SRI LANKA,COLOMBO,CALLAO,1,40 HC,20,2/1/2025,NA,NA,DIRECTO,WAN HAI,,WHLU5620854,,7/12/2024,49,062E004193,WAN HAI A02 E011,22/2/2025,8,NO,NA,NEW AGE,AVM,25/000249,16/2/2025,12/3/2025,118-2025-10-104873-01-1-00,,,,17/3/2025,17/3/2025,12/3/2025,AVM,18/3/2025,T001-3090,GUZMAN,18/3/2025,12,CHAO-ALMACEN,20/3/2025,12,25/3/2025,EG03-00005442,EG07-00002994,,4700003575-21,,
2024-2025,LIQUIDADO,24-150-HPER,4700003575-21,GONZALO,VERITAS,SUSTRATOS,EASY PLANTER 15 L,M&S,INV-AR-202425/180C,"20,000.00",KG,USD,"11,902.00","11,902.00",0,CIF,SEA,FCL,SRI LANKA,COLOMBO,CALLAO,1,40 HC,20,2/1/2025,NA,NA,DIRECTO,WAN HAI,,WHLU5696382,,7/12/2024,49,062E004193,WAN HAI A02 E011,22/2/2025,8,NO,NA,NEW AGE,AVM,25/000249,16/2/2025,12/3/2025,118-2025-10-104873-01-1-00,,,,17/3/2025,17/3/2025,12/3/2025,AVM,18/3/2025,T001-3091,GUZMAN,18/3/2025,12,CHAO-ALMACEN,21/3/2025,12,25/3/2025,EG03-00005454,EG07-00003012,,4700003575-21,,
2024-2025,LIQUIDADO,24-154-HPER,4700003508-3,FIORELLA,FASTIK,E & E,FILM PUNNET PET 18OZ 7X7,-,89838A,"1,424,500.00",UN,USD,"100,797.62","100,797.62",0,EXW,SEA,LCL,USA,LOS ANGELES,CALLAO,NA,NA,8,13/2/2025,2/12/2024,3/12/2024,AIRSEALOG,ONE,S00047939,TCLU5407337,,30/1/2025,5,LAX/CAL/16026,MANZANILLO EXPRESS 2503E,23/2/2025,8,SI,13/2/2025,,LIP,2756,18/2/2025,21/2/2025,118-2025-10-077364-01-1-00,,,,NA,NA,,LIP,27/2/2025,T001-5289,GUZMAN,27/2/2025,9,SALAVERRY,5/3/2025,10,10/3/2025,EG03-00005322,EG07-00002772,,4700003508-3,,
2024-2025,LIQUIDADO,24-154-HPER,4700003500-2,FIORELLA,FASTIK,E & E,FILM PUNNET PET 18OZ 7X7,-,89838A,"159,500.00",UN,USD,"11,286.22","11,286.22",0,EXW,SEA,LCL,USA,LOS ANGELES,CALLAO,NA,NA,1,13/2/2025,2/12/2024,3/12/2024,AIRSEALOG,ONE,S00047939,TCLU5407337,,30/1/2025,5,LAX/CAL/16026,MANZANILLO EXPRESS 2503E,23/2/2025,8,SI,13/2/2025,,LIP,2756,18/2/2025,21/2/2025,118-2025-10-077364-01-1-00,,,,NA,NA,,LIP,27/2/2025,T001-5289,GUZMAN,27/2/2025,9,SALAVERRY,14/3/2025,11,17/3/2025,EG03-00006283,EG07-00002885,,4700003500-2,,
2024-2025,LIQUIDADO,24-152-HPER,4700003575-23,GONZALO,VERITAS,SUSTRATOS,EASY PLANTER 15 L,M&S,INV-AR-202425/180E,"20,000.00",KG,USD,"11,902.00","11,902.00",0,CIF,SEA,FCL,SRI LANKA,COLOMBO,CALLAO,1,40 HC,20,2/1/2025,NA,NA,DIRECTO,WAN HAI,,WHLU5814443,,7/12/2024,49,062E004195,WAN HAI A02 E011,22/2/2025,8,NO,NA,NEW AGE,AVM,25/000251,17/2/2025,12/3/2025,118-2025-10-104772-01-0-00,,,,17/3/2025,17/3/2025,12/3/2025,AVM,18/3/2025,T001-3093,GUZMAN,18/3/2025,12,CHAO-ALMACEN,21/3/2025,12,25/3/2025,EG03-00005456,EG07-00003015,,4700003575-23,,
2024-2025,LIQUIDADO,24-152-HPER,4700003575-23,GONZALO,VERITAS,SUSTRATOS,EASY PLANTER 15 L,M&S,INV-AR-202425/180E,"20,000.00",KG,USD,"11,902.00","11,902.00",0,CIF,SEA,FCL,SRI LANKA,COLOMBO,CALLAO,1,40 HC,20,2/1/2025,NA,NA,DIRECTO,WAN HAI,,WHSU6427296,,7/12/2024,49,062E004195,WAN HAI A02 E011,22/2/2025,8,NO,NA,NEW AGE,AVM,25/000251,17/2/2025,12/3/2025,118-2025-10-104772-01-0-00,,,,17/3/2025,17/3/2025,12/3/2025,AVM,18/3/2025,T001-3089,GUZMAN,18/3/2025,12,CHAO-ALMACEN,21/3/2025,12,25/3/2025,EG03-00005455,EG07-00003014,,4700003575-23,,
2024-2025,LIQUIDADO,24-152-HPER,4700003575-23,GONZALO,VERITAS,SUSTRATOS,EASY PLANTER 15 L,M&S,INV-AR-202425/180E,"20,000.00",KG,USD,"11,902.00","11,902.00",0,CIF,SEA,FCL,SRI LANKA,COLOMBO,CALLAO,1,40 HC,20,2/1/2025,NA,NA,DIRECTO,WAN HAI,,WHSU5393669,,7/12/2024,49,062E004195,WAN HAI A02 E011,22/2/2025,8,NO,NA,NEW AGE,AVM,25/000251,17/2/2025,12/3/2025,118-2025-10-104772-01-0-00,,,,17/3/2025,17/3/2025,12/3/2025,AVM,18/3/2025,T001-3088,GUZMAN,18/3/2025,12,CHAO-ALMACEN,21/3/2025,12,25/3/2025,EG03-00005457,EG07-00003013,,4700003575-23,,
2024-2025,LIQPARCIAL,25-001-HPER,4700003697,MELANIE,KOPLOW,E & E,MODULO DE CRIANZA,-,2,1.00,UN,USD,"9,728.00","9,728.00",0,EXW,AIR,AIR,CHILE,SANTIAGO,LIMA,NA,NA,4,NA,NA,NA,CRISAL,SKY,605-00569295,NA,,22/3/2025,12,RSM202019,SKY AIRLINES,22/3/2025,12,SI,20/3/2025,,RUSEM,441,NA,21/3/2025,235-2025-10-045290-01-9-00,,,,NA,NA,,NA,NA,NA,RUSEM,25/3/2025,13,CHAO-ALMACEN,25/3/2025,13,25/3/2025,EG03-00000279,NA,,4700003697,,
2024-2025,ENTREGADO,24-034-HFEB,4700003725,OMAR,PROMISOL,AGQ,CYTOLAN,-,F/25001,"2,000.00",KG,EUR,"21,700.00","23,870.00",90,EXW,SEA,LCL,ESPAÑA,BARCELONA,CALLAO,NA,NA,3,NA,19/12/2024,19/12/2024,AIRSEALOG,CMA CGM,S00048506,TCNU3593841,,20/1/2025,4,BCN/CAL/07622,COSCO SHIPPING VOLGA 0WCK7S1MA,7/3/2025,10,NO,NA,DPW,AVM,25/000407,4/3/2025,6/3/2025,118-2025-10-094560-01-1-00,,,,NA,NA,,,13/3/2025,,AVM,14/3/2025,11,OLMOS,14/3/2025,11,,,,,4700003725,,
2024-2025,LIQUIDADO,24-229-HPER,4700003726,GONZALO,GUANGDONG,EQP & INST,CABLE + LAMPARAS,-,24520241209,440.00,UN,USD,"140,042.05","140,042.05",0,CFR,SEA,FCL,CHINA,GUANGDONG,CALLAO,1,40 HC,20,13/2/2025,NA,NA,DIRECTO,YANG MING,,MAGU5579564,,4/2/2025,6,SZN25011406,WAN HAI A06 E006,8/3/2025,10,SI,26/2/2025,IMUPESA,LIP,3076,26/2/2025,7/3/2025,118-2025-10-097348-01-1-00,,,,NA,NA,29/3/2025,NA,14/3/2025,T001-5350,CITITRANS,15/3/2025,11,CHAO-ALMACEN,15/3/2025,11,,EG03-00006126,EG07-00002948,,4700003726,,
2024-2025,LIQUIDADO,24-229-HPER,4700003726,GONZALO,GUANGDONG,EQP & INST,CABLE + LAMPARAS,-,24520241209,424.00,UN,USD,"134,949.61","134,949.61",0,CFR,SEA,FCL,CHINA,GUANGDONG,CALLAO,1,40 HC,20,13/2/2025,NA,NA,DIRECTO,YANG MING,,GCXU5077456,,4/2/2025,6,SZN25011406,WAN HAI A06 E006,8/3/2025,10,SI,26/2/2025,IMUPESA,LIP,3076,26/2/2025,7/3/2025,118-2025-10-097348-01-1-00,,,,NA,NA,29/3/2025,NA,14/3/2025,T001-5349,CITITRANS,15/3/2025,11,CHAO-ALMACEN,15/3/2025,11,,EG03-00006127,EG07-00002950,,4700003726,,
2024-2025,LIQUIDADO,24-229-HPER,4700003726,GONZALO,GUANGDONG,EQP & INST,CABLE + LAMPARAS,-,24520241209,114.00,UN,USD,"36,283.62","36,283.62",0,CFR,SEA,FCL,CHINA,GUANGDONG,CALLAO,1,40 HC,14,13/2/2025,NA,NA,DIRECTO,YANG MING,,YMMU6477873,,4/2/2025,6,SZN25011406,WAN HAI A06 E006,8/3/2025,10,SI,26/2/2025,IMUPESA,LIP,3076,26/2/2025,7/3/2025,118-2025-10-097348-01-1-00,,,,NA,NA,29/3/2025,NA,14/3/2025,T001-5351,CITITRANS,15/3/2025,11,CHAO-ALMACEN,15/3/2025,11,,EG03-00000273,EG07-00002951,,4700003726,,
2024-2025,LIQUIDADO,24-236-HPER,4700003563-4,OMAR,PROMISOL,AGQ,PROMI-CALFOR,-,F/25043,"24,000.00",KG,EUR,"86,400.00","95,040.00",90,EXW,SEA,FCL,ESPAÑA,BARCELONA,CALLAO,1,20 ST,20,13/2/2025,4/2/2025,4/2/2025,AIRSEALOG,HAPAG,S00049945,NIDU2302926,,24/2/2025,9,PBEM059939,CARTAGENA EXPRESS 5206S,21/3/2025,12,SI,13/2/2025,IMUPESA,AVM,25/000453,18/3/2025,20/3/2025,118-2025-10-117301-01-1-00,,,,NA,NA,,AVM,25/3/2025,T001-3112,GUZMAN,25/3/2025,13,CHAO-ALMACEN,29/3/2025,13,31/3/2025,EG03-00005657,EG07-00003126,PENDIENTE,4700003563-4,,
2024-2025,LIQUIDADO,24-239-HPER,4700003561-3,OMAR,BIOCONSUL,AGQ,ORGANCAB K (ABONO ORGANICO),-,BE003/25,"20,000.00",LT,EUR,"15,000.00","16,500.00",60,EXW,SEA,FCL,ESPAÑA,VALENCIA,CALLAO,1,40 HC,20,13/2/2025,4/2/2025,4/2/2025,AIRSEALOG,HAPAG,S00049799,HAMU3143946,,16/2/2025,7,PAEM019568,CARTAGENA EXPRESS 5206S,21/3/2025,12,SI,17/2/2025,IMUPESA,AVM,25/000454,18/3/2025,20/3/2025,118-2025-10-117823-01-8-00,,,,NA,NA,,AVM,25/3/2025,T001-3111,GUZMAN,25/3/2025,13,CHAO-ALMACEN,29/3/2025,13,31/3/2025,EG03-00005656,EG07-00003124,,4700003561-3,,
2024-2025,LIQUIDADO,25-005-HPER,PEA2H10101,ZANDER,QD XEKS,E & E,ETIQUETAS,SAMPLE,,,,USD,,0.00,0,DAP,AIR,AIR,CHINA,QINGDAO,LIMA,NA,NA,1,NA,NA,NA,COURIER,FEDEX,286038527255,,,4/3/2025,10,286038527255,FEDEX COURIER,5/4/2025,14,NO,NA,NA,FEDEX,,,,,,,,NA,NA,,,,,,5/4/2025,14,SALAVERRY,,52,10/4/2025,,,,PEA2H10101,,
2024-2025,LIQUIDADO,25-004-HPER,4700003819,GONZALO,AVIBIOL,SUSTRATOS,FIBRA DE COCO,-,F001-00002619,"23,600.00",KG,USD,"15,799.20","15,799.20",0,CIF,SEA,FCL,ESPAÑA,VALENCIA,CALLAO,1,40 HC,24,18/3/2025,NA,NA,DIRECTO,CMA CGM,ALC0140439,SEGU4964010,,1/3/2025,9,ALC0140439,SANTOS EXPRESS 0WCKHS1MA,30/3/2025,13,NO,NA,NEW AGE,AVM,25/000452,20/3/2025,25/3/2025,118-2025-10-125495-01-6-00,,,,2/4/2025,2/4/2025,,AVM,3/4/2025,T001-3124,GUZMAN,3/4/2025,14,CHAO-ALMACEN,15/4/2025,16,15/4/2025,EG03-00006106,EG07-00003295,,4700003819,,
2024-2025,RECIBIDO,24-235-HPER,,HUB,HF GENETICS,PLANTAS,VARIEDADES SELECCIONADAS,SAMPLE,7020000502,"1,257.00",UN,USD,"3,612.00","3,612.00",30,CPT,AIR,AIR,CHILE,SANTIAGO,LIMA,NA,NA,1,NA,NA,NA,DIRECTO,KOREAN,180-13845366,NA,,10/2/2025,7,180-13845366,KOREAN AIRLINES,10/2/2025,7,SI,10/2/2025,SAASA,AVM,25/000188,10/2/2025,11/2/2025,235-2025-10-021851-01-0-00,10/2/2025,10/2/2025,,12/2/2025,12/2/2025,NA,NA,13/2/2025,T001-2956,AVM,14/2/2025,7,CHAO - VIVEROS,14/2/2025,7,,NA,NA,,0,,
2024-2025,RETIRADO,24-242-HPER,4700003814,MARICIELO,JCK,E & E,PUNNET PET 11OZ 5X7,-,1069,"505,440.00",UN,USD,"25,777.44","25,777.44",90,EXW,SEA,FCL,CHILE,SAN ANTONIO,CALLAO,1,40 HC,624,19/2/2025,4/2/2025,4/2/2025,AIRSEALOG,HAPAG,S00049796,HLBU2846100,,21/2/2025,8,ASLCLS00049796,CMA CGM JACQUES JOSEPH 5202N,24/2/2025,9,SI,19/2/2025,IMUPESA,LIP,2805,20/2/2025,21/2/2025,118-2025-10-079009-01-4-00,,,,NA,NA,,LIP,1/3/2025,,GUZMAN,1/3/2025,9,PACKING CHAO,,52,,,,,4700003814,,
2024-2025,LIQUIDADO,24-240-HPER,PEA2H10101,FIORELLA,KIHADAA,E & E,FILM RESELLABLE,SAMPLE,F-001,1.00,UN,USD,10.00,10.00,0,DAP,AIR,AIR,CANADA,BRITISH COLUMBIA,LIMA,NA,NA,1,NA,NA,NA,COURIER,DHL,8304996405,NA,,18/2/2025,8,8304996405,DHL COURIER,25/2/2025,9,NO,NA,NA,DHL,NA,NA,19/2/2025,235-2025-28-1201361-10-41-1-00,,,,NA,NA,,,,,,25/2/2025,9,SALAVERRY,25/2/2025,9,,,,,PEA2H10101,,
2024-2025,LIQUIDADO,24-241-HPER,5400000718,HUB,HF GENETICS,PLANTAS,PLANTAS IN VITRO ,SAMPLE,7020000505,400.00,UN,USD,"1,700.00","1,700.00",30,CPT,AIR,AIR,USA,PORTLAND,LIMA,NA,NA,1,NA,NA,NA,DIRECTO,DELTA,006-67545015,,,20/2/2025,8,006-67545015,DELTA AIRLINES,21/2/2025,8,SI,20/2/2025,TALMA,AVM,25/000371,20/2/2025,21/2/2025,235-2025-10-027752-01-4-00,,,,25/2/2025,25/2/2025,NA,NA,25/2/2025,T001-2976,AVM,26/2/2025,9,CHAO-VIVERO,26/2/2025,9,13/3/2025,NA,NA,,5400000718,,
2024-2025,POR RETIRAR,24-237-HPER,4700003775,OMAR,CODIAGRO,AGQ,FITOKONTROL-K,-,120,"15,000.00",LT,EUR,"38,592.00","42,451.20",0,EXW,SEA,FCL,ESPAÑA,VALENCIA,CALLAO,1,20 ST,15,14/3/2025,14/2/2025,14/2/2025,AIRSEALOG,HAPAG,S00050181 ,GESU3971576,,11/3/2025,11,VEM25015189,GUAYAQUIL EXPRESS 5210S,18/4/2025,16,SI,14/3/2025,IMUPESA,AVM,25/000530,7/4/2025,16/4/2025,118-2025-10-159007-01-4-00,,,,NA,NA,,,,,,25/4/2025,17,,,52,,,,,4700003775,,
2024-2025,ADUANAS,24-035-HFEB,4700003805,OMAR,PROMISOL,AGQ,CYTOL FLOW AMIN,-,F-25077,"1,800.00",KG,EUR,"18,540.00","20,394.00",90,EXW,SEA,LCL,ESPAÑA,BARCELONA,CALLAO,NA,NA,3,NA,24/2/2025,25/2/2025,AIRSEALOG,CMA CGM,,ECMU7587598,,14/3/2025,11,012025023229,GUAYAQUIL EXPRESS 0WCKLS1MA,18/4/2025,16,NO,NA,VILLAS OQUENDO,AVM,25/000543,11/4/2025,16/4/2025,118-2025-10-157939-01-7-00,,,,NA,NA,,,,,,25/4/2025,17,,,52,,,,,4700003805,,
2024-2025,ADUANAS,24-035-HFEB,4700003805,OMAR,PROMISOL,AGQ,MUCIGEL,-,F-25077,"2,000.00",LT,EUR,"16,800.00","18,480.00",90,EXW,SEA,LCL,ESPAÑA,BARCELONA,CALLAO,NA,NA,2,NA,24/2/2025,25/2/2025,AIRSEALOG,CMA CGM,,ECMU7587598,,14/3/2025,11,012025023229,GUAYAQUIL EXPRESS 0WCKLS1MA,18/4/2025,16,NO,NA,VILLAS OQUENDO,AVM,25/000543,11/4/2025,16/4/2025,118-2025-10-157939-01-7-00,,,,NA,NA,,,,,,25/4/2025,17,,,52,,,,,4700003805,,
2024-2025,POR RETIRAR,24-243-HPER,4700003852,OMAR,PROMISOL,AGQ,CYTOL FLOW AMIN,-,F-25078,"2,000.00",KG,EUR,"20,600.00","22,660.00",90,EXW,SEA,LCL,ESPAÑA,VALENCIA,CALLAO,NA,NA,3,16/3/2025,24/2/2025,25/2/2025,FORBIS,CMA CGM,,ECMU7587598,,14/3/2025,11,012025023399,GUAYAQUIL EXPRESS 0WCKLS1MA,18/4/2025,16,SI,14/3/2025,VILLAS OQUENDO,AVM,25/000545,11/4/2025,16/4/2025,118-2025-10-157631-01-2-00,,,,NA,NA,,,,,,25/4/2025,17,,,52,,,,,4700003852,,
2024-2025,RETIRADO,25-006-HPER,4700003857,MELANIE,INTRALOX,SPAREPARTS,REPUESTOS VARIOS,-,43138538,40.00,UN,USD,953.20,953.20,0,FCA,AIR,AIR,USA,MIAMI,LIMA,NA,NA,1,NA,21/3/2025,24/3/2025,AIRSEALOG,AIRMAX,658-30838382,,,5/4/2025,14,AEMIA25002568,AIRMAX CARGO,5/4/2025,14,NO,NA,SHOHIN,LIP,4598,1/4/2025,2/4/2025,235-2025-10-051972-01-0-00,,,,NA,NA,,LIP,8/4/2025,,GUZMAN,8/4/2025,15,,,52,,,,,4700003857,,
2024-2025,RETIRADO,25-006-HPER,4700003853,MELANIE,INTRALOX,SPAREPARTS,REPUESTOS VARIOS,-,43153765,1.00,UN,USD,"5,504.79","5,504.79",0,FCA,AIR,AIR,USA,MIAMI,LIMA,NA,NA,1,NA,21/3/2025,24/3/2025,AIRSEALOG,AIRMAX,658-30838382,,,5/4/2025,14,AEMIA25002568,AIRMAX CARGO,5/4/2025,14,NO,NA,SHOHIN,LIP,4598,1/4/2025,2/4/2025,235-2025-10-051972-01-0-00,,,,NA,NA,,LIP,8/4/2025,,GUZMAN,8/4/2025,15,,,52,,,,,4700003853,,
2024-2025,LIQPARCIAL,25-003-HPER,4700003664,GONZALO,A&B,SPAREPARTS,RPTOS VARIOS PARA MAQUINA PESADORA DE ARANDANOS A&B,-,20824,21.00,UN,USD,"1,849.15","1,849.15",0,EXW,AIR,AIR,USA,MIAMI,LIMA,NA,NA,1,NA,,,FORBIS,LAN,045-10846566,NA,NA,26/3/2025,13,FOR70370899,LAN CARGO,26/3/2025,13,SI,25/3/2025,TALMA,LIP,4260,25/3/2025,25/3/2025,235-2025-10-047487-01-4-00,,,,NA,NA,,LIP,28/3/2025,T001-5411,GUZMAN,28/3/2025,13,SALAVERRY,9/4/2025,15,10/4/2025,EG03-00006054,EG07-00003235,NA,4700003664,,
2024-2025,LIQPARCIAL,25-003-HPER,4700003858,MELANIE,A&B,SPAREPARTS,RPTOS VARIOS PARA MAQUINA PESADORA DE ARANDANOS A&B,-,430,"5,158.00",UN,USD,"22,756.46","22,756.46",0,EXW,AIR,AIR,USA,MIAMI,LIMA,NA,NA,3,NA,,,FORBIS,LAN,045-10846566,NA,NA,26/3/2025,13,FOR70370899,LAN CARGO,26/3/2025,13,SI,25/3/2025,TALMA,LIP,4260,25/3/2025,25/3/2025,235-2025-10-047487-01-4-00,,,,NA,NA,,LIP,28/3/2025,T001-5411,GUZMAN,28/3/2025,13,SALAVERRY,9/4/2025,15,10/4/2025,EG03-00006054,EG07-00003235,,4700003858,,
2024-2025,POR RETIRAR,24-243-HPER,4700003852,OMAR,PROMISOL,AGQ,CYTOLAN,-,F-25078,"1,000.00",KG,EUR,"10,850.00","11,935.00",90,EXW,SEA,LCL,ESPAÑA,VALENCIA,CALLAO,NA,NA,2,16/3/2025,24/2/2025,25/2/2025,FORBIS,CMA CGM,,ECMU7587598,,14/3/2025,11,012025023399,GUAYAQUIL EXPRESS 0WCKLS1MA,18/4/2025,16,SI,14/3/2025,VILLAS OQUENDO,AVM,25/000545,11/4/2025,16/4/2025,118-2025-10-157631-01-2-00,,,,NA,NA,,,,,,25/4/2025,17,,,52,,,,,4700003852,,
2024-2025,ADUANAS,24-036-HFEB,4700003806,OMAR,EDEN,AGQ,DISPER CHLOROPHYL,-,2025-1707,"1,000.00",KG,EUR,"26,200.00","28,820.00",90,EXW,SEA,LCL,ESPAÑA,BARCELONA,CALLAO,NA,NA,3,NA,13/2/2025,14/2/2025,AIRSEALOG,MSC,S00050182,MSNU2015545,,9/3/2025,10,BCN/CAL/07719,MSC ALANYA XA514A,24/4/2025,17,NO,NA,DPW,AVM,25/000557,16/4/2025,22/4/2025,118-2025-10-164498-01-2-00,,,,NA,NA,,,,,,1/5/2025,18,,,52,,,,,4700003806,,
2024-2025,LIQPARCIAL,24-244-HPER,4700003821,MELANIE,UNITEC,SPAREPARTS,REPUESTOS VARIOS,-,285,15.00,UN,EUR,572.95,630.25,30,EXW,AIR,AIR,CHILE,SANTIAGO,LIMA,NA,NA,1,NA,26/2/2025,27/2/2025,FORBIS,KOREAN,180-13992473,NA,,7/3/2025,10,PELIM25034E,KOREAN AIRLINES,7/3/2025,10,SI,6/3/2025,ALFOSAC,LIP,3427,6/3/2025,6/3/2025,235-2025-10-035813-01-9-00,,,,NA,NA,NA,LIP,11/3/2025,T001-5329,GUZMAN,11/3/2025,11,SALAVERRY,14/3/2025,11,17/3/2025,EG03-00005378,EG07-00002886,,4700003821,,
2024-2025,LIQPARCIAL,24-244-HPER,4700003811,MARICIELO,UNITEC,SPAREPARTS,REPUESTOS VARIOS,-,283,173.00,UN,EUR,"5,519.75","6,071.73",30,EXW,AIR,AIR,CHILE,SANTIAGO,LIMA,NA,NA,1,NA,26/2/2025,27/2/2025,FORBIS,KOREAN,180-13992473,NA,,7/3/2025,10,PELIM25034E,KOREAN AIRLINES,7/3/2025,10,SI,6/3/2025,ALFOSAC,LIP,3427,6/3/2025,6/3/2025,235-2025-10-035813-01-9-00,,,,NA,NA,NA,LIP,11/3/2025,T001-5329,GUZMAN,11/3/2025,11,SALAVERRY,14/3/2025,11,17/3/2025,EG03-00005378,EG07-00002886,,4700003811,,
2024-2025,TRANSITO,25-002-HPER,4700003859,OMAR,EDEN,AGQ,DISPER CHLOROPHYL,-,2025-1718,"1,000.00",KG,EUR,"26,200.00","28,820.00",90,EXW,SEA,LCL,ESPAÑA,VALENCIA,CALLAO,NA,NA,2,27/3/2025,14/3/2025,14/3/2025,GASTALDI,CMA CGM,,TIIU6274955,,31/3/2025,14,250100802/0113, CALLAO EXPRESS 0WCKPS1MA ,2/5/2025,18,SI,27/3/2025,,PASOC,,,,,,,,NA,NA,,,,,,9/5/2025,19,,,52,,,,,4700003859,,
2024-2025,TRANSITO,25-001-HFEB,4700003851-1,GONZALO,CARFIA,SUSTRATOS,FIBRA DE COCO,-,A/25003,"20,000.00",KG,USD,"11,956.32","11,956.32",,FOB,SEA,FCL,INDIA,TUTICORIN,CALLAO,1,40 HC,20,NA,4/3/2025,6/3/2025,AIRSEALOG,MSC,EBKG12156456 ,GLDU7334490,,23/3/2025,12,CTLTTU0000824695,APL SAVANNAH MA508R,24/5/2025,21,NO,NA,IMUPESA,AVM,,,,,,,,PENDIENTE,PENDIENTE,,,,,,3/6/2025,23,,,52,,,,,4700003851-1,,
2024-2025,TRANSITO,25-001-HFEB,4700003851-1,GONZALO,CARFIA,SUSTRATOS,FIBRA DE COCO,-,A/25003,"20,000.00",KG,USD,"11,956.32","11,956.32",,FOB,SEA,FCL,INDIA,TUTICORIN,CALLAO,1,40 HC,20,NA,4/3/2025,6/3/2025,AIRSEALOG,MSC,EBKG12156456 ,TCNU7011091,,23/3/2025,12,CTLTTU0000824695,APL SAVANNAH MA508R,24/5/2025,21,NO,NA,IMUPESA,AVM,,,,,,,,PENDIENTE,PENDIENTE,,,,,,3/6/2025,23,,,52,,,,,4700003851-1,,
2024-2025,TRANSITO,25-002-HFEB,4700003860,GONZALO,ORGANIA,SUSTRATOS,FIBRA DE COCO,-,REM/2425/D157,"7,533.00",UN,USD,"12,094.98","12,094.98",0,FOB,SEA,FCL,INDIA,TUTICORIN,CALLAO,1,40,20,NA,7/3/2025,7/3/2025,GASTALDI,ONE,TUTF03265600,BSIU9697784,,29/3/2025,13,DEL24251348,ITAJAI EXPRESS 2516E,25/5/2025,21,NO,NA,IMUPESA,AVM,,,,,,,,PENDIENTE,PENDIENTE,,,,,,4/6/2025,23,,,52,,,,,4700003860,,
2024-2025,ENTREGADO,25-005-HFEB,4700003777,VICTOR,SMARTPACK,SPAREPARTS,RPTOS VARIOS PARA MAQUINA HEAT SEALER,-,239,120.00,UN,USD,"7,539.00","7,539.00",30,EXW,AIR,AIR,CHILE,SANTIAGO,LIMA,NA,NA,1,NA,21/3/2025,24/3/2025,AIRSEALOG,SKY,605-00552145,,,29/3/2025,13,S2503542163,SKY AIRLINES,29/3/2025,13,NO,NA,SHOHIN,LIP,4448,,28/3/2025,235-2025-10-050126-01-9-00,,,,NA,NA,,,,,LIP,7/4/2025,15,OLMOS,7/4/2025,15,,,,,4700003777,,
2024-2025,ADUANAS,25-008-HPER,4700003613,MIGUEL,A&B,SPAREPARTS,RPTOS VARIOS PARA MAQUINA PESADORA DE ARANDANOS A&B,-,20847,3.00,UN,USD,122.99,122.99,0,EXW,AIR,AIR,USA,MIAMI,LIMA,NA,NA,1,NA,31/3/2025,1/4/2025,GASTALDI,AIRMAX,,,,23/4/2025,17,,AIRMAX CARGO,23/4/2025,17,SI,22/4/2025,ALFOSAC,LIP,5649,22/4/2025,22/4/2025,235-2025-10-063660-01-9-00,,,,NA,NA,,,,,,30/4/2025,18,,,52,,,,,4700003613,,
2024-2025,ADUANAS,25-008-HPER,4700003889,MARICIELO,A&B,SPAREPARTS,RPTOS VARIOS PARA MAQUINA PESADORA DE ARANDANOS A&B,-,498,52.00,UN,USD,"2,721.80","2,721.80",0,EXW,AIR,AIR,USA,MIAMI,LIMA,NA,NA,1,NA,31/3/2025,1/4/2025,GASTALDI,AIRMAX,,,,23/4/2025,17,,AIRMAX CARGO,23/4/2025,17,SI,22/4/2025,ALFOSAC,LIP,5649,22/4/2025,22/4/2025,235-2025-10-063660-01-9-00,,,,NA,NA,,,,,,30/4/2025,18,,,52,,,,,4700003889,,
2024-2025,ADUANAS,25-008-HPER,4700003897,GONZALO,A&B,SPAREPARTS,RPTOS VARIOS PARA MAQUINA PESADORA DE ARANDANOS A&B,-,512,6.00,UN,USD,282.28,282.28,0,EXW,AIR,AIR,USA,MIAMI,LIMA,NA,NA,1,NA,31/3/2025,1/4/2025,GASTALDI,AIRMAX,,,,23/4/2025,17,,AIRMAX CARGO,23/4/2025,17,SI,22/4/2025,ALFOSAC,LIP,5649,22/4/2025,22/4/2025,235-2025-10-063660-01-9-00,,,,NA,NA,,,,,,30/4/2025,18,,,52,,,,,4700003897,,
2024-2025,TRANSITO,25-002-HFEB,4700003860,GONZALO,ORGANIA,SUSTRATOS,FIBRA DE COCO,-,REM/2425/D157,"7,533.00",UN,USD,"12,094.98","12,094.98",0,FOB,SEA,FCL,INDIA,TUTICORIN,CALLAO,1,40,20,NA,7/3/2025,7/3/2025,GASTALDI,ONE,TUTF03265600,TCLU9623041,,29/3/2025,13,DEL24251348,ITAJAI EXPRESS 2516E,25/5/2025,21,NO,NA,IMUPESA,AVM,,,,,,,,PENDIENTE,PENDIENTE,,,,,,4/6/2025,23,,,52,,,,,4700003860,,
2024-2025,TRANSITO,25-002-HFEB,4700003860,GONZALO,ORGANIA,SUSTRATOS,FIBRA DE COCO,-,REM/2425/D157,"7,533.00",UN,USD,"12,094.98","12,094.98",0,FOB,SEA,FCL,INDIA,TUTICORIN,CALLAO,1,40,20,NA,7/3/2025,7/3/2025,GASTALDI,ONE,TUTF03265600,TCNU6671526,,29/3/2025,13,DEL24251348,ITAJAI EXPRESS 2516E,25/5/2025,21,NO,NA,IMUPESA,AVM,,,,,,,,PENDIENTE,PENDIENTE,,,,,,4/6/2025,23,,,52,,,,,4700003860,,
2024-2025,TRANSITO,25-003-HFEB,4700003851-2,GONZALO,CARFIA,SUSTRATOS,FIBRA DE COCO,-,A/25005,"20,000.00",KG,USD,"11,956.32","11,956.32",,FOB,SEA,FCL,INDIA,TUTICORIN,CALLAO,1,40 HC,20,NA,4/3/2025,6/3/2025,AIRSEALOG,MSC,EBKG12162085,CAAU5866281,,7/4/2025,15,CTLTTU0000837798,MSC ELSA 3 ST528R,5/6/2025,23,NO,NA,IMUPESA,AVM,,,,,,,,PENDIENTE,PENDIENTE,,,,,,15/6/2025,24,,,52,,,,,4700003851-2,,
2024-2025,TRANSITO,25-003-HFEB,4700003851-2,GONZALO,CARFIA,SUSTRATOS,FIBRA DE COCO,-,A/25005,"20,000.00",KG,USD,"11,956.32","11,956.32",,FOB,SEA,FCL,INDIA,TUTICORIN,CALLAO,1,40 HC,20,NA,4/3/2025,6/3/2025,AIRSEALOG,MSC,EBKG12162085,MSDU5620637,,7/4/2025,15,CTLTTU0000837798,MSC ELSA 3 ST528R,5/6/2025,23,NO,NA,IMUPESA,AVM,,,,,,,,PENDIENTE,PENDIENTE,,,,,,15/6/2025,24,,,52,,,,,4700003851-2,,
2024-2025,TRANSITO,25-003-HFEB,4700003851-2,GONZALO,CARFIA,SUSTRATOS,FIBRA DE COCO,-,A/25005,"20,000.00",KG,USD,"11,956.32","11,956.32",,FOB,SEA,FCL,INDIA,TUTICORIN,CALLAO,1,40 HC,20,NA,4/3/2025,6/3/2025,AIRSEALOG,MSC,EBKG12162085,MSDU7647616,,7/4/2025,15,CTLTTU0000837798,MSC ELSA 3 ST528R,5/6/2025,23,NO,NA,IMUPESA,AVM,,,,,,,,PENDIENTE,PENDIENTE,,,,,,15/6/2025,24,,,52,,,,,4700003851-2,,
2024-2025,RETIRADO,25-009-HPER,4700003847,MELANIE,INTRALOX,SPAREPARTS,REPUESTOS VARIOS,-,43181447,90.00,UN,USD,"7,715.49","7,715.49",0,FCA,AIR,AIR,USA,MIAMI,LIMA,NA,NA,2,NA,1/4/2025,2/4/2025,GASTALDI,NORTHERN,658-30836212,NA,,16/4/2025,16,77EAMIA251877,NORTHERN AIR CARGO,16/4/2025,16,SI,11/4/2025,ALFOSAC,LIP,5076,11/4/2025,11/4/2025,235-2025-10-058790-01-5-00,,,,NA,NA,,,,,,23/4/2025,17,,,52,,,,,4700003847,,
2024-2025,RETIRADO,25-010-HPER,4700003894,MELANIE,INTRALOX,SPAREPARTS,REPUESTOS VARIOS,-,43216568,97.00,UN,USD,"6,597.91","6,597.91",0,FCA,AIR,AIR,USA,MIAMI,LIMA,NA,NA,2,NA,8/4/2025,9/4/2025,AIRSEALOG,AIRMAX,,,,20/4/2025,16,AEMIA25002859,AIRMAX CARGO,20/4/2025,16,SI,16/4/2025,SHOHIN,LIP,,16/4/2025,,,,,,NA,NA,,,,,,25/4/2025,17,,,52,,,,,4700003894,,
2024-2025,ORIGEN,25-004-HFEB,4700003851-3,GONZALO,CARFIA,SUSTRATOS,FIBRA DE COCO,-,,,,USD,,0.00,,FOB,SEA,FCL,INDIA,TUTICORIN,CALLAO,1,40 HC,20,NA,21/3/2025,21/3/2025,GASTALDI,ONE,TUTF04816900,,,5/5/2025,19,,,12/7/2025,28,NO,NA,IMUPESA,AVM,,,,,,,,PENDIENTE,PENDIENTE,,,,,,,52,,,52,,,,,4700003851-3,,
2024-2025,ORIGEN,25-004-HFEB,4700003851-3,GONZALO,CARFIA,SUSTRATOS,FIBRA DE COCO,-,,,,USD,,0.00,,FOB,SEA,FCL,INDIA,TUTICORIN,CALLAO,1,40 HC,20,NA,21/3/2025,21/3/2025,GASTALDI,ONE,TUTF04816900,,,5/5/2025,19,,,12/7/2025,28,NO,NA,IMUPESA,AVM,,,,,,,,PENDIENTE,PENDIENTE,,,,,,,52,,,52,,,,,4700003851-3,,
2024-2025,ORIGEN,25-004-HFEB,4700003851-3,GONZALO,CARFIA,SUSTRATOS,FIBRA DE COCO,-,,,,USD,,0.00,,FOB,SEA,FCL,INDIA,TUTICORIN,CALLAO,1,40 HC,20,NA,21/3/2025,21/3/2025,GASTALDI,ONE,TUTF04816900,,,5/5/2025,19,,,12/7/2025,28,NO,NA,IMUPESA,AVM,,,,,,,,PENDIENTE,PENDIENTE,,,,,,,52,,,52,,,,,4700003851-3,,
2024-2025,ORIGEN,25-004-HFEB,4700003851-3,GONZALO,CARFIA,SUSTRATOS,FIBRA DE COCO,-,,,,USD,,0.00,,FOB,SEA,FCL,INDIA,TUTICORIN,CALLAO,1,40 HC,20,NA,21/3/2025,21/3/2025,GASTALDI,ONE,TUTF04816900,,,5/5/2025,19,,,12/7/2025,28,NO,NA,IMUPESA,AVM,,,,,,,,PENDIENTE,PENDIENTE,,,,,,,52,,,52,,,,,4700003851-3,,
2024-2025,LIQPARCIAL,25-007-HPER,5400000841,HUB,HF MEXICO,PLANTAS,PLANTAS IN VITRO,SAMPLE,MX25-001-PE,187.00,UN,USD,"2,682.80","2,682.80",0,CPT,AIR,AIR,MEXICO,GUADALAJARA,LIMA,NA,NA,1,NA,NA,NA,DIRECTO,AEROMEXICO,139-46871086,NA,,23/3/2025,12,139-46871086,AEROMEXICO,24/3/2025,13,SI,24/3/2025,SAASA,AVM,25/000476,24/3/2025,24/3/2025,235-2025-10-046616-01-5-00,,,,25/3/2025,25/3/2025,,NA,26/3/2025,T001-3115,AVM,27/3/2025,13,CHAO-VIVERO,27/3/2025,13,4/4/2025,NA,NA,,5400000841,,
2024-2025,ORIGEN,25-011-HPER,4700003914,FIORELLA,SIRANE,E & E,PADS ABSORBENTES,-,,"420,000.00",UN,USD,"2,730.00","2,730.00",0,EXW,SEA,LCL,MEXICO,MANZANILLO,CALLAO,NA,NA,1,PENDIENTE,14/4/2025,16/4/2025,GASTALDI,,,,,,52,,,,52,SI,,,PASOC,,,,,,,,NA,NA,,,,,,,52,,,52,,,,,4700003914,,
